subject,predicate,object
http://www.wikidata.org/entity/Q572441,http://www.wikidata.org/prop/direct/P17,http://www.wikidata.org/entity/Q41
http://www.wikidata.org/entity/Q572441,http://www.wikidata.org/prop/direct/P31,http://www.wikidata.org/entity/Q1371047
http://www.wikidata.org/entity/Q572441,http://www.wikidata.org/prop/direct/P31,http://www.wikidata.org/entity/Q3238337
http://www.wikidata.org/entity/Q572441,http://www.wikidata.org/prop/direct/P276,http://www.wikidata.org/entity/Q204905
http://www.wikidata.org/entity/Q572441,http://www.wikidata.org/prop/direct/P276,http://www.wikidata.org/entity/Q94299853
http://www.wikidata.org/entity/Q572441,http://www.wikidata.org/prop/direct/P361,http://www.wikidata.org/entity/Q34726
http://www.wikidata.org/entity/Q572441,http://www.wikidata.org/prop/direct/P373,Kallichoron
http://www.wikidata.org/entity/Q572441,http://www.wikidata.org/prop/direct/P625,Point(23.53916 38.04192)
http://www.wikidata.org/entity/Q572441,http://www.wikidata.org/prop/direct/P793,http://www.wikidata.org/entity/Q26314
http://www.wikidata.org/entity/Q572441,http://www.wikidata.org/prop/direct/P1080,http://www.wikidata.org/entity/Q34726
http://www.wikidata.org/entity/Q572441,http://www.wikidata.org/prop/direct/P1343,http://www.wikidata.org/entity/Q1138524
http://www.wikidata.org/entity/Q572441,http://www.wikidata.org/prop/direct/P1343,http://www.wikidata.org/entity/Q3825645
http://www.wikidata.org/entity/Q572441,http://www.wikidata.org/prop/direct/P1441,http://www.wikidata.org/entity/Q3798927
http://www.wikidata.org/entity/Q572441,http://www.wikidata.org/prop/direct/P2671,/g/121v6_t6
http://www.wikidata.org/entity/Q572441,http://www.wikidata.org/prop/direct/P3342,http://www.wikidata.org/entity/Q40730
http://www.wikidata.org/entity/Q572441,http://www.wikidata.org/prop/direct/P8069,17742
http://www.wikidata.org/entity/Q572441,http://www.wikidata.org/prop/direct/P9736,10185088
http://www.wikidata.org/entity/Q126443543,http://www.wikidata.org/prop/direct/P17,http://www.wikidata.org/entity/Q27
http://www.wikidata.org/entity/Q126443543,http://www.wikidata.org/prop/direct/P31,http://www.wikidata.org/entity/Q124714
http://www.wikidata.org/entity/Q126443543,http://www.wikidata.org/prop/direct/P31,http://www.wikidata.org/entity/Q1371047
http://www.wikidata.org/entity/Q126443543,http://www.wikidata.org/prop/direct/P31,http://www.wikidata.org/entity/Q126443332
http://www.wikidata.org/entity/Q126443543,http://www.wikidata.org/prop/direct/P131,http://www.wikidata.org/entity/Q180231
http://www.wikidata.org/entity/Q126443543,http://www.wikidata.org/prop/direct/P131,http://www.wikidata.org/entity/Q60553607
http://www.wikidata.org/entity/Q126443543,http://www.wikidata.org/prop/direct/P138,http://www.wikidata.org/entity/Q165479
http://www.wikidata.org/entity/Q126443543,http://www.wikidata.org/prop/direct/P195,http://www.wikidata.org/entity/Q126875543
http://www.wikidata.org/entity/Q126443543,http://www.wikidata.org/prop/direct/P195,http://www.wikidata.org/entity/Q132817615
http://www.wikidata.org/entity/Q126443543,http://www.wikidata.org/prop/direct/P217,25
http://www.wikidata.org/entity/Q126443543,http://www.wikidata.org/prop/direct/P217,KHW089
http://www.wikidata.org/entity/Q126443543,http://www.wikidata.org/prop/direct/P625,Point(-7.5555955 52.7225113)
http://www.wikidata.org/entity/Q126443543,http://www.wikidata.org/prop/direct/P708,http://www.wikidata.org/entity/Q873607
http://www.wikidata.org/entity/Q126443543,http://www.wikidata.org/prop/direct/P1343,http://www.wikidata.org/entity/Q116166792
http://www.wikidata.org/entity/Q126443543,http://www.wikidata.org/prop/direct/P1343,http://www.wikidata.org/entity/Q120966194
http://www.wikidata.org/entity/Q126443543,http://www.wikidata.org/prop/direct/P1343,http://www.wikidata.org/entity/Q126374601
http://www.wikidata.org/entity/Q126443543,http://www.wikidata.org/prop/direct/P1343,http://www.wikidata.org/entity/Q126393245
http://www.wikidata.org/entity/Q126443543,http://www.wikidata.org/prop/direct/P1343,http://www.wikidata.org/entity/Q126474972
http://www.wikidata.org/entity/Q126443543,http://www.wikidata.org/prop/direct/P1343,http://www.wikidata.org/entity/Q126528008
http://www.wikidata.org/entity/Q126443543,http://www.wikidata.org/prop/direct/P1343,http://www.wikidata.org/entity/Q126540348
http://www.wikidata.org/entity/Q126443543,http://www.wikidata.org/prop/direct/P1343,http://www.wikidata.org/entity/Q126555558
http://www.wikidata.org/entity/Q126443543,http://www.wikidata.org/prop/direct/P1343,http://www.wikidata.org/entity/Q126875543
http://www.wikidata.org/entity/Q126443543,http://www.wikidata.org/prop/direct/P1343,http://www.wikidata.org/entity/Q129407299
http://www.wikidata.org/entity/Q126443543,http://www.wikidata.org/prop/direct/P1343,http://www.wikidata.org/entity/Q130308814
http://www.wikidata.org/entity/Q126443543,http://www.wikidata.org/prop/direct/P1343,http://www.wikidata.org/entity/Q132817615
http://www.wikidata.org/entity/Q126443543,http://www.wikidata.org/prop/direct/P4057,KK012-007----
http://www.wikidata.org/entity/Q126443543,http://www.wikidata.org/prop/direct/P11693,11124070372
http://www.wikidata.org/entity/Q126445800,http://www.wikidata.org/prop/direct/P17,http://www.wikidata.org/entity/Q27
http://www.wikidata.org/entity/Q126445800,http://www.wikidata.org/prop/direct/P31,http://www.wikidata.org/entity/Q1371047
http://www.wikidata.org/entity/Q126445800,http://www.wikidata.org/prop/direct/P31,http://www.wikidata.org/entity/Q126443332
http://www.wikidata.org/entity/Q126445800,http://www.wikidata.org/prop/direct/P131,http://www.wikidata.org/entity/Q180231
http://www.wikidata.org/entity/Q126445800,http://www.wikidata.org/prop/direct/P131,http://www.wikidata.org/entity/Q60553644
http://www.wikidata.org/entity/Q126445800,http://www.wikidata.org/prop/direct/P138,http://www.wikidata.org/entity/Q1277655
http://www.wikidata.org/entity/Q126445800,http://www.wikidata.org/prop/direct/P195,http://www.wikidata.org/entity/Q126875543
http://www.wikidata.org/entity/Q126445800,http://www.wikidata.org/prop/direct/P195,http://www.wikidata.org/entity/Q132817615
http://www.wikidata.org/entity/Q126445800,http://www.wikidata.org/prop/direct/P217,29
http://www.wikidata.org/entity/Q126445800,http://www.wikidata.org/prop/direct/P217,KHW093
http://www.wikidata.org/entity/Q126445800,http://www.wikidata.org/prop/direct/P625,Point(-7.2930503 52.5844902)
http://www.wikidata.org/entity/Q126445800,http://www.wikidata.org/prop/direct/P708,http://www.wikidata.org/entity/Q873607
http://www.wikidata.org/entity/Q126445800,http://www.wikidata.org/prop/direct/P841,http://www.wikidata.org/entity/Q2286
http://www.wikidata.org/entity/Q33123146,http://www.wikidata.org/prop/direct/P17,http://www.wikidata.org/entity/Q27
http://www.wikidata.org/entity/Q33123146,http://www.wikidata.org/prop/direct/P18,http://commons.wikimedia.org/wiki/Special:FilePath/Swords%20well.jpg
http://www.wikidata.org/entity/Q33123146,http://www.wikidata.org/prop/direct/P31,http://www.wikidata.org/entity/Q1371047
http://www.wikidata.org/entity/Q33123146,http://www.wikidata.org/prop/direct/P131,http://www.wikidata.org/entity/Q173500
http://www.wikidata.org/entity/Q33123146,http://www.wikidata.org/prop/direct/P373,"St. Colmcille's Well, Swords"
http://www.wikidata.org/entity/Q33123146,http://www.wikidata.org/prop/direct/P625,Point(-6.222702 53.455943)
http://www.wikidata.org/entity/Q33123146,http://www.wikidata.org/prop/direct/P2186,IE-D-0048
http://www.wikidata.org/entity/Q33123146,http://www.wikidata.org/prop/direct/P4057,DU011-034013
http://www.wikidata.org/entity/Q33123146,http://www.wikidata.org/prop/direct/P7959,http://www.wikidata.org/entity/Q173500
http://www.wikidata.org/entity/Q33123155,http://www.wikidata.org/prop/direct/P17,http://www.wikidata.org/entity/Q27
http://www.wikidata.org/entity/Q33123155,http://www.wikidata.org/prop/direct/P18,http://commons.wikimedia.org/wiki/Special:FilePath/Tyrrelstown%20Holy%20Well.jpg
http://www.wikidata.org/entity/Q33123155,http://www.wikidata.org/prop/direct/P31,http://www.wikidata.org/entity/Q1371047
http://www.wikidata.org/entity/Q33123155,http://www.wikidata.org/prop/direct/P131,http://www.wikidata.org/entity/Q173500
http://www.wikidata.org/entity/Q33123155,http://www.wikidata.org/prop/direct/P373,"Our Lady's Well, Tyrrelstown"
http://www.wikidata.org/entity/Q33123155,http://www.wikidata.org/prop/direct/P625,Point(-6.391794 53.408406)
http://www.wikidata.org/entity/Q33123155,http://www.wikidata.org/prop/direct/P2186,IE-D-0052
http://www.wikidata.org/entity/Q33123155,http://www.wikidata.org/prop/direct/P4057,DU013-009
http://www.wikidata.org/entity/Q33123155,http://www.wikidata.org/prop/direct/P7959,http://www.wikidata.org/entity/Q173500
http://www.wikidata.org/entity/Q33123173,http://www.wikidata.org/prop/direct/P17,http://www.wikidata.org/entity/Q27
http://www.wikidata.org/entity/Q33123173,http://www.wikidata.org/prop/direct/P31,http://www.wikidata.org/entity/Q1371047
http://www.wikidata.org/entity/Q33123173,http://www.wikidata.org/prop/direct/P131,http://www.wikidata.org/entity/Q173500
http://www.wikidata.org/entity/Q33123173,http://www.wikidata.org/prop/direct/P625,Point(-6.473044 53.366907)
http://www.wikidata.org/entity/Q33123173,http://www.wikidata.org/prop/direct/P2186,IE-D-0069
http://www.wikidata.org/entity/Q33123173,http://www.wikidata.org/prop/direct/P4057,DU017-002002
http://www.wikidata.org/entity/Q33123173,http://www.wikidata.org/prop/direct/P7959,http://www.wikidata.org/entity/Q173500
http://www.wikidata.org/entity/Q47490835,http://www.wikidata.org/prop/direct/P17,http://www.wikidata.org/entity/Q145
http://www.wikidata.org/entity/Q47490835,http://www.wikidata.org/prop/direct/P31,http://www.wikidata.org/entity/Q1371047
http://www.wikidata.org/entity/Q47490835,http://www.wikidata.org/prop/direct/P131,http://www.wikidata.org/entity/Q42617191
http://www.wikidata.org/entity/Q47490835,http://www.wikidata.org/prop/direct/P625,Point(-4.6318199 53.312672)
http://www.wikidata.org/entity/Q47490835,http://www.wikidata.org/prop/direct/P825,http://www.wikidata.org/entity/Q3399340
http://www.wikidata.org/entity/Q47490835,http://www.wikidata.org/prop/direct/P1435,http://www.wikidata.org/entity/Q128791689
http://www.wikidata.org/entity/Q47490835,http://www.wikidata.org/prop/direct/P4658,32171
http://www.wikidata.org/entity/Q47490835,http://www.wikidata.org/prop/direct/P7959,http://www.wikidata.org/entity/Q67283698
http://www.wikidata.org/entity/Q47490835,http://www.wikidata.org/prop/direct/P12749,Q118109
http://www.wikidata.org/entity/Q29190276,http://www.wikidata.org/prop/direct/P17,http://www.wikidata.org/entity/Q142
http://www.wikidata.org/entity/Q29190276,http://www.wikidata.org/prop/direct/P31,http://www.wikidata.org/entity/Q1371047
http://www.wikidata.org/entity/Q29190276,http://www.wikidata.org/prop/direct/P131,http://www.wikidata.org/entity/Q946953
http://www.wikidata.org/entity/Q29190276,http://www.wikidata.org/prop/direct/P186,http://www.wikidata.org/entity/Q34095
http://www.wikidata.org/entity/Q29190276,http://www.wikidata.org/prop/direct/P481,PM25002200
http://www.wikidata.org/entity/Q29190276,http://www.wikidata.org/prop/direct/P1435,http://www.wikidata.org/entity/Q61058419
http://www.wikidata.org/entity/Q29323538,http://www.wikidata.org/prop/direct/P17,http://www.wikidata.org/entity/Q142
http://www.wikidata.org/entity/Q29323538,http://www.wikidata.org/prop/direct/P31,http://www.wikidata.org/entity/Q1371047
http://www.wikidata.org/entity/Q29323538,http://www.wikidata.org/prop/direct/P131,http://www.wikidata.org/entity/Q478559
http://www.wikidata.org/entity/Q29323538,http://www.wikidata.org/prop/direct/P186,http://www.wikidata.org/entity/Q40861
http://www.wikidata.org/entity/Q29323538,http://www.wikidata.org/prop/direct/P481,PM83001477
http://www.wikidata.org/entity/Q29323538,http://www.wikidata.org/prop/direct/P1435,http://www.wikidata.org/entity/Q61058419
http://www.wikidata.org/entity/Q29482202,http://www.wikidata.org/prop/direct/P17,http://www.wikidata.org/entity/Q145
http://www.wikidata.org/entity/Q29482202,http://www.wikidata.org/prop/direct/P18,http://commons.wikimedia.org/wiki/Special:FilePath/Trellech%27s%20holy%20well%20-%20geograph.org.uk%20-%20477787.jpg
http://www.wikidata.org/entity/Q29482202,http://www.wikidata.org/prop/direct/P31,http://www.wikidata.org/entity/Q1371047
http://www.wikidata.org/entity/Q29482202,http://www.wikidata.org/prop/direct/P131,http://www.wikidata.org/entity/Q24665771
http://www.wikidata.org/entity/Q29482202,http://www.wikidata.org/prop/direct/P276,http://www.wikidata.org/entity/Q24665771
http://www.wikidata.org/entity/Q29482202,http://www.wikidata.org/prop/direct/P373,The Virtuous Well (Trellech)
http://www.wikidata.org/entity/Q29482202,http://www.wikidata.org/prop/direct/P613,SO5030305109
http://www.wikidata.org/entity/Q29482202,http://www.wikidata.org/prop/direct/P625,Point(-2.7212023 51.74244)
http://www.wikidata.org/entity/Q29482202,http://www.wikidata.org/prop/direct/P1435,http://www.wikidata.org/entity/Q219538
http://www.wikidata.org/entity/Q29482202,http://www.wikidata.org/prop/direct/P1435,http://www.wikidata.org/entity/Q15700834
http://www.wikidata.org/entity/Q29482202,http://www.wikidata.org/prop/direct/P1435,http://www.wikidata.org/entity/Q128791689
http://www.wikidata.org/entity/Q29482202,http://www.wikidata.org/prop/direct/P1459,2069
http://www.wikidata.org/entity/Q29482202,http://www.wikidata.org/prop/direct/P2044,210.4
http://www.wikidata.org/entity/Q29482202,http://www.wikidata.org/prop/direct/P3007,MM171
http://www.wikidata.org/entity/Q29482202,http://www.wikidata.org/prop/direct/P4658,32405
http://www.wikidata.org/entity/Q29482202,http://www.wikidata.org/prop/direct/P7959,http://www.wikidata.org/entity/Q1245075
http://www.wikidata.org/entity/Q29482202,http://www.wikidata.org/prop/direct/P12485,300002069
http://www.wikidata.org/entity/Q29482202,http://www.wikidata.org/prop/direct/P12749,Q112479
http://www.wikidata.org/entity/Q126491170,http://www.wikidata.org/prop/direct/P17,http://www.wikidata.org/entity/Q27
http://www.wikidata.org/entity/Q126491170,http://www.wikidata.org/prop/direct/P31,http://www.wikidata.org/entity/Q124714
http://www.wikidata.org/entity/Q126491170,http://www.wikidata.org/prop/direct/P31,http://www.wikidata.org/entity/Q1371047
http://www.wikidata.org/entity/Q126491170,http://www.wikidata.org/prop/direct/P31,http://www.wikidata.org/entity/Q126443332
http://www.wikidata.org/entity/Q126491170,http://www.wikidata.org/prop/direct/P131,http://www.wikidata.org/entity/Q180231
http://www.wikidata.org/entity/Q126491170,http://www.wikidata.org/prop/direct/P131,http://www.wikidata.org/entity/Q60553663
http://www.wikidata.org/entity/Q126491170,http://www.wikidata.org/prop/direct/P131,http://www.wikidata.org/entity/Q104264292
http://www.wikidata.org/entity/Q126491170,http://www.wikidata.org/prop/direct/P138,http://www.wikidata.org/entity/Q23640
http://www.wikidata.org/entity/Q126491170,http://www.wikidata.org/prop/direct/P625,Point(-7.4110115 52.5508176)
http://www.wikidata.org/entity/Q126491170,http://www.wikidata.org/prop/direct/P708,http://www.wikidata.org/entity/Q873607
http://www.wikidata.org/entity/Q126491170,http://www.wikidata.org/prop/direct/P1343,http://www.wikidata.org/entity/Q126374601
http://www.wikidata.org/entity/Q126499565,http://www.wikidata.org/prop/direct/P17,http://www.wikidata.org/entity/Q27
http://www.wikidata.org/entity/Q126499565,http://www.wikidata.org/prop/direct/P31,http://www.wikidata.org/entity/Q1049799
http://www.wikidata.org/entity/Q126499565,http://www.wikidata.org/prop/direct/P31,http://www.wikidata.org/entity/Q1371047
http://www.wikidata.org/entity/Q126499565,http://www.wikidata.org/prop/direct/P31,http://www.wikidata.org/entity/Q111286333
http://www.wikidata.org/entity/Q126499565,http://www.wikidata.org/prop/direct/P31,http://www.wikidata.org/entity/Q126443332
http://www.wikidata.org/entity/Q126499565,http://www.wikidata.org/prop/direct/P131,http://www.wikidata.org/entity/Q180231
http://www.wikidata.org/entity/Q126499565,http://www.wikidata.org/prop/direct/P131,http://www.wikidata.org/entity/Q39050811
http://www.wikidata.org/entity/Q126499565,http://www.wikidata.org/prop/direct/P131,http://www.wikidata.org/entity/Q104265284
http://www.wikidata.org/entity/Q126499565,http://www.wikidata.org/prop/direct/P138,http://www.wikidata.org/entity/Q345
http://www.wikidata.org/entity/Q126499565,http://www.wikidata.org/prop/direct/P195,http://www.wikidata.org/entity/Q126875543
http://www.wikidata.org/entity/Q126499565,http://www.wikidata.org/prop/direct/P195,http://www.wikidata.org/entity/Q132817615
http://www.wikidata.org/entity/Q126499565,http://www.wikidata.org/prop/direct/P217,112
http://www.wikidata.org/entity/Q126499565,http://www.wikidata.org/prop/direct/P217,KHW122
http://www.wikidata.org/entity/Q126499565,http://www.wikidata.org/prop/direct/P625,Point(-7.2678369 52.7692731)
http://www.wikidata.org/entity/Q126499565,http://www.wikidata.org/prop/direct/P708,http://www.wikidata.org/entity/Q873607
http://www.wikidata.org/entity/Q126499565,http://www.wikidata.org/prop/direct/P841,http://www.wikidata.org/entity/Q2659
http://www.wikidata.org/entity/Q126499565,http://www.wikidata.org/prop/direct/P1343,http://www.wikidata.org/entity/Q116166792
http://www.wikidata.org/entity/Q126499565,http://www.wikidata.org/prop/direct/P1343,http://www.wikidata.org/entity/Q126374601
http://www.wikidata.org/entity/Q126499565,http://www.wikidata.org/prop/direct/P1343,http://www.wikidata.org/entity/Q126393245
http://www.wikidata.org/entity/Q126499565,http://www.wikidata.org/prop/direct/P1343,http://www.wikidata.org/entity/Q126474972
http://www.wikidata.org/entity/Q126499565,http://www.wikidata.org/prop/direct/P1343,http://www.wikidata.org/entity/Q126875543
http://www.wikidata.org/entity/Q126499565,http://www.wikidata.org/prop/direct/P1343,http://www.wikidata.org/entity/Q130129244
http://www.wikidata.org/entity/Q126499565,http://www.wikidata.org/prop/direct/P1343,http://www.wikidata.org/entity/Q130308814
http://www.wikidata.org/entity/Q126499565,http://www.wikidata.org/prop/direct/P1343,http://www.wikidata.org/entity/Q132817615
http://www.wikidata.org/entity/Q126499565,http://www.wikidata.org/prop/direct/P4057,KK010-095----
http://www.wikidata.org/entity/Q126499565,http://www.wikidata.org/prop/direct/P6375,"""about half a mile east of the Church"" (OS Letters)"
http://www.wikidata.org/entity/Q126499565,http://www.wikidata.org/prop/direct/P6375,"""on the right bank of the Glasagh stream in Mr Jer Healy's field near the Glasagh bridge in Kilmacar"" (Schools' Collection)"
http://www.wikidata.org/entity/Q126499565,http://www.wikidata.org/prop/direct/P11693,11973631439
http://www.wikidata.org/entity/Q1069807,http://www.wikidata.org/prop/direct/P17,http://www.wikidata.org/entity/Q43
http://www.wikidata.org/entity/Q1069807,http://www.wikidata.org/prop/direct/P18,http://commons.wikimedia.org/wiki/Special:FilePath/SaintMaryOfBlachernae20072612%2001.jpg
http://www.wikidata.org/entity/Q1069807,http://www.wikidata.org/prop/direct/P31,http://www.wikidata.org/entity/Q16970
http://www.wikidata.org/entity/Q1069807,http://www.wikidata.org/prop/direct/P31,http://www.wikidata.org/entity/Q1371047
http://www.wikidata.org/entity/Q1069807,http://www.wikidata.org/prop/direct/P31,http://www.wikidata.org/entity/Q2031836
http://www.wikidata.org/entity/Q1069807,http://www.wikidata.org/prop/direct/P131,http://www.wikidata.org/entity/Q732923
http://www.wikidata.org/entity/Q1069807,http://www.wikidata.org/prop/direct/P131,http://www.wikidata.org/entity/Q3631397
http://www.wikidata.org/entity/Q1069807,http://www.wikidata.org/prop/direct/P138,http://www.wikidata.org/entity/Q345
http://www.wikidata.org/entity/Q1069807,http://www.wikidata.org/prop/direct/P140,http://www.wikidata.org/entity/Q7970362
http://www.wikidata.org/entity/Q1069807,http://www.wikidata.org/prop/direct/P149,http://www.wikidata.org/entity/Q47591
http://www.wikidata.org/entity/Q1069807,http://www.wikidata.org/prop/direct/P214,164763648
http://www.wikidata.org/entity/Q1069807,http://www.wikidata.org/prop/direct/P244,no2011013257
http://www.wikidata.org/entity/Q1069807,http://www.wikidata.org/prop/direct/P373,Church of St. Mary of Blachernae (Istanbul)
http://www.wikidata.org/entity/Q1069807,http://www.wikidata.org/prop/direct/P571,0401-01-01T00:00:00Z
http://www.wikidata.org/entity/Q1069807,http://www.wikidata.org/prop/direct/P576,1434-01-01T00:00:00Z
http://www.wikidata.org/entity/Q1069807,http://www.wikidata.org/prop/direct/P625,Point(28.9425 41.0383)
http://www.wikidata.org/entity/Q1069807,http://www.wikidata.org/prop/direct/P646,/m/04f2wyr
http://www.wikidata.org/entity/Q1069807,http://www.wikidata.org/prop/direct/P706,http://www.wikidata.org/entity/Q155583
http://www.wikidata.org/entity/Q1069807,http://www.wikidata.org/prop/direct/P825,http://www.wikidata.org/entity/Q345
http://www.wikidata.org/entity/Q1069807,http://www.wikidata.org/prop/direct/P1017,ADV12649447
http://www.wikidata.org/entity/Q1069807,http://www.wikidata.org/prop/direct/P2596,http://www.wikidata.org/entity/Q3441232
http://www.wikidata.org/entity/Q1069807,http://www.wikidata.org/prop/direct/P5816,http://www.wikidata.org/entity/Q56557591
http://www.wikidata.org/entity/Q1069807,http://www.wikidata.org/prop/direct/P8034,494/26494
http://www.wikidata.org/entity/Q1069807,http://www.wikidata.org/prop/direct/P10689,329233993
http://www.wikidata.org/entity/Q1069807,http://www.wikidata.org/prop/direct/P11729,195325
http://www.wikidata.org/entity/Q1069807,http://www.wikidata.org/prop/direct/P11729,8569
http://www.wikidata.org/entity/Q1609859,http://www.wikidata.org/prop/direct/P17,http://www.wikidata.org/entity/Q27
http://www.wikidata.org/entity/Q1609859,http://www.wikidata.org/prop/direct/P18,http://commons.wikimedia.org/wiki/Special:FilePath/Entrance%20to%20St%20Brigids%20Well.JPG
http://www.wikidata.org/entity/Q1609859,http://www.wikidata.org/prop/direct/P31,http://www.wikidata.org/entity/Q1371047
http://www.wikidata.org/entity/Q1609859,http://www.wikidata.org/prop/direct/P131,http://www.wikidata.org/entity/Q181862
http://www.wikidata.org/entity/Q1609859,http://www.wikidata.org/prop/direct/P373,"St Brigid’s Well, Liscannor"
http://www.wikidata.org/entity/Q1609859,http://www.wikidata.org/prop/direct/P625,Point(-9.422362 52.952133)
http://www.wikidata.org/entity/Q1609859,http://www.wikidata.org/prop/direct/P2671,/g/11bc6r6n33
http://www.wikidata.org/entity/Q1609859,http://www.wikidata.org/prop/direct/P5097,104040
http://www.wikidata.org/entity/Q1609859,http://www.wikidata.org/prop/direct/P7959,http://www.wikidata.org/entity/Q181862
http://www.wikidata.org/entity/Q126448724,http://www.wikidata.org/prop/direct/P31,http://www.wikidata.org/entity/Q126443332
http://www.wikidata.org/entity/Q126448724,http://www.wikidata.org/prop/direct/P131,http://www.wikidata.org/entity/Q180231
http://www.wikidata.org/entity/Q126448724,http://www.wikidata.org/prop/direct/P131,http://www.wikidata.org/entity/Q60553771
http://www.wikidata.org/entity/Q126448724,http://www.wikidata.org/prop/direct/P131,http://www.wikidata.org/entity/Q104264478
http://www.wikidata.org/entity/Q126448724,http://www.wikidata.org/prop/direct/P138,http://www.wikidata.org/entity/Q345
http://www.wikidata.org/entity/Q126448724,http://www.wikidata.org/prop/direct/P195,http://www.wikidata.org/entity/Q126875543
http://www.wikidata.org/entity/Q126448724,http://www.wikidata.org/prop/direct/P195,http://www.wikidata.org/entity/Q132817615
http://www.wikidata.org/entity/Q126448724,http://www.wikidata.org/prop/direct/P217,45
http://www.wikidata.org/entity/Q126448724,http://www.wikidata.org/prop/direct/P217,KHW091
http://www.wikidata.org/entity/Q126448724,http://www.wikidata.org/prop/direct/P373,"Tobermurry, Clomantagh"
http://www.wikidata.org/entity/Q126448724,http://www.wikidata.org/prop/direct/P625,Point(-7.4730101 52.7209032)
http://www.wikidata.org/entity/Q126448724,http://www.wikidata.org/prop/direct/P708,http://www.wikidata.org/entity/Q873607
http://www.wikidata.org/entity/Q126448724,http://www.wikidata.org/prop/direct/P1325,https://sketchfab.com/3d-models/clomantagh-tobermurry-02fd47554c604a6b8665eea1bc00f9fd
http://www.wikidata.org/entity/Q126448724,http://www.wikidata.org/prop/direct/P1343,http://www.wikidata.org/entity/Q116166792
http://www.wikidata.org/entity/Q126448724,http://www.wikidata.org/prop/direct/P1343,http://www.wikidata.org/entity/Q120966194
http://www.wikidata.org/entity/Q126448724,http://www.wikidata.org/prop/direct/P1343,http://www.wikidata.org/entity/Q126374601
http://www.wikidata.org/entity/Q126448724,http://www.wikidata.org/prop/direct/P1343,http://www.wikidata.org/entity/Q126474972
http://www.wikidata.org/entity/Q126448724,http://www.wikidata.org/prop/direct/P1343,http://www.wikidata.org/entity/Q126528008
http://www.wikidata.org/entity/Q126448724,http://www.wikidata.org/prop/direct/P1343,http://www.wikidata.org/entity/Q126540348
http://www.wikidata.org/entity/Q126448724,http://www.wikidata.org/prop/direct/P1343,http://www.wikidata.org/entity/Q126875543
http://www.wikidata.org/entity/Q126448724,http://www.wikidata.org/prop/direct/P1343,http://www.wikidata.org/entity/Q128304583
http://www.wikidata.org/entity/Q126448724,http://www.wikidata.org/prop/direct/P1343,http://www.wikidata.org/entity/Q130284129
http://www.wikidata.org/entity/Q126448724,http://www.wikidata.org/prop/direct/P1343,http://www.wikidata.org/entity/Q130308814
http://www.wikidata.org/entity/Q126448724,http://www.wikidata.org/prop/direct/P1343,http://www.wikidata.org/entity/Q132817615
http://www.wikidata.org/entity/Q126448724,http://www.wikidata.org/prop/direct/P4057,KK013-006----
http://www.wikidata.org/entity/Q126448724,http://www.wikidata.org/prop/direct/P11693,8517818852
http://www.wikidata.org/entity/Q126449613,http://www.wikidata.org/prop/direct/P17,http://www.wikidata.org/entity/Q27
http://www.wikidata.org/entity/Q126449613,http://www.wikidata.org/prop/direct/P31,http://www.wikidata.org/entity/Q1371047
http://www.wikidata.org/entity/Q126449613,http://www.wikidata.org/prop/direct/P31,http://www.wikidata.org/entity/Q126443332
http://www.wikidata.org/entity/Q126449613,http://www.wikidata.org/prop/direct/P131,http://www.wikidata.org/entity/Q180231
http://www.wikidata.org/entity/Q126449613,http://www.wikidata.org/prop/direct/P131,http://www.wikidata.org/entity/Q60553832
http://www.wikidata.org/entity/Q126449613,http://www.wikidata.org/prop/direct/P138,http://www.wikidata.org/entity/Q1133742
http://www.wikidata.org/entity/Q126449613,http://www.wikidata.org/prop/direct/P195,http://www.wikidata.org/entity/Q126875543
http://www.wikidata.org/entity/Q126449613,http://www.wikidata.org/prop/direct/P195,http://www.wikidata.org/entity/Q132817615
http://www.wikidata.org/entity/Q126449613,http://www.wikidata.org/prop/direct/P217,48
http://www.wikidata.org/entity/Q126449613,http://www.wikidata.org/prop/direct/P217,KHW008
http://www.wikidata.org/entity/Q126449613,http://www.wikidata.org/prop/direct/P625,Point(-7.286839 52.3058113)
http://www.wikidata.org/entity/Q126449613,http://www.wikidata.org/prop/direct/P708,http://www.wikidata.org/entity/Q873607
http://www.wikidata.org/entity/Q126449613,http://www.wikidata.org/prop/direct/P1343,http://www.wikidata.org/entity/Q120966194
http://www.wikidata.org/entity/Q126449613,http://www.wikidata.org/prop/direct/P1343,http://www.wikidata.org/entity/Q126374601
http://www.wikidata.org/entity/Q126449613,http://www.wikidata.org/prop/direct/P1343,http://www.wikidata.org/entity/Q126393245
http://www.wikidata.org/entity/Q126449613,http://www.wikidata.org/prop/direct/P1343,http://www.wikidata.org/entity/Q126456421
http://www.wikidata.org/entity/Q126449613,http://www.wikidata.org/prop/direct/P1343,http://www.wikidata.org/entity/Q126474972
http://www.wikidata.org/entity/Q29491688,http://www.wikidata.org/prop/direct/P11693,1113785861
http://www.wikidata.org/entity/Q29491688,http://www.wikidata.org/prop/direct/P12485,300013717
http://www.wikidata.org/entity/Q29491688,http://www.wikidata.org/prop/direct/P12749,Q24975
http://www.wikidata.org/entity/Q29503669,http://www.wikidata.org/prop/direct/P17,http://www.wikidata.org/entity/Q145
http://www.wikidata.org/entity/Q29503669,http://www.wikidata.org/prop/direct/P18,http://commons.wikimedia.org/wiki/Special:FilePath/Holy%20well%2C%20Llanllawer%2C%20Pembs.%20-%20geograph.org.uk%20-%20202706.jpg
http://www.wikidata.org/entity/Q29503669,http://www.wikidata.org/prop/direct/P31,http://www.wikidata.org/entity/Q1371047
http://www.wikidata.org/entity/Q29503669,http://www.wikidata.org/prop/direct/P131,http://www.wikidata.org/entity/Q5197196
http://www.wikidata.org/entity/Q29503669,http://www.wikidata.org/prop/direct/P276,http://www.wikidata.org/entity/Q5197196
http://www.wikidata.org/entity/Q29503669,http://www.wikidata.org/prop/direct/P373,"Ffynnon Gapan, Llanllawer"
http://www.wikidata.org/entity/Q29503669,http://www.wikidata.org/prop/direct/P625,Point(-4.9326219 51.985956)
http://www.wikidata.org/entity/Q29503669,http://www.wikidata.org/prop/direct/P625,Point(-4.9326085 51.985975)
http://www.wikidata.org/entity/Q29503669,http://www.wikidata.org/prop/direct/P1435,http://www.wikidata.org/entity/Q219538
http://www.wikidata.org/entity/Q29503669,http://www.wikidata.org/prop/direct/P1435,http://www.wikidata.org/entity/Q15700834
http://www.wikidata.org/entity/Q29503669,http://www.wikidata.org/prop/direct/P1435,http://www.wikidata.org/entity/Q128791689
http://www.wikidata.org/entity/Q29503669,http://www.wikidata.org/prop/direct/P1459,26803
http://www.wikidata.org/entity/Q29503669,http://www.wikidata.org/prop/direct/P2044,121.4
http://www.wikidata.org/entity/Q29503669,http://www.wikidata.org/prop/direct/P3007,PE229
http://www.wikidata.org/entity/Q29503669,http://www.wikidata.org/prop/direct/P4658,32485
http://www.wikidata.org/entity/Q29503669,http://www.wikidata.org/prop/direct/P7959,http://www.wikidata.org/entity/Q85631787
http://www.wikidata.org/entity/Q29503669,http://www.wikidata.org/prop/direct/P12485,300026803
http://www.wikidata.org/entity/Q29503669,http://www.wikidata.org/prop/direct/P12749,Q28007
http://www.wikidata.org/entity/Q30118348,http://www.wikidata.org/prop/direct/P17,http://www.wikidata.org/entity/Q35
http://www.wikidata.org/entity/Q30118348,http://www.wikidata.org/prop/direct/P31,http://www.wikidata.org/entity/Q1371047
http://www.wikidata.org/entity/Q30118348,http://www.wikidata.org/prop/direct/P131,http://www.wikidata.org/entity/Q7715809
http://www.wikidata.org/entity/Q30118348,http://www.wikidata.org/prop/direct/P625,Point(8.335576802 56.73193111)
http://www.wikidata.org/entity/Q30118348,http://www.wikidata.org/prop/direct/P1435,http://www.wikidata.org/entity/Q12312385
http://www.wikidata.org/entity/Q30118348,http://www.wikidata.org/prop/direct/P3596,21100
http://www.wikidata.org/entity/Q30118555,http://www.wikidata.org/prop/direct/P17,http://www.wikidata.org/entity/Q35
http://www.wikidata.org/entity/Q30118555,http://www.wikidata.org/prop/direct/P31,http://www.wikidata.org/entity/Q1371047
http://www.wikidata.org/entity/Q30118555,http://www.wikidata.org/prop/direct/P131,http://www.wikidata.org/entity/Q7715809
http://www.wikidata.org/entity/Q126454471,http://www.wikidata.org/prop/direct/P17,http://www.wikidata.org/entity/Q27
http://www.wikidata.org/entity/Q126454471,http://www.wikidata.org/prop/direct/P31,http://www.wikidata.org/entity/Q1371047
http://www.wikidata.org/entity/Q126454471,http://www.wikidata.org/prop/direct/P31,http://www.wikidata.org/entity/Q126443332
http://www.wikidata.org/entity/Q126454471,http://www.wikidata.org/prop/direct/P131,http://www.wikidata.org/entity/Q180231
http://www.wikidata.org/entity/Q126454471,http://www.wikidata.org/prop/direct/P131,http://www.wikidata.org/entity/Q60554214
http://www.wikidata.org/entity/Q126454471,http://www.wikidata.org/prop/direct/P131,http://www.wikidata.org/entity/Q104265195
http://www.wikidata.org/entity/Q126454471,http://www.wikidata.org/prop/direct/P138,http://www.wikidata.org/entity/Q80979
http://www.wikidata.org/entity/Q126454471,http://www.wikidata.org/prop/direct/P195,http://www.wikidata.org/entity/Q126875543
http://www.wikidata.org/entity/Q126454471,http://www.wikidata.org/prop/direct/P195,http://www.wikidata.org/entity/Q132817615
http://www.wikidata.org/entity/Q126454471,http://www.wikidata.org/prop/direct/P217,142
http://www.wikidata.org/entity/Q126454471,http://www.wikidata.org/prop/direct/P217,KHW062
http://www.wikidata.org/entity/Q126454471,http://www.wikidata.org/prop/direct/P403,http://www.wikidata.org/entity/Q15238543
http://www.wikidata.org/entity/Q126454471,http://www.wikidata.org/prop/direct/P625,Point(-7.3038835 52.5426666)
http://www.wikidata.org/entity/Q126454471,http://www.wikidata.org/prop/direct/P708,http://www.wikidata.org/entity/Q873607
http://www.wikidata.org/entity/Q126454471,http://www.wikidata.org/prop/direct/P1343,http://www.wikidata.org/entity/Q120966194
http://www.wikidata.org/entity/Q126454471,http://www.wikidata.org/prop/direct/P1343,http://www.wikidata.org/entity/Q126374601
http://www.wikidata.org/entity/Q126454471,http://www.wikidata.org/prop/direct/P1343,http://www.wikidata.org/entity/Q126393245
http://www.wikidata.org/entity/Q126454471,http://www.wikidata.org/prop/direct/P1343,http://www.wikidata.org/entity/Q126454465
http://www.wikidata.org/entity/Q126454471,http://www.wikidata.org/prop/direct/P1343,http://www.wikidata.org/entity/Q126474972
http://www.wikidata.org/entity/Q126454471,http://www.wikidata.org/prop/direct/P1343,http://www.wikidata.org/entity/Q126528008
http://www.wikidata.org/entity/Q126454471,http://www.wikidata.org/prop/direct/P1343,http://www.wikidata.org/entity/Q126540348
http://www.wikidata.org/entity/Q126454471,http://www.wikidata.org/prop/direct/P1343,http://www.wikidata.org/entity/Q126875543
http://www.wikidata.org/entity/Q126454471,http://www.wikidata.org/prop/direct/P1343,http://www.wikidata.org/entity/Q127619817
http://www.wikidata.org/entity/Q126454471,http://www.wikidata.org/prop/direct/P1343,http://www.wikidata.org/entity/Q127818015
http://www.wikidata.org/entity/Q126454471,http://www.wikidata.org/prop/direct/P1343,http://www.wikidata.org/entity/Q128308754
http://www.wikidata.org/entity/Q126454471,http://www.wikidata.org/prop/direct/P1343,http://www.wikidata.org/entity/Q129907246
http://www.wikidata.org/entity/Q126454471,http://www.wikidata.org/prop/direct/P1343,http://www.wikidata.org/entity/Q130284129
http://www.wikidata.org/entity/Q126454471,http://www.wikidata.org/prop/direct/P1343,http://www.wikidata.org/entity/Q132817615
http://www.wikidata.org/entity/Q126454471,http://www.wikidata.org/prop/direct/P4057,KK027-014----
http://www.wikidata.org/entity/Q126454471,http://www.wikidata.org/prop/direct/P6375,"""about half a mile east of the Church [in Newtown], near Major Butler's House"" (OS Letter)"
http://www.wikidata.org/entity/Q126454471,http://www.wikidata.org/prop/direct/P6375,"""near Killinny on the land once owned by Colonel Mullins"""
http://www.wikidata.org/entity/Q126454471,http://www.wikidata.org/prop/direct/P11693,8515208074
http://www.wikidata.org/entity/Q126454486,http://www.wikidata.org/prop/direct/P17,http://www.wikidata.org/entity/Q27
http://www.wikidata.org/entity/Q126454486,http://www.wikidata.org/prop/direct/P31,http://www.wikidata.org/entity/Q1371047
http://www.wikidata.org/entity/Q126454486,http://www.wikidata.org/prop/direct/P31,http://www.wikidata.org/entity/Q126443332
http://www.wikidata.org/entity/Q126454486,http://www.wikidata.org/prop/direct/P131,http://www.wikidata.org/entity/Q180231
http://www.wikidata.org/entity/Q126454486,http://www.wikidata.org/prop/direct/P131,http://www.wikidata.org/entity/Q60554214
http://www.wikidata.org/entity/Q126454486,http://www.wikidata.org/prop/direct/P131,http://www.wikidata.org/entity/Q104265176
http://www.wikidata.org/entity/Q126454486,http://www.wikidata.org/prop/direct/P138,http://www.wikidata.org/entity/Q86
http://www.wikidata.org/entity/Q126454486,http://www.wikidata.org/prop/direct/P138,http://www.wikidata.org/entity/Q23640
http://www.wikidata.org/entity/Q55028451,http://www.wikidata.org/prop/direct/P17,http://www.wikidata.org/entity/Q27
http://www.wikidata.org/entity/Q55028451,http://www.wikidata.org/prop/direct/P31,http://www.wikidata.org/entity/Q1371047
http://www.wikidata.org/entity/Q55028451,http://www.wikidata.org/prop/direct/P131,http://www.wikidata.org/entity/Q623382
http://www.wikidata.org/entity/Q55028451,http://www.wikidata.org/prop/direct/P625,Point(-9.5092 52.05777)
http://www.wikidata.org/entity/Q55028451,http://www.wikidata.org/prop/direct/P2186,IE-KY-0250
http://www.wikidata.org/entity/Q55028451,http://www.wikidata.org/prop/direct/P4088,21400830
http://www.wikidata.org/entity/Q55028451,http://www.wikidata.org/prop/direct/P7959,http://www.wikidata.org/entity/Q184469
http://www.wikidata.org/entity/Q55028652,http://www.wikidata.org/prop/direct/P17,http://www.wikidata.org/entity/Q27
http://www.wikidata.org/entity/Q55028652,http://www.wikidata.org/prop/direct/P31,http://www.wikidata.org/entity/Q1371047
http://www.wikidata.org/entity/Q55028652,http://www.wikidata.org/prop/direct/P131,http://www.wikidata.org/entity/Q282466
http://www.wikidata.org/entity/Q55028652,http://www.wikidata.org/prop/direct/P214,315688087
http://www.wikidata.org/entity/Q55028652,http://www.wikidata.org/prop/direct/P625,Point(-7.40742 53.13557)
http://www.wikidata.org/entity/Q55028652,http://www.wikidata.org/prop/direct/P2186,IE-LS-0086
http://www.wikidata.org/entity/Q55028652,http://www.wikidata.org/prop/direct/P4088,12900105
http://www.wikidata.org/entity/Q55028652,http://www.wikidata.org/prop/direct/P7959,http://www.wikidata.org/entity/Q55299
http://www.wikidata.org/entity/Q55029939,http://www.wikidata.org/prop/direct/P17,http://www.wikidata.org/entity/Q27
http://www.wikidata.org/entity/Q55029939,http://www.wikidata.org/prop/direct/P18,http://commons.wikimedia.org/wiki/Special:FilePath/Monument%20on%20bridge%20-%20geograph.org.uk%20-%20469483.jpg
http://www.wikidata.org/entity/Q55029939,http://www.wikidata.org/prop/direct/P31,http://www.wikidata.org/entity/Q1371047
http://www.wikidata.org/entity/Q55029939,http://www.wikidata.org/prop/direct/P131,http://www.wikidata.org/entity/Q2096277
http://www.wikidata.org/entity/Q55029939,http://www.wikidata.org/prop/direct/P625,Point(-6.49177 52.59095)
http://www.wikidata.org/entity/Q55029939,http://www.wikidata.org/prop/direct/P2186,IE-WX-0101
http://www.wikidata.org/entity/Q55029939,http://www.wikidata.org/prop/direct/P4088,15612006
http://www.wikidata.org/entity/Q55029939,http://www.wikidata.org/prop/direct/P7959,http://www.wikidata.org/entity/Q184599
http://www.wikidata.org/entity/Q55045278,http://www.wikidata.org/prop/direct/P17,http://www.wikidata.org/entity/Q27
http://www.wikidata.org/entity/Q55045278,http://www.wikidata.org/prop/direct/P31,http://www.wikidata.org/entity/Q1371047
http://www.wikidata.org/entity/Q55045278,http://www.wikidata.org/prop/direct/P131,http://www.wikidata.org/entity/Q181862
http://www.wikidata.org/entity/Q55045278,http://www.wikidata.org/prop/direct/P625,Point(-9.42226 52.95219)
http://www.wikidata.org/entity/Q55045278,http://www.wikidata.org/prop/direct/P2186,IE-CE-0105
http://www.wikidata.org/entity/Q55045278,http://www.wikidata.org/prop/direct/P4088,20401406
http://www.wikidata.org/entity/Q55045278,http://www.wikidata.org/prop/direct/P7959,http://www.wikidata.org/entity/Q181862
http://www.wikidata.org/entity/Q55045620,http://www.wikidata.org/prop/direct/P17,http://www.wikidata.org/entity/Q27
http://www.wikidata.org/entity/Q55045620,http://www.wikidata.org/prop/direct/P31,http://www.wikidata.org/entity/Q1371047
http://www.wikidata.org/entity/Q55045620,http://www.wikidata.org/prop/direct/P131,http://www.wikidata.org/entity/Q162475
http://www.wikidata.org/entity/Q55045620,http://www.wikidata.org/prop/direct/P625,Point(-8.77624 52.09881)
http://www.wikidata.org/entity/Q1934788,http://www.wikidata.org/prop/direct/P17,http://www.wikidata.org/entity/Q38
http://www.wikidata.org/entity/Q1934788,http://www.wikidata.org/prop/direct/P18,http://commons.wikimedia.org/wiki/Special:FilePath/Pozzo%20Sacro%20di%20Milis.jpg
http://www.wikidata.org/entity/Q1934788,http://www.wikidata.org/prop/direct/P18,http://commons.wikimedia.org/wiki/Special:FilePath/Pozzo%20Sacro%20Milis.jpg
http://www.wikidata.org/entity/Q1934788,http://www.wikidata.org/prop/direct/P31,http://www.wikidata.org/entity/Q839954
http://www.wikidata.org/entity/Q1934788,http://www.wikidata.org/prop/direct/P31,http://www.wikidata.org/entity/Q1371047
http://www.wikidata.org/entity/Q1934788,http://www.wikidata.org/prop/direct/P131,http://www.wikidata.org/entity/Q340731
http://www.wikidata.org/entity/Q1934788,http://www.wikidata.org/prop/direct/P625,Point(9.62847222 40.99344444)
http://www.wikidata.org/entity/Q1934788,http://www.wikidata.org/prop/direct/P2596,http://www.wikidata.org/entity/Q1421436
http://www.wikidata.org/entity/Q1934788,http://www.wikidata.org/prop/direct/P2671,/g/11b6y12dwy
http://www.wikidata.org/entity/Q1934788,http://www.wikidata.org/prop/direct/P9641,pozzo-sacro-milis
http://www.wikidata.org/entity/Q2221908,http://www.wikidata.org/prop/direct/P17,http://www.wikidata.org/entity/Q34
http://www.wikidata.org/entity/Q2221908,http://www.wikidata.org/prop/direct/P18,http://commons.wikimedia.org/wiki/Special:FilePath/Opferhaufen%20Sankt%20Elof%20Quelle.JPG
http://www.wikidata.org/entity/Q2221908,http://www.wikidata.org/prop/direct/P31,http://www.wikidata.org/entity/Q1371047
http://www.wikidata.org/entity/Q2221908,http://www.wikidata.org/prop/direct/P131,http://www.wikidata.org/entity/Q509546
http://www.wikidata.org/entity/Q2221908,http://www.wikidata.org/prop/direct/P373,Sankt Elofs källa
http://www.wikidata.org/entity/Q2221908,http://www.wikidata.org/prop/direct/P625,Point(16.69199 56.87868)
http://www.wikidata.org/entity/Q2221908,http://www.wikidata.org/prop/direct/P1260,raa/fmi/html/10083400410001
http://www.wikidata.org/entity/Q2221908,http://www.wikidata.org/prop/direct/P2671,/g/120pncjn
http://www.wikidata.org/entity/Q2223289,http://www.wikidata.org/prop/direct/P17,http://www.wikidata.org/entity/Q38
http://www.wikidata.org/entity/Q2223289,http://www.wikidata.org/prop/direct/P18,http://commons.wikimedia.org/wiki/Special:FilePath/Serri%20%2C%20Santuario%20Nuragico%20Santa%20Vittoria.%203.JPG
http://www.wikidata.org/entity/Q2223289,http://www.wikidata.org/prop/direct/P31,http://www.wikidata.org/entity/Q33506
http://www.wikidata.org/entity/Q2223289,http://www.wikidata.org/prop/direct/P31,http://www.wikidata.org/entity/Q614316
http://www.wikidata.org/entity/Q2223289,http://www.wikidata.org/prop/direct/P31,http://www.wikidata.org/entity/Q839954
http://www.wikidata.org/entity/Q2223289,http://www.wikidata.org/prop/direct/P31,http://www.wikidata.org/entity/Q1371047
http://www.wikidata.org/entity/Q2223289,http://www.wikidata.org/prop/direct/P31,http://www.wikidata.org/entity/Q3363945
http://www.wikidata.org/entity/Q2223289,http://www.wikidata.org/prop/direct/P131,http://www.wikidata.org/entity/Q285077
http://www.wikidata.org/entity/Q2223289,http://www.wikidata.org/prop/direct/P214,121146462675727771765
http://www.wikidata.org/entity/Q126454422,http://www.wikidata.org/prop/direct/P10,http://commons.wikimedia.org/wiki/Special:FilePath/Saint%20Leonard%27s%20Well.webm
http://www.wikidata.org/entity/Q126454422,http://www.wikidata.org/prop/direct/P17,http://www.wikidata.org/entity/Q27
http://www.wikidata.org/entity/Q126454422,http://www.wikidata.org/prop/direct/P18,http://commons.wikimedia.org/wiki/Special:FilePath/St%20Leonard%27s%20Well%2C%20Dunnamaggan%20-%20geograph.org.uk%20-%204277319.jpg
http://www.wikidata.org/entity/Q126454422,http://www.wikidata.org/prop/direct/P18,http://commons.wikimedia.org/wiki/Special:FilePath/St%20Leonard%27s%20Well%20flooded.jpg
http://www.wikidata.org/entity/Q126454422,http://www.wikidata.org/prop/direct/P18,http://commons.wikimedia.org/wiki/Special:FilePath/St%20Leonard%27s%20Well%20from%20a%20distance.jpg
http://www.wikidata.org/entity/Q126454422,http://www.wikidata.org/prop/direct/P31,http://www.wikidata.org/entity/Q1371047
http://www.wikidata.org/entity/Q126454422,http://www.wikidata.org/prop/direct/P31,http://www.wikidata.org/entity/Q126443332
http://www.wikidata.org/entity/Q126454422,http://www.wikidata.org/prop/direct/P131,http://www.wikidata.org/entity/Q180231
http://www.wikidata.org/entity/Q126454422,http://www.wikidata.org/prop/direct/P131,http://www.wikidata.org/entity/Q60554190
http://www.wikidata.org/entity/Q126454422,http://www.wikidata.org/prop/direct/P131,http://www.wikidata.org/entity/Q104265202
http://www.wikidata.org/entity/Q126454422,http://www.wikidata.org/prop/direct/P138,http://www.wikidata.org/entity/Q558148
http://www.wikidata.org/entity/Q126454422,http://www.wikidata.org/prop/direct/P138,http://www.wikidata.org/entity/Q130535426
http://www.wikidata.org/entity/Q126454422,http://www.wikidata.org/prop/direct/P195,http://www.wikidata.org/entity/Q126875543
http://www.wikidata.org/entity/Q126454422,http://www.wikidata.org/prop/direct/P195,http://www.wikidata.org/entity/Q132817615
http://www.wikidata.org/entity/Q126454422,http://www.wikidata.org/prop/direct/P217,64
http://www.wikidata.org/entity/Q126454422,http://www.wikidata.org/prop/direct/P217,KHW034
http://www.wikidata.org/entity/Q126454422,http://www.wikidata.org/prop/direct/P373,"St Leonard's Well, Dunnamaggan"
http://www.wikidata.org/entity/Q126454422,http://www.wikidata.org/prop/direct/P625,Point(-7.2955635 52.5006254)
http://www.wikidata.org/entity/Q126454422,http://www.wikidata.org/prop/direct/P708,http://www.wikidata.org/entity/Q873607
http://www.wikidata.org/entity/Q126454422,http://www.wikidata.org/prop/direct/P841,http://www.wikidata.org/entity/Q2992
http://www.wikidata.org/entity/Q126454422,http://www.wikidata.org/prop/direct/P973,https://kclr96fm.com/documentary/episode-7-st-leonards-well/
http://www.wikidata.org/entity/Q126454422,http://www.wikidata.org/prop/direct/P973,https://pilgrimagemedievalireland.com/2020/11/08/st-leonards-holy-well-at-dunnamaggin-co-kilkenny/
http://www.wikidata.org/entity/Q126454422,http://www.wikidata.org/prop/direct/P973,https://seamussweeney.net/2017/05/17/st-leonards-well-dunnamaggin-kilkenny/
http://www.wikidata.org/entity/Q126454422,http://www.wikidata.org/prop/direct/P1325,https://sketchfab.com/3d-models/st-leonards-well-c6e89f2e2ae147ba90553a3a16fda690
http://www.wikidata.org/entity/Q126454422,http://www.wikidata.org/prop/direct/P1343,http://www.wikidata.org/entity/Q120966194
http://www.wikidata.org/entity/Q126454422,http://www.wikidata.org/prop/direct/P1343,http://www.wikidata.org/entity/Q126374601
http://www.wikidata.org/entity/Q126454422,http://www.wikidata.org/prop/direct/P1343,http://www.wikidata.org/entity/Q126393245
http://www.wikidata.org/entity/Q126454422,http://www.wikidata.org/prop/direct/P1343,http://www.wikidata.org/entity/Q126456421
http://www.wikidata.org/entity/Q126454422,http://www.wikidata.org/prop/direct/P1343,http://www.wikidata.org/entity/Q126474972
http://www.wikidata.org/entity/Q126454422,http://www.wikidata.org/prop/direct/P1343,http://www.wikidata.org/entity/Q126540348
http://www.wikidata.org/entity/Q126454422,http://www.wikidata.org/prop/direct/P1343,http://www.wikidata.org/entity/Q126871352
http://www.wikidata.org/entity/Q126454422,http://www.wikidata.org/prop/direct/P1343,http://www.wikidata.org/entity/Q126875543
http://www.wikidata.org/entity/Q126454422,http://www.wikidata.org/prop/direct/P1343,http://www.wikidata.org/entity/Q128034009
http://www.wikidata.org/entity/Q126454422,http://www.wikidata.org/prop/direct/P1343,http://www.wikidata.org/entity/Q130235307
http://www.wikidata.org/entity/Q126454422,http://www.wikidata.org/prop/direct/P1343,http://www.wikidata.org/entity/Q130284129
http://www.wikidata.org/entity/Q126454422,http://www.wikidata.org/prop/direct/P1343,http://www.wikidata.org/entity/Q130308814
http://www.wikidata.org/entity/Q126454422,http://www.wikidata.org/prop/direct/P1343,http://www.wikidata.org/entity/Q130479296
http://www.wikidata.org/entity/Q126454422,http://www.wikidata.org/prop/direct/P1343,http://www.wikidata.org/entity/Q132817615
http://www.wikidata.org/entity/Q126454422,http://www.wikidata.org/prop/direct/P1651,LoQOnPvmS_Q
http://www.wikidata.org/entity/Q126454422,http://www.wikidata.org/prop/direct/P4057,KK031-003001-
http://www.wikidata.org/entity/Q126454422,http://www.wikidata.org/prop/direct/P11693,7412516778
http://www.wikidata.org/entity/Q10711113,http://www.wikidata.org/prop/direct/P17,http://www.wikidata.org/entity/Q34
http://www.wikidata.org/entity/Q10711113,http://www.wikidata.org/prop/direct/P18,http://commons.wikimedia.org/wiki/Special:FilePath/Iv%C3%B6%20Ursula%20Quelle.JPG
http://www.wikidata.org/entity/Q10711113,http://www.wikidata.org/prop/direct/P31,http://www.wikidata.org/entity/Q1371047
http://www.wikidata.org/entity/Q10711113,http://www.wikidata.org/prop/direct/P276,http://www.wikidata.org/entity/Q10538526
http://www.wikidata.org/entity/Q10711113,http://www.wikidata.org/prop/direct/P625,Point(14.412206 56.104179)
http://www.wikidata.org/entity/Q10711113,http://www.wikidata.org/prop/direct/P2671,/g/112yfw2xt
http://www.wikidata.org/entity/Q12316001,http://www.wikidata.org/prop/direct/P17,http://www.wikidata.org/entity/Q35
http://www.wikidata.org/entity/Q12316001,http://www.wikidata.org/prop/direct/P18,http://commons.wikimedia.org/wiki/Special:FilePath/Helene%20Kilde%2013-07-2013.JPG
http://www.wikidata.org/entity/Q12316001,http://www.wikidata.org/prop/direct/P31,http://www.wikidata.org/entity/Q1371047
http://www.wikidata.org/entity/Q12316001,http://www.wikidata.org/prop/direct/P131,http://www.wikidata.org/entity/Q494827
http://www.wikidata.org/entity/Q12316001,http://www.wikidata.org/prop/direct/P625,Point(12.079151409 56.064467178)
http://www.wikidata.org/entity/Q12316001,http://www.wikidata.org/prop/direct/P1435,http://www.wikidata.org/entity/Q12312385
http://www.wikidata.org/entity/Q12316001,http://www.wikidata.org/prop/direct/P3596,92115
http://www.wikidata.org/entity/Q12316001,http://www.wikidata.org/prop/direct/P11693,2508262482
http://www.wikidata.org/entity/Q12321972,http://www.wikidata.org/prop/direct/P17,http://www.wikidata.org/entity/Q35
http://www.wikidata.org/entity/Q12321972,http://www.wikidata.org/prop/direct/P18,http://commons.wikimedia.org/wiki/Special:FilePath/Kirsten%20Piils%20Kilde-2.jpg
http://www.wikidata.org/entity/Q12321972,http://www.wikidata.org/prop/direct/P31,http://www.wikidata.org/entity/Q1371047
http://www.wikidata.org/entity/Q12321972,http://www.wikidata.org/prop/direct/P131,http://www.wikidata.org/entity/Q493826
http://www.wikidata.org/entity/Q12321972,http://www.wikidata.org/prop/direct/P373,Kirsten Piils Kilde
http://www.wikidata.org/entity/Q12321972,http://www.wikidata.org/prop/direct/P625,Point(12.570396991 55.777140196)
http://www.wikidata.org/entity/Q12321972,http://www.wikidata.org/prop/direct/P1435,http://www.wikidata.org/entity/Q12312385
http://www.wikidata.org/entity/Q12321972,http://www.wikidata.org/prop/direct/P3596,190145
http://www.wikidata.org/entity/Q12321972,http://www.wikidata.org/prop/direct/P9477,Kirsten_Piils_Kilde
http://www.wikidata.org/entity/Q12321972,http://www.wikidata.org/prop/direct/P11693,1643500813
http://www.wikidata.org/entity/Q12334616,http://www.wikidata.org/prop/direct/P17,http://www.wikidata.org/entity/Q35
http://www.wikidata.org/entity/Q12334616,http://www.wikidata.org/prop/direct/P31,http://www.wikidata.org/entity/Q1371047
http://www.wikidata.org/entity/Q12334616,http://www.wikidata.org/prop/direct/P131,http://www.wikidata.org/entity/Q503222
http://www.wikidata.org/entity/Q126445800,http://www.wikidata.org/prop/direct/P1343,http://www.wikidata.org/entity/Q120966194
http://www.wikidata.org/entity/Q126445800,http://www.wikidata.org/prop/direct/P1343,http://www.wikidata.org/entity/Q126374601
http://www.wikidata.org/entity/Q126445800,http://www.wikidata.org/prop/direct/P1343,http://www.wikidata.org/entity/Q126454465
http://www.wikidata.org/entity/Q126445800,http://www.wikidata.org/prop/direct/P1343,http://www.wikidata.org/entity/Q126474972
http://www.wikidata.org/entity/Q126445800,http://www.wikidata.org/prop/direct/P1343,http://www.wikidata.org/entity/Q126528008
http://www.wikidata.org/entity/Q126445800,http://www.wikidata.org/prop/direct/P1343,http://www.wikidata.org/entity/Q126871352
http://www.wikidata.org/entity/Q126445800,http://www.wikidata.org/prop/direct/P1343,http://www.wikidata.org/entity/Q126875543
http://www.wikidata.org/entity/Q126445800,http://www.wikidata.org/prop/direct/P1343,http://www.wikidata.org/entity/Q127619817
http://www.wikidata.org/entity/Q126445800,http://www.wikidata.org/prop/direct/P1343,http://www.wikidata.org/entity/Q130284129
http://www.wikidata.org/entity/Q126445800,http://www.wikidata.org/prop/direct/P1343,http://www.wikidata.org/entity/Q130308814
http://www.wikidata.org/entity/Q126445800,http://www.wikidata.org/prop/direct/P1343,http://www.wikidata.org/entity/Q130372700
http://www.wikidata.org/entity/Q126445800,http://www.wikidata.org/prop/direct/P1343,http://www.wikidata.org/entity/Q130471945
http://www.wikidata.org/entity/Q126445800,http://www.wikidata.org/prop/direct/P1343,http://www.wikidata.org/entity/Q132817615
http://www.wikidata.org/entity/Q126445800,http://www.wikidata.org/prop/direct/P4057,KK023-053003-
http://www.wikidata.org/entity/Q126445800,http://www.wikidata.org/prop/direct/P11693,8515142213
http://www.wikidata.org/entity/Q126447016,http://www.wikidata.org/prop/direct/P17,http://www.wikidata.org/entity/Q27
http://www.wikidata.org/entity/Q126447016,http://www.wikidata.org/prop/direct/P18,http://commons.wikimedia.org/wiki/Special:FilePath/County%20Kilkenny%20-%20Bastionfort%20Well%20-%2020230904120726.jpg
http://www.wikidata.org/entity/Q126447016,http://www.wikidata.org/prop/direct/P31,http://www.wikidata.org/entity/Q43483
http://www.wikidata.org/entity/Q126447016,http://www.wikidata.org/prop/direct/P31,http://www.wikidata.org/entity/Q1371047
http://www.wikidata.org/entity/Q126447016,http://www.wikidata.org/prop/direct/P31,http://www.wikidata.org/entity/Q126443332
http://www.wikidata.org/entity/Q126447016,http://www.wikidata.org/prop/direct/P131,http://www.wikidata.org/entity/Q180231
http://www.wikidata.org/entity/Q126447016,http://www.wikidata.org/prop/direct/P131,http://www.wikidata.org/entity/Q60554376
http://www.wikidata.org/entity/Q126447016,http://www.wikidata.org/prop/direct/P195,http://www.wikidata.org/entity/Q126875543
http://www.wikidata.org/entity/Q126447016,http://www.wikidata.org/prop/direct/P195,http://www.wikidata.org/entity/Q132817615
http://www.wikidata.org/entity/Q126447016,http://www.wikidata.org/prop/direct/P217,36
http://www.wikidata.org/entity/Q126447016,http://www.wikidata.org/prop/direct/P217,KHW072
http://www.wikidata.org/entity/Q126447016,http://www.wikidata.org/prop/direct/P373,Bastionfort Well
http://www.wikidata.org/entity/Q126447016,http://www.wikidata.org/prop/direct/P625,Point(-7.0747843 52.6274085)
http://www.wikidata.org/entity/Q126447016,http://www.wikidata.org/prop/direct/P708,http://www.wikidata.org/entity/Q873607
http://www.wikidata.org/entity/Q126447016,http://www.wikidata.org/prop/direct/P973,https://irelandsholywells.blogspot.com/2012/05/our-ladys-well-gowran-county-kilkenny.html
http://www.wikidata.org/entity/Q126447016,http://www.wikidata.org/prop/direct/P1343,http://www.wikidata.org/entity/Q120966194
http://www.wikidata.org/entity/Q126447016,http://www.wikidata.org/prop/direct/P1343,http://www.wikidata.org/entity/Q126374601
http://www.wikidata.org/entity/Q126447016,http://www.wikidata.org/prop/direct/P1343,http://www.wikidata.org/entity/Q126393245
http://www.wikidata.org/entity/Q126447016,http://www.wikidata.org/prop/direct/P1343,http://www.wikidata.org/entity/Q126454465
http://www.wikidata.org/entity/Q126447016,http://www.wikidata.org/prop/direct/P1343,http://www.wikidata.org/entity/Q126528008
http://www.wikidata.org/entity/Q126447016,http://www.wikidata.org/prop/direct/P1343,http://www.wikidata.org/entity/Q126540348
http://www.wikidata.org/entity/Q126447016,http://www.wikidata.org/prop/direct/P1343,http://www.wikidata.org/entity/Q126871352
http://www.wikidata.org/entity/Q126447016,http://www.wikidata.org/prop/direct/P1343,http://www.wikidata.org/entity/Q126875543
http://www.wikidata.org/entity/Q126447016,http://www.wikidata.org/prop/direct/P1343,http://www.wikidata.org/entity/Q129914816
http://www.wikidata.org/entity/Q126447016,http://www.wikidata.org/prop/direct/P1343,http://www.wikidata.org/entity/Q130284129
http://www.wikidata.org/entity/Q126447016,http://www.wikidata.org/prop/direct/P1343,http://www.wikidata.org/entity/Q132817615
http://www.wikidata.org/entity/Q126447016,http://www.wikidata.org/prop/direct/P2186,IE-KK-0087
http://www.wikidata.org/entity/Q126447016,http://www.wikidata.org/prop/direct/P4057,KK020-059----
http://www.wikidata.org/entity/Q126447016,http://www.wikidata.org/prop/direct/P4088,12310027
http://www.wikidata.org/entity/Q126447016,http://www.wikidata.org/prop/direct/P7959,http://www.wikidata.org/entity/Q180231
http://www.wikidata.org/entity/Q126447016,http://www.wikidata.org/prop/direct/P11693,7175746834
http://www.wikidata.org/entity/Q126454692,http://www.wikidata.org/prop/direct/P138,http://www.wikidata.org/entity/Q345
http://www.wikidata.org/entity/Q126454692,http://www.wikidata.org/prop/direct/P138,http://www.wikidata.org/entity/Q45581
http://www.wikidata.org/entity/Q126454692,http://www.wikidata.org/prop/direct/P195,http://www.wikidata.org/entity/Q126875543
http://www.wikidata.org/entity/Q126454692,http://www.wikidata.org/prop/direct/P195,http://www.wikidata.org/entity/Q132817615
http://www.wikidata.org/entity/Q126454692,http://www.wikidata.org/prop/direct/P217,21
http://www.wikidata.org/entity/Q126454692,http://www.wikidata.org/prop/direct/P217,KHW088
http://www.wikidata.org/entity/Q126454692,http://www.wikidata.org/prop/direct/P625,Point(-7.6178959 52.7784911)
http://www.wikidata.org/entity/Q126454692,http://www.wikidata.org/prop/direct/P708,http://www.wikidata.org/entity/Q873607
http://www.wikidata.org/entity/Q126454692,http://www.wikidata.org/prop/direct/P1343,http://www.wikidata.org/entity/Q116166792
http://www.wikidata.org/entity/Q126454692,http://www.wikidata.org/prop/direct/P1343,http://www.wikidata.org/entity/Q120966194
http://www.wikidata.org/entity/Q126454692,http://www.wikidata.org/prop/direct/P1343,http://www.wikidata.org/entity/Q126374601
http://www.wikidata.org/entity/Q126454692,http://www.wikidata.org/prop/direct/P1343,http://www.wikidata.org/entity/Q126393245
http://www.wikidata.org/entity/Q126454692,http://www.wikidata.org/prop/direct/P1343,http://www.wikidata.org/entity/Q126474972
http://www.wikidata.org/entity/Q126454692,http://www.wikidata.org/prop/direct/P1343,http://www.wikidata.org/entity/Q126528008
http://www.wikidata.org/entity/Q126454692,http://www.wikidata.org/prop/direct/P1343,http://www.wikidata.org/entity/Q126540348
http://www.wikidata.org/entity/Q126454692,http://www.wikidata.org/prop/direct/P1343,http://www.wikidata.org/entity/Q126555558
http://www.wikidata.org/entity/Q126454692,http://www.wikidata.org/prop/direct/P1343,http://www.wikidata.org/entity/Q126875543
http://www.wikidata.org/entity/Q126454692,http://www.wikidata.org/prop/direct/P1343,http://www.wikidata.org/entity/Q130284129
http://www.wikidata.org/entity/Q126454692,http://www.wikidata.org/prop/direct/P1343,http://www.wikidata.org/entity/Q130308814
http://www.wikidata.org/entity/Q126454692,http://www.wikidata.org/prop/direct/P1343,http://www.wikidata.org/entity/Q132817615
http://www.wikidata.org/entity/Q126454692,http://www.wikidata.org/prop/direct/P1343,http://www.wikidata.org/entity/Q133263165
http://www.wikidata.org/entity/Q126454692,http://www.wikidata.org/prop/direct/P4057,KK008-037----
http://www.wikidata.org/entity/Q126454692,http://www.wikidata.org/prop/direct/P6375,"""enclosed in Mr. Butler's kitchen garden"""
http://www.wikidata.org/entity/Q126454692,http://www.wikidata.org/prop/direct/P6375,"""in Mr. Connell's Garden"""
http://www.wikidata.org/entity/Q126454692,http://www.wikidata.org/prop/direct/P11693,6545523566
http://www.wikidata.org/entity/Q126454720,http://www.wikidata.org/prop/direct/P17,http://www.wikidata.org/entity/Q27
http://www.wikidata.org/entity/Q126454720,http://www.wikidata.org/prop/direct/P31,http://www.wikidata.org/entity/Q1371047
http://www.wikidata.org/entity/Q126454720,http://www.wikidata.org/prop/direct/P31,http://www.wikidata.org/entity/Q126443332
http://www.wikidata.org/entity/Q126454720,http://www.wikidata.org/prop/direct/P131,http://www.wikidata.org/entity/Q180231
http://www.wikidata.org/entity/Q126454720,http://www.wikidata.org/prop/direct/P131,http://www.wikidata.org/entity/Q60554288
http://www.wikidata.org/entity/Q126454720,http://www.wikidata.org/prop/direct/P131,http://www.wikidata.org/entity/Q104265111
http://www.wikidata.org/entity/Q126454720,http://www.wikidata.org/prop/direct/P138,http://www.wikidata.org/entity/Q16970
http://www.wikidata.org/entity/Q126454720,http://www.wikidata.org/prop/direct/P195,http://www.wikidata.org/entity/Q126875543
http://www.wikidata.org/entity/Q126454720,http://www.wikidata.org/prop/direct/P195,http://www.wikidata.org/entity/Q132817615
http://www.wikidata.org/entity/Q126454720,http://www.wikidata.org/prop/direct/P217,120
http://www.wikidata.org/entity/Q126454720,http://www.wikidata.org/prop/direct/P217,KHW006
http://www.wikidata.org/entity/Q126454720,http://www.wikidata.org/prop/direct/P625,Point(-7.322077 52.382451)
http://www.wikidata.org/entity/Q126454720,http://www.wikidata.org/prop/direct/P708,http://www.wikidata.org/entity/Q873607
http://www.wikidata.org/entity/Q126454720,http://www.wikidata.org/prop/direct/P1343,http://www.wikidata.org/entity/Q120966194
http://www.wikidata.org/entity/Q126454720,http://www.wikidata.org/prop/direct/P1343,http://www.wikidata.org/entity/Q126374601
http://www.wikidata.org/entity/Q126454720,http://www.wikidata.org/prop/direct/P1343,http://www.wikidata.org/entity/Q126393245
http://www.wikidata.org/entity/Q126454720,http://www.wikidata.org/prop/direct/P1343,http://www.wikidata.org/entity/Q126456421
http://www.wikidata.org/entity/Q126454720,http://www.wikidata.org/prop/direct/P1343,http://www.wikidata.org/entity/Q126875543
http://www.wikidata.org/entity/Q126454720,http://www.wikidata.org/prop/direct/P1343,http://www.wikidata.org/entity/Q130235257
http://www.wikidata.org/entity/Q126454720,http://www.wikidata.org/prop/direct/P1343,http://www.wikidata.org/entity/Q132817615
http://www.wikidata.org/entity/Q126454720,http://www.wikidata.org/prop/direct/P1343,http://www.wikidata.org/entity/Q133263165
http://www.wikidata.org/entity/Q126454720,http://www.wikidata.org/prop/direct/P1343,http://www.wikidata.org/entity/Q133385130
http://www.wikidata.org/entity/Q126646306,http://www.wikidata.org/prop/direct/P625,Point(-15.817314 46.488181)
http://www.wikidata.org/entity/Q126646306,http://www.wikidata.org/prop/direct/P625,Point(-7.5844502 52.712537)
http://www.wikidata.org/entity/Q126646306,http://www.wikidata.org/prop/direct/P708,http://www.wikidata.org/entity/Q873607
http://www.wikidata.org/entity/Q126646306,http://www.wikidata.org/prop/direct/P1343,http://www.wikidata.org/entity/Q116166792
http://www.wikidata.org/entity/Q126646306,http://www.wikidata.org/prop/direct/P1343,http://www.wikidata.org/entity/Q126374601
http://www.wikidata.org/entity/Q126646306,http://www.wikidata.org/prop/direct/P1343,http://www.wikidata.org/entity/Q126528008
http://www.wikidata.org/entity/Q126646306,http://www.wikidata.org/prop/direct/P1343,http://www.wikidata.org/entity/Q126875543
http://www.wikidata.org/entity/Q126646306,http://www.wikidata.org/prop/direct/P1343,http://www.wikidata.org/entity/Q130308814
http://www.wikidata.org/entity/Q126646306,http://www.wikidata.org/prop/direct/P1343,http://www.wikidata.org/entity/Q132817615
http://www.wikidata.org/entity/Q126646306,http://www.wikidata.org/prop/direct/P4057,KK012-100----
http://www.wikidata.org/entity/Q126646306,http://www.wikidata.org/prop/direct/P6375,by the side of the Tóchar (causeway) road towards the Tipperary border
http://www.wikidata.org/entity/Q126647640,http://www.wikidata.org/prop/direct/P17,http://www.wikidata.org/entity/Q27
http://www.wikidata.org/entity/Q126647640,http://www.wikidata.org/prop/direct/P31,http://www.wikidata.org/entity/Q1371047
http://www.wikidata.org/entity/Q126647640,http://www.wikidata.org/prop/direct/P31,http://www.wikidata.org/entity/Q126443332
http://www.wikidata.org/entity/Q126647640,http://www.wikidata.org/prop/direct/P131,http://www.wikidata.org/entity/Q180231
http://www.wikidata.org/entity/Q126647640,http://www.wikidata.org/prop/direct/P131,http://www.wikidata.org/entity/Q60554288
http://www.wikidata.org/entity/Q126647640,http://www.wikidata.org/prop/direct/P131,http://www.wikidata.org/entity/Q104265132
http://www.wikidata.org/entity/Q126647640,http://www.wikidata.org/prop/direct/P138,http://www.wikidata.org/entity/Q107257053
http://www.wikidata.org/entity/Q126647640,http://www.wikidata.org/prop/direct/P195,http://www.wikidata.org/entity/Q132817615
http://www.wikidata.org/entity/Q126647640,http://www.wikidata.org/prop/direct/P217,KHW2-7
http://www.wikidata.org/entity/Q126647640,http://www.wikidata.org/prop/direct/P708,http://www.wikidata.org/entity/Q873607
http://www.wikidata.org/entity/Q126647640,http://www.wikidata.org/prop/direct/P841,http://www.wikidata.org/entity/Q133454946
http://www.wikidata.org/entity/Q126647640,http://www.wikidata.org/prop/direct/P1343,http://www.wikidata.org/entity/Q126374601
http://www.wikidata.org/entity/Q126647640,http://www.wikidata.org/prop/direct/P1343,http://www.wikidata.org/entity/Q132817615
http://www.wikidata.org/entity/Q126647640,http://www.wikidata.org/prop/direct/P1343,http://www.wikidata.org/entity/Q133385130
http://www.wikidata.org/entity/Q126648035,http://www.wikidata.org/prop/direct/P17,http://www.wikidata.org/entity/Q27
http://www.wikidata.org/entity/Q126648035,http://www.wikidata.org/prop/direct/P31,http://www.wikidata.org/entity/Q1371047
http://www.wikidata.org/entity/Q126648035,http://www.wikidata.org/prop/direct/P31,http://www.wikidata.org/entity/Q126443332
http://www.wikidata.org/entity/Q126648035,http://www.wikidata.org/prop/direct/P131,http://www.wikidata.org/entity/Q180231
http://www.wikidata.org/entity/Q126648035,http://www.wikidata.org/prop/direct/P131,http://www.wikidata.org/entity/Q60552557
http://www.wikidata.org/entity/Q126648035,http://www.wikidata.org/prop/direct/P131,http://www.wikidata.org/entity/Q104265846
http://www.wikidata.org/entity/Q126648035,http://www.wikidata.org/prop/direct/P138,http://www.wikidata.org/entity/Q130535684
http://www.wikidata.org/entity/Q126648035,http://www.wikidata.org/prop/direct/P195,http://www.wikidata.org/entity/Q126875543
http://www.wikidata.org/entity/Q126648035,http://www.wikidata.org/prop/direct/P195,http://www.wikidata.org/entity/Q132817615
http://www.wikidata.org/entity/Q126648035,http://www.wikidata.org/prop/direct/P217,115
http://www.wikidata.org/entity/Q126648035,http://www.wikidata.org/prop/direct/P217,KHW158
http://www.wikidata.org/entity/Q6470591,http://www.wikidata.org/prop/direct/P7772,lady-well
http://www.wikidata.org/entity/Q6470591,http://www.wikidata.org/prop/direct/P7959,http://www.wikidata.org/entity/Q530296
http://www.wikidata.org/entity/Q6470591,http://www.wikidata.org/prop/direct/P11693,3908416098
http://www.wikidata.org/entity/Q6515776,http://www.wikidata.org/prop/direct/P17,http://www.wikidata.org/entity/Q145
http://www.wikidata.org/entity/Q6515776,http://www.wikidata.org/prop/direct/P18,http://commons.wikimedia.org/wiki/Special:FilePath/Leechwell.jpg
http://www.wikidata.org/entity/Q6515776,http://www.wikidata.org/prop/direct/P31,http://www.wikidata.org/entity/Q124714
http://www.wikidata.org/entity/Q6515776,http://www.wikidata.org/prop/direct/P31,http://www.wikidata.org/entity/Q1371047
http://www.wikidata.org/entity/Q6515776,http://www.wikidata.org/prop/direct/P131,http://www.wikidata.org/entity/Q1007106
http://www.wikidata.org/entity/Q6515776,http://www.wikidata.org/prop/direct/P613,SX8002760178
http://www.wikidata.org/entity/Q6515776,http://www.wikidata.org/prop/direct/P625,Point(-3.690467 50.429164)
http://www.wikidata.org/entity/Q6515776,http://www.wikidata.org/prop/direct/P646,/m/026f714
http://www.wikidata.org/entity/Q6515776,http://www.wikidata.org/prop/direct/P1216,1020170
http://www.wikidata.org/entity/Q6515776,http://www.wikidata.org/prop/direct/P1216,1236467
http://www.wikidata.org/entity/Q6515776,http://www.wikidata.org/prop/direct/P1435,http://www.wikidata.org/entity/Q219538
http://www.wikidata.org/entity/Q6515776,http://www.wikidata.org/prop/direct/P1435,http://www.wikidata.org/entity/Q15700834
http://www.wikidata.org/entity/Q6515776,http://www.wikidata.org/prop/direct/P7772,the-leechwell
http://www.wikidata.org/entity/Q6515776,http://www.wikidata.org/prop/direct/P7959,http://www.wikidata.org/entity/Q67393660
http://www.wikidata.org/entity/Q6515776,http://www.wikidata.org/prop/direct/P12485,101236467
http://www.wikidata.org/entity/Q7586978,http://www.wikidata.org/prop/direct/P17,http://www.wikidata.org/entity/Q27
http://www.wikidata.org/entity/Q7586978,http://www.wikidata.org/prop/direct/P18,http://commons.wikimedia.org/wiki/Special:FilePath/St%20Annes%20Well%20St%20Annes%20Park%20Dublin.JPG
http://www.wikidata.org/entity/Q7586978,http://www.wikidata.org/prop/direct/P31,http://www.wikidata.org/entity/Q1371047
http://www.wikidata.org/entity/Q7586978,http://www.wikidata.org/prop/direct/P131,http://www.wikidata.org/entity/Q173500
http://www.wikidata.org/entity/Q7586978,http://www.wikidata.org/prop/direct/P646,/m/02r9yyc
http://www.wikidata.org/entity/Q7587309,http://www.wikidata.org/prop/direct/P17,http://www.wikidata.org/entity/Q145
http://www.wikidata.org/entity/Q7587309,http://www.wikidata.org/prop/direct/P18,http://commons.wikimedia.org/wiki/Special:FilePath/2014feb15%204578%20st%20blaises%20well%20palace-park.jpg
http://www.wikidata.org/entity/Q7587309,http://www.wikidata.org/prop/direct/P18,http://commons.wikimedia.org/wiki/Special:FilePath/Saint%20Blaise%27s%20well%20Bromley%20Kent.png
http://www.wikidata.org/entity/Q7587309,http://www.wikidata.org/prop/direct/P31,http://www.wikidata.org/entity/Q1371047
http://www.wikidata.org/entity/Q7587309,http://www.wikidata.org/prop/direct/P131,http://www.wikidata.org/entity/Q208201
http://www.wikidata.org/entity/Q7587309,http://www.wikidata.org/prop/direct/P373,St. Blaise's Well
http://www.wikidata.org/entity/Q7587309,http://www.wikidata.org/prop/direct/P625,Point(0.022 51.403)
http://www.wikidata.org/entity/Q7587309,http://www.wikidata.org/prop/direct/P646,/m/0gkg25
http://www.wikidata.org/entity/Q7587309,http://www.wikidata.org/prop/direct/P4117,407731
http://www.wikidata.org/entity/Q7587309,http://www.wikidata.org/prop/direct/P7959,http://www.wikidata.org/entity/Q67479626
http://www.wikidata.org/entity/Q7587309,http://www.wikidata.org/prop/direct/P11693,7984232797
http://www.wikidata.org/entity/Q126527039,http://www.wikidata.org/prop/direct/P17,http://www.wikidata.org/entity/Q27
http://www.wikidata.org/entity/Q126527039,http://www.wikidata.org/prop/direct/P31,http://www.wikidata.org/entity/Q1371047
http://www.wikidata.org/entity/Q126527039,http://www.wikidata.org/prop/direct/P31,http://www.wikidata.org/entity/Q126443332
http://www.wikidata.org/entity/Q126527039,http://www.wikidata.org/prop/direct/P131,http://www.wikidata.org/entity/Q180231
http://www.wikidata.org/entity/Q126527039,http://www.wikidata.org/prop/direct/P138,http://www.wikidata.org/entity/Q345
http://www.wikidata.org/entity/Q126527039,http://www.wikidata.org/prop/direct/P708,http://www.wikidata.org/entity/Q873607
http://www.wikidata.org/entity/Q126527039,http://www.wikidata.org/prop/direct/P1343,http://www.wikidata.org/entity/Q126374601
http://www.wikidata.org/entity/Q126527039,http://www.wikidata.org/prop/direct/P1343,http://www.wikidata.org/entity/Q126393245
http://www.wikidata.org/entity/Q126527039,http://www.wikidata.org/prop/direct/P1343,http://www.wikidata.org/entity/Q130284129
http://www.wikidata.org/entity/Q126617074,http://www.wikidata.org/prop/direct/P17,http://www.wikidata.org/entity/Q27
http://www.wikidata.org/entity/Q126617074,http://www.wikidata.org/prop/direct/P31,http://www.wikidata.org/entity/Q1371047
http://www.wikidata.org/entity/Q126617074,http://www.wikidata.org/prop/direct/P31,http://www.wikidata.org/entity/Q126443332
http://www.wikidata.org/entity/Q126617074,http://www.wikidata.org/prop/direct/P131,http://www.wikidata.org/entity/Q180231
http://www.wikidata.org/entity/Q126617074,http://www.wikidata.org/prop/direct/P131,http://www.wikidata.org/entity/Q60557162
http://www.wikidata.org/entity/Q126617074,http://www.wikidata.org/prop/direct/P131,http://www.wikidata.org/entity/Q104264441
http://www.wikidata.org/entity/Q126617074,http://www.wikidata.org/prop/direct/P138,http://www.wikidata.org/entity/Q345
http://www.wikidata.org/entity/Q126617074,http://www.wikidata.org/prop/direct/P625,Point(-7.515021 52.673289)
http://www.wikidata.org/entity/Q126617074,http://www.wikidata.org/prop/direct/P708,http://www.wikidata.org/entity/Q873607
http://www.wikidata.org/entity/Q126617074,http://www.wikidata.org/prop/direct/P1343,http://www.wikidata.org/entity/Q126374601
http://www.wikidata.org/entity/Q126617074,http://www.wikidata.org/prop/direct/P6375,"""on the hill slope"" (O'Kelly)"
http://www.wikidata.org/entity/Q126640856,http://www.wikidata.org/prop/direct/P17,http://www.wikidata.org/entity/Q27
http://www.wikidata.org/entity/Q126640856,http://www.wikidata.org/prop/direct/P31,http://www.wikidata.org/entity/Q43483
http://www.wikidata.org/entity/Q126640856,http://www.wikidata.org/prop/direct/P31,http://www.wikidata.org/entity/Q1371047
http://www.wikidata.org/entity/Q126640856,http://www.wikidata.org/prop/direct/P31,http://www.wikidata.org/entity/Q126443332
http://www.wikidata.org/entity/Q126640856,http://www.wikidata.org/prop/direct/P131,http://www.wikidata.org/entity/Q180231
http://www.wikidata.org/entity/Q126640856,http://www.wikidata.org/prop/direct/P131,http://www.wikidata.org/entity/Q60553710
http://www.wikidata.org/entity/Q126640856,http://www.wikidata.org/prop/direct/P131,http://www.wikidata.org/entity/Q104265579
http://www.wikidata.org/entity/Q126640856,http://www.wikidata.org/prop/direct/P195,http://www.wikidata.org/entity/Q126875543
http://www.wikidata.org/entity/Q126640856,http://www.wikidata.org/prop/direct/P195,http://www.wikidata.org/entity/Q132817615
http://www.wikidata.org/entity/Q126640856,http://www.wikidata.org/prop/direct/P217,125
http://www.wikidata.org/entity/Q126640856,http://www.wikidata.org/prop/direct/P217,KHW118
http://www.wikidata.org/entity/Q126640856,http://www.wikidata.org/prop/direct/P625,Point(-7.21792 52.817848)
http://www.wikidata.org/entity/Q126640856,http://www.wikidata.org/prop/direct/P708,http://www.wikidata.org/entity/Q873607
http://www.wikidata.org/entity/Q126640856,http://www.wikidata.org/prop/direct/P1343,http://www.wikidata.org/entity/Q116166792
http://www.wikidata.org/entity/Q126640856,http://www.wikidata.org/prop/direct/P1343,http://www.wikidata.org/entity/Q126374601
http://www.wikidata.org/entity/Q126640856,http://www.wikidata.org/prop/direct/P1343,http://www.wikidata.org/entity/Q126393245
http://www.wikidata.org/entity/Q126640856,http://www.wikidata.org/prop/direct/P1343,http://www.wikidata.org/entity/Q126474972
http://www.wikidata.org/entity/Q126640856,http://www.wikidata.org/prop/direct/P1343,http://www.wikidata.org/entity/Q126875543
http://www.wikidata.org/entity/Q126640856,http://www.wikidata.org/prop/direct/P1343,http://www.wikidata.org/entity/Q129333352
http://www.wikidata.org/entity/Q126640856,http://www.wikidata.org/prop/direct/P1343,http://www.wikidata.org/entity/Q130284129
http://www.wikidata.org/entity/Q126640856,http://www.wikidata.org/prop/direct/P1343,http://www.wikidata.org/entity/Q130308814
http://www.wikidata.org/entity/Q126640856,http://www.wikidata.org/prop/direct/P1343,http://www.wikidata.org/entity/Q132817615
http://www.wikidata.org/entity/Q126640856,http://www.wikidata.org/prop/direct/P4057,KK005-053----
http://www.wikidata.org/entity/Q126640856,http://www.wikidata.org/prop/direct/P6375,"""a few fields north of the churchyard"""
http://www.wikidata.org/entity/Q111525776,http://www.wikidata.org/prop/direct/P17,http://www.wikidata.org/entity/Q796
http://www.wikidata.org/entity/Q111525776,http://www.wikidata.org/prop/direct/P31,http://www.wikidata.org/entity/Q1371047
http://www.wikidata.org/entity/Q111525776,http://www.wikidata.org/prop/direct/P276,http://www.wikidata.org/entity/Q1017666
http://www.wikidata.org/entity/Q112134458,http://www.wikidata.org/prop/direct/P17,http://www.wikidata.org/entity/Q27
http://www.wikidata.org/entity/Q112134458,http://www.wikidata.org/prop/direct/P31,http://www.wikidata.org/entity/Q1371047
http://www.wikidata.org/entity/Q112134458,http://www.wikidata.org/prop/direct/P131,http://www.wikidata.org/entity/Q107397
http://www.wikidata.org/entity/Q112134458,http://www.wikidata.org/prop/direct/P625,Point(-7.87239 54.085022)
http://www.wikidata.org/entity/Q112134458,http://www.wikidata.org/prop/direct/P4057,LE021-006001-
http://www.wikidata.org/entity/Q112134458,http://www.wikidata.org/prop/direct/P6802,http://commons.wikimedia.org/wiki/Special:FilePath/Tobar%20Naomh%20Padraig%20%28Saint%20Patrick%27s%20Well%29%20-%20geograph.org.uk%20-%203680062.jpg
http://www.wikidata.org/entity/Q112865361,http://www.wikidata.org/prop/direct/P17,http://www.wikidata.org/entity/Q142
http://www.wikidata.org/entity/Q112865361,http://www.wikidata.org/prop/direct/P31,http://www.wikidata.org/entity/Q1371047
http://www.wikidata.org/entity/Q112865361,http://www.wikidata.org/prop/direct/P131,http://www.wikidata.org/entity/Q71582
http://www.wikidata.org/entity/Q112865361,http://www.wikidata.org/prop/direct/P625,Point(-2.95156 47.38035)
http://www.wikidata.org/entity/Q112865361,http://www.wikidata.org/prop/direct/P11693,9862767346
http://www.wikidata.org/entity/Q114439798,http://www.wikidata.org/prop/direct/P10,http://commons.wikimedia.org/wiki/Special:FilePath/Kenny%27s%20Well%20before%20restoration.webm
http://www.wikidata.org/entity/Q114439798,http://www.wikidata.org/prop/direct/P17,http://www.wikidata.org/entity/Q27
http://www.wikidata.org/entity/Q114439798,http://www.wikidata.org/prop/direct/P18,http://commons.wikimedia.org/wiki/Special:FilePath/Kenny%27s%20Well%203.png
http://www.wikidata.org/entity/Q114439798,http://www.wikidata.org/prop/direct/P18,http://commons.wikimedia.org/wiki/Special:FilePath/Kenny%27s%20Well.jpg
http://www.wikidata.org/entity/Q114439798,http://www.wikidata.org/prop/direct/P31,http://www.wikidata.org/entity/Q1371047
http://www.wikidata.org/entity/Q114439798,http://www.wikidata.org/prop/direct/P31,http://www.wikidata.org/entity/Q10713454
http://www.wikidata.org/entity/Q114439798,http://www.wikidata.org/prop/direct/P31,http://www.wikidata.org/entity/Q105889895
http://www.wikidata.org/entity/Q114439798,http://www.wikidata.org/prop/direct/P31,http://www.wikidata.org/entity/Q126443332
http://www.wikidata.org/entity/Q114439798,http://www.wikidata.org/prop/direct/P110,http://www.wikidata.org/entity/Q56986634
http://www.wikidata.org/entity/Q114439798,http://www.wikidata.org/prop/direct/P131,http://www.wikidata.org/entity/Q180231
http://www.wikidata.org/entity/Q114439798,http://www.wikidata.org/prop/direct/P131,http://www.wikidata.org/entity/Q104265435
http://www.wikidata.org/entity/Q114439798,http://www.wikidata.org/prop/direct/P138,http://www.wikidata.org/entity/Q1133742
http://www.wikidata.org/entity/Q114439798,http://www.wikidata.org/prop/direct/P195,http://www.wikidata.org/entity/Q126875543
http://www.wikidata.org/entity/Q114439798,http://www.wikidata.org/prop/direct/P195,http://www.wikidata.org/entity/Q132817615
http://www.wikidata.org/entity/Q114439798,http://www.wikidata.org/prop/direct/P217,75
http://www.wikidata.org/entity/Q114439798,http://www.wikidata.org/prop/direct/P217,KHW109
http://www.wikidata.org/entity/Q114439798,http://www.wikidata.org/prop/direct/P373,Kenny's Well
http://www.wikidata.org/entity/Q114439798,http://www.wikidata.org/prop/direct/P625,Point(-7.26219 52.65325)
http://www.wikidata.org/entity/Q114439798,http://www.wikidata.org/prop/direct/P708,http://www.wikidata.org/entity/Q873607
http://www.wikidata.org/entity/Q114439798,http://www.wikidata.org/prop/direct/P973,https://kilkennyarchaeologicalsociety.ie/reputed-holy-wells-of-the-city-of-kilkenny/
http://www.wikidata.org/entity/Q114439798,http://www.wikidata.org/prop/direct/P973,https://www.stcanicesparish.ie/st-canices-church/kennys-well/
http://www.wikidata.org/entity/Q114439798,http://www.wikidata.org/prop/direct/P973,https://ihwcbc.omeka.net/items/show/288
http://www.wikidata.org/entity/Q114439798,http://www.wikidata.org/prop/direct/P973,https://irelandsholywells.blogspot.com/2011/09/saint-canices-well-kilkenny.html
http://www.wikidata.org/entity/Q114439798,http://www.wikidata.org/prop/direct/P973,https://www.kilkennypeople.ie/news/home/584203/plan-to-refurbish-kennys-well-after-historic-kilkenny-wall-falls-down.html
http://www.wikidata.org/entity/Q12334616,http://www.wikidata.org/prop/direct/P276,http://www.wikidata.org/entity/Q23736669
http://www.wikidata.org/entity/Q12334616,http://www.wikidata.org/prop/direct/P625,Point(9.33443 57.1504)
http://www.wikidata.org/entity/Q15129947,http://www.wikidata.org/prop/direct/P17,http://www.wikidata.org/entity/Q145
http://www.wikidata.org/entity/Q15129947,http://www.wikidata.org/prop/direct/P31,http://www.wikidata.org/entity/Q839954
http://www.wikidata.org/entity/Q15129947,http://www.wikidata.org/prop/direct/P31,http://www.wikidata.org/entity/Q1371047
http://www.wikidata.org/entity/Q15129947,http://www.wikidata.org/prop/direct/P131,http://www.wikidata.org/entity/Q192761
http://www.wikidata.org/entity/Q15129947,http://www.wikidata.org/prop/direct/P138,http://www.wikidata.org/entity/Q4301754
http://www.wikidata.org/entity/Q15129947,http://www.wikidata.org/prop/direct/P625,Point(-6.415246 54.135032)
http://www.wikidata.org/entity/Q15129947,http://www.wikidata.org/prop/direct/P2671,/g/123233r6v
http://www.wikidata.org/entity/Q15129947,http://www.wikidata.org/prop/direct/P7959,http://www.wikidata.org/entity/Q192761
http://www.wikidata.org/entity/Q15224742,http://www.wikidata.org/prop/direct/P17,http://www.wikidata.org/entity/Q145
http://www.wikidata.org/entity/Q15224742,http://www.wikidata.org/prop/direct/P18,http://commons.wikimedia.org/wiki/Special:FilePath/The%20Holy%20Well%2C%20Malvern%20Wells%20-%20geograph.org.uk%20-%20395887.jpg
http://www.wikidata.org/entity/Q15224742,http://www.wikidata.org/prop/direct/P31,http://www.wikidata.org/entity/Q1371047
http://www.wikidata.org/entity/Q15224742,http://www.wikidata.org/prop/direct/P131,http://www.wikidata.org/entity/Q589217
http://www.wikidata.org/entity/Q15224742,http://www.wikidata.org/prop/direct/P373,"Holy Well, Malvern Wells"
http://www.wikidata.org/entity/Q15224742,http://www.wikidata.org/prop/direct/P613,SO7703242324
http://www.wikidata.org/entity/Q15224742,http://www.wikidata.org/prop/direct/P625,Point(-2.336557 52.078797)
http://www.wikidata.org/entity/Q15224742,http://www.wikidata.org/prop/direct/P625,Point(-2.3366 52.0789)
http://www.wikidata.org/entity/Q15224742,http://www.wikidata.org/prop/direct/P1216,1349422
http://www.wikidata.org/entity/Q15224742,http://www.wikidata.org/prop/direct/P1435,http://www.wikidata.org/entity/Q15700834
http://www.wikidata.org/entity/Q15224742,http://www.wikidata.org/prop/direct/P7959,http://www.wikidata.org/entity/Q67575442
http://www.wikidata.org/entity/Q15224742,http://www.wikidata.org/prop/direct/P11693,1078902776
http://www.wikidata.org/entity/Q15224742,http://www.wikidata.org/prop/direct/P12485,101349422
http://www.wikidata.org/entity/Q17526033,http://www.wikidata.org/prop/direct/P17,http://www.wikidata.org/entity/Q145
http://www.wikidata.org/entity/Q17526033,http://www.wikidata.org/prop/direct/P18,http://commons.wikimedia.org/wiki/Special:FilePath/Our%20Lady%27s%20Well%2C%20Hempsted.jpg
http://www.wikidata.org/entity/Q17526033,http://www.wikidata.org/prop/direct/P31,http://www.wikidata.org/entity/Q1371047
http://www.wikidata.org/entity/Q17526033,http://www.wikidata.org/prop/direct/P131,http://www.wikidata.org/entity/Q20986485
http://www.wikidata.org/entity/Q17526033,http://www.wikidata.org/prop/direct/P276,http://www.wikidata.org/entity/Q5712746
http://www.wikidata.org/entity/Q17526033,http://www.wikidata.org/prop/direct/P373,"Our Lady's Well, Hempsted"
http://www.wikidata.org/entity/Q17526033,http://www.wikidata.org/prop/direct/P613,SO8144717323
http://www.wikidata.org/entity/Q17526033,http://www.wikidata.org/prop/direct/P625,Point(-2.27078 51.8542)
http://www.wikidata.org/entity/Q17526033,http://www.wikidata.org/prop/direct/P1216,1002073
http://www.wikidata.org/entity/Q17526033,http://www.wikidata.org/prop/direct/P1216,1271744
http://www.wikidata.org/entity/Q17526033,http://www.wikidata.org/prop/direct/P1435,http://www.wikidata.org/entity/Q219538
http://www.wikidata.org/entity/Q17526033,http://www.wikidata.org/prop/direct/P1435,http://www.wikidata.org/entity/Q15700818
http://www.wikidata.org/entity/Q17526033,http://www.wikidata.org/prop/direct/P2671,/g/11h0bpth17
http://www.wikidata.org/entity/Q17526033,http://www.wikidata.org/prop/direct/P7959,http://www.wikidata.org/entity/Q67508687
http://www.wikidata.org/entity/Q17526033,http://www.wikidata.org/prop/direct/P12485,101271744
http://www.wikidata.org/entity/Q30118555,http://www.wikidata.org/prop/direct/P625,Point(8.4019362 56.796825501)
http://www.wikidata.org/entity/Q30118555,http://www.wikidata.org/prop/direct/P1435,http://www.wikidata.org/entity/Q12312385
http://www.wikidata.org/entity/Q30118555,http://www.wikidata.org/prop/direct/P3596,21716
http://www.wikidata.org/entity/Q30119519,http://www.wikidata.org/prop/direct/P17,http://www.wikidata.org/entity/Q35
http://www.wikidata.org/entity/Q30119519,http://www.wikidata.org/prop/direct/P31,http://www.wikidata.org/entity/Q1371047
http://www.wikidata.org/entity/Q30119519,http://www.wikidata.org/prop/direct/P131,http://www.wikidata.org/entity/Q499896
http://www.wikidata.org/entity/Q30119519,http://www.wikidata.org/prop/direct/P625,Point(9.632876135 56.704859123)
http://www.wikidata.org/entity/Q30119519,http://www.wikidata.org/prop/direct/P1435,http://www.wikidata.org/entity/Q12312385
http://www.wikidata.org/entity/Q30119519,http://www.wikidata.org/prop/direct/P3596,23561
http://www.wikidata.org/entity/Q30119723,http://www.wikidata.org/prop/direct/P17,http://www.wikidata.org/entity/Q35
http://www.wikidata.org/entity/Q30119723,http://www.wikidata.org/prop/direct/P31,http://www.wikidata.org/entity/Q1371047
http://www.wikidata.org/entity/Q30119723,http://www.wikidata.org/prop/direct/P131,http://www.wikidata.org/entity/Q511975
http://www.wikidata.org/entity/Q30119723,http://www.wikidata.org/prop/direct/P625,Point(9.179714224 56.665618965)
http://www.wikidata.org/entity/Q30119723,http://www.wikidata.org/prop/direct/P1435,http://www.wikidata.org/entity/Q12312385
http://www.wikidata.org/entity/Q30119723,http://www.wikidata.org/prop/direct/P3596,24136
http://www.wikidata.org/entity/Q30120486,http://www.wikidata.org/prop/direct/P17,http://www.wikidata.org/entity/Q35
http://www.wikidata.org/entity/Q30120486,http://www.wikidata.org/prop/direct/P31,http://www.wikidata.org/entity/Q1371047
http://www.wikidata.org/entity/Q30120486,http://www.wikidata.org/prop/direct/P131,http://www.wikidata.org/entity/Q512528
http://www.wikidata.org/entity/Q30120486,http://www.wikidata.org/prop/direct/P625,Point(9.921747891 56.688349455)
http://www.wikidata.org/entity/Q30120486,http://www.wikidata.org/prop/direct/P1435,http://www.wikidata.org/entity/Q12312385
http://www.wikidata.org/entity/Q30120486,http://www.wikidata.org/prop/direct/P3596,25531
http://www.wikidata.org/entity/Q30125681,http://www.wikidata.org/prop/direct/P17,http://www.wikidata.org/entity/Q35
http://www.wikidata.org/entity/Q30125681,http://www.wikidata.org/prop/direct/P18,http://commons.wikimedia.org/wiki/Special:FilePath/KarupHelligkilden2.jpg
http://www.wikidata.org/entity/Q30125681,http://www.wikidata.org/prop/direct/P31,http://www.wikidata.org/entity/Q109607
http://www.wikidata.org/entity/Q30125681,http://www.wikidata.org/prop/direct/P31,http://www.wikidata.org/entity/Q1371047
http://www.wikidata.org/entity/Q30125681,http://www.wikidata.org/prop/direct/P131,http://www.wikidata.org/entity/Q502962
http://www.wikidata.org/entity/Q30125681,http://www.wikidata.org/prop/direct/P276,http://www.wikidata.org/entity/Q1734691
http://www.wikidata.org/entity/Q30125681,http://www.wikidata.org/prop/direct/P373,Karup Helligkilde
http://www.wikidata.org/entity/Q30125681,http://www.wikidata.org/prop/direct/P625,Point(9.164332037 56.305122337)
http://www.wikidata.org/entity/Q30125681,http://www.wikidata.org/prop/direct/P1435,http://www.wikidata.org/entity/Q12312385
http://www.wikidata.org/entity/Q30125681,http://www.wikidata.org/prop/direct/P3596,35058
http://www.wikidata.org/entity/Q30125681,http://www.wikidata.org/prop/direct/P11693,8514645728
http://www.wikidata.org/entity/Q126449613,http://www.wikidata.org/prop/direct/P1343,http://www.wikidata.org/entity/Q126528008
http://www.wikidata.org/entity/Q126449613,http://www.wikidata.org/prop/direct/P1343,http://www.wikidata.org/entity/Q126540348
http://www.wikidata.org/entity/Q126449613,http://www.wikidata.org/prop/direct/P1343,http://www.wikidata.org/entity/Q126875543
http://www.wikidata.org/entity/Q126449613,http://www.wikidata.org/prop/direct/P1343,http://www.wikidata.org/entity/Q129088050
http://www.wikidata.org/entity/Q126449613,http://www.wikidata.org/prop/direct/P1343,http://www.wikidata.org/entity/Q130284129
http://www.wikidata.org/entity/Q126449613,http://www.wikidata.org/prop/direct/P1343,http://www.wikidata.org/entity/Q130308814
http://www.wikidata.org/entity/Q126449613,http://www.wikidata.org/prop/direct/P1343,http://www.wikidata.org/entity/Q132817615
http://www.wikidata.org/entity/Q126449613,http://www.wikidata.org/prop/direct/P4057,KK042-007----
http://www.wikidata.org/entity/Q126449613,http://www.wikidata.org/prop/direct/P11693,8519066080
http://www.wikidata.org/entity/Q126454380,http://www.wikidata.org/prop/direct/P17,http://www.wikidata.org/entity/Q27
http://www.wikidata.org/entity/Q126454380,http://www.wikidata.org/prop/direct/P18,http://commons.wikimedia.org/wiki/Special:FilePath/Alleged%20location%20of%20St%20Mary%27s%20Well.jpg
http://www.wikidata.org/entity/Q126454380,http://www.wikidata.org/prop/direct/P18,http://commons.wikimedia.org/wiki/Special:FilePath/Probable%20location%20of%20St%20Mary%27s%20Well.jpg
http://www.wikidata.org/entity/Q126454380,http://www.wikidata.org/prop/direct/P31,http://www.wikidata.org/entity/Q1371047
http://www.wikidata.org/entity/Q126454380,http://www.wikidata.org/prop/direct/P31,http://www.wikidata.org/entity/Q126443332
http://www.wikidata.org/entity/Q126454380,http://www.wikidata.org/prop/direct/P131,http://www.wikidata.org/entity/Q180231
http://www.wikidata.org/entity/Q126454380,http://www.wikidata.org/prop/direct/P131,http://www.wikidata.org/entity/Q60553891
http://www.wikidata.org/entity/Q126454380,http://www.wikidata.org/prop/direct/P138,http://www.wikidata.org/entity/Q345
http://www.wikidata.org/entity/Q126454380,http://www.wikidata.org/prop/direct/P195,http://www.wikidata.org/entity/Q126875543
http://www.wikidata.org/entity/Q126454380,http://www.wikidata.org/prop/direct/P195,http://www.wikidata.org/entity/Q132817615
http://www.wikidata.org/entity/Q126454380,http://www.wikidata.org/prop/direct/P217,KHW038
http://www.wikidata.org/entity/Q126454380,http://www.wikidata.org/prop/direct/P373,"Site of Saint Mary's Well, Coolaghmore"
http://www.wikidata.org/entity/Q126454380,http://www.wikidata.org/prop/direct/P625,Point(-7.384327 52.501843)
http://www.wikidata.org/entity/Q126454380,http://www.wikidata.org/prop/direct/P625,Point(-7.3833865 52.5009047)
http://www.wikidata.org/entity/Q126454380,http://www.wikidata.org/prop/direct/P708,http://www.wikidata.org/entity/Q873607
http://www.wikidata.org/entity/Q126454380,http://www.wikidata.org/prop/direct/P1343,http://www.wikidata.org/entity/Q120966194
http://www.wikidata.org/entity/Q126454380,http://www.wikidata.org/prop/direct/P1343,http://www.wikidata.org/entity/Q129907246
http://www.wikidata.org/entity/Q126454380,http://www.wikidata.org/prop/direct/P1343,http://www.wikidata.org/entity/Q129907831
http://www.wikidata.org/entity/Q126454380,http://www.wikidata.org/prop/direct/P1343,http://www.wikidata.org/entity/Q130284129
http://www.wikidata.org/entity/Q126454380,http://www.wikidata.org/prop/direct/P1343,http://www.wikidata.org/entity/Q132817615
http://www.wikidata.org/entity/Q126454380,http://www.wikidata.org/prop/direct/P4057,KK030-004008-
http://www.wikidata.org/entity/Q126454393,http://www.wikidata.org/prop/direct/P17,http://www.wikidata.org/entity/Q27
http://www.wikidata.org/entity/Q126454393,http://www.wikidata.org/prop/direct/P31,http://www.wikidata.org/entity/Q1371047
http://www.wikidata.org/entity/Q126454393,http://www.wikidata.org/prop/direct/P31,http://www.wikidata.org/entity/Q126443332
http://www.wikidata.org/entity/Q126454393,http://www.wikidata.org/prop/direct/P131,http://www.wikidata.org/entity/Q180231
http://www.wikidata.org/entity/Q126454393,http://www.wikidata.org/prop/direct/P131,http://www.wikidata.org/entity/Q60554020
http://www.wikidata.org/entity/Q126454393,http://www.wikidata.org/prop/direct/P138,http://www.wikidata.org/entity/Q622223
http://www.wikidata.org/entity/Q126454393,http://www.wikidata.org/prop/direct/P195,http://www.wikidata.org/entity/Q126875543
http://www.wikidata.org/entity/Q126454393,http://www.wikidata.org/prop/direct/P195,http://www.wikidata.org/entity/Q132817615
http://www.wikidata.org/entity/Q126454393,http://www.wikidata.org/prop/direct/P217,68
http://www.wikidata.org/entity/Q126454393,http://www.wikidata.org/prop/direct/P217,KHW103
http://www.wikidata.org/entity/Q55045620,http://www.wikidata.org/prop/direct/P2186,IE-CO-0471
http://www.wikidata.org/entity/Q55045620,http://www.wikidata.org/prop/direct/P4088,20904103
http://www.wikidata.org/entity/Q55045620,http://www.wikidata.org/prop/direct/P7959,http://www.wikidata.org/entity/Q162475
http://www.wikidata.org/entity/Q55046429,http://www.wikidata.org/prop/direct/P17,http://www.wikidata.org/entity/Q27
http://www.wikidata.org/entity/Q55046429,http://www.wikidata.org/prop/direct/P31,http://www.wikidata.org/entity/Q1371047
http://www.wikidata.org/entity/Q55046429,http://www.wikidata.org/prop/direct/P131,http://www.wikidata.org/entity/Q169923
http://www.wikidata.org/entity/Q55046429,http://www.wikidata.org/prop/direct/P625,Point(-8.73836 53.11246)
http://www.wikidata.org/entity/Q55046429,http://www.wikidata.org/prop/direct/P2186,IE-G-0372
http://www.wikidata.org/entity/Q55046429,http://www.wikidata.org/prop/direct/P4088,30411420
http://www.wikidata.org/entity/Q55046429,http://www.wikidata.org/prop/direct/P7959,http://www.wikidata.org/entity/Q169923
http://www.wikidata.org/entity/Q55049487,http://www.wikidata.org/prop/direct/P17,http://www.wikidata.org/entity/Q27
http://www.wikidata.org/entity/Q55049487,http://www.wikidata.org/prop/direct/P18,http://commons.wikimedia.org/wiki/Special:FilePath/County%20Dublin%20-%20St%20Colmcille%27s%20Well%20%28Oldcourt%29%20-%2020180125125204.jpg
http://www.wikidata.org/entity/Q55049487,http://www.wikidata.org/prop/direct/P31,http://www.wikidata.org/entity/Q1371047
http://www.wikidata.org/entity/Q55049487,http://www.wikidata.org/prop/direct/P131,http://www.wikidata.org/entity/Q173500
http://www.wikidata.org/entity/Q55049487,http://www.wikidata.org/prop/direct/P625,Point(-6.3269 53.26765)
http://www.wikidata.org/entity/Q55049487,http://www.wikidata.org/prop/direct/P2186,IE-D-0203
http://www.wikidata.org/entity/Q55049487,http://www.wikidata.org/prop/direct/P4088,11220020
http://www.wikidata.org/entity/Q55049487,http://www.wikidata.org/prop/direct/P7959,http://www.wikidata.org/entity/Q173500
http://www.wikidata.org/entity/Q55049674,http://www.wikidata.org/prop/direct/P17,http://www.wikidata.org/entity/Q27
http://www.wikidata.org/entity/Q55049674,http://www.wikidata.org/prop/direct/P18,http://commons.wikimedia.org/wiki/Special:FilePath/County%20Dublin%20-%20St%20Catherine%27s%20Well%20%28Malahide%29%20-%2020190511182101.jpg
http://www.wikidata.org/entity/Q55049674,http://www.wikidata.org/prop/direct/P31,http://www.wikidata.org/entity/Q1371047
http://www.wikidata.org/entity/Q55049674,http://www.wikidata.org/prop/direct/P131,http://www.wikidata.org/entity/Q173500
http://www.wikidata.org/entity/Q55049674,http://www.wikidata.org/prop/direct/P625,Point(-6.1787 53.41558)
http://www.wikidata.org/entity/Q55049674,http://www.wikidata.org/prop/direct/P2186,IE-D-0284
http://www.wikidata.org/entity/Q55049674,http://www.wikidata.org/prop/direct/P4088,11350017
http://www.wikidata.org/entity/Q55049674,http://www.wikidata.org/prop/direct/P7959,http://www.wikidata.org/entity/Q173500
http://www.wikidata.org/entity/Q55049746,http://www.wikidata.org/prop/direct/P17,http://www.wikidata.org/entity/Q27
http://www.wikidata.org/entity/Q55049746,http://www.wikidata.org/prop/direct/P18,http://commons.wikimedia.org/wiki/Special:FilePath/County%20Dublin%20-%20St%20Catheine%27s%20Park%20Holy%20Well%20-%2020200926174029.jpg
http://www.wikidata.org/entity/Q55049746,http://www.wikidata.org/prop/direct/P18,http://commons.wikimedia.org/wiki/Special:FilePath/County%20Dublin%20-%20St%20Catherine%27s%20Holy%20Well%20%28Dublin%29%20-%2020200905122612.jpg
http://www.wikidata.org/entity/Q55049746,http://www.wikidata.org/prop/direct/P31,http://www.wikidata.org/entity/Q1371047
http://www.wikidata.org/entity/Q55049746,http://www.wikidata.org/prop/direct/P131,http://www.wikidata.org/entity/Q520000
http://www.wikidata.org/entity/Q55049746,http://www.wikidata.org/prop/direct/P373,"St Catherine's Holy Well, Leixlip"
http://www.wikidata.org/entity/Q55049746,http://www.wikidata.org/prop/direct/P625,Point(-6.47315 53.36644)
http://www.wikidata.org/entity/Q55049746,http://www.wikidata.org/prop/direct/P2186,IE-D-0068
http://www.wikidata.org/entity/Q55049746,http://www.wikidata.org/prop/direct/P4057,DU017-002001
http://www.wikidata.org/entity/Q55049746,http://www.wikidata.org/prop/direct/P4088,11360003
http://www.wikidata.org/entity/Q55049746,http://www.wikidata.org/prop/direct/P7959,http://www.wikidata.org/entity/Q173500
http://www.wikidata.org/entity/Q126661717,http://www.wikidata.org/prop/direct/P17,http://www.wikidata.org/entity/Q27
http://www.wikidata.org/entity/Q126661717,http://www.wikidata.org/prop/direct/P31,http://www.wikidata.org/entity/Q1371047
http://www.wikidata.org/entity/Q126661717,http://www.wikidata.org/prop/direct/P31,http://www.wikidata.org/entity/Q126443332
http://www.wikidata.org/entity/Q126661717,http://www.wikidata.org/prop/direct/P131,http://www.wikidata.org/entity/Q180231
http://www.wikidata.org/entity/Q126661717,http://www.wikidata.org/prop/direct/P138,http://www.wikidata.org/entity/Q944588
http://www.wikidata.org/entity/Q126661717,http://www.wikidata.org/prop/direct/P195,http://www.wikidata.org/entity/Q126875543
http://www.wikidata.org/entity/Q126661717,http://www.wikidata.org/prop/direct/P195,http://www.wikidata.org/entity/Q132817615
http://www.wikidata.org/entity/Q126661717,http://www.wikidata.org/prop/direct/P217,35
http://www.wikidata.org/entity/Q126661717,http://www.wikidata.org/prop/direct/P217,KHW150
http://www.wikidata.org/entity/Q126661717,http://www.wikidata.org/prop/direct/P625,Point(-7.275597 52.345053)
http://www.wikidata.org/entity/Q126661717,http://www.wikidata.org/prop/direct/P708,http://www.wikidata.org/entity/Q873607
http://www.wikidata.org/entity/Q126661717,http://www.wikidata.org/prop/direct/P1343,http://www.wikidata.org/entity/Q126374601
http://www.wikidata.org/entity/Q126661717,http://www.wikidata.org/prop/direct/P1343,http://www.wikidata.org/entity/Q126456421
http://www.wikidata.org/entity/Q126661717,http://www.wikidata.org/prop/direct/P1343,http://www.wikidata.org/entity/Q126875543
http://www.wikidata.org/entity/Q126661717,http://www.wikidata.org/prop/direct/P1343,http://www.wikidata.org/entity/Q129088050
http://www.wikidata.org/entity/Q126661717,http://www.wikidata.org/prop/direct/P1343,http://www.wikidata.org/entity/Q132817615
http://www.wikidata.org/entity/Q126661717,http://www.wikidata.org/prop/direct/P4057,KK039-086----
http://www.wikidata.org/entity/Q126662780,http://www.wikidata.org/prop/direct/P17,http://www.wikidata.org/entity/Q27
http://www.wikidata.org/entity/Q126662780,http://www.wikidata.org/prop/direct/P31,http://www.wikidata.org/entity/Q1371047
http://www.wikidata.org/entity/Q126662780,http://www.wikidata.org/prop/direct/P31,http://www.wikidata.org/entity/Q126443332
http://www.wikidata.org/entity/Q126662780,http://www.wikidata.org/prop/direct/P131,http://www.wikidata.org/entity/Q180231
http://www.wikidata.org/entity/Q126662780,http://www.wikidata.org/prop/direct/P131,http://www.wikidata.org/entity/Q60553777
http://www.wikidata.org/entity/Q126662780,http://www.wikidata.org/prop/direct/P131,http://www.wikidata.org/entity/Q104266348
http://www.wikidata.org/entity/Q126662780,http://www.wikidata.org/prop/direct/P195,http://www.wikidata.org/entity/Q126875543
http://www.wikidata.org/entity/Q126662780,http://www.wikidata.org/prop/direct/P195,http://www.wikidata.org/entity/Q132817615
http://www.wikidata.org/entity/Q126662780,http://www.wikidata.org/prop/direct/P217,46
http://www.wikidata.org/entity/Q126662780,http://www.wikidata.org/prop/direct/P217,KHW140
http://www.wikidata.org/entity/Q126662780,http://www.wikidata.org/prop/direct/P625,Point(-7.036788 52.465051)
http://www.wikidata.org/entity/Q126662780,http://www.wikidata.org/prop/direct/P708,http://www.wikidata.org/entity/Q873607
http://www.wikidata.org/entity/Q126662780,http://www.wikidata.org/prop/direct/P1343,http://www.wikidata.org/entity/Q126456421
http://www.wikidata.org/entity/Q126662780,http://www.wikidata.org/prop/direct/P1343,http://www.wikidata.org/entity/Q126875543
http://www.wikidata.org/entity/Q126662780,http://www.wikidata.org/prop/direct/P1343,http://www.wikidata.org/entity/Q129919689
http://www.wikidata.org/entity/Q126662780,http://www.wikidata.org/prop/direct/P1343,http://www.wikidata.org/entity/Q130308814
http://www.wikidata.org/entity/Q126662780,http://www.wikidata.org/prop/direct/P1343,http://www.wikidata.org/entity/Q132817615
http://www.wikidata.org/entity/Q126662780,http://www.wikidata.org/prop/direct/P4057,KK033-039----
http://www.wikidata.org/entity/Q126662780,http://www.wikidata.org/prop/direct/P6375,"""a few perches from the Quay of Cloone [i.e. Clonamery]"""
http://www.wikidata.org/entity/Q126662780,http://www.wikidata.org/prop/direct/P6375,"""quite close to another road leading to the Quay in Clonamery"""
http://www.wikidata.org/entity/Q30136905,http://www.wikidata.org/prop/direct/P17,http://www.wikidata.org/entity/Q27
http://www.wikidata.org/entity/Q30136905,http://www.wikidata.org/prop/direct/P18,http://commons.wikimedia.org/wiki/Special:FilePath/St%20Laserian%27s%20Well.jpg
http://www.wikidata.org/entity/Q30136905,http://www.wikidata.org/prop/direct/P31,http://www.wikidata.org/entity/Q1371047
http://www.wikidata.org/entity/Q30136905,http://www.wikidata.org/prop/direct/P131,http://www.wikidata.org/entity/Q181882
http://www.wikidata.org/entity/Q30136905,http://www.wikidata.org/prop/direct/P625,Point(-7.028611 52.736111)
http://www.wikidata.org/entity/Q30136905,http://www.wikidata.org/prop/direct/P2186,IE-CW-0024
http://www.wikidata.org/entity/Q30136905,http://www.wikidata.org/prop/direct/P7959,http://www.wikidata.org/entity/Q181882
http://www.wikidata.org/entity/Q30136912,http://www.wikidata.org/prop/direct/P17,http://www.wikidata.org/entity/Q27
http://www.wikidata.org/entity/Q30136912,http://www.wikidata.org/prop/direct/P18,http://commons.wikimedia.org/wiki/Special:FilePath/Tullowphelim%20Well%2005.jpg
http://www.wikidata.org/entity/Q30136912,http://www.wikidata.org/prop/direct/P31,http://www.wikidata.org/entity/Q1371047
http://www.wikidata.org/entity/Q30136912,http://www.wikidata.org/prop/direct/P131,http://www.wikidata.org/entity/Q181882
http://www.wikidata.org/entity/Q30136912,http://www.wikidata.org/prop/direct/P373,Tullowphelim Well
http://www.wikidata.org/entity/Q30136912,http://www.wikidata.org/prop/direct/P625,Point(-6.742778 52.805833)
http://www.wikidata.org/entity/Q30136912,http://www.wikidata.org/prop/direct/P2186,IE-CW-0029
http://www.wikidata.org/entity/Q30136912,http://www.wikidata.org/prop/direct/P7959,http://www.wikidata.org/entity/Q181882
http://www.wikidata.org/entity/Q30145474,http://www.wikidata.org/prop/direct/P17,http://www.wikidata.org/entity/Q35
http://www.wikidata.org/entity/Q30145474,http://www.wikidata.org/prop/direct/P31,http://www.wikidata.org/entity/Q1371047
http://www.wikidata.org/entity/Q30145474,http://www.wikidata.org/prop/direct/P131,http://www.wikidata.org/entity/Q183572
http://www.wikidata.org/entity/Q30145474,http://www.wikidata.org/prop/direct/P625,Point(12.018602044 55.041087252)
http://www.wikidata.org/entity/Q30145474,http://www.wikidata.org/prop/direct/P1435,http://www.wikidata.org/entity/Q12312385
http://www.wikidata.org/entity/Q30145474,http://www.wikidata.org/prop/direct/P3596,89207
http://www.wikidata.org/entity/Q30145487,http://www.wikidata.org/prop/direct/P17,http://www.wikidata.org/entity/Q35
http://www.wikidata.org/entity/Q30145487,http://www.wikidata.org/prop/direct/P31,http://www.wikidata.org/entity/Q1371047
http://www.wikidata.org/entity/Q30145487,http://www.wikidata.org/prop/direct/P131,http://www.wikidata.org/entity/Q505000
http://www.wikidata.org/entity/Q30145487,http://www.wikidata.org/prop/direct/P276,http://www.wikidata.org/entity/Q848261
http://www.wikidata.org/entity/Q30145487,http://www.wikidata.org/prop/direct/P625,Point(12.205426728 55.307206174)
http://www.wikidata.org/entity/Q30145487,http://www.wikidata.org/prop/direct/P1435,http://www.wikidata.org/entity/Q12312385
http://www.wikidata.org/entity/Q30145487,http://www.wikidata.org/prop/direct/P3596,89277
http://www.wikidata.org/entity/Q30146557,http://www.wikidata.org/prop/direct/P17,http://www.wikidata.org/entity/Q35
http://www.wikidata.org/entity/Q30146557,http://www.wikidata.org/prop/direct/P31,http://www.wikidata.org/entity/Q1371047
http://www.wikidata.org/entity/Q30146557,http://www.wikidata.org/prop/direct/P131,http://www.wikidata.org/entity/Q494827
http://www.wikidata.org/entity/Q126664812,http://www.wikidata.org/prop/direct/P17,http://www.wikidata.org/entity/Q27
http://www.wikidata.org/entity/Q126664812,http://www.wikidata.org/prop/direct/P31,http://www.wikidata.org/entity/Q1371047
http://www.wikidata.org/entity/Q126664812,http://www.wikidata.org/prop/direct/P31,http://www.wikidata.org/entity/Q126443332
http://www.wikidata.org/entity/Q126664812,http://www.wikidata.org/prop/direct/P131,http://www.wikidata.org/entity/Q180231
http://www.wikidata.org/entity/Q126664812,http://www.wikidata.org/prop/direct/P131,http://www.wikidata.org/entity/Q60555608
http://www.wikidata.org/entity/Q126664812,http://www.wikidata.org/prop/direct/P131,http://www.wikidata.org/entity/Q104265424
http://www.wikidata.org/entity/Q126664812,http://www.wikidata.org/prop/direct/P138,http://www.wikidata.org/entity/Q2280421
http://www.wikidata.org/entity/Q126664812,http://www.wikidata.org/prop/direct/P625,Point(-7.244749 52.484994)
http://www.wikidata.org/entity/Q126664812,http://www.wikidata.org/prop/direct/P708,http://www.wikidata.org/entity/Q873607
http://www.wikidata.org/entity/Q126664812,http://www.wikidata.org/prop/direct/P1343,http://www.wikidata.org/entity/Q126456421
http://www.wikidata.org/entity/Q126664812,http://www.wikidata.org/prop/direct/P6375,"""close to the church on the left hand side of the road to Dunnamaggan"" (Carrigan)"
http://www.wikidata.org/entity/Q126665980,http://www.wikidata.org/prop/direct/P17,http://www.wikidata.org/entity/Q27
http://www.wikidata.org/entity/Q126665980,http://www.wikidata.org/prop/direct/P31,http://www.wikidata.org/entity/Q43483
http://www.wikidata.org/entity/Q126665980,http://www.wikidata.org/prop/direct/P31,http://www.wikidata.org/entity/Q1371047
http://www.wikidata.org/entity/Q126665980,http://www.wikidata.org/prop/direct/P31,http://www.wikidata.org/entity/Q126443332
http://www.wikidata.org/entity/Q126665980,http://www.wikidata.org/prop/direct/P131,http://www.wikidata.org/entity/Q180231
http://www.wikidata.org/entity/Q126665980,http://www.wikidata.org/prop/direct/P131,http://www.wikidata.org/entity/Q60556294
http://www.wikidata.org/entity/Q126665980,http://www.wikidata.org/prop/direct/P131,http://www.wikidata.org/entity/Q104265543
http://www.wikidata.org/entity/Q126665980,http://www.wikidata.org/prop/direct/P138,http://www.wikidata.org/entity/Q2280421
http://www.wikidata.org/entity/Q126665980,http://www.wikidata.org/prop/direct/P195,http://www.wikidata.org/entity/Q126875543
http://www.wikidata.org/entity/Q126665980,http://www.wikidata.org/prop/direct/P195,http://www.wikidata.org/entity/Q132817615
http://www.wikidata.org/entity/Q126665980,http://www.wikidata.org/prop/direct/P217,156
http://www.wikidata.org/entity/Q126665980,http://www.wikidata.org/prop/direct/P217,KHW153
http://www.wikidata.org/entity/Q126665980,http://www.wikidata.org/prop/direct/P625,Point(-7.2299875 52.2905247)
http://www.wikidata.org/entity/Q126665980,http://www.wikidata.org/prop/direct/P708,http://www.wikidata.org/entity/Q873607
http://www.wikidata.org/entity/Q126665980,http://www.wikidata.org/prop/direct/P1343,http://www.wikidata.org/entity/Q126374601
http://www.wikidata.org/entity/Q126665980,http://www.wikidata.org/prop/direct/P1343,http://www.wikidata.org/entity/Q126456421
http://www.wikidata.org/entity/Q126665980,http://www.wikidata.org/prop/direct/P1343,http://www.wikidata.org/entity/Q126474972
http://www.wikidata.org/entity/Q126665980,http://www.wikidata.org/prop/direct/P1343,http://www.wikidata.org/entity/Q126540348
http://www.wikidata.org/entity/Q126665980,http://www.wikidata.org/prop/direct/P1343,http://www.wikidata.org/entity/Q126875543
http://www.wikidata.org/entity/Q126665980,http://www.wikidata.org/prop/direct/P1343,http://www.wikidata.org/entity/Q129088050
http://www.wikidata.org/entity/Q126665980,http://www.wikidata.org/prop/direct/P1343,http://www.wikidata.org/entity/Q130308814
http://www.wikidata.org/entity/Q126665980,http://www.wikidata.org/prop/direct/P1343,http://www.wikidata.org/entity/Q132817615
http://www.wikidata.org/entity/Q126665980,http://www.wikidata.org/prop/direct/P4057,KK042-021----
http://www.wikidata.org/entity/Q126665980,http://www.wikidata.org/prop/direct/P6375,"""half a furlong north of the Church"""
http://www.wikidata.org/entity/Q126665980,http://www.wikidata.org/prop/direct/P11693,12175522763
http://www.wikidata.org/entity/Q126678913,http://www.wikidata.org/prop/direct/P17,http://www.wikidata.org/entity/Q27
http://www.wikidata.org/entity/Q126678913,http://www.wikidata.org/prop/direct/P31,http://www.wikidata.org/entity/Q124714
http://www.wikidata.org/entity/Q126678913,http://www.wikidata.org/prop/direct/P31,http://www.wikidata.org/entity/Q1371047
http://www.wikidata.org/entity/Q29483966,http://www.wikidata.org/prop/direct/P17,http://www.wikidata.org/entity/Q145
http://www.wikidata.org/entity/Q29483966,http://www.wikidata.org/prop/direct/P18,http://commons.wikimedia.org/wiki/Special:FilePath/Ffynnon%20Aelrhiw%20-%20geograph.org.uk%20-%20620605.jpg
http://www.wikidata.org/entity/Q29483966,http://www.wikidata.org/prop/direct/P31,http://www.wikidata.org/entity/Q1371047
http://www.wikidata.org/entity/Q29483966,http://www.wikidata.org/prop/direct/P131,http://www.wikidata.org/entity/Q2556821
http://www.wikidata.org/entity/Q29483966,http://www.wikidata.org/prop/direct/P276,http://www.wikidata.org/entity/Q2556821
http://www.wikidata.org/entity/Q29483966,http://www.wikidata.org/prop/direct/P373,Ffynnon Aelrhiw
http://www.wikidata.org/entity/Q29483966,http://www.wikidata.org/prop/direct/P625,Point(-4.6226776 52.824788)
http://www.wikidata.org/entity/Q29483966,http://www.wikidata.org/prop/direct/P1435,http://www.wikidata.org/entity/Q15700834
http://www.wikidata.org/entity/Q29483966,http://www.wikidata.org/prop/direct/P1459,4241
http://www.wikidata.org/entity/Q29483966,http://www.wikidata.org/prop/direct/P2044,137.6
http://www.wikidata.org/entity/Q29483966,http://www.wikidata.org/prop/direct/P7959,http://www.wikidata.org/entity/Q731669
http://www.wikidata.org/entity/Q29483966,http://www.wikidata.org/prop/direct/P12485,300004241
http://www.wikidata.org/entity/Q29483966,http://www.wikidata.org/prop/direct/P12749,Q22120
http://www.wikidata.org/entity/Q29483979,http://www.wikidata.org/prop/direct/P17,http://www.wikidata.org/entity/Q145
http://www.wikidata.org/entity/Q29483979,http://www.wikidata.org/prop/direct/P31,http://www.wikidata.org/entity/Q1371047
http://www.wikidata.org/entity/Q29483979,http://www.wikidata.org/prop/direct/P131,http://www.wikidata.org/entity/Q3398878
http://www.wikidata.org/entity/Q29483979,http://www.wikidata.org/prop/direct/P276,http://www.wikidata.org/entity/Q3398878
http://www.wikidata.org/entity/Q29483979,http://www.wikidata.org/prop/direct/P625,Point(-4.634916 52.850881)
http://www.wikidata.org/entity/Q29483979,http://www.wikidata.org/prop/direct/P1435,http://www.wikidata.org/entity/Q15700834
http://www.wikidata.org/entity/Q29483979,http://www.wikidata.org/prop/direct/P1435,http://www.wikidata.org/entity/Q128791689
http://www.wikidata.org/entity/Q29483979,http://www.wikidata.org/prop/direct/P1459,4255
http://www.wikidata.org/entity/Q29483979,http://www.wikidata.org/prop/direct/P2044,97.2
http://www.wikidata.org/entity/Q29483979,http://www.wikidata.org/prop/direct/P4658,32205
http://www.wikidata.org/entity/Q29483979,http://www.wikidata.org/prop/direct/P7959,http://www.wikidata.org/entity/Q731669
http://www.wikidata.org/entity/Q29483979,http://www.wikidata.org/prop/direct/P12485,300004255
http://www.wikidata.org/entity/Q29483979,http://www.wikidata.org/prop/direct/P12749,Q22128
http://www.wikidata.org/entity/Q29491688,http://www.wikidata.org/prop/direct/P17,http://www.wikidata.org/entity/Q145
http://www.wikidata.org/entity/Q29491688,http://www.wikidata.org/prop/direct/P18,http://commons.wikimedia.org/wiki/Special:FilePath/St.%20Teilo%27s%20Well%2C%20Llandaff%2C%20October%202018%20%282%29.jpg
http://www.wikidata.org/entity/Q29491688,http://www.wikidata.org/prop/direct/P31,http://www.wikidata.org/entity/Q1371047
http://www.wikidata.org/entity/Q29491688,http://www.wikidata.org/prop/direct/P131,http://www.wikidata.org/entity/Q1244613
http://www.wikidata.org/entity/Q29491688,http://www.wikidata.org/prop/direct/P276,http://www.wikidata.org/entity/Q1244613
http://www.wikidata.org/entity/Q29491688,http://www.wikidata.org/prop/direct/P373,"St. Teilo's Well, Llandaff"
http://www.wikidata.org/entity/Q29491688,http://www.wikidata.org/prop/direct/P625,Point(-3.2179328 51.494854)
http://www.wikidata.org/entity/Q29491688,http://www.wikidata.org/prop/direct/P1435,http://www.wikidata.org/entity/Q15700834
http://www.wikidata.org/entity/Q29491688,http://www.wikidata.org/prop/direct/P1435,http://www.wikidata.org/entity/Q128791689
http://www.wikidata.org/entity/Q29491688,http://www.wikidata.org/prop/direct/P1459,13717
http://www.wikidata.org/entity/Q29491688,http://www.wikidata.org/prop/direct/P2044,28.8
http://www.wikidata.org/entity/Q29491688,http://www.wikidata.org/prop/direct/P4658,32360
http://www.wikidata.org/entity/Q29491688,http://www.wikidata.org/prop/direct/P7959,http://www.wikidata.org/entity/Q870815
http://www.wikidata.org/entity/Q126454436,http://www.wikidata.org/prop/direct/P17,http://www.wikidata.org/entity/Q27
http://www.wikidata.org/entity/Q126454436,http://www.wikidata.org/prop/direct/P18,http://commons.wikimedia.org/wiki/Special:FilePath/Cait%20Ryder%27s%20well.jpg
http://www.wikidata.org/entity/Q126454436,http://www.wikidata.org/prop/direct/P31,http://www.wikidata.org/entity/Q43483
http://www.wikidata.org/entity/Q126454436,http://www.wikidata.org/prop/direct/P31,http://www.wikidata.org/entity/Q1371047
http://www.wikidata.org/entity/Q126454436,http://www.wikidata.org/prop/direct/P31,http://www.wikidata.org/entity/Q126443332
http://www.wikidata.org/entity/Q126454436,http://www.wikidata.org/prop/direct/P131,http://www.wikidata.org/entity/Q180231
http://www.wikidata.org/entity/Q126454436,http://www.wikidata.org/prop/direct/P625,Point(-7.0188188 52.4035959)
http://www.wikidata.org/entity/Q126454436,http://www.wikidata.org/prop/direct/P708,http://www.wikidata.org/entity/Q873607
http://www.wikidata.org/entity/Q126454436,http://www.wikidata.org/prop/direct/P1343,http://www.wikidata.org/entity/Q120966194
http://www.wikidata.org/entity/Q126454436,http://www.wikidata.org/prop/direct/P1343,http://www.wikidata.org/entity/Q126374601
http://www.wikidata.org/entity/Q126454436,http://www.wikidata.org/prop/direct/P1343,http://www.wikidata.org/entity/Q126393245
http://www.wikidata.org/entity/Q126454436,http://www.wikidata.org/prop/direct/P1343,http://www.wikidata.org/entity/Q126456421
http://www.wikidata.org/entity/Q126454444,http://www.wikidata.org/prop/direct/P17,http://www.wikidata.org/entity/Q27
http://www.wikidata.org/entity/Q126454444,http://www.wikidata.org/prop/direct/P31,http://www.wikidata.org/entity/Q1371047
http://www.wikidata.org/entity/Q126454444,http://www.wikidata.org/prop/direct/P31,http://www.wikidata.org/entity/Q126443332
http://www.wikidata.org/entity/Q126454444,http://www.wikidata.org/prop/direct/P131,http://www.wikidata.org/entity/Q180231
http://www.wikidata.org/entity/Q126454444,http://www.wikidata.org/prop/direct/P131,http://www.wikidata.org/entity/Q60554214
http://www.wikidata.org/entity/Q126454444,http://www.wikidata.org/prop/direct/P131,http://www.wikidata.org/entity/Q104265054
http://www.wikidata.org/entity/Q126454444,http://www.wikidata.org/prop/direct/P138,http://www.wikidata.org/entity/Q107257053
http://www.wikidata.org/entity/Q126454444,http://www.wikidata.org/prop/direct/P195,http://www.wikidata.org/entity/Q126875543
http://www.wikidata.org/entity/Q126454444,http://www.wikidata.org/prop/direct/P195,http://www.wikidata.org/entity/Q132817615
http://www.wikidata.org/entity/Q126454444,http://www.wikidata.org/prop/direct/P217,37
http://www.wikidata.org/entity/Q126454444,http://www.wikidata.org/prop/direct/P217,KHW063
http://www.wikidata.org/entity/Q126454444,http://www.wikidata.org/prop/direct/P625,Point(-7.3356296 52.5417788)
http://www.wikidata.org/entity/Q126454444,http://www.wikidata.org/prop/direct/P708,http://www.wikidata.org/entity/Q873607
http://www.wikidata.org/entity/Q126454444,http://www.wikidata.org/prop/direct/P1343,http://www.wikidata.org/entity/Q120966194
http://www.wikidata.org/entity/Q126454444,http://www.wikidata.org/prop/direct/P1343,http://www.wikidata.org/entity/Q126374601
http://www.wikidata.org/entity/Q126454444,http://www.wikidata.org/prop/direct/P1343,http://www.wikidata.org/entity/Q126393245
http://www.wikidata.org/entity/Q126454444,http://www.wikidata.org/prop/direct/P1343,http://www.wikidata.org/entity/Q126454465
http://www.wikidata.org/entity/Q126454444,http://www.wikidata.org/prop/direct/P1343,http://www.wikidata.org/entity/Q126474972
http://www.wikidata.org/entity/Q126454444,http://www.wikidata.org/prop/direct/P1343,http://www.wikidata.org/entity/Q126528008
http://www.wikidata.org/entity/Q126454444,http://www.wikidata.org/prop/direct/P1343,http://www.wikidata.org/entity/Q126540348
http://www.wikidata.org/entity/Q126454444,http://www.wikidata.org/prop/direct/P1343,http://www.wikidata.org/entity/Q126555558
http://www.wikidata.org/entity/Q126454444,http://www.wikidata.org/prop/direct/P1343,http://www.wikidata.org/entity/Q126871352
http://www.wikidata.org/entity/Q126454444,http://www.wikidata.org/prop/direct/P1343,http://www.wikidata.org/entity/Q126875543
http://www.wikidata.org/entity/Q126454444,http://www.wikidata.org/prop/direct/P1343,http://www.wikidata.org/entity/Q127818015
http://www.wikidata.org/entity/Q126454444,http://www.wikidata.org/prop/direct/P1343,http://www.wikidata.org/entity/Q128308754
http://www.wikidata.org/entity/Q126454444,http://www.wikidata.org/prop/direct/P1343,http://www.wikidata.org/entity/Q129907246
http://www.wikidata.org/entity/Q126454444,http://www.wikidata.org/prop/direct/P1343,http://www.wikidata.org/entity/Q130284129
http://www.wikidata.org/entity/Q126454444,http://www.wikidata.org/prop/direct/P1343,http://www.wikidata.org/entity/Q132817615
http://www.wikidata.org/entity/Q126454444,http://www.wikidata.org/prop/direct/P4057,KK027-023----
http://www.wikidata.org/entity/Q126454444,http://www.wikidata.org/prop/direct/P6375,"""a little to the West of the church [of Earlstown parish]"""
http://www.wikidata.org/entity/Q126454444,http://www.wikidata.org/prop/direct/P11693,6557864663
http://www.wikidata.org/entity/Q126680965,http://www.wikidata.org/prop/direct/P217,96
http://www.wikidata.org/entity/Q126680965,http://www.wikidata.org/prop/direct/P217,KHW129
http://www.wikidata.org/entity/Q126680965,http://www.wikidata.org/prop/direct/P625,Point(-7.3795768 52.6031725)
http://www.wikidata.org/entity/Q126680965,http://www.wikidata.org/prop/direct/P708,http://www.wikidata.org/entity/Q873607
http://www.wikidata.org/entity/Q126680965,http://www.wikidata.org/prop/direct/P1343,http://www.wikidata.org/entity/Q126374601
http://www.wikidata.org/entity/Q126680965,http://www.wikidata.org/prop/direct/P1343,http://www.wikidata.org/entity/Q126393245
http://www.wikidata.org/entity/Q126680965,http://www.wikidata.org/prop/direct/P1343,http://www.wikidata.org/entity/Q126454465
http://www.wikidata.org/entity/Q126680965,http://www.wikidata.org/prop/direct/P1343,http://www.wikidata.org/entity/Q126875543
http://www.wikidata.org/entity/Q126680965,http://www.wikidata.org/prop/direct/P1343,http://www.wikidata.org/entity/Q130308814
http://www.wikidata.org/entity/Q126680965,http://www.wikidata.org/prop/direct/P1343,http://www.wikidata.org/entity/Q130458689
http://www.wikidata.org/entity/Q126680965,http://www.wikidata.org/prop/direct/P1343,http://www.wikidata.org/entity/Q132817615
http://www.wikidata.org/entity/Q126680965,http://www.wikidata.org/prop/direct/P4057,KK022-042----
http://www.wikidata.org/entity/Q126680965,http://www.wikidata.org/prop/direct/P6375,"""west of the church"""
http://www.wikidata.org/entity/Q126680965,http://www.wikidata.org/prop/direct/P6375,just west of the ancient Kyleballykeefe church
http://www.wikidata.org/entity/Q126681001,http://www.wikidata.org/prop/direct/P17,http://www.wikidata.org/entity/Q27
http://www.wikidata.org/entity/Q126681001,http://www.wikidata.org/prop/direct/P31,http://www.wikidata.org/entity/Q1004210
http://www.wikidata.org/entity/Q126681001,http://www.wikidata.org/prop/direct/P31,http://www.wikidata.org/entity/Q1371047
http://www.wikidata.org/entity/Q126681001,http://www.wikidata.org/prop/direct/P31,http://www.wikidata.org/entity/Q126443332
http://www.wikidata.org/entity/Q126681001,http://www.wikidata.org/prop/direct/P110,http://www.wikidata.org/entity/Q130265942
http://www.wikidata.org/entity/Q126681001,http://www.wikidata.org/prop/direct/P131,http://www.wikidata.org/entity/Q180231
http://www.wikidata.org/entity/Q126681001,http://www.wikidata.org/prop/direct/P131,http://www.wikidata.org/entity/Q104266227
http://www.wikidata.org/entity/Q126681001,http://www.wikidata.org/prop/direct/P138,http://www.wikidata.org/entity/Q165479
http://www.wikidata.org/entity/Q126681001,http://www.wikidata.org/prop/direct/P195,http://www.wikidata.org/entity/Q126875543
http://www.wikidata.org/entity/Q126681001,http://www.wikidata.org/prop/direct/P195,http://www.wikidata.org/entity/Q132817615
http://www.wikidata.org/entity/Q126681001,http://www.wikidata.org/prop/direct/P217,58
http://www.wikidata.org/entity/Q126681001,http://www.wikidata.org/prop/direct/P217,KHW2-15
http://www.wikidata.org/entity/Q126681001,http://www.wikidata.org/prop/direct/P625,Point(-7.0683171 52.3178311)
http://www.wikidata.org/entity/Q126681001,http://www.wikidata.org/prop/direct/P708,http://www.wikidata.org/entity/Q873607
http://www.wikidata.org/entity/Q126681001,http://www.wikidata.org/prop/direct/P1343,http://www.wikidata.org/entity/Q126374601
http://www.wikidata.org/entity/Q126681001,http://www.wikidata.org/prop/direct/P1343,http://www.wikidata.org/entity/Q126393245
http://www.wikidata.org/entity/Q126681001,http://www.wikidata.org/prop/direct/P1343,http://www.wikidata.org/entity/Q126456421
http://www.wikidata.org/entity/Q126681001,http://www.wikidata.org/prop/direct/P1343,http://www.wikidata.org/entity/Q126474972
http://www.wikidata.org/entity/Q126681001,http://www.wikidata.org/prop/direct/P1343,http://www.wikidata.org/entity/Q126528008
http://www.wikidata.org/entity/Q126681001,http://www.wikidata.org/prop/direct/P1343,http://www.wikidata.org/entity/Q126871352
http://www.wikidata.org/entity/Q126681001,http://www.wikidata.org/prop/direct/P1343,http://www.wikidata.org/entity/Q126875543
http://www.wikidata.org/entity/Q126681001,http://www.wikidata.org/prop/direct/P1343,http://www.wikidata.org/entity/Q130265908
http://www.wikidata.org/entity/Q126681001,http://www.wikidata.org/prop/direct/P1343,http://www.wikidata.org/entity/Q130284129
http://www.wikidata.org/entity/Q126681001,http://www.wikidata.org/prop/direct/P1343,http://www.wikidata.org/entity/Q132817615
http://www.wikidata.org/entity/Q126681001,http://www.wikidata.org/prop/direct/P11693,7416988427
http://www.wikidata.org/entity/Q126454486,http://www.wikidata.org/prop/direct/P195,http://www.wikidata.org/entity/Q126875543
http://www.wikidata.org/entity/Q126454486,http://www.wikidata.org/prop/direct/P195,http://www.wikidata.org/entity/Q132817615
http://www.wikidata.org/entity/Q126454486,http://www.wikidata.org/prop/direct/P217,145
http://www.wikidata.org/entity/Q126454486,http://www.wikidata.org/prop/direct/P217,KHW061
http://www.wikidata.org/entity/Q126454486,http://www.wikidata.org/prop/direct/P625,Point(-7.3114049 52.5532153)
http://www.wikidata.org/entity/Q126454486,http://www.wikidata.org/prop/direct/P708,http://www.wikidata.org/entity/Q873607
http://www.wikidata.org/entity/Q126454486,http://www.wikidata.org/prop/direct/P1343,http://www.wikidata.org/entity/Q120966194
http://www.wikidata.org/entity/Q126454486,http://www.wikidata.org/prop/direct/P1343,http://www.wikidata.org/entity/Q126374601
http://www.wikidata.org/entity/Q126454486,http://www.wikidata.org/prop/direct/P1343,http://www.wikidata.org/entity/Q126393245
http://www.wikidata.org/entity/Q126454486,http://www.wikidata.org/prop/direct/P1343,http://www.wikidata.org/entity/Q126454465
http://www.wikidata.org/entity/Q126454486,http://www.wikidata.org/prop/direct/P1343,http://www.wikidata.org/entity/Q126474972
http://www.wikidata.org/entity/Q126454486,http://www.wikidata.org/prop/direct/P1343,http://www.wikidata.org/entity/Q126528008
http://www.wikidata.org/entity/Q126454486,http://www.wikidata.org/prop/direct/P1343,http://www.wikidata.org/entity/Q126540348
http://www.wikidata.org/entity/Q126454486,http://www.wikidata.org/prop/direct/P1343,http://www.wikidata.org/entity/Q126875543
http://www.wikidata.org/entity/Q126454486,http://www.wikidata.org/prop/direct/P1343,http://www.wikidata.org/entity/Q127818015
http://www.wikidata.org/entity/Q126454486,http://www.wikidata.org/prop/direct/P1343,http://www.wikidata.org/entity/Q128308754
http://www.wikidata.org/entity/Q126454486,http://www.wikidata.org/prop/direct/P1343,http://www.wikidata.org/entity/Q129907246
http://www.wikidata.org/entity/Q126454486,http://www.wikidata.org/prop/direct/P1343,http://www.wikidata.org/entity/Q130284129
http://www.wikidata.org/entity/Q126454486,http://www.wikidata.org/prop/direct/P1343,http://www.wikidata.org/entity/Q130308814
http://www.wikidata.org/entity/Q126454486,http://www.wikidata.org/prop/direct/P1343,http://www.wikidata.org/entity/Q132817615
http://www.wikidata.org/entity/Q126454486,http://www.wikidata.org/prop/direct/P4057,KK027-001002-
http://www.wikidata.org/entity/Q126454486,http://www.wikidata.org/prop/direct/P11693,8515246136
http://www.wikidata.org/entity/Q126454603,http://www.wikidata.org/prop/direct/P17,http://www.wikidata.org/entity/Q27
http://www.wikidata.org/entity/Q126454603,http://www.wikidata.org/prop/direct/P18,http://commons.wikimedia.org/wiki/Special:FilePath/St%20Mogue%27s%20well%20site%20frontal.jpg
http://www.wikidata.org/entity/Q126454603,http://www.wikidata.org/prop/direct/P31,http://www.wikidata.org/entity/Q43483
http://www.wikidata.org/entity/Q126454603,http://www.wikidata.org/prop/direct/P31,http://www.wikidata.org/entity/Q1371047
http://www.wikidata.org/entity/Q126454603,http://www.wikidata.org/prop/direct/P31,http://www.wikidata.org/entity/Q126443332
http://www.wikidata.org/entity/Q126454603,http://www.wikidata.org/prop/direct/P131,http://www.wikidata.org/entity/Q180231
http://www.wikidata.org/entity/Q126454603,http://www.wikidata.org/prop/direct/P131,http://www.wikidata.org/entity/Q60554236
http://www.wikidata.org/entity/Q126454603,http://www.wikidata.org/prop/direct/P138,http://www.wikidata.org/entity/Q404099
http://www.wikidata.org/entity/Q126454603,http://www.wikidata.org/prop/direct/P138,http://www.wikidata.org/entity/Q130531057
http://www.wikidata.org/entity/Q126454603,http://www.wikidata.org/prop/direct/P195,http://www.wikidata.org/entity/Q126875543
http://www.wikidata.org/entity/Q126454603,http://www.wikidata.org/prop/direct/P195,http://www.wikidata.org/entity/Q132817615
http://www.wikidata.org/entity/Q126454603,http://www.wikidata.org/prop/direct/P217,66
http://www.wikidata.org/entity/Q126454603,http://www.wikidata.org/prop/direct/P217,KHW029
http://www.wikidata.org/entity/Q126454603,http://www.wikidata.org/prop/direct/P373,"Site of Saint Mogue's Well, Ennisnag"
http://www.wikidata.org/entity/Q126454603,http://www.wikidata.org/prop/direct/P625,Point(-7.230081 52.5462408)
http://www.wikidata.org/entity/Q126454603,http://www.wikidata.org/prop/direct/P708,http://www.wikidata.org/entity/Q873607
http://www.wikidata.org/entity/Q126454603,http://www.wikidata.org/prop/direct/P1343,http://www.wikidata.org/entity/Q120966194
http://www.wikidata.org/entity/Q126454603,http://www.wikidata.org/prop/direct/P1343,http://www.wikidata.org/entity/Q126374601
http://www.wikidata.org/entity/Q126454603,http://www.wikidata.org/prop/direct/P1343,http://www.wikidata.org/entity/Q126454465
http://www.wikidata.org/entity/Q126454603,http://www.wikidata.org/prop/direct/P1343,http://www.wikidata.org/entity/Q126528008
http://www.wikidata.org/entity/Q126454603,http://www.wikidata.org/prop/direct/P1343,http://www.wikidata.org/entity/Q126540348
http://www.wikidata.org/entity/Q126454823,http://www.wikidata.org/prop/direct/P1343,http://www.wikidata.org/entity/Q126393245
http://www.wikidata.org/entity/Q126454823,http://www.wikidata.org/prop/direct/P1343,http://www.wikidata.org/entity/Q126540348
http://www.wikidata.org/entity/Q126454823,http://www.wikidata.org/prop/direct/P1343,http://www.wikidata.org/entity/Q126555558
http://www.wikidata.org/entity/Q126454823,http://www.wikidata.org/prop/direct/P1343,http://www.wikidata.org/entity/Q130284129
http://www.wikidata.org/entity/Q126454823,http://www.wikidata.org/prop/direct/P1343,http://www.wikidata.org/entity/Q132817615
http://www.wikidata.org/entity/Q126454823,http://www.wikidata.org/prop/direct/P4057,KK020-060017-
http://www.wikidata.org/entity/Q126454823,http://www.wikidata.org/prop/direct/P11693,11124677772
http://www.wikidata.org/entity/Q126454844,http://www.wikidata.org/prop/direct/P10,http://commons.wikimedia.org/wiki/Special:FilePath/Graiguenamanagh%20Ladys%20Well.webm
http://www.wikidata.org/entity/Q126454844,http://www.wikidata.org/prop/direct/P17,http://www.wikidata.org/entity/Q27
http://www.wikidata.org/entity/Q126454844,http://www.wikidata.org/prop/direct/P18,http://commons.wikimedia.org/wiki/Special:FilePath/Lady%27s%20Well%20in%20Graiguenamanagh%204.jpg
http://www.wikidata.org/entity/Q126454844,http://www.wikidata.org/prop/direct/P31,http://www.wikidata.org/entity/Q124714
http://www.wikidata.org/entity/Q126454844,http://www.wikidata.org/prop/direct/P31,http://www.wikidata.org/entity/Q1371047
http://www.wikidata.org/entity/Q126454844,http://www.wikidata.org/prop/direct/P31,http://www.wikidata.org/entity/Q10713454
http://www.wikidata.org/entity/Q126454844,http://www.wikidata.org/prop/direct/P31,http://www.wikidata.org/entity/Q126443332
http://www.wikidata.org/entity/Q126454844,http://www.wikidata.org/prop/direct/P131,http://www.wikidata.org/entity/Q180231
http://www.wikidata.org/entity/Q126454844,http://www.wikidata.org/prop/direct/P131,http://www.wikidata.org/entity/Q60554378
http://www.wikidata.org/entity/Q126454844,http://www.wikidata.org/prop/direct/P138,http://www.wikidata.org/entity/Q345
http://www.wikidata.org/entity/Q126454844,http://www.wikidata.org/prop/direct/P195,http://www.wikidata.org/entity/Q126875543
http://www.wikidata.org/entity/Q126454844,http://www.wikidata.org/prop/direct/P195,http://www.wikidata.org/entity/Q132817615
http://www.wikidata.org/entity/Q126454844,http://www.wikidata.org/prop/direct/P217,86
http://www.wikidata.org/entity/Q126454844,http://www.wikidata.org/prop/direct/P217,KHW053
http://www.wikidata.org/entity/Q126454844,http://www.wikidata.org/prop/direct/P373,"Lady's Well, Graiguenamanagh"
http://www.wikidata.org/entity/Q126454844,http://www.wikidata.org/prop/direct/P625,Point(-6.9566958 52.5411618)
http://www.wikidata.org/entity/Q126454844,http://www.wikidata.org/prop/direct/P708,http://www.wikidata.org/entity/Q873607
http://www.wikidata.org/entity/Q126454844,http://www.wikidata.org/prop/direct/P1325,https://sketchfab.com/3d-models/graiguenamanagh-ladys-well-9ed7bcf22e184897a5b8e758cef7249e
http://www.wikidata.org/entity/Q126454844,http://www.wikidata.org/prop/direct/P1343,http://www.wikidata.org/entity/Q120966194
http://www.wikidata.org/entity/Q126454844,http://www.wikidata.org/prop/direct/P1343,http://www.wikidata.org/entity/Q126393245
http://www.wikidata.org/entity/Q126454844,http://www.wikidata.org/prop/direct/P1343,http://www.wikidata.org/entity/Q126507417
http://www.wikidata.org/entity/Q126454844,http://www.wikidata.org/prop/direct/P1343,http://www.wikidata.org/entity/Q126528008
http://www.wikidata.org/entity/Q126454844,http://www.wikidata.org/prop/direct/P1343,http://www.wikidata.org/entity/Q126540348
http://www.wikidata.org/entity/Q126454844,http://www.wikidata.org/prop/direct/P1343,http://www.wikidata.org/entity/Q126875543
http://www.wikidata.org/entity/Q126454844,http://www.wikidata.org/prop/direct/P1343,http://www.wikidata.org/entity/Q127432104
http://www.wikidata.org/entity/Q126454844,http://www.wikidata.org/prop/direct/P1343,http://www.wikidata.org/entity/Q130634563
http://www.wikidata.org/entity/Q126454844,http://www.wikidata.org/prop/direct/P1343,http://www.wikidata.org/entity/Q132817615
http://www.wikidata.org/entity/Q126454844,http://www.wikidata.org/prop/direct/P1651,W8XP7xLRG04
http://www.wikidata.org/entity/Q126454844,http://www.wikidata.org/prop/direct/P4057,KK029-018007-
http://www.wikidata.org/entity/Q126454844,http://www.wikidata.org/prop/direct/P11693,8513574146
http://www.wikidata.org/entity/Q126678913,http://www.wikidata.org/prop/direct/P31,http://www.wikidata.org/entity/Q126443332
http://www.wikidata.org/entity/Q126678913,http://www.wikidata.org/prop/direct/P131,http://www.wikidata.org/entity/Q180231
http://www.wikidata.org/entity/Q126678913,http://www.wikidata.org/prop/direct/P131,http://www.wikidata.org/entity/Q60554999
http://www.wikidata.org/entity/Q126678913,http://www.wikidata.org/prop/direct/P138,http://www.wikidata.org/entity/Q380356
http://www.wikidata.org/entity/Q126678913,http://www.wikidata.org/prop/direct/P195,http://www.wikidata.org/entity/Q126875543
http://www.wikidata.org/entity/Q126678913,http://www.wikidata.org/prop/direct/P195,http://www.wikidata.org/entity/Q132817615
http://www.wikidata.org/entity/Q126678913,http://www.wikidata.org/prop/direct/P217,160
http://www.wikidata.org/entity/Q126678913,http://www.wikidata.org/prop/direct/P217,KHW143
http://www.wikidata.org/entity/Q126678913,http://www.wikidata.org/prop/direct/P708,http://www.wikidata.org/entity/Q873607
http://www.wikidata.org/entity/Q126678913,http://www.wikidata.org/prop/direct/P1343,http://www.wikidata.org/entity/Q126456421
http://www.wikidata.org/entity/Q126678913,http://www.wikidata.org/prop/direct/P1343,http://www.wikidata.org/entity/Q126875543
http://www.wikidata.org/entity/Q126678913,http://www.wikidata.org/prop/direct/P1343,http://www.wikidata.org/entity/Q132817615
http://www.wikidata.org/entity/Q126678913,http://www.wikidata.org/prop/direct/P4057,KK035-094----
http://www.wikidata.org/entity/Q126678959,http://www.wikidata.org/prop/direct/P17,http://www.wikidata.org/entity/Q27
http://www.wikidata.org/entity/Q126678959,http://www.wikidata.org/prop/direct/P31,http://www.wikidata.org/entity/Q1371047
http://www.wikidata.org/entity/Q126678959,http://www.wikidata.org/prop/direct/P31,http://www.wikidata.org/entity/Q126443332
http://www.wikidata.org/entity/Q126678959,http://www.wikidata.org/prop/direct/P131,http://www.wikidata.org/entity/Q180231
http://www.wikidata.org/entity/Q126678959,http://www.wikidata.org/prop/direct/P131,http://www.wikidata.org/entity/Q60557099
http://www.wikidata.org/entity/Q126678959,http://www.wikidata.org/prop/direct/P131,http://www.wikidata.org/entity/Q104266487
http://www.wikidata.org/entity/Q126678959,http://www.wikidata.org/prop/direct/P138,http://www.wikidata.org/entity/Q380356
http://www.wikidata.org/entity/Q126678959,http://www.wikidata.org/prop/direct/P195,http://www.wikidata.org/entity/Q126875543
http://www.wikidata.org/entity/Q126678959,http://www.wikidata.org/prop/direct/P195,http://www.wikidata.org/entity/Q132817615
http://www.wikidata.org/entity/Q126678959,http://www.wikidata.org/prop/direct/P217,67
http://www.wikidata.org/entity/Q126678959,http://www.wikidata.org/prop/direct/P217,KHW141
http://www.wikidata.org/entity/Q126678959,http://www.wikidata.org/prop/direct/P708,http://www.wikidata.org/entity/Q873607
http://www.wikidata.org/entity/Q126678959,http://www.wikidata.org/prop/direct/P1343,http://www.wikidata.org/entity/Q126374601
http://www.wikidata.org/entity/Q126678959,http://www.wikidata.org/prop/direct/P1343,http://www.wikidata.org/entity/Q126456421
http://www.wikidata.org/entity/Q126678959,http://www.wikidata.org/prop/direct/P1343,http://www.wikidata.org/entity/Q126875543
http://www.wikidata.org/entity/Q126678959,http://www.wikidata.org/prop/direct/P1343,http://www.wikidata.org/entity/Q130308814
http://www.wikidata.org/entity/Q126678959,http://www.wikidata.org/prop/direct/P1343,http://www.wikidata.org/entity/Q132817615
http://www.wikidata.org/entity/Q126678959,http://www.wikidata.org/prop/direct/P4057,KK033-043----
http://www.wikidata.org/entity/Q126680965,http://www.wikidata.org/prop/direct/P17,http://www.wikidata.org/entity/Q27
http://www.wikidata.org/entity/Q126680965,http://www.wikidata.org/prop/direct/P31,http://www.wikidata.org/entity/Q1371047
http://www.wikidata.org/entity/Q126680965,http://www.wikidata.org/prop/direct/P31,http://www.wikidata.org/entity/Q126443332
http://www.wikidata.org/entity/Q126680965,http://www.wikidata.org/prop/direct/P131,http://www.wikidata.org/entity/Q180231
http://www.wikidata.org/entity/Q126680965,http://www.wikidata.org/prop/direct/P131,http://www.wikidata.org/entity/Q60557167
http://www.wikidata.org/entity/Q126680965,http://www.wikidata.org/prop/direct/P131,http://www.wikidata.org/entity/Q104264842
http://www.wikidata.org/entity/Q126680965,http://www.wikidata.org/prop/direct/P138,http://www.wikidata.org/entity/Q44269
http://www.wikidata.org/entity/Q126680965,http://www.wikidata.org/prop/direct/P195,http://www.wikidata.org/entity/Q126875543
http://www.wikidata.org/entity/Q126680965,http://www.wikidata.org/prop/direct/P195,http://www.wikidata.org/entity/Q132817615
http://www.wikidata.org/entity/Q126655791,http://www.wikidata.org/prop/direct/P708,http://www.wikidata.org/entity/Q873607
http://www.wikidata.org/entity/Q126655791,http://www.wikidata.org/prop/direct/P1343,http://www.wikidata.org/entity/Q126393245
http://www.wikidata.org/entity/Q126655791,http://www.wikidata.org/prop/direct/P1343,http://www.wikidata.org/entity/Q126454465
http://www.wikidata.org/entity/Q126655791,http://www.wikidata.org/prop/direct/P1343,http://www.wikidata.org/entity/Q126528008
http://www.wikidata.org/entity/Q126655791,http://www.wikidata.org/prop/direct/P1343,http://www.wikidata.org/entity/Q126875543
http://www.wikidata.org/entity/Q126655791,http://www.wikidata.org/prop/direct/P1343,http://www.wikidata.org/entity/Q129333352
http://www.wikidata.org/entity/Q126655791,http://www.wikidata.org/prop/direct/P1343,http://www.wikidata.org/entity/Q130284129
http://www.wikidata.org/entity/Q126655791,http://www.wikidata.org/prop/direct/P1343,http://www.wikidata.org/entity/Q130308814
http://www.wikidata.org/entity/Q126655791,http://www.wikidata.org/prop/direct/P1343,http://www.wikidata.org/entity/Q132817615
http://www.wikidata.org/entity/Q126655791,http://www.wikidata.org/prop/direct/P4057,KK006-014----
http://www.wikidata.org/entity/Q126655791,http://www.wikidata.org/prop/direct/P6375,in Mrs. Brenan's land
http://www.wikidata.org/entity/Q126655791,http://www.wikidata.org/prop/direct/P6375,"""at the end of Lyng's Lane"""
http://www.wikidata.org/entity/Q126655791,http://www.wikidata.org/prop/direct/P6375,"The Well Field, Cuilatobair, Croghtenclogh, Co. Kilkenny"
http://www.wikidata.org/entity/Q126657210,http://www.wikidata.org/prop/direct/P17,http://www.wikidata.org/entity/Q27
http://www.wikidata.org/entity/Q126657210,http://www.wikidata.org/prop/direct/P18,http://commons.wikimedia.org/wiki/Special:FilePath/Saint%20David%27s%20Well.jpg
http://www.wikidata.org/entity/Q126657210,http://www.wikidata.org/prop/direct/P31,http://www.wikidata.org/entity/Q43483
http://www.wikidata.org/entity/Q126657210,http://www.wikidata.org/prop/direct/P31,http://www.wikidata.org/entity/Q1371047
http://www.wikidata.org/entity/Q126657210,http://www.wikidata.org/prop/direct/P31,http://www.wikidata.org/entity/Q126443332
http://www.wikidata.org/entity/Q126657210,http://www.wikidata.org/prop/direct/P131,http://www.wikidata.org/entity/Q180231
http://www.wikidata.org/entity/Q126657210,http://www.wikidata.org/prop/direct/P131,http://www.wikidata.org/entity/Q104265200
http://www.wikidata.org/entity/Q126657210,http://www.wikidata.org/prop/direct/P138,http://www.wikidata.org/entity/Q331697
http://www.wikidata.org/entity/Q126657210,http://www.wikidata.org/prop/direct/P195,http://www.wikidata.org/entity/Q126875543
http://www.wikidata.org/entity/Q126657210,http://www.wikidata.org/prop/direct/P195,http://www.wikidata.org/entity/Q132817615
http://www.wikidata.org/entity/Q126657210,http://www.wikidata.org/prop/direct/P217,39
http://www.wikidata.org/entity/Q126657210,http://www.wikidata.org/prop/direct/P217,KHW133
http://www.wikidata.org/entity/Q126657210,http://www.wikidata.org/prop/direct/P373,"Saint David's Well, Castleinch"
http://www.wikidata.org/entity/Q126657210,http://www.wikidata.org/prop/direct/P625,Point(-15.817314 46.488181)
http://www.wikidata.org/entity/Q126657210,http://www.wikidata.org/prop/direct/P625,Point(-7.2979334 52.6195581)
http://www.wikidata.org/entity/Q126657210,http://www.wikidata.org/prop/direct/P625,Point(-7.29792158 52.619558017)
http://www.wikidata.org/entity/Q126657210,http://www.wikidata.org/prop/direct/P708,http://www.wikidata.org/entity/Q873607
http://www.wikidata.org/entity/Q126657210,http://www.wikidata.org/prop/direct/P1325,https://sketchfab.com/3d-models/castleinch-st-davids-well-4b6eae78a6cc43c2aee79bb6ab7c69a8
http://www.wikidata.org/entity/Q126657210,http://www.wikidata.org/prop/direct/P1343,http://www.wikidata.org/entity/Q126393245
http://www.wikidata.org/entity/Q126657210,http://www.wikidata.org/prop/direct/P1343,http://www.wikidata.org/entity/Q126454465
http://www.wikidata.org/entity/Q126657210,http://www.wikidata.org/prop/direct/P1343,http://www.wikidata.org/entity/Q126528008
http://www.wikidata.org/entity/Q126657210,http://www.wikidata.org/prop/direct/P1343,http://www.wikidata.org/entity/Q126875543
http://www.wikidata.org/entity/Q126657210,http://www.wikidata.org/prop/direct/P1343,http://www.wikidata.org/entity/Q129992765
http://www.wikidata.org/entity/Q126657210,http://www.wikidata.org/prop/direct/P1343,http://www.wikidata.org/entity/Q130308814
http://www.wikidata.org/entity/Q126657210,http://www.wikidata.org/prop/direct/P1343,http://www.wikidata.org/entity/Q130372700
http://www.wikidata.org/entity/Q126657210,http://www.wikidata.org/prop/direct/P1343,http://www.wikidata.org/entity/Q130471945
http://www.wikidata.org/entity/Q126657210,http://www.wikidata.org/prop/direct/P1343,http://www.wikidata.org/entity/Q132817615
http://www.wikidata.org/entity/Q126657210,http://www.wikidata.org/prop/direct/P4057,KK023-089----
http://www.wikidata.org/entity/Q126657210,http://www.wikidata.org/prop/direct/P6375,in the Castle Field
http://www.wikidata.org/entity/Q126657210,http://www.wikidata.org/prop/direct/P6375,in the field to the west of the Church
http://www.wikidata.org/entity/Q126657210,http://www.wikidata.org/prop/direct/P11693,12144379129
http://www.wikidata.org/entity/Q126454720,http://www.wikidata.org/prop/direct/P4057,KK039-003004-
http://www.wikidata.org/entity/Q126454720,http://www.wikidata.org/prop/direct/P6375,"""few perches to the south [of the church site], in the hollow"""
http://www.wikidata.org/entity/Q126454730,http://www.wikidata.org/prop/direct/P17,http://www.wikidata.org/entity/Q27
http://www.wikidata.org/entity/Q126454730,http://www.wikidata.org/prop/direct/P31,http://www.wikidata.org/entity/Q1371047
http://www.wikidata.org/entity/Q126454730,http://www.wikidata.org/prop/direct/P31,http://www.wikidata.org/entity/Q126443332
http://www.wikidata.org/entity/Q126454730,http://www.wikidata.org/prop/direct/P131,http://www.wikidata.org/entity/Q180231
http://www.wikidata.org/entity/Q126454730,http://www.wikidata.org/prop/direct/P131,http://www.wikidata.org/entity/Q60554288
http://www.wikidata.org/entity/Q126454730,http://www.wikidata.org/prop/direct/P131,http://www.wikidata.org/entity/Q104265308
http://www.wikidata.org/entity/Q126454730,http://www.wikidata.org/prop/direct/P138,http://www.wikidata.org/entity/Q10884
http://www.wikidata.org/entity/Q126454730,http://www.wikidata.org/prop/direct/P195,http://www.wikidata.org/entity/Q126875543
http://www.wikidata.org/entity/Q126454730,http://www.wikidata.org/prop/direct/P195,http://www.wikidata.org/entity/Q132817615
http://www.wikidata.org/entity/Q126454730,http://www.wikidata.org/prop/direct/P217,123
http://www.wikidata.org/entity/Q126454730,http://www.wikidata.org/prop/direct/P217,KHW036
http://www.wikidata.org/entity/Q126454730,http://www.wikidata.org/prop/direct/P625,Point(-7.264163 52.405097)
http://www.wikidata.org/entity/Q126454730,http://www.wikidata.org/prop/direct/P708,http://www.wikidata.org/entity/Q873607
http://www.wikidata.org/entity/Q126454730,http://www.wikidata.org/prop/direct/P1343,http://www.wikidata.org/entity/Q120966194
http://www.wikidata.org/entity/Q126454730,http://www.wikidata.org/prop/direct/P1343,http://www.wikidata.org/entity/Q126374601
http://www.wikidata.org/entity/Q126454730,http://www.wikidata.org/prop/direct/P1343,http://www.wikidata.org/entity/Q126393245
http://www.wikidata.org/entity/Q126454730,http://www.wikidata.org/prop/direct/P1343,http://www.wikidata.org/entity/Q126456421
http://www.wikidata.org/entity/Q126454730,http://www.wikidata.org/prop/direct/P1343,http://www.wikidata.org/entity/Q126875543
http://www.wikidata.org/entity/Q126454730,http://www.wikidata.org/prop/direct/P1343,http://www.wikidata.org/entity/Q132817615
http://www.wikidata.org/entity/Q126454730,http://www.wikidata.org/prop/direct/P1343,http://www.wikidata.org/entity/Q133385130
http://www.wikidata.org/entity/Q126454730,http://www.wikidata.org/prop/direct/P4057,KK035-085004-
http://www.wikidata.org/entity/Q126454730,http://www.wikidata.org/prop/direct/P6375,in the Therthawn sub-division
http://www.wikidata.org/entity/Q126454730,http://www.wikidata.org/prop/direct/P6375,in Therthawn
http://www.wikidata.org/entity/Q126454746,http://www.wikidata.org/prop/direct/P17,http://www.wikidata.org/entity/Q27
http://www.wikidata.org/entity/Q126454746,http://www.wikidata.org/prop/direct/P31,http://www.wikidata.org/entity/Q1371047
http://www.wikidata.org/entity/Q126454746,http://www.wikidata.org/prop/direct/P31,http://www.wikidata.org/entity/Q126443332
http://www.wikidata.org/entity/Q126454746,http://www.wikidata.org/prop/direct/P131,http://www.wikidata.org/entity/Q180231
http://www.wikidata.org/entity/Q126454746,http://www.wikidata.org/prop/direct/P131,http://www.wikidata.org/entity/Q60554288
http://www.wikidata.org/entity/Q126454746,http://www.wikidata.org/prop/direct/P138,http://www.wikidata.org/entity/Q1543947
http://www.wikidata.org/entity/Q126454746,http://www.wikidata.org/prop/direct/P195,http://www.wikidata.org/entity/Q126875543
http://www.wikidata.org/entity/Q126454746,http://www.wikidata.org/prop/direct/P195,http://www.wikidata.org/entity/Q132817615
http://www.wikidata.org/entity/Q126454746,http://www.wikidata.org/prop/direct/P217,173
http://www.wikidata.org/entity/Q126454746,http://www.wikidata.org/prop/direct/P217,KHW007
http://www.wikidata.org/entity/Q126643252,http://www.wikidata.org/prop/direct/P17,http://www.wikidata.org/entity/Q27
http://www.wikidata.org/entity/Q126643252,http://www.wikidata.org/prop/direct/P31,http://www.wikidata.org/entity/Q1371047
http://www.wikidata.org/entity/Q126643252,http://www.wikidata.org/prop/direct/P31,http://www.wikidata.org/entity/Q126443332
http://www.wikidata.org/entity/Q126643252,http://www.wikidata.org/prop/direct/P131,http://www.wikidata.org/entity/Q180231
http://www.wikidata.org/entity/Q126643252,http://www.wikidata.org/prop/direct/P131,http://www.wikidata.org/entity/Q60553894
http://www.wikidata.org/entity/Q126643252,http://www.wikidata.org/prop/direct/P131,http://www.wikidata.org/entity/Q104265148
http://www.wikidata.org/entity/Q126643252,http://www.wikidata.org/prop/direct/P138,http://www.wikidata.org/entity/Q40558
http://www.wikidata.org/entity/Q126643252,http://www.wikidata.org/prop/direct/P195,http://www.wikidata.org/entity/Q126875543
http://www.wikidata.org/entity/Q126643252,http://www.wikidata.org/prop/direct/P195,http://www.wikidata.org/entity/Q132817615
http://www.wikidata.org/entity/Q126643252,http://www.wikidata.org/prop/direct/P217,72
http://www.wikidata.org/entity/Q126643252,http://www.wikidata.org/prop/direct/P217,KHW2-2
http://www.wikidata.org/entity/Q126643252,http://www.wikidata.org/prop/direct/P625,Point(-7.3241817 52.747585)
http://www.wikidata.org/entity/Q126643252,http://www.wikidata.org/prop/direct/P625,Point(-7.306327 52.749493)
http://www.wikidata.org/entity/Q126643252,http://www.wikidata.org/prop/direct/P1343,http://www.wikidata.org/entity/Q116166792
http://www.wikidata.org/entity/Q126643252,http://www.wikidata.org/prop/direct/P1343,http://www.wikidata.org/entity/Q126374601
http://www.wikidata.org/entity/Q126643252,http://www.wikidata.org/prop/direct/P1343,http://www.wikidata.org/entity/Q126393245
http://www.wikidata.org/entity/Q126643252,http://www.wikidata.org/prop/direct/P1343,http://www.wikidata.org/entity/Q126528008
http://www.wikidata.org/entity/Q126643252,http://www.wikidata.org/prop/direct/P1343,http://www.wikidata.org/entity/Q126875543
http://www.wikidata.org/entity/Q126643252,http://www.wikidata.org/prop/direct/P1343,http://www.wikidata.org/entity/Q130284129
http://www.wikidata.org/entity/Q126643252,http://www.wikidata.org/prop/direct/P1343,http://www.wikidata.org/entity/Q130308814
http://www.wikidata.org/entity/Q126643252,http://www.wikidata.org/prop/direct/P1343,http://www.wikidata.org/entity/Q132817615
http://www.wikidata.org/entity/Q126643252,http://www.wikidata.org/prop/direct/P11693,12003982981
http://www.wikidata.org/entity/Q126644654,http://www.wikidata.org/prop/direct/P17,http://www.wikidata.org/entity/Q27
http://www.wikidata.org/entity/Q126644654,http://www.wikidata.org/prop/direct/P18,http://commons.wikimedia.org/wiki/Special:FilePath/Location%20of%20St.%20Patrick%E2%80%99s%20well.jpg
http://www.wikidata.org/entity/Q126644654,http://www.wikidata.org/prop/direct/P31,http://www.wikidata.org/entity/Q124714
http://www.wikidata.org/entity/Q126644654,http://www.wikidata.org/prop/direct/P31,http://www.wikidata.org/entity/Q1371047
http://www.wikidata.org/entity/Q126644654,http://www.wikidata.org/prop/direct/P31,http://www.wikidata.org/entity/Q126443332
http://www.wikidata.org/entity/Q126644654,http://www.wikidata.org/prop/direct/P131,http://www.wikidata.org/entity/Q180231
http://www.wikidata.org/entity/Q126644654,http://www.wikidata.org/prop/direct/P131,http://www.wikidata.org/entity/Q104271216
http://www.wikidata.org/entity/Q126644654,http://www.wikidata.org/prop/direct/P138,http://www.wikidata.org/entity/Q165479
http://www.wikidata.org/entity/Q126644654,http://www.wikidata.org/prop/direct/P195,http://www.wikidata.org/entity/Q126875543
http://www.wikidata.org/entity/Q126644654,http://www.wikidata.org/prop/direct/P195,http://www.wikidata.org/entity/Q132817615
http://www.wikidata.org/entity/Q126644654,http://www.wikidata.org/prop/direct/P217,61
http://www.wikidata.org/entity/Q126644654,http://www.wikidata.org/prop/direct/P217,KHW121
http://www.wikidata.org/entity/Q30146557,http://www.wikidata.org/prop/direct/P625,Point(12.345682827 56.072906148)
http://www.wikidata.org/entity/Q30146557,http://www.wikidata.org/prop/direct/P1435,http://www.wikidata.org/entity/Q12312385
http://www.wikidata.org/entity/Q30146557,http://www.wikidata.org/prop/direct/P3596,92095
http://www.wikidata.org/entity/Q30146964,http://www.wikidata.org/prop/direct/P17,http://www.wikidata.org/entity/Q35
http://www.wikidata.org/entity/Q30146964,http://www.wikidata.org/prop/direct/P31,http://www.wikidata.org/entity/Q1371047
http://www.wikidata.org/entity/Q30146964,http://www.wikidata.org/prop/direct/P131,http://www.wikidata.org/entity/Q221394
http://www.wikidata.org/entity/Q30146964,http://www.wikidata.org/prop/direct/P625,Point(12.332226449 55.919811868)
http://www.wikidata.org/entity/Q30146964,http://www.wikidata.org/prop/direct/P1435,http://www.wikidata.org/entity/Q12312385
http://www.wikidata.org/entity/Q30146964,http://www.wikidata.org/prop/direct/P3596,93448
http://www.wikidata.org/entity/Q30146965,http://www.wikidata.org/prop/direct/P17,http://www.wikidata.org/entity/Q35
http://www.wikidata.org/entity/Q30146965,http://www.wikidata.org/prop/direct/P31,http://www.wikidata.org/entity/Q1371047
http://www.wikidata.org/entity/Q30146965,http://www.wikidata.org/prop/direct/P131,http://www.wikidata.org/entity/Q221394
http://www.wikidata.org/entity/Q30146965,http://www.wikidata.org/prop/direct/P625,Point(12.363389495 55.920972928)
http://www.wikidata.org/entity/Q30146965,http://www.wikidata.org/prop/direct/P1435,http://www.wikidata.org/entity/Q12312385
http://www.wikidata.org/entity/Q30146965,http://www.wikidata.org/prop/direct/P3596,93449
http://www.wikidata.org/entity/Q30147156,http://www.wikidata.org/prop/direct/P17,http://www.wikidata.org/entity/Q35
http://www.wikidata.org/entity/Q30147156,http://www.wikidata.org/prop/direct/P31,http://www.wikidata.org/entity/Q1371047
http://www.wikidata.org/entity/Q30147156,http://www.wikidata.org/prop/direct/P131,http://www.wikidata.org/entity/Q511546
http://www.wikidata.org/entity/Q30147156,http://www.wikidata.org/prop/direct/P625,Point(12.558418272 55.989543772)
http://www.wikidata.org/entity/Q30147156,http://www.wikidata.org/prop/direct/P1435,http://www.wikidata.org/entity/Q12312385
http://www.wikidata.org/entity/Q30147156,http://www.wikidata.org/prop/direct/P3596,94034
http://www.wikidata.org/entity/Q30147565,http://www.wikidata.org/prop/direct/P17,http://www.wikidata.org/entity/Q35
http://www.wikidata.org/entity/Q30147565,http://www.wikidata.org/prop/direct/P31,http://www.wikidata.org/entity/Q1371047
http://www.wikidata.org/entity/Q30147565,http://www.wikidata.org/prop/direct/P131,http://www.wikidata.org/entity/Q505130
http://www.wikidata.org/entity/Q30147565,http://www.wikidata.org/prop/direct/P625,Point(12.061143926 55.89966603)
http://www.wikidata.org/entity/Q30147565,http://www.wikidata.org/prop/direct/P1435,http://www.wikidata.org/entity/Q12312385
http://www.wikidata.org/entity/Q30147565,http://www.wikidata.org/prop/direct/P3596,94759
http://www.wikidata.org/entity/Q30130730,http://www.wikidata.org/prop/direct/P17,http://www.wikidata.org/entity/Q35
http://www.wikidata.org/entity/Q30130730,http://www.wikidata.org/prop/direct/P31,http://www.wikidata.org/entity/Q1371047
http://www.wikidata.org/entity/Q30130730,http://www.wikidata.org/prop/direct/P131,http://www.wikidata.org/entity/Q512581
http://www.wikidata.org/entity/Q30130730,http://www.wikidata.org/prop/direct/P625,Point(10.489942714 56.290782055)
http://www.wikidata.org/entity/Q30130730,http://www.wikidata.org/prop/direct/P1435,http://www.wikidata.org/entity/Q12312385
http://www.wikidata.org/entity/Q30130730,http://www.wikidata.org/prop/direct/P3596,48228
http://www.wikidata.org/entity/Q30130991,http://www.wikidata.org/prop/direct/P17,http://www.wikidata.org/entity/Q35
http://www.wikidata.org/entity/Q30130991,http://www.wikidata.org/prop/direct/P31,http://www.wikidata.org/entity/Q1371047
http://www.wikidata.org/entity/Q30130991,http://www.wikidata.org/prop/direct/P131,http://www.wikidata.org/entity/Q240262
http://www.wikidata.org/entity/Q30130991,http://www.wikidata.org/prop/direct/P625,Point(10.002045788 56.147842141)
http://www.wikidata.org/entity/Q30130991,http://www.wikidata.org/prop/direct/P1435,http://www.wikidata.org/entity/Q12312385
http://www.wikidata.org/entity/Q30130991,http://www.wikidata.org/prop/direct/P3596,48908
http://www.wikidata.org/entity/Q30136898,http://www.wikidata.org/prop/direct/P17,http://www.wikidata.org/entity/Q27
http://www.wikidata.org/entity/Q30136898,http://www.wikidata.org/prop/direct/P18,http://commons.wikimedia.org/wiki/Special:FilePath/Cranavane%20Well%2007.jpg
http://www.wikidata.org/entity/Q30136898,http://www.wikidata.org/prop/direct/P31,http://www.wikidata.org/entity/Q1371047
http://www.wikidata.org/entity/Q30136898,http://www.wikidata.org/prop/direct/P131,http://www.wikidata.org/entity/Q181882
http://www.wikidata.org/entity/Q30136898,http://www.wikidata.org/prop/direct/P373,Cranavane Well
http://www.wikidata.org/entity/Q30136898,http://www.wikidata.org/prop/direct/P625,Point(-6.724167 52.689722)
http://www.wikidata.org/entity/Q30136898,http://www.wikidata.org/prop/direct/P2186,IE-CW-0020
http://www.wikidata.org/entity/Q30136898,http://www.wikidata.org/prop/direct/P7959,http://www.wikidata.org/entity/Q181882
http://www.wikidata.org/entity/Q30136903,http://www.wikidata.org/prop/direct/P17,http://www.wikidata.org/entity/Q27
http://www.wikidata.org/entity/Q30136903,http://www.wikidata.org/prop/direct/P18,http://commons.wikimedia.org/wiki/Special:FilePath/County%20Carlow%20-%20Tobar%20Bhride%20Well%20-%2020210922172212.jpg
http://www.wikidata.org/entity/Q30136903,http://www.wikidata.org/prop/direct/P31,http://www.wikidata.org/entity/Q1371047
http://www.wikidata.org/entity/Q30136903,http://www.wikidata.org/prop/direct/P131,http://www.wikidata.org/entity/Q181882
http://www.wikidata.org/entity/Q30136903,http://www.wikidata.org/prop/direct/P373,Tobar Bhride Well
http://www.wikidata.org/entity/Q30136903,http://www.wikidata.org/prop/direct/P625,Point(-6.780556 52.685)
http://www.wikidata.org/entity/Q30136903,http://www.wikidata.org/prop/direct/P2186,IE-CW-0023
http://www.wikidata.org/entity/Q30136903,http://www.wikidata.org/prop/direct/P7959,http://www.wikidata.org/entity/Q181882
http://www.wikidata.org/entity/Q126454804,http://www.wikidata.org/prop/direct/P17,http://www.wikidata.org/entity/Q27
http://www.wikidata.org/entity/Q126454804,http://www.wikidata.org/prop/direct/P18,http://commons.wikimedia.org/wiki/Special:FilePath/Looking%20towards%20Saint%20Elakan%27s%20Well.jpg
http://www.wikidata.org/entity/Q126454804,http://www.wikidata.org/prop/direct/P31,http://www.wikidata.org/entity/Q1371047
http://www.wikidata.org/entity/Q126454804,http://www.wikidata.org/prop/direct/P31,http://www.wikidata.org/entity/Q126443332
http://www.wikidata.org/entity/Q126454804,http://www.wikidata.org/prop/direct/P131,http://www.wikidata.org/entity/Q180231
http://www.wikidata.org/entity/Q126454804,http://www.wikidata.org/prop/direct/P131,http://www.wikidata.org/entity/Q60554348
http://www.wikidata.org/entity/Q126454804,http://www.wikidata.org/prop/direct/P131,http://www.wikidata.org/entity/Q104264421
http://www.wikidata.org/entity/Q126454804,http://www.wikidata.org/prop/direct/P195,http://www.wikidata.org/entity/Q126875543
http://www.wikidata.org/entity/Q126454804,http://www.wikidata.org/prop/direct/P195,http://www.wikidata.org/entity/Q132817615
http://www.wikidata.org/entity/Q126454804,http://www.wikidata.org/prop/direct/P217,158
http://www.wikidata.org/entity/Q126454804,http://www.wikidata.org/prop/direct/P217,KHW096
http://www.wikidata.org/entity/Q126454804,http://www.wikidata.org/prop/direct/P625,Point(-7.4985966 52.7742288)
http://www.wikidata.org/entity/Q126454804,http://www.wikidata.org/prop/direct/P708,http://www.wikidata.org/entity/Q873607
http://www.wikidata.org/entity/Q126454804,http://www.wikidata.org/prop/direct/P1343,http://www.wikidata.org/entity/Q116166792
http://www.wikidata.org/entity/Q126454804,http://www.wikidata.org/prop/direct/P1343,http://www.wikidata.org/entity/Q120966194
http://www.wikidata.org/entity/Q126454804,http://www.wikidata.org/prop/direct/P1343,http://www.wikidata.org/entity/Q126374601
http://www.wikidata.org/entity/Q126454804,http://www.wikidata.org/prop/direct/P1343,http://www.wikidata.org/entity/Q126393245
http://www.wikidata.org/entity/Q126454804,http://www.wikidata.org/prop/direct/P1343,http://www.wikidata.org/entity/Q126474972
http://www.wikidata.org/entity/Q126454804,http://www.wikidata.org/prop/direct/P1343,http://www.wikidata.org/entity/Q126875543
http://www.wikidata.org/entity/Q126454804,http://www.wikidata.org/prop/direct/P1343,http://www.wikidata.org/entity/Q129998019
http://www.wikidata.org/entity/Q126454804,http://www.wikidata.org/prop/direct/P1343,http://www.wikidata.org/entity/Q130308814
http://www.wikidata.org/entity/Q126454804,http://www.wikidata.org/prop/direct/P1343,http://www.wikidata.org/entity/Q132817615
http://www.wikidata.org/entity/Q126454804,http://www.wikidata.org/prop/direct/P1343,http://www.wikidata.org/entity/Q133263165
http://www.wikidata.org/entity/Q126454804,http://www.wikidata.org/prop/direct/P2175,http://www.wikidata.org/entity/Q21077147
http://www.wikidata.org/entity/Q126454804,http://www.wikidata.org/prop/direct/P4057,KK008-132----
http://www.wikidata.org/entity/Q126454804,http://www.wikidata.org/prop/direct/P11693,6153432366
http://www.wikidata.org/entity/Q126454823,http://www.wikidata.org/prop/direct/P17,http://www.wikidata.org/entity/Q27
http://www.wikidata.org/entity/Q126454823,http://www.wikidata.org/prop/direct/P31,http://www.wikidata.org/entity/Q43483
http://www.wikidata.org/entity/Q126454823,http://www.wikidata.org/prop/direct/P31,http://www.wikidata.org/entity/Q1371047
http://www.wikidata.org/entity/Q126454823,http://www.wikidata.org/prop/direct/P31,http://www.wikidata.org/entity/Q126443332
http://www.wikidata.org/entity/Q126454823,http://www.wikidata.org/prop/direct/P131,http://www.wikidata.org/entity/Q180231
http://www.wikidata.org/entity/Q126454823,http://www.wikidata.org/prop/direct/P131,http://www.wikidata.org/entity/Q1131989
http://www.wikidata.org/entity/Q126454823,http://www.wikidata.org/prop/direct/P131,http://www.wikidata.org/entity/Q60554376
http://www.wikidata.org/entity/Q126454823,http://www.wikidata.org/prop/direct/P138,http://www.wikidata.org/entity/Q165479
http://www.wikidata.org/entity/Q126454823,http://www.wikidata.org/prop/direct/P195,http://www.wikidata.org/entity/Q132817615
http://www.wikidata.org/entity/Q126454823,http://www.wikidata.org/prop/direct/P217,KHW073
http://www.wikidata.org/entity/Q126454823,http://www.wikidata.org/prop/direct/P625,Point(-7.0723801 52.6272302)
http://www.wikidata.org/entity/Q126454823,http://www.wikidata.org/prop/direct/P708,http://www.wikidata.org/entity/Q873607
http://www.wikidata.org/entity/Q126454823,http://www.wikidata.org/prop/direct/P1343,http://www.wikidata.org/entity/Q120966194
http://www.wikidata.org/entity/Q126454393,http://www.wikidata.org/prop/direct/P625,Point(-7.308869 52.795375)
http://www.wikidata.org/entity/Q126454393,http://www.wikidata.org/prop/direct/P708,http://www.wikidata.org/entity/Q873607
http://www.wikidata.org/entity/Q126454393,http://www.wikidata.org/prop/direct/P1343,http://www.wikidata.org/entity/Q116166792
http://www.wikidata.org/entity/Q126454393,http://www.wikidata.org/prop/direct/P1343,http://www.wikidata.org/entity/Q120966194
http://www.wikidata.org/entity/Q126454393,http://www.wikidata.org/prop/direct/P1343,http://www.wikidata.org/entity/Q126374601
http://www.wikidata.org/entity/Q126454393,http://www.wikidata.org/prop/direct/P1343,http://www.wikidata.org/entity/Q126393245
http://www.wikidata.org/entity/Q126454393,http://www.wikidata.org/prop/direct/P1343,http://www.wikidata.org/entity/Q126875543
http://www.wikidata.org/entity/Q126454393,http://www.wikidata.org/prop/direct/P1343,http://www.wikidata.org/entity/Q128306212
http://www.wikidata.org/entity/Q126454393,http://www.wikidata.org/prop/direct/P1343,http://www.wikidata.org/entity/Q129333352
http://www.wikidata.org/entity/Q126454393,http://www.wikidata.org/prop/direct/P1343,http://www.wikidata.org/entity/Q130284129
http://www.wikidata.org/entity/Q126454393,http://www.wikidata.org/prop/direct/P1343,http://www.wikidata.org/entity/Q130308814
http://www.wikidata.org/entity/Q126454393,http://www.wikidata.org/prop/direct/P1343,http://www.wikidata.org/entity/Q132817615
http://www.wikidata.org/entity/Q126454393,http://www.wikidata.org/prop/direct/P4057,KK005-063004-
http://www.wikidata.org/entity/Q126454405,http://www.wikidata.org/prop/direct/P17,http://www.wikidata.org/entity/Q27
http://www.wikidata.org/entity/Q126454405,http://www.wikidata.org/prop/direct/P18,http://commons.wikimedia.org/wiki/Special:FilePath/Area%20of%20St.%20Finan%27s%20Well.jpg
http://www.wikidata.org/entity/Q126454405,http://www.wikidata.org/prop/direct/P31,http://www.wikidata.org/entity/Q1371047
http://www.wikidata.org/entity/Q126454405,http://www.wikidata.org/prop/direct/P31,http://www.wikidata.org/entity/Q126443332
http://www.wikidata.org/entity/Q126454405,http://www.wikidata.org/prop/direct/P131,http://www.wikidata.org/entity/Q180231
http://www.wikidata.org/entity/Q126454405,http://www.wikidata.org/prop/direct/P131,http://www.wikidata.org/entity/Q60554020
http://www.wikidata.org/entity/Q126454405,http://www.wikidata.org/prop/direct/P131,http://www.wikidata.org/entity/Q104265087
http://www.wikidata.org/entity/Q126454405,http://www.wikidata.org/prop/direct/P138,http://www.wikidata.org/entity/Q622223
http://www.wikidata.org/entity/Q126454405,http://www.wikidata.org/prop/direct/P195,http://www.wikidata.org/entity/Q126875543
http://www.wikidata.org/entity/Q126454405,http://www.wikidata.org/prop/direct/P195,http://www.wikidata.org/entity/Q132817615
http://www.wikidata.org/entity/Q126454405,http://www.wikidata.org/prop/direct/P217,171
http://www.wikidata.org/entity/Q126454405,http://www.wikidata.org/prop/direct/P217,KHW102
http://www.wikidata.org/entity/Q126454405,http://www.wikidata.org/prop/direct/P373,"Saint Finan's Well, Tinnalintan"
http://www.wikidata.org/entity/Q126454405,http://www.wikidata.org/prop/direct/P625,Point(-7.3331526 52.8193781)
http://www.wikidata.org/entity/Q126454405,http://www.wikidata.org/prop/direct/P708,http://www.wikidata.org/entity/Q873607
http://www.wikidata.org/entity/Q126454405,http://www.wikidata.org/prop/direct/P1343,http://www.wikidata.org/entity/Q116166792
http://www.wikidata.org/entity/Q126454405,http://www.wikidata.org/prop/direct/P1343,http://www.wikidata.org/entity/Q120966194
http://www.wikidata.org/entity/Q126454405,http://www.wikidata.org/prop/direct/P1343,http://www.wikidata.org/entity/Q126374601
http://www.wikidata.org/entity/Q126454405,http://www.wikidata.org/prop/direct/P1343,http://www.wikidata.org/entity/Q126393245
http://www.wikidata.org/entity/Q126454405,http://www.wikidata.org/prop/direct/P1343,http://www.wikidata.org/entity/Q126474972
http://www.wikidata.org/entity/Q126454405,http://www.wikidata.org/prop/direct/P1343,http://www.wikidata.org/entity/Q126871352
http://www.wikidata.org/entity/Q126454405,http://www.wikidata.org/prop/direct/P1343,http://www.wikidata.org/entity/Q126875543
http://www.wikidata.org/entity/Q126454405,http://www.wikidata.org/prop/direct/P1343,http://www.wikidata.org/entity/Q130284129
http://www.wikidata.org/entity/Q126454405,http://www.wikidata.org/prop/direct/P1343,http://www.wikidata.org/entity/Q130308814
http://www.wikidata.org/entity/Q126454405,http://www.wikidata.org/prop/direct/P1343,http://www.wikidata.org/entity/Q132817615
http://www.wikidata.org/entity/Q126454405,http://www.wikidata.org/prop/direct/P4057,KK005-012001-
http://www.wikidata.org/entity/Q126454405,http://www.wikidata.org/prop/direct/P11693,11123986964
http://www.wikidata.org/entity/Q126448411,http://www.wikidata.org/prop/direct/P17,http://www.wikidata.org/entity/Q27
http://www.wikidata.org/entity/Q126448411,http://www.wikidata.org/prop/direct/P18,http://commons.wikimedia.org/wiki/Special:FilePath/St%20Colman%E2%80%99s%20Well.jpg
http://www.wikidata.org/entity/Q126448411,http://www.wikidata.org/prop/direct/P31,http://www.wikidata.org/entity/Q43483
http://www.wikidata.org/entity/Q126448411,http://www.wikidata.org/prop/direct/P31,http://www.wikidata.org/entity/Q1371047
http://www.wikidata.org/entity/Q126448411,http://www.wikidata.org/prop/direct/P31,http://www.wikidata.org/entity/Q126443332
http://www.wikidata.org/entity/Q126448411,http://www.wikidata.org/prop/direct/P131,http://www.wikidata.org/entity/Q180231
http://www.wikidata.org/entity/Q126448411,http://www.wikidata.org/prop/direct/P138,http://www.wikidata.org/entity/Q2697141
http://www.wikidata.org/entity/Q126448411,http://www.wikidata.org/prop/direct/P138,http://www.wikidata.org/entity/Q107257053
http://www.wikidata.org/entity/Q126448411,http://www.wikidata.org/prop/direct/P195,http://www.wikidata.org/entity/Q126875543
http://www.wikidata.org/entity/Q126448411,http://www.wikidata.org/prop/direct/P195,http://www.wikidata.org/entity/Q132817615
http://www.wikidata.org/entity/Q126448411,http://www.wikidata.org/prop/direct/P217,42
http://www.wikidata.org/entity/Q126448411,http://www.wikidata.org/prop/direct/P217,KHW042
http://www.wikidata.org/entity/Q126448411,http://www.wikidata.org/prop/direct/P373,"Saint Colman's Well, Churchclara"
http://www.wikidata.org/entity/Q126448411,http://www.wikidata.org/prop/direct/P625,Point(-7.1468339 52.6560583)
http://www.wikidata.org/entity/Q126448411,http://www.wikidata.org/prop/direct/P708,http://www.wikidata.org/entity/Q873607
http://www.wikidata.org/entity/Q126448411,http://www.wikidata.org/prop/direct/P973,https://visionsofthepastblog.com/2022/11/25/churchclara-church-kilkenny-ireland/
http://www.wikidata.org/entity/Q126448411,http://www.wikidata.org/prop/direct/P1325,https://sketchfab.com/3d-models/churchclara-st-colmans-well-cfa7c6ef4e0c42758d330f80bd30cdbc
http://www.wikidata.org/entity/Q126448411,http://www.wikidata.org/prop/direct/P1343,http://www.wikidata.org/entity/Q116690389
http://www.wikidata.org/entity/Q126448411,http://www.wikidata.org/prop/direct/P1343,http://www.wikidata.org/entity/Q120966194
http://www.wikidata.org/entity/Q126448411,http://www.wikidata.org/prop/direct/P1343,http://www.wikidata.org/entity/Q126374601
http://www.wikidata.org/entity/Q126448411,http://www.wikidata.org/prop/direct/P1343,http://www.wikidata.org/entity/Q126393245
http://www.wikidata.org/entity/Q126448411,http://www.wikidata.org/prop/direct/P1343,http://www.wikidata.org/entity/Q126454465
http://www.wikidata.org/entity/Q126448411,http://www.wikidata.org/prop/direct/P1343,http://www.wikidata.org/entity/Q126528008
http://www.wikidata.org/entity/Q126448411,http://www.wikidata.org/prop/direct/P1343,http://www.wikidata.org/entity/Q126875543
http://www.wikidata.org/entity/Q126448411,http://www.wikidata.org/prop/direct/P1343,http://www.wikidata.org/entity/Q127619817
http://www.wikidata.org/entity/Q126448411,http://www.wikidata.org/prop/direct/P1343,http://www.wikidata.org/entity/Q129836610
http://www.wikidata.org/entity/Q126448411,http://www.wikidata.org/prop/direct/P1343,http://www.wikidata.org/entity/Q130284129
http://www.wikidata.org/entity/Q126448411,http://www.wikidata.org/prop/direct/P1343,http://www.wikidata.org/entity/Q130308814
http://www.wikidata.org/entity/Q126448411,http://www.wikidata.org/prop/direct/P1343,http://www.wikidata.org/entity/Q130378225
http://www.wikidata.org/entity/Q126448411,http://www.wikidata.org/prop/direct/P1343,http://www.wikidata.org/entity/Q132817615
http://www.wikidata.org/entity/Q126448411,http://www.wikidata.org/prop/direct/P4057,KK020-017006-
http://www.wikidata.org/entity/Q126448411,http://www.wikidata.org/prop/direct/P6375,a few perches North of the Church
http://www.wikidata.org/entity/Q126448411,http://www.wikidata.org/prop/direct/P11693,8481126001
http://www.wikidata.org/entity/Q126448724,http://www.wikidata.org/prop/direct/P17,http://www.wikidata.org/entity/Q27
http://www.wikidata.org/entity/Q126448724,http://www.wikidata.org/prop/direct/P18,http://commons.wikimedia.org/wiki/Special:FilePath/Our%20Lady%27s%20Well.jpg
http://www.wikidata.org/entity/Q126448724,http://www.wikidata.org/prop/direct/P31,http://www.wikidata.org/entity/Q124714
http://www.wikidata.org/entity/Q126448724,http://www.wikidata.org/prop/direct/P31,http://www.wikidata.org/entity/Q446013
http://www.wikidata.org/entity/Q126448724,http://www.wikidata.org/prop/direct/P31,http://www.wikidata.org/entity/Q1371047
http://www.wikidata.org/entity/Q126454603,http://www.wikidata.org/prop/direct/P1343,http://www.wikidata.org/entity/Q126555558
http://www.wikidata.org/entity/Q126454603,http://www.wikidata.org/prop/direct/P1343,http://www.wikidata.org/entity/Q126875543
http://www.wikidata.org/entity/Q126454603,http://www.wikidata.org/prop/direct/P1343,http://www.wikidata.org/entity/Q130223691
http://www.wikidata.org/entity/Q126454603,http://www.wikidata.org/prop/direct/P1343,http://www.wikidata.org/entity/Q130284129
http://www.wikidata.org/entity/Q126454603,http://www.wikidata.org/prop/direct/P1343,http://www.wikidata.org/entity/Q130308814
http://www.wikidata.org/entity/Q126454603,http://www.wikidata.org/prop/direct/P1343,http://www.wikidata.org/entity/Q132817615
http://www.wikidata.org/entity/Q126454603,http://www.wikidata.org/prop/direct/P1801,http://commons.wikimedia.org/wiki/Special:FilePath/Plaque%20for%20site%20of%20Tober%20Mogue.jpg
http://www.wikidata.org/entity/Q126454603,http://www.wikidata.org/prop/direct/P2186,IE-KK-0347
http://www.wikidata.org/entity/Q126454603,http://www.wikidata.org/prop/direct/P4057,KK027-019----
http://www.wikidata.org/entity/Q126454603,http://www.wikidata.org/prop/direct/P5817,http://www.wikidata.org/entity/Q63065035
http://www.wikidata.org/entity/Q126454603,http://www.wikidata.org/prop/direct/P11693,7995685476
http://www.wikidata.org/entity/Q126454685,http://www.wikidata.org/prop/direct/P17,http://www.wikidata.org/entity/Q27
http://www.wikidata.org/entity/Q126454685,http://www.wikidata.org/prop/direct/P31,http://www.wikidata.org/entity/Q1371047
http://www.wikidata.org/entity/Q126454685,http://www.wikidata.org/prop/direct/P31,http://www.wikidata.org/entity/Q10713454
http://www.wikidata.org/entity/Q126454685,http://www.wikidata.org/prop/direct/P31,http://www.wikidata.org/entity/Q126443332
http://www.wikidata.org/entity/Q126454685,http://www.wikidata.org/prop/direct/P131,http://www.wikidata.org/entity/Q180231
http://www.wikidata.org/entity/Q126454685,http://www.wikidata.org/prop/direct/P131,http://www.wikidata.org/entity/Q60554237
http://www.wikidata.org/entity/Q126454685,http://www.wikidata.org/prop/direct/P131,http://www.wikidata.org/entity/Q104264375
http://www.wikidata.org/entity/Q126454685,http://www.wikidata.org/prop/direct/P138,http://www.wikidata.org/entity/Q42603
http://www.wikidata.org/entity/Q126454685,http://www.wikidata.org/prop/direct/P195,http://www.wikidata.org/entity/Q126875543
http://www.wikidata.org/entity/Q126454685,http://www.wikidata.org/prop/direct/P195,http://www.wikidata.org/entity/Q132817615
http://www.wikidata.org/entity/Q126454685,http://www.wikidata.org/prop/direct/P217,18
http://www.wikidata.org/entity/Q126454685,http://www.wikidata.org/prop/direct/P217,KHW087
http://www.wikidata.org/entity/Q126454685,http://www.wikidata.org/prop/direct/P625,Point(-7.587655 52.788088)
http://www.wikidata.org/entity/Q126454685,http://www.wikidata.org/prop/direct/P708,http://www.wikidata.org/entity/Q873607
http://www.wikidata.org/entity/Q126454685,http://www.wikidata.org/prop/direct/P1343,http://www.wikidata.org/entity/Q120966194
http://www.wikidata.org/entity/Q126454685,http://www.wikidata.org/prop/direct/P1343,http://www.wikidata.org/entity/Q126374601
http://www.wikidata.org/entity/Q126454685,http://www.wikidata.org/prop/direct/P1343,http://www.wikidata.org/entity/Q126528008
http://www.wikidata.org/entity/Q126454685,http://www.wikidata.org/prop/direct/P1343,http://www.wikidata.org/entity/Q126875543
http://www.wikidata.org/entity/Q126454685,http://www.wikidata.org/prop/direct/P1343,http://www.wikidata.org/entity/Q132817615
http://www.wikidata.org/entity/Q126454685,http://www.wikidata.org/prop/direct/P4057,KK008-013----
http://www.wikidata.org/entity/Q126454685,http://www.wikidata.org/prop/direct/P5817,http://www.wikidata.org/entity/Q63065035
http://www.wikidata.org/entity/Q126454692,http://www.wikidata.org/prop/direct/P17,http://www.wikidata.org/entity/Q27
http://www.wikidata.org/entity/Q126454692,http://www.wikidata.org/prop/direct/P31,http://www.wikidata.org/entity/Q1371047
http://www.wikidata.org/entity/Q126454692,http://www.wikidata.org/prop/direct/P31,http://www.wikidata.org/entity/Q126443332
http://www.wikidata.org/entity/Q126454692,http://www.wikidata.org/prop/direct/P131,http://www.wikidata.org/entity/Q180231
http://www.wikidata.org/entity/Q126454692,http://www.wikidata.org/prop/direct/P131,http://www.wikidata.org/entity/Q60554237
http://www.wikidata.org/entity/Q126454692,http://www.wikidata.org/prop/direct/P131,http://www.wikidata.org/entity/Q104264360
http://www.wikidata.org/entity/Q126644654,http://www.wikidata.org/prop/direct/P373,Donaghmore Well (Co. Kilkenny)
http://www.wikidata.org/entity/Q126644654,http://www.wikidata.org/prop/direct/P625,Point(-7.3151103 52.7822629)
http://www.wikidata.org/entity/Q126644654,http://www.wikidata.org/prop/direct/P708,http://www.wikidata.org/entity/Q873607
http://www.wikidata.org/entity/Q126644654,http://www.wikidata.org/prop/direct/P1343,http://www.wikidata.org/entity/Q116166792
http://www.wikidata.org/entity/Q126644654,http://www.wikidata.org/prop/direct/P1343,http://www.wikidata.org/entity/Q126374601
http://www.wikidata.org/entity/Q126644654,http://www.wikidata.org/prop/direct/P1343,http://www.wikidata.org/entity/Q126474972
http://www.wikidata.org/entity/Q126644654,http://www.wikidata.org/prop/direct/P1343,http://www.wikidata.org/entity/Q126528008
http://www.wikidata.org/entity/Q126644654,http://www.wikidata.org/prop/direct/P1343,http://www.wikidata.org/entity/Q126875543
http://www.wikidata.org/entity/Q126644654,http://www.wikidata.org/prop/direct/P1343,http://www.wikidata.org/entity/Q128306212
http://www.wikidata.org/entity/Q126644654,http://www.wikidata.org/prop/direct/P1343,http://www.wikidata.org/entity/Q129997565
http://www.wikidata.org/entity/Q126644654,http://www.wikidata.org/prop/direct/P1343,http://www.wikidata.org/entity/Q130284129
http://www.wikidata.org/entity/Q126644654,http://www.wikidata.org/prop/direct/P1343,http://www.wikidata.org/entity/Q130308814
http://www.wikidata.org/entity/Q126644654,http://www.wikidata.org/prop/direct/P1343,http://www.wikidata.org/entity/Q130378020
http://www.wikidata.org/entity/Q126644654,http://www.wikidata.org/prop/direct/P1343,http://www.wikidata.org/entity/Q132817615
http://www.wikidata.org/entity/Q126644654,http://www.wikidata.org/prop/direct/P4057,KK010-086----
http://www.wikidata.org/entity/Q126644654,http://www.wikidata.org/prop/direct/P6375,"""about a furlong east of the Church"" (OS Letters)"
http://www.wikidata.org/entity/Q126644654,http://www.wikidata.org/prop/direct/P6375,a little to the Northwest of the graveyard (Carrigan)
http://www.wikidata.org/entity/Q126644654,http://www.wikidata.org/prop/direct/P6375,in the Well Field
http://www.wikidata.org/entity/Q126644654,http://www.wikidata.org/prop/direct/P11693,12103583081
http://www.wikidata.org/entity/Q126645328,http://www.wikidata.org/prop/direct/P17,http://www.wikidata.org/entity/Q27
http://www.wikidata.org/entity/Q126645328,http://www.wikidata.org/prop/direct/P31,http://www.wikidata.org/entity/Q1371047
http://www.wikidata.org/entity/Q126645328,http://www.wikidata.org/prop/direct/P31,http://www.wikidata.org/entity/Q126443332
http://www.wikidata.org/entity/Q126645328,http://www.wikidata.org/prop/direct/P131,http://www.wikidata.org/entity/Q180231
http://www.wikidata.org/entity/Q126645328,http://www.wikidata.org/prop/direct/P138,http://www.wikidata.org/entity/Q345
http://www.wikidata.org/entity/Q126645328,http://www.wikidata.org/prop/direct/P138,http://www.wikidata.org/entity/Q132539
http://www.wikidata.org/entity/Q126645328,http://www.wikidata.org/prop/direct/P195,http://www.wikidata.org/entity/Q126875543
http://www.wikidata.org/entity/Q126645328,http://www.wikidata.org/prop/direct/P195,http://www.wikidata.org/entity/Q132817615
http://www.wikidata.org/entity/Q126645328,http://www.wikidata.org/prop/direct/P217,50
http://www.wikidata.org/entity/Q126645328,http://www.wikidata.org/prop/direct/P217,KHW2-14
http://www.wikidata.org/entity/Q126645328,http://www.wikidata.org/prop/direct/P373,"The Rosary Well, Coan"
http://www.wikidata.org/entity/Q126645328,http://www.wikidata.org/prop/direct/P625,Point(-7.1165071 52.787228)
http://www.wikidata.org/entity/Q126645328,http://www.wikidata.org/prop/direct/P708,http://www.wikidata.org/entity/Q873607
http://www.wikidata.org/entity/Q126645328,http://www.wikidata.org/prop/direct/P1343,http://www.wikidata.org/entity/Q126374601
http://www.wikidata.org/entity/Q126645328,http://www.wikidata.org/prop/direct/P1343,http://www.wikidata.org/entity/Q126875543
http://www.wikidata.org/entity/Q126645328,http://www.wikidata.org/prop/direct/P1343,http://www.wikidata.org/entity/Q132817615
http://www.wikidata.org/entity/Q126646306,http://www.wikidata.org/prop/direct/P17,http://www.wikidata.org/entity/Q27
http://www.wikidata.org/entity/Q126646306,http://www.wikidata.org/prop/direct/P31,http://www.wikidata.org/entity/Q1371047
http://www.wikidata.org/entity/Q126646306,http://www.wikidata.org/prop/direct/P31,http://www.wikidata.org/entity/Q126443332
http://www.wikidata.org/entity/Q126646306,http://www.wikidata.org/prop/direct/P131,http://www.wikidata.org/entity/Q180231
http://www.wikidata.org/entity/Q126646306,http://www.wikidata.org/prop/direct/P131,http://www.wikidata.org/entity/Q60557215
http://www.wikidata.org/entity/Q126646306,http://www.wikidata.org/prop/direct/P138,http://www.wikidata.org/entity/Q345
http://www.wikidata.org/entity/Q126646306,http://www.wikidata.org/prop/direct/P195,http://www.wikidata.org/entity/Q126875543
http://www.wikidata.org/entity/Q126646306,http://www.wikidata.org/prop/direct/P195,http://www.wikidata.org/entity/Q132817615
http://www.wikidata.org/entity/Q126646306,http://www.wikidata.org/prop/direct/P217,182
http://www.wikidata.org/entity/Q126646306,http://www.wikidata.org/prop/direct/P217,KHW124
http://www.wikidata.org/entity/Q98142860,http://www.wikidata.org/prop/direct/P613,NX 9559 7222
http://www.wikidata.org/entity/Q98142860,http://www.wikidata.org/prop/direct/P625,Point(-3.635130555 55.033497222)
http://www.wikidata.org/entity/Q98142860,http://www.wikidata.org/prop/direct/P718,65680
http://www.wikidata.org/entity/Q98142860,http://www.wikidata.org/prop/direct/P2671,/g/11jmvw2fyr
http://www.wikidata.org/entity/Q98142860,http://www.wikidata.org/prop/direct/P7959,http://www.wikidata.org/entity/Q17582096
http://www.wikidata.org/entity/Q107247198,http://www.wikidata.org/prop/direct/P17,http://www.wikidata.org/entity/Q142
http://www.wikidata.org/entity/Q107247198,http://www.wikidata.org/prop/direct/P31,http://www.wikidata.org/entity/Q1371047
http://www.wikidata.org/entity/Q107247198,http://www.wikidata.org/prop/direct/P131,http://www.wikidata.org/entity/Q21948469
http://www.wikidata.org/entity/Q107247198,http://www.wikidata.org/prop/direct/P170,http://www.wikidata.org/entity/Q4233718
http://www.wikidata.org/entity/Q107247198,http://www.wikidata.org/prop/direct/P186,http://www.wikidata.org/entity/Q47401
http://www.wikidata.org/entity/Q107247198,http://www.wikidata.org/prop/direct/P186,http://www.wikidata.org/entity/Q1122603
http://www.wikidata.org/entity/Q107247198,http://www.wikidata.org/prop/direct/P186,http://www.wikidata.org/entity/Q3115353
http://www.wikidata.org/entity/Q107247198,http://www.wikidata.org/prop/direct/P380,IA00114455
http://www.wikidata.org/entity/Q107247198,http://www.wikidata.org/prop/direct/P571,1799-01-01T00:00:00Z
http://www.wikidata.org/entity/Q107247198,http://www.wikidata.org/prop/direct/P625,Point(-2.64063 47.60693)
http://www.wikidata.org/entity/Q107247198,http://www.wikidata.org/prop/direct/P825,http://www.wikidata.org/entity/Q192816
http://www.wikidata.org/entity/Q107247198,http://www.wikidata.org/prop/direct/P1435,http://www.wikidata.org/entity/Q16739336
http://www.wikidata.org/entity/Q107247198,http://www.wikidata.org/prop/direct/P2048,275
http://www.wikidata.org/entity/Q107247198,http://www.wikidata.org/prop/direct/P2049,165
http://www.wikidata.org/entity/Q107247198,http://www.wikidata.org/prop/direct/P11693,8480911174
http://www.wikidata.org/entity/Q108250530,http://www.wikidata.org/prop/direct/P17,http://www.wikidata.org/entity/Q142
http://www.wikidata.org/entity/Q108250530,http://www.wikidata.org/prop/direct/P31,http://www.wikidata.org/entity/Q1371047
http://www.wikidata.org/entity/Q108250530,http://www.wikidata.org/prop/direct/P131,http://www.wikidata.org/entity/Q21948469
http://www.wikidata.org/entity/Q108250530,http://www.wikidata.org/prop/direct/P625,Point(-2.67819 47.63847)
http://www.wikidata.org/entity/Q108250530,http://www.wikidata.org/prop/direct/P11693,9031711304
http://www.wikidata.org/entity/Q108477739,http://www.wikidata.org/prop/direct/P17,http://www.wikidata.org/entity/Q142
http://www.wikidata.org/entity/Q108477739,http://www.wikidata.org/prop/direct/P31,http://www.wikidata.org/entity/Q1371047
http://www.wikidata.org/entity/Q108477739,http://www.wikidata.org/prop/direct/P131,http://www.wikidata.org/entity/Q21948469
http://www.wikidata.org/entity/Q108477739,http://www.wikidata.org/prop/direct/P625,Point(-2.64483 47.65702)
http://www.wikidata.org/entity/Q108477739,http://www.wikidata.org/prop/direct/P11693,9077594311
http://www.wikidata.org/entity/Q126685172,http://www.wikidata.org/prop/direct/P17,http://www.wikidata.org/entity/Q27
http://www.wikidata.org/entity/Q126685172,http://www.wikidata.org/prop/direct/P31,http://www.wikidata.org/entity/Q43483
http://www.wikidata.org/entity/Q126685172,http://www.wikidata.org/prop/direct/P31,http://www.wikidata.org/entity/Q1371047
http://www.wikidata.org/entity/Q126685172,http://www.wikidata.org/prop/direct/P31,http://www.wikidata.org/entity/Q126443332
http://www.wikidata.org/entity/Q126685172,http://www.wikidata.org/prop/direct/P131,http://www.wikidata.org/entity/Q180231
http://www.wikidata.org/entity/Q126685172,http://www.wikidata.org/prop/direct/P131,http://www.wikidata.org/entity/Q60554348
http://www.wikidata.org/entity/Q126685172,http://www.wikidata.org/prop/direct/P131,http://www.wikidata.org/entity/Q104264390
http://www.wikidata.org/entity/Q126685172,http://www.wikidata.org/prop/direct/P138,http://www.wikidata.org/entity/Q2280421
http://www.wikidata.org/entity/Q126685172,http://www.wikidata.org/prop/direct/P195,http://www.wikidata.org/entity/Q126875543
http://www.wikidata.org/entity/Q126685172,http://www.wikidata.org/prop/direct/P195,http://www.wikidata.org/entity/Q132817615
http://www.wikidata.org/entity/Q126685172,http://www.wikidata.org/prop/direct/P217,88
http://www.wikidata.org/entity/Q126685172,http://www.wikidata.org/prop/direct/P217,KHW120
http://www.wikidata.org/entity/Q126685172,http://www.wikidata.org/prop/direct/P708,http://www.wikidata.org/entity/Q873607
http://www.wikidata.org/entity/Q126685172,http://www.wikidata.org/prop/direct/P1343,http://www.wikidata.org/entity/Q116166792
http://www.wikidata.org/entity/Q126685172,http://www.wikidata.org/prop/direct/P1343,http://www.wikidata.org/entity/Q126374601
http://www.wikidata.org/entity/Q126685172,http://www.wikidata.org/prop/direct/P1343,http://www.wikidata.org/entity/Q126393245
http://www.wikidata.org/entity/Q126685172,http://www.wikidata.org/prop/direct/P1343,http://www.wikidata.org/entity/Q126456421
http://www.wikidata.org/entity/Q126685172,http://www.wikidata.org/prop/direct/P1343,http://www.wikidata.org/entity/Q126474972
http://www.wikidata.org/entity/Q126685172,http://www.wikidata.org/prop/direct/P1343,http://www.wikidata.org/entity/Q126871352
http://www.wikidata.org/entity/Q126685172,http://www.wikidata.org/prop/direct/P1343,http://www.wikidata.org/entity/Q126875543
http://www.wikidata.org/entity/Q126685172,http://www.wikidata.org/prop/direct/P1343,http://www.wikidata.org/entity/Q129998019
http://www.wikidata.org/entity/Q126685172,http://www.wikidata.org/prop/direct/P1343,http://www.wikidata.org/entity/Q132817615
http://www.wikidata.org/entity/Q126685172,http://www.wikidata.org/prop/direct/P4057,KK008-047008-
http://www.wikidata.org/entity/Q126685172,http://www.wikidata.org/prop/direct/P6375,north of the Round Tower
http://www.wikidata.org/entity/Q126876178,http://www.wikidata.org/prop/direct/P17,http://www.wikidata.org/entity/Q27
http://www.wikidata.org/entity/Q126876178,http://www.wikidata.org/prop/direct/P31,http://www.wikidata.org/entity/Q124714
http://www.wikidata.org/entity/Q126876178,http://www.wikidata.org/prop/direct/P31,http://www.wikidata.org/entity/Q1371047
http://www.wikidata.org/entity/Q126876178,http://www.wikidata.org/prop/direct/P31,http://www.wikidata.org/entity/Q126443332
http://www.wikidata.org/entity/Q126876178,http://www.wikidata.org/prop/direct/P131,http://www.wikidata.org/entity/Q180231
http://www.wikidata.org/entity/Q126876178,http://www.wikidata.org/prop/direct/P131,http://www.wikidata.org/entity/Q104265699
http://www.wikidata.org/entity/Q126876178,http://www.wikidata.org/prop/direct/P195,http://www.wikidata.org/entity/Q126875543
http://www.wikidata.org/entity/Q126876178,http://www.wikidata.org/prop/direct/P195,http://www.wikidata.org/entity/Q132817615
http://www.wikidata.org/entity/Q126876178,http://www.wikidata.org/prop/direct/P217,4
http://www.wikidata.org/entity/Q126876178,http://www.wikidata.org/prop/direct/P217,KHW2-13
http://www.wikidata.org/entity/Q126454746,http://www.wikidata.org/prop/direct/P625,Point(-7.2786871 52.3488449)
http://www.wikidata.org/entity/Q126454746,http://www.wikidata.org/prop/direct/P708,http://www.wikidata.org/entity/Q873607
http://www.wikidata.org/entity/Q126454746,http://www.wikidata.org/prop/direct/P1343,http://www.wikidata.org/entity/Q126374601
http://www.wikidata.org/entity/Q126454746,http://www.wikidata.org/prop/direct/P1343,http://www.wikidata.org/entity/Q126456421
http://www.wikidata.org/entity/Q126454746,http://www.wikidata.org/prop/direct/P1343,http://www.wikidata.org/entity/Q126528008
http://www.wikidata.org/entity/Q126454746,http://www.wikidata.org/prop/direct/P1343,http://www.wikidata.org/entity/Q126540348
http://www.wikidata.org/entity/Q126454746,http://www.wikidata.org/prop/direct/P1343,http://www.wikidata.org/entity/Q126875543
http://www.wikidata.org/entity/Q126454746,http://www.wikidata.org/prop/direct/P1343,http://www.wikidata.org/entity/Q130284129
http://www.wikidata.org/entity/Q126454746,http://www.wikidata.org/prop/direct/P1343,http://www.wikidata.org/entity/Q130308814
http://www.wikidata.org/entity/Q126454746,http://www.wikidata.org/prop/direct/P1343,http://www.wikidata.org/entity/Q132817615
http://www.wikidata.org/entity/Q126454746,http://www.wikidata.org/prop/direct/P1343,http://www.wikidata.org/entity/Q133263165
http://www.wikidata.org/entity/Q126454746,http://www.wikidata.org/prop/direct/P4057,KK039-025001-
http://www.wikidata.org/entity/Q126454746,http://www.wikidata.org/prop/direct/P11693,8494440980
http://www.wikidata.org/entity/Q126454785,http://www.wikidata.org/prop/direct/P17,http://www.wikidata.org/entity/Q27
http://www.wikidata.org/entity/Q126454785,http://www.wikidata.org/prop/direct/P18,http://commons.wikimedia.org/wiki/Special:FilePath/Possible%20location%20of%20Tobernapeastia.jpg
http://www.wikidata.org/entity/Q126454785,http://www.wikidata.org/prop/direct/P31,http://www.wikidata.org/entity/Q124714
http://www.wikidata.org/entity/Q126454785,http://www.wikidata.org/prop/direct/P31,http://www.wikidata.org/entity/Q1371047
http://www.wikidata.org/entity/Q126454785,http://www.wikidata.org/prop/direct/P31,http://www.wikidata.org/entity/Q126443332
http://www.wikidata.org/entity/Q126454785,http://www.wikidata.org/prop/direct/P131,http://www.wikidata.org/entity/Q180231
http://www.wikidata.org/entity/Q126454785,http://www.wikidata.org/prop/direct/P131,http://www.wikidata.org/entity/Q60554307
http://www.wikidata.org/entity/Q126454785,http://www.wikidata.org/prop/direct/P131,http://www.wikidata.org/entity/Q104264662
http://www.wikidata.org/entity/Q126454785,http://www.wikidata.org/prop/direct/P138,http://www.wikidata.org/entity/Q2102
http://www.wikidata.org/entity/Q126454785,http://www.wikidata.org/prop/direct/P138,http://www.wikidata.org/entity/Q1909343
http://www.wikidata.org/entity/Q126454785,http://www.wikidata.org/prop/direct/P195,http://www.wikidata.org/entity/Q126875543
http://www.wikidata.org/entity/Q126454785,http://www.wikidata.org/prop/direct/P195,http://www.wikidata.org/entity/Q132817615
http://www.wikidata.org/entity/Q126454785,http://www.wikidata.org/prop/direct/P217,174
http://www.wikidata.org/entity/Q126454785,http://www.wikidata.org/prop/direct/P217,KHW099
http://www.wikidata.org/entity/Q126454785,http://www.wikidata.org/prop/direct/P373,Tobernapeastia
http://www.wikidata.org/entity/Q126454785,http://www.wikidata.org/prop/direct/P625,Point(-7.420264 52.7358354)
http://www.wikidata.org/entity/Q126454785,http://www.wikidata.org/prop/direct/P708,http://www.wikidata.org/entity/Q873607
http://www.wikidata.org/entity/Q126454785,http://www.wikidata.org/prop/direct/P1343,http://www.wikidata.org/entity/Q116166792
http://www.wikidata.org/entity/Q126454785,http://www.wikidata.org/prop/direct/P1343,http://www.wikidata.org/entity/Q120966194
http://www.wikidata.org/entity/Q126454785,http://www.wikidata.org/prop/direct/P1343,http://www.wikidata.org/entity/Q126374601
http://www.wikidata.org/entity/Q126454785,http://www.wikidata.org/prop/direct/P1343,http://www.wikidata.org/entity/Q126393245
http://www.wikidata.org/entity/Q126454785,http://www.wikidata.org/prop/direct/P1343,http://www.wikidata.org/entity/Q126474972
http://www.wikidata.org/entity/Q126454785,http://www.wikidata.org/prop/direct/P1343,http://www.wikidata.org/entity/Q126871352
http://www.wikidata.org/entity/Q126454785,http://www.wikidata.org/prop/direct/P1343,http://www.wikidata.org/entity/Q126875543
http://www.wikidata.org/entity/Q126454785,http://www.wikidata.org/prop/direct/P1343,http://www.wikidata.org/entity/Q129181072
http://www.wikidata.org/entity/Q126454785,http://www.wikidata.org/prop/direct/P1343,http://www.wikidata.org/entity/Q130284129
http://www.wikidata.org/entity/Q126454785,http://www.wikidata.org/prop/direct/P1343,http://www.wikidata.org/entity/Q130308814
http://www.wikidata.org/entity/Q126454785,http://www.wikidata.org/prop/direct/P1343,http://www.wikidata.org/entity/Q131192390
http://www.wikidata.org/entity/Q126454785,http://www.wikidata.org/prop/direct/P1343,http://www.wikidata.org/entity/Q132817615
http://www.wikidata.org/entity/Q126454785,http://www.wikidata.org/prop/direct/P4057,KK009-064----
http://www.wikidata.org/entity/Q126454785,http://www.wikidata.org/prop/direct/P11693,7017364370
http://www.wikidata.org/entity/Q126681256,http://www.wikidata.org/prop/direct/P17,http://www.wikidata.org/entity/Q27
http://www.wikidata.org/entity/Q126681256,http://www.wikidata.org/prop/direct/P31,http://www.wikidata.org/entity/Q1371047
http://www.wikidata.org/entity/Q126681256,http://www.wikidata.org/prop/direct/P31,http://www.wikidata.org/entity/Q126443332
http://www.wikidata.org/entity/Q126681256,http://www.wikidata.org/prop/direct/P131,http://www.wikidata.org/entity/Q180231
http://www.wikidata.org/entity/Q126681256,http://www.wikidata.org/prop/direct/P131,http://www.wikidata.org/entity/Q104266262
http://www.wikidata.org/entity/Q126681256,http://www.wikidata.org/prop/direct/P138,http://www.wikidata.org/entity/Q80979
http://www.wikidata.org/entity/Q126681256,http://www.wikidata.org/prop/direct/P195,http://www.wikidata.org/entity/Q126875543
http://www.wikidata.org/entity/Q126681256,http://www.wikidata.org/prop/direct/P195,http://www.wikidata.org/entity/Q132817615
http://www.wikidata.org/entity/Q126681256,http://www.wikidata.org/prop/direct/P217,99
http://www.wikidata.org/entity/Q126681256,http://www.wikidata.org/prop/direct/P217,KHW116
http://www.wikidata.org/entity/Q126681256,http://www.wikidata.org/prop/direct/P625,Point(-7.0589943 52.3689138)
http://www.wikidata.org/entity/Q126681256,http://www.wikidata.org/prop/direct/P708,http://www.wikidata.org/entity/Q873607
http://www.wikidata.org/entity/Q126681256,http://www.wikidata.org/prop/direct/P1343,http://www.wikidata.org/entity/Q126374601
http://www.wikidata.org/entity/Q126681256,http://www.wikidata.org/prop/direct/P1343,http://www.wikidata.org/entity/Q126393245
http://www.wikidata.org/entity/Q126681256,http://www.wikidata.org/prop/direct/P1343,http://www.wikidata.org/entity/Q126456421
http://www.wikidata.org/entity/Q126681256,http://www.wikidata.org/prop/direct/P1343,http://www.wikidata.org/entity/Q126474972
http://www.wikidata.org/entity/Q126681256,http://www.wikidata.org/prop/direct/P1343,http://www.wikidata.org/entity/Q126875543
http://www.wikidata.org/entity/Q126681256,http://www.wikidata.org/prop/direct/P1343,http://www.wikidata.org/entity/Q129907246
http://www.wikidata.org/entity/Q126681256,http://www.wikidata.org/prop/direct/P1343,http://www.wikidata.org/entity/Q130284129
http://www.wikidata.org/entity/Q126681256,http://www.wikidata.org/prop/direct/P1343,http://www.wikidata.org/entity/Q130308814
http://www.wikidata.org/entity/Q126681256,http://www.wikidata.org/prop/direct/P1343,http://www.wikidata.org/entity/Q132817615
http://www.wikidata.org/entity/Q126681256,http://www.wikidata.org/prop/direct/P4057,KK040-046----
http://www.wikidata.org/entity/Q126685062,http://www.wikidata.org/prop/direct/P17,http://www.wikidata.org/entity/Q27
http://www.wikidata.org/entity/Q126685062,http://www.wikidata.org/prop/direct/P18,http://commons.wikimedia.org/wiki/Special:FilePath/Lacken%20Well%20Kilkenny.jpg
http://www.wikidata.org/entity/Q126685062,http://www.wikidata.org/prop/direct/P31,http://www.wikidata.org/entity/Q1371047
http://www.wikidata.org/entity/Q126685062,http://www.wikidata.org/prop/direct/P31,http://www.wikidata.org/entity/Q126443332
http://www.wikidata.org/entity/Q126685062,http://www.wikidata.org/prop/direct/P131,http://www.wikidata.org/entity/Q109092
http://www.wikidata.org/entity/Q126685062,http://www.wikidata.org/prop/direct/P131,http://www.wikidata.org/entity/Q180231
http://www.wikidata.org/entity/Q126685062,http://www.wikidata.org/prop/direct/P138,http://www.wikidata.org/entity/Q944588
http://www.wikidata.org/entity/Q126685062,http://www.wikidata.org/prop/direct/P195,http://www.wikidata.org/entity/Q132817615
http://www.wikidata.org/entity/Q126685062,http://www.wikidata.org/prop/direct/P217,KHW115
http://www.wikidata.org/entity/Q126685062,http://www.wikidata.org/prop/direct/P373,"Lacken Well, Kilkenny"
http://www.wikidata.org/entity/Q126685062,http://www.wikidata.org/prop/direct/P625,Point(-7.23905 52.65153)
http://www.wikidata.org/entity/Q126685062,http://www.wikidata.org/prop/direct/P708,http://www.wikidata.org/entity/Q873607
http://www.wikidata.org/entity/Q126685062,http://www.wikidata.org/prop/direct/P973,https://new.keepkilkennybeautiful.com/?tag=lacken
http://www.wikidata.org/entity/Q126685062,http://www.wikidata.org/prop/direct/P973,https://www.kilkennypeople.ie/news/local-news/727710/mayor-calls-for-review-of-kilkenny-citys-wells.html
http://www.wikidata.org/entity/Q126685062,http://www.wikidata.org/prop/direct/P1343,http://www.wikidata.org/entity/Q126393245
http://www.wikidata.org/entity/Q126685062,http://www.wikidata.org/prop/direct/P1343,http://www.wikidata.org/entity/Q126540348
http://www.wikidata.org/entity/Q126685062,http://www.wikidata.org/prop/direct/P1343,http://www.wikidata.org/entity/Q127524368
http://www.wikidata.org/entity/Q126685062,http://www.wikidata.org/prop/direct/P1343,http://www.wikidata.org/entity/Q128033900
http://www.wikidata.org/entity/Q126685062,http://www.wikidata.org/prop/direct/P1343,http://www.wikidata.org/entity/Q129421697
http://www.wikidata.org/entity/Q126685062,http://www.wikidata.org/prop/direct/P1343,http://www.wikidata.org/entity/Q132817615
http://www.wikidata.org/entity/Q126685062,http://www.wikidata.org/prop/direct/P1343,http://www.wikidata.org/entity/Q133575033
http://www.wikidata.org/entity/Q126685062,http://www.wikidata.org/prop/direct/P1651,4JPYRMSQ0lM
http://www.wikidata.org/entity/Q126685062,http://www.wikidata.org/prop/direct/P11693,5343898432
http://www.wikidata.org/entity/Q114439798,http://www.wikidata.org/prop/direct/P1325,https://sketchfab.com/3d-models/kennys-well-indoors-low-poly-685c7b9d3b0e4ba09e222633342cfcc3
http://www.wikidata.org/entity/Q114439798,http://www.wikidata.org/prop/direct/P1343,http://www.wikidata.org/entity/Q116166792
http://www.wikidata.org/entity/Q114439798,http://www.wikidata.org/prop/direct/P1343,http://www.wikidata.org/entity/Q120966194
http://www.wikidata.org/entity/Q114439798,http://www.wikidata.org/prop/direct/P1343,http://www.wikidata.org/entity/Q120968926
http://www.wikidata.org/entity/Q114439798,http://www.wikidata.org/prop/direct/P1343,http://www.wikidata.org/entity/Q126374601
http://www.wikidata.org/entity/Q114439798,http://www.wikidata.org/prop/direct/P1343,http://www.wikidata.org/entity/Q126393245
http://www.wikidata.org/entity/Q114439798,http://www.wikidata.org/prop/direct/P1343,http://www.wikidata.org/entity/Q126454465
http://www.wikidata.org/entity/Q114439798,http://www.wikidata.org/prop/direct/P1343,http://www.wikidata.org/entity/Q126528008
http://www.wikidata.org/entity/Q114439798,http://www.wikidata.org/prop/direct/P1343,http://www.wikidata.org/entity/Q126540348
http://www.wikidata.org/entity/Q114439798,http://www.wikidata.org/prop/direct/P1343,http://www.wikidata.org/entity/Q126555558
http://www.wikidata.org/entity/Q114439798,http://www.wikidata.org/prop/direct/P1343,http://www.wikidata.org/entity/Q126871352
http://www.wikidata.org/entity/Q114439798,http://www.wikidata.org/prop/direct/P1343,http://www.wikidata.org/entity/Q126875543
http://www.wikidata.org/entity/Q114439798,http://www.wikidata.org/prop/direct/P1343,http://www.wikidata.org/entity/Q127278423
http://www.wikidata.org/entity/Q114439798,http://www.wikidata.org/prop/direct/P1343,http://www.wikidata.org/entity/Q127278616
http://www.wikidata.org/entity/Q114439798,http://www.wikidata.org/prop/direct/P1343,http://www.wikidata.org/entity/Q127524368
http://www.wikidata.org/entity/Q114439798,http://www.wikidata.org/prop/direct/P1343,http://www.wikidata.org/entity/Q127606032
http://www.wikidata.org/entity/Q114439798,http://www.wikidata.org/prop/direct/P1343,http://www.wikidata.org/entity/Q127619817
http://www.wikidata.org/entity/Q114439798,http://www.wikidata.org/prop/direct/P1343,http://www.wikidata.org/entity/Q127691937
http://www.wikidata.org/entity/Q114439798,http://www.wikidata.org/prop/direct/P1343,http://www.wikidata.org/entity/Q128609273
http://www.wikidata.org/entity/Q114439798,http://www.wikidata.org/prop/direct/P1343,http://www.wikidata.org/entity/Q128611740
http://www.wikidata.org/entity/Q114439798,http://www.wikidata.org/prop/direct/P1343,http://www.wikidata.org/entity/Q128613270
http://www.wikidata.org/entity/Q114439798,http://www.wikidata.org/prop/direct/P1343,http://www.wikidata.org/entity/Q129421697
http://www.wikidata.org/entity/Q114439798,http://www.wikidata.org/prop/direct/P1343,http://www.wikidata.org/entity/Q129905816
http://www.wikidata.org/entity/Q114439798,http://www.wikidata.org/prop/direct/P1343,http://www.wikidata.org/entity/Q129920399
http://www.wikidata.org/entity/Q114439798,http://www.wikidata.org/prop/direct/P1343,http://www.wikidata.org/entity/Q129997144
http://www.wikidata.org/entity/Q114439798,http://www.wikidata.org/prop/direct/P1343,http://www.wikidata.org/entity/Q130265580
http://www.wikidata.org/entity/Q114439798,http://www.wikidata.org/prop/direct/P1343,http://www.wikidata.org/entity/Q130284129
http://www.wikidata.org/entity/Q114439798,http://www.wikidata.org/prop/direct/P1343,http://www.wikidata.org/entity/Q130308814
http://www.wikidata.org/entity/Q114439798,http://www.wikidata.org/prop/direct/P1343,http://www.wikidata.org/entity/Q130362725
http://www.wikidata.org/entity/Q114439798,http://www.wikidata.org/prop/direct/P1343,http://www.wikidata.org/entity/Q130471945
http://www.wikidata.org/entity/Q114439798,http://www.wikidata.org/prop/direct/P1343,http://www.wikidata.org/entity/Q130486611
http://www.wikidata.org/entity/Q114439798,http://www.wikidata.org/prop/direct/P1343,http://www.wikidata.org/entity/Q132817615
http://www.wikidata.org/entity/Q114439798,http://www.wikidata.org/prop/direct/P1343,http://www.wikidata.org/entity/Q133260886
http://www.wikidata.org/entity/Q114439798,http://www.wikidata.org/prop/direct/P1343,http://www.wikidata.org/entity/Q133575033
http://www.wikidata.org/entity/Q114439798,http://www.wikidata.org/prop/direct/P4057,KK019-024----
http://www.wikidata.org/entity/Q114439798,http://www.wikidata.org/prop/direct/P11693,1158290017
http://www.wikidata.org/entity/Q117187732,http://www.wikidata.org/prop/direct/P17,http://www.wikidata.org/entity/Q27
http://www.wikidata.org/entity/Q117187732,http://www.wikidata.org/prop/direct/P18,http://commons.wikimedia.org/wiki/Special:FilePath/St%20Winifred%27s%20Well%2C%20Temple%20Bar%2002.jpg
http://www.wikidata.org/entity/Q117187732,http://www.wikidata.org/prop/direct/P31,http://www.wikidata.org/entity/Q1371047
http://www.wikidata.org/entity/Q117187732,http://www.wikidata.org/prop/direct/P131,http://www.wikidata.org/entity/Q1761
http://www.wikidata.org/entity/Q117187732,http://www.wikidata.org/prop/direct/P138,http://www.wikidata.org/entity/Q2575112
http://www.wikidata.org/entity/Q117187732,http://www.wikidata.org/prop/direct/P373,"St Winifred’s Well, Temple Bar"
http://www.wikidata.org/entity/Q92206303,http://www.wikidata.org/prop/direct/P17,http://www.wikidata.org/entity/Q34
http://www.wikidata.org/entity/Q92206303,http://www.wikidata.org/prop/direct/P31,http://www.wikidata.org/entity/Q1371047
http://www.wikidata.org/entity/Q92206303,http://www.wikidata.org/prop/direct/P31,http://www.wikidata.org/entity/Q3395377
http://www.wikidata.org/entity/Q92206303,http://www.wikidata.org/prop/direct/P131,http://www.wikidata.org/entity/Q10435878
http://www.wikidata.org/entity/Q92206303,http://www.wikidata.org/prop/direct/P625,Point(18.473055555 57.6675)
http://www.wikidata.org/entity/Q97116084,http://www.wikidata.org/prop/direct/P17,http://www.wikidata.org/entity/Q34
http://www.wikidata.org/entity/Q97116084,http://www.wikidata.org/prop/direct/P18,http://commons.wikimedia.org/wiki/Special:FilePath/Sankt%20Nicolai%20k%C3%A4lla.jpg
http://www.wikidata.org/entity/Q97116084,http://www.wikidata.org/prop/direct/P31,http://www.wikidata.org/entity/Q1371047
http://www.wikidata.org/entity/Q97116084,http://www.wikidata.org/prop/direct/P131,http://www.wikidata.org/entity/Q271079
http://www.wikidata.org/entity/Q97116084,http://www.wikidata.org/prop/direct/P276,http://www.wikidata.org/entity/Q10479994
http://www.wikidata.org/entity/Q97116084,http://www.wikidata.org/prop/direct/P625,Point(12.46075 59.057712)
http://www.wikidata.org/entity/Q97397337,http://www.wikidata.org/prop/direct/P17,http://www.wikidata.org/entity/Q155
http://www.wikidata.org/entity/Q97397337,http://www.wikidata.org/prop/direct/P18,http://commons.wikimedia.org/wiki/Special:FilePath/Igreja%20de%20Nossa%20Senhora%20do%20Pilar%20Salvador%20Fonte%20Sta%20Luzia%202018-0113.jpg
http://www.wikidata.org/entity/Q97397337,http://www.wikidata.org/prop/direct/P31,http://www.wikidata.org/entity/Q1371047
http://www.wikidata.org/entity/Q97397337,http://www.wikidata.org/prop/direct/P131,http://www.wikidata.org/entity/Q36947
http://www.wikidata.org/entity/Q97397337,http://www.wikidata.org/prop/direct/P138,http://www.wikidata.org/entity/Q183240
http://www.wikidata.org/entity/Q97397337,http://www.wikidata.org/prop/direct/P276,http://www.wikidata.org/entity/Q55454982
http://www.wikidata.org/entity/Q97397337,http://www.wikidata.org/prop/direct/P373,Fonte de Santa Luzia
http://www.wikidata.org/entity/Q97397337,http://www.wikidata.org/prop/direct/P625,Point(-38.506385 -12.965742)
http://www.wikidata.org/entity/Q97397337,http://www.wikidata.org/prop/direct/P825,http://www.wikidata.org/entity/Q183240
http://www.wikidata.org/entity/Q97397337,http://www.wikidata.org/prop/direct/P2670,http://www.wikidata.org/entity/Q656656
http://www.wikidata.org/entity/Q98142860,http://www.wikidata.org/prop/direct/P17,http://www.wikidata.org/entity/Q145
http://www.wikidata.org/entity/Q98142860,http://www.wikidata.org/prop/direct/P18,http://commons.wikimedia.org/wiki/Special:FilePath/St%20Queran%27s%20Well%2002.jpg
http://www.wikidata.org/entity/Q98142860,http://www.wikidata.org/prop/direct/P31,http://www.wikidata.org/entity/Q1371047
http://www.wikidata.org/entity/Q98142860,http://www.wikidata.org/prop/direct/P131,http://www.wikidata.org/entity/Q126514
http://www.wikidata.org/entity/Q98142860,http://www.wikidata.org/prop/direct/P373,St Queran's Well
http://www.wikidata.org/entity/Q30149655,http://www.wikidata.org/prop/direct/P17,http://www.wikidata.org/entity/Q35
http://www.wikidata.org/entity/Q30149655,http://www.wikidata.org/prop/direct/P31,http://www.wikidata.org/entity/Q1371047
http://www.wikidata.org/entity/Q30149655,http://www.wikidata.org/prop/direct/P131,http://www.wikidata.org/entity/Q1425064
http://www.wikidata.org/entity/Q30149655,http://www.wikidata.org/prop/direct/P625,Point(11.447253722 55.823513674)
http://www.wikidata.org/entity/Q30149655,http://www.wikidata.org/prop/direct/P1435,http://www.wikidata.org/entity/Q12312385
http://www.wikidata.org/entity/Q30149655,http://www.wikidata.org/prop/direct/P3596,103996
http://www.wikidata.org/entity/Q30150064,http://www.wikidata.org/prop/direct/P17,http://www.wikidata.org/entity/Q35
http://www.wikidata.org/entity/Q30150064,http://www.wikidata.org/prop/direct/P31,http://www.wikidata.org/entity/Q1371047
http://www.wikidata.org/entity/Q30150064,http://www.wikidata.org/prop/direct/P131,http://www.wikidata.org/entity/Q513256
http://www.wikidata.org/entity/Q30150064,http://www.wikidata.org/prop/direct/P625,Point(10.527284146 55.832809851)
http://www.wikidata.org/entity/Q30150064,http://www.wikidata.org/prop/direct/P1435,http://www.wikidata.org/entity/Q12312385
http://www.wikidata.org/entity/Q30150064,http://www.wikidata.org/prop/direct/P3596,106409
http://www.wikidata.org/entity/Q30150852,http://www.wikidata.org/prop/direct/P17,http://www.wikidata.org/entity/Q35
http://www.wikidata.org/entity/Q30150852,http://www.wikidata.org/prop/direct/P31,http://www.wikidata.org/entity/Q1371047
http://www.wikidata.org/entity/Q30150852,http://www.wikidata.org/prop/direct/P131,http://www.wikidata.org/entity/Q29927
http://www.wikidata.org/entity/Q30150852,http://www.wikidata.org/prop/direct/P625,Point(11.252087276 55.41756129)
http://www.wikidata.org/entity/Q30150852,http://www.wikidata.org/prop/direct/P1435,http://www.wikidata.org/entity/Q12312385
http://www.wikidata.org/entity/Q30150852,http://www.wikidata.org/prop/direct/P3596,111172
http://www.wikidata.org/entity/Q30153758,http://www.wikidata.org/prop/direct/P17,http://www.wikidata.org/entity/Q35
http://www.wikidata.org/entity/Q30153758,http://www.wikidata.org/prop/direct/P31,http://www.wikidata.org/entity/Q1371047
http://www.wikidata.org/entity/Q30153758,http://www.wikidata.org/prop/direct/P131,http://www.wikidata.org/entity/Q21152
http://www.wikidata.org/entity/Q30153758,http://www.wikidata.org/prop/direct/P625,Point(9.334555111 55.132051678)
http://www.wikidata.org/entity/Q30153758,http://www.wikidata.org/prop/direct/P1435,http://www.wikidata.org/entity/Q12312385
http://www.wikidata.org/entity/Q30153758,http://www.wikidata.org/prop/direct/P3596,118851
http://www.wikidata.org/entity/Q30154843,http://www.wikidata.org/prop/direct/P17,http://www.wikidata.org/entity/Q35
http://www.wikidata.org/entity/Q30154843,http://www.wikidata.org/prop/direct/P31,http://www.wikidata.org/entity/Q1371047
http://www.wikidata.org/entity/Q30154843,http://www.wikidata.org/prop/direct/P131,http://www.wikidata.org/entity/Q21145
http://www.wikidata.org/entity/Q30154843,http://www.wikidata.org/prop/direct/P625,Point(9.720155847 55.582342701)
http://www.wikidata.org/entity/Q30154843,http://www.wikidata.org/prop/direct/P1435,http://www.wikidata.org/entity/Q12312385
http://www.wikidata.org/entity/Q30154843,http://www.wikidata.org/prop/direct/P3596,124372
http://www.wikidata.org/entity/Q126454878,http://www.wikidata.org/prop/direct/P1343,http://www.wikidata.org/entity/Q126540348
http://www.wikidata.org/entity/Q126454878,http://www.wikidata.org/prop/direct/P1343,http://www.wikidata.org/entity/Q126871352
http://www.wikidata.org/entity/Q126454878,http://www.wikidata.org/prop/direct/P1343,http://www.wikidata.org/entity/Q126875543
http://www.wikidata.org/entity/Q126454878,http://www.wikidata.org/prop/direct/P1343,http://www.wikidata.org/entity/Q130284129
http://www.wikidata.org/entity/Q126454878,http://www.wikidata.org/prop/direct/P1343,http://www.wikidata.org/entity/Q130308814
http://www.wikidata.org/entity/Q126454878,http://www.wikidata.org/prop/direct/P1343,http://www.wikidata.org/entity/Q132817615
http://www.wikidata.org/entity/Q126454878,http://www.wikidata.org/prop/direct/P4057,KK023-094----
http://www.wikidata.org/entity/Q126454878,http://www.wikidata.org/prop/direct/P11693,8515244709
http://www.wikidata.org/entity/Q126454901,http://www.wikidata.org/prop/direct/P17,http://www.wikidata.org/entity/Q27
http://www.wikidata.org/entity/Q126454901,http://www.wikidata.org/prop/direct/P31,http://www.wikidata.org/entity/Q124714
http://www.wikidata.org/entity/Q126454901,http://www.wikidata.org/prop/direct/P31,http://www.wikidata.org/entity/Q1371047
http://www.wikidata.org/entity/Q126454901,http://www.wikidata.org/prop/direct/P31,http://www.wikidata.org/entity/Q126443332
http://www.wikidata.org/entity/Q126454901,http://www.wikidata.org/prop/direct/P131,http://www.wikidata.org/entity/Q180231
http://www.wikidata.org/entity/Q126454901,http://www.wikidata.org/prop/direct/P131,http://www.wikidata.org/entity/Q60554413
http://www.wikidata.org/entity/Q126454901,http://www.wikidata.org/prop/direct/P131,http://www.wikidata.org/entity/Q104265119
http://www.wikidata.org/entity/Q126454901,http://www.wikidata.org/prop/direct/P195,http://www.wikidata.org/entity/Q126875543
http://www.wikidata.org/entity/Q126454901,http://www.wikidata.org/prop/direct/P195,http://www.wikidata.org/entity/Q132817615
http://www.wikidata.org/entity/Q126454901,http://www.wikidata.org/prop/direct/P217,52
http://www.wikidata.org/entity/Q126454901,http://www.wikidata.org/prop/direct/P217,KHW106
http://www.wikidata.org/entity/Q126454901,http://www.wikidata.org/prop/direct/P625,Point(-7.2906733 52.7611516)
http://www.wikidata.org/entity/Q126454901,http://www.wikidata.org/prop/direct/P708,http://www.wikidata.org/entity/Q873607
http://www.wikidata.org/entity/Q126454901,http://www.wikidata.org/prop/direct/P1343,http://www.wikidata.org/entity/Q116166792
http://www.wikidata.org/entity/Q126454901,http://www.wikidata.org/prop/direct/P1343,http://www.wikidata.org/entity/Q120966194
http://www.wikidata.org/entity/Q126454901,http://www.wikidata.org/prop/direct/P1343,http://www.wikidata.org/entity/Q126374601
http://www.wikidata.org/entity/Q126454901,http://www.wikidata.org/prop/direct/P1343,http://www.wikidata.org/entity/Q126393245
http://www.wikidata.org/entity/Q126454901,http://www.wikidata.org/prop/direct/P1343,http://www.wikidata.org/entity/Q126528008
http://www.wikidata.org/entity/Q126454901,http://www.wikidata.org/prop/direct/P1343,http://www.wikidata.org/entity/Q126875543
http://www.wikidata.org/entity/Q126454901,http://www.wikidata.org/prop/direct/P1343,http://www.wikidata.org/entity/Q132817615
http://www.wikidata.org/entity/Q126454901,http://www.wikidata.org/prop/direct/P4057,KK010-102----
http://www.wikidata.org/entity/Q126454901,http://www.wikidata.org/prop/direct/P11693,11124030065
http://www.wikidata.org/entity/Q126454954,http://www.wikidata.org/prop/direct/P17,http://www.wikidata.org/entity/Q27
http://www.wikidata.org/entity/Q126454954,http://www.wikidata.org/prop/direct/P31,http://www.wikidata.org/entity/Q1371047
http://www.wikidata.org/entity/Q126454954,http://www.wikidata.org/prop/direct/P31,http://www.wikidata.org/entity/Q126443332
http://www.wikidata.org/entity/Q126454954,http://www.wikidata.org/prop/direct/P131,http://www.wikidata.org/entity/Q180231
http://www.wikidata.org/entity/Q126454954,http://www.wikidata.org/prop/direct/P131,http://www.wikidata.org/entity/Q60554507
http://www.wikidata.org/entity/Q126454954,http://www.wikidata.org/prop/direct/P131,http://www.wikidata.org/entity/Q104266248
http://www.wikidata.org/entity/Q126454954,http://www.wikidata.org/prop/direct/P138,http://www.wikidata.org/entity/Q45581
http://www.wikidata.org/entity/Q126454954,http://www.wikidata.org/prop/direct/P195,http://www.wikidata.org/entity/Q126875543
http://www.wikidata.org/entity/Q126454954,http://www.wikidata.org/prop/direct/P195,http://www.wikidata.org/entity/Q132817615
http://www.wikidata.org/entity/Q126454954,http://www.wikidata.org/prop/direct/P217,33
http://www.wikidata.org/entity/Q126454954,http://www.wikidata.org/prop/direct/P217,KHW051
http://www.wikidata.org/entity/Q2433728,http://www.wikidata.org/prop/direct/P17,http://www.wikidata.org/entity/Q41
http://www.wikidata.org/entity/Q2433728,http://www.wikidata.org/prop/direct/P31,http://www.wikidata.org/entity/Q1371047
http://www.wikidata.org/entity/Q2433728,http://www.wikidata.org/prop/direct/P276,http://www.wikidata.org/entity/Q187570
http://www.wikidata.org/entity/Q2433728,http://www.wikidata.org/prop/direct/P276,http://www.wikidata.org/entity/Q27882389
http://www.wikidata.org/entity/Q2433728,http://www.wikidata.org/prop/direct/P361,http://www.wikidata.org/entity/Q34726
http://www.wikidata.org/entity/Q2433728,http://www.wikidata.org/prop/direct/P646,/m/020gfy
http://www.wikidata.org/entity/Q2433728,http://www.wikidata.org/prop/direct/P1889,http://www.wikidata.org/entity/Q1702894
http://www.wikidata.org/entity/Q2433728,http://www.wikidata.org/prop/direct/P3342,http://www.wikidata.org/entity/Q656881
http://www.wikidata.org/entity/Q2433728,http://www.wikidata.org/prop/direct/P11946,o166
http://www.wikidata.org/entity/Q2433728,http://www.wikidata.org/prop/direct/P12402,TILP1
http://www.wikidata.org/entity/Q3530129,http://www.wikidata.org/prop/direct/P17,http://www.wikidata.org/entity/Q27
http://www.wikidata.org/entity/Q3530129,http://www.wikidata.org/prop/direct/P18,http://commons.wikimedia.org/wiki/Special:FilePath/Holywell%20near%20Tobernalt%20Bay%20-%20geograph.org.uk%20-%20241295.jpg
http://www.wikidata.org/entity/Q3530129,http://www.wikidata.org/prop/direct/P31,http://www.wikidata.org/entity/Q1371047
http://www.wikidata.org/entity/Q3530129,http://www.wikidata.org/prop/direct/P131,http://www.wikidata.org/entity/Q179325
http://www.wikidata.org/entity/Q3530129,http://www.wikidata.org/prop/direct/P131,http://www.wikidata.org/entity/Q104342604
http://www.wikidata.org/entity/Q3530129,http://www.wikidata.org/prop/direct/P244,sh2018000888
http://www.wikidata.org/entity/Q3530129,http://www.wikidata.org/prop/direct/P373,Tobernalt Well
http://www.wikidata.org/entity/Q3530129,http://www.wikidata.org/prop/direct/P625,Point(-8.445611 54.243889)
http://www.wikidata.org/entity/Q3530129,http://www.wikidata.org/prop/direct/P2186,IE-SO-0021
http://www.wikidata.org/entity/Q3530129,http://www.wikidata.org/prop/direct/P2671,/g/11bxb8z_v1
http://www.wikidata.org/entity/Q3530129,http://www.wikidata.org/prop/direct/P4057,SL014-238----
http://www.wikidata.org/entity/Q3530129,http://www.wikidata.org/prop/direct/P7959,http://www.wikidata.org/entity/Q179325
http://www.wikidata.org/entity/Q3530129,http://www.wikidata.org/prop/direct/P8189,987012403746705171
http://www.wikidata.org/entity/Q5353961,http://www.wikidata.org/prop/direct/P17,http://www.wikidata.org/entity/Q145
http://www.wikidata.org/entity/Q5353961,http://www.wikidata.org/prop/direct/P31,http://www.wikidata.org/entity/Q1371047
http://www.wikidata.org/entity/Q5353961,http://www.wikidata.org/prop/direct/P131,http://www.wikidata.org/entity/Q4930839
http://www.wikidata.org/entity/Q5353961,http://www.wikidata.org/prop/direct/P625,Point(-2.2844 52.7019)
http://www.wikidata.org/entity/Q5353961,http://www.wikidata.org/prop/direct/P646,/m/06wbrqc
http://www.wikidata.org/entity/Q5353961,http://www.wikidata.org/prop/direct/P7959,http://www.wikidata.org/entity/Q67574558
http://www.wikidata.org/entity/Q6470591,http://www.wikidata.org/prop/direct/P17,http://www.wikidata.org/entity/Q145
http://www.wikidata.org/entity/Q6470591,http://www.wikidata.org/prop/direct/P18,http://commons.wikimedia.org/wiki/Special:FilePath/The%20Lady%20Well.jpg
http://www.wikidata.org/entity/Q6470591,http://www.wikidata.org/prop/direct/P31,http://www.wikidata.org/entity/Q1371047
http://www.wikidata.org/entity/Q6470591,http://www.wikidata.org/prop/direct/P131,http://www.wikidata.org/entity/Q55934339
http://www.wikidata.org/entity/Q6470591,http://www.wikidata.org/prop/direct/P373,"Lady Well, Glasgow"
http://www.wikidata.org/entity/Q6470591,http://www.wikidata.org/prop/direct/P625,Point(-4.2324 55.8608)
http://www.wikidata.org/entity/Q122189562,http://www.wikidata.org/prop/direct/P1343,http://www.wikidata.org/entity/Q126528008
http://www.wikidata.org/entity/Q122189562,http://www.wikidata.org/prop/direct/P1343,http://www.wikidata.org/entity/Q126540348
http://www.wikidata.org/entity/Q122189562,http://www.wikidata.org/prop/direct/P1343,http://www.wikidata.org/entity/Q126555558
http://www.wikidata.org/entity/Q122189562,http://www.wikidata.org/prop/direct/P1343,http://www.wikidata.org/entity/Q126685288
http://www.wikidata.org/entity/Q122189562,http://www.wikidata.org/prop/direct/P1343,http://www.wikidata.org/entity/Q126871352
http://www.wikidata.org/entity/Q122189562,http://www.wikidata.org/prop/direct/P1343,http://www.wikidata.org/entity/Q126875543
http://www.wikidata.org/entity/Q122189562,http://www.wikidata.org/prop/direct/P1343,http://www.wikidata.org/entity/Q127278423
http://www.wikidata.org/entity/Q122189562,http://www.wikidata.org/prop/direct/P1343,http://www.wikidata.org/entity/Q128305997
http://www.wikidata.org/entity/Q122189562,http://www.wikidata.org/prop/direct/P1343,http://www.wikidata.org/entity/Q129907246
http://www.wikidata.org/entity/Q122189562,http://www.wikidata.org/prop/direct/P1343,http://www.wikidata.org/entity/Q130241076
http://www.wikidata.org/entity/Q122189562,http://www.wikidata.org/prop/direct/P1343,http://www.wikidata.org/entity/Q130284129
http://www.wikidata.org/entity/Q122189562,http://www.wikidata.org/prop/direct/P1343,http://www.wikidata.org/entity/Q132817615
http://www.wikidata.org/entity/Q122189562,http://www.wikidata.org/prop/direct/P1651,Ct4dss45s0Y
http://www.wikidata.org/entity/Q122189562,http://www.wikidata.org/prop/direct/P2186,IE-KK-0258
http://www.wikidata.org/entity/Q122189562,http://www.wikidata.org/prop/direct/P4057,KK026-010018-
http://www.wikidata.org/entity/Q122189562,http://www.wikidata.org/prop/direct/P5816,http://www.wikidata.org/entity/Q56557591
http://www.wikidata.org/entity/Q122189562,http://www.wikidata.org/prop/direct/P10689,698016313
http://www.wikidata.org/entity/Q122217432,http://www.wikidata.org/prop/direct/P17,http://www.wikidata.org/entity/Q145
http://www.wikidata.org/entity/Q122217432,http://www.wikidata.org/prop/direct/P31,http://www.wikidata.org/entity/Q1371047
http://www.wikidata.org/entity/Q122217432,http://www.wikidata.org/prop/direct/P131,http://www.wikidata.org/entity/Q109128
http://www.wikidata.org/entity/Q122217432,http://www.wikidata.org/prop/direct/P625,Point(-4.3669793 53.018759)
http://www.wikidata.org/entity/Q122217432,http://www.wikidata.org/prop/direct/P1435,http://www.wikidata.org/entity/Q219538
http://www.wikidata.org/entity/Q122217432,http://www.wikidata.org/prop/direct/P3007,CN091
http://www.wikidata.org/entity/Q122217432,http://www.wikidata.org/prop/direct/P7959,http://www.wikidata.org/entity/Q731669
http://www.wikidata.org/entity/Q122217432,http://www.wikidata.org/prop/direct/P12749,Q137938
http://www.wikidata.org/entity/Q122217439,http://www.wikidata.org/prop/direct/P17,http://www.wikidata.org/entity/Q145
http://www.wikidata.org/entity/Q122217439,http://www.wikidata.org/prop/direct/P31,http://www.wikidata.org/entity/Q1371047
http://www.wikidata.org/entity/Q122217439,http://www.wikidata.org/prop/direct/P131,http://www.wikidata.org/entity/Q817971
http://www.wikidata.org/entity/Q122217439,http://www.wikidata.org/prop/direct/P625,Point(-3.5362671 53.268047)
http://www.wikidata.org/entity/Q122217439,http://www.wikidata.org/prop/direct/P1435,http://www.wikidata.org/entity/Q219538
http://www.wikidata.org/entity/Q122217439,http://www.wikidata.org/prop/direct/P3007,DE186
http://www.wikidata.org/entity/Q122217439,http://www.wikidata.org/prop/direct/P7959,http://www.wikidata.org/entity/Q5256625
http://www.wikidata.org/entity/Q122217441,http://www.wikidata.org/prop/direct/P17,http://www.wikidata.org/entity/Q145
http://www.wikidata.org/entity/Q122217441,http://www.wikidata.org/prop/direct/P31,http://www.wikidata.org/entity/Q1371047
http://www.wikidata.org/entity/Q122217441,http://www.wikidata.org/prop/direct/P131,http://www.wikidata.org/entity/Q650682
http://www.wikidata.org/entity/Q17529086,http://www.wikidata.org/prop/direct/P17,http://www.wikidata.org/entity/Q145
http://www.wikidata.org/entity/Q17529086,http://www.wikidata.org/prop/direct/P18,http://commons.wikimedia.org/wiki/Special:FilePath/St%20Cleer%20holy%20well.jpg
http://www.wikidata.org/entity/Q17529086,http://www.wikidata.org/prop/direct/P31,http://www.wikidata.org/entity/Q1371047
http://www.wikidata.org/entity/Q17529086,http://www.wikidata.org/prop/direct/P131,http://www.wikidata.org/entity/Q7592826
http://www.wikidata.org/entity/Q17529086,http://www.wikidata.org/prop/direct/P361,http://www.wikidata.org/entity/Q17668997
http://www.wikidata.org/entity/Q17529086,http://www.wikidata.org/prop/direct/P373,St Cleer Holy Well
http://www.wikidata.org/entity/Q17529086,http://www.wikidata.org/prop/direct/P613,SX2494868310
http://www.wikidata.org/entity/Q17529086,http://www.wikidata.org/prop/direct/P625,Point(-4.46909 50.4884)
http://www.wikidata.org/entity/Q17529086,http://www.wikidata.org/prop/direct/P1216,1140482
http://www.wikidata.org/entity/Q17529086,http://www.wikidata.org/prop/direct/P1435,http://www.wikidata.org/entity/Q15700818
http://www.wikidata.org/entity/Q17529086,http://www.wikidata.org/prop/direct/P7959,http://www.wikidata.org/entity/Q23148
http://www.wikidata.org/entity/Q17529086,http://www.wikidata.org/prop/direct/P12485,101140482
http://www.wikidata.org/entity/Q17531954,http://www.wikidata.org/prop/direct/P17,http://www.wikidata.org/entity/Q145
http://www.wikidata.org/entity/Q17531954,http://www.wikidata.org/prop/direct/P18,http://commons.wikimedia.org/wiki/Special:FilePath/The%20Holy%20Well%20at%20St%20Clether%20-%20geograph.org.uk%20-%20936203.jpg
http://www.wikidata.org/entity/Q17531954,http://www.wikidata.org/prop/direct/P31,http://www.wikidata.org/entity/Q1371047
http://www.wikidata.org/entity/Q17531954,http://www.wikidata.org/prop/direct/P131,http://www.wikidata.org/entity/Q7592847
http://www.wikidata.org/entity/Q17531954,http://www.wikidata.org/prop/direct/P361,http://www.wikidata.org/entity/Q17676166
http://www.wikidata.org/entity/Q17531954,http://www.wikidata.org/prop/direct/P373,"St Clether's Well, St Clether"
http://www.wikidata.org/entity/Q17531954,http://www.wikidata.org/prop/direct/P613,SX2023084591
http://www.wikidata.org/entity/Q17531954,http://www.wikidata.org/prop/direct/P625,Point(-4.54339 50.6332)
http://www.wikidata.org/entity/Q17531954,http://www.wikidata.org/prop/direct/P1216,1159283
http://www.wikidata.org/entity/Q17531954,http://www.wikidata.org/prop/direct/P1435,http://www.wikidata.org/entity/Q15700831
http://www.wikidata.org/entity/Q17531954,http://www.wikidata.org/prop/direct/P7959,http://www.wikidata.org/entity/Q23148
http://www.wikidata.org/entity/Q17531954,http://www.wikidata.org/prop/direct/P9721,http://commons.wikimedia.org/wiki/Special:FilePath/Saint%20Clether%27s%20Well%20-%20geograph.org.uk%20-%203809720.jpg
http://www.wikidata.org/entity/Q17531954,http://www.wikidata.org/prop/direct/P11693,429199889
http://www.wikidata.org/entity/Q17531954,http://www.wikidata.org/prop/direct/P12485,101159283
http://www.wikidata.org/entity/Q17535717,http://www.wikidata.org/prop/direct/P17,http://www.wikidata.org/entity/Q145
http://www.wikidata.org/entity/Q17535717,http://www.wikidata.org/prop/direct/P18,http://commons.wikimedia.org/wiki/Special:FilePath/Bodmin%20%282021-09-08%29%2018.jpg
http://www.wikidata.org/entity/Q17535717,http://www.wikidata.org/prop/direct/P31,http://www.wikidata.org/entity/Q1371047
http://www.wikidata.org/entity/Q17535717,http://www.wikidata.org/prop/direct/P131,http://www.wikidata.org/entity/Q889888
http://www.wikidata.org/entity/Q17535717,http://www.wikidata.org/prop/direct/P613,SX0728867037
http://www.wikidata.org/entity/Q17535717,http://www.wikidata.org/prop/direct/P625,Point(-4.7171 50.4714)
http://www.wikidata.org/entity/Q17535717,http://www.wikidata.org/prop/direct/P1216,1355184
http://www.wikidata.org/entity/Q17535717,http://www.wikidata.org/prop/direct/P1435,http://www.wikidata.org/entity/Q15700831
http://www.wikidata.org/entity/Q17535717,http://www.wikidata.org/prop/direct/P7959,http://www.wikidata.org/entity/Q23148
http://www.wikidata.org/entity/Q17535717,http://www.wikidata.org/prop/direct/P12485,101355184
http://www.wikidata.org/entity/Q126454857,http://www.wikidata.org/prop/direct/P17,http://www.wikidata.org/entity/Q27
http://www.wikidata.org/entity/Q126454857,http://www.wikidata.org/prop/direct/P31,http://www.wikidata.org/entity/Q1371047
http://www.wikidata.org/entity/Q126454857,http://www.wikidata.org/prop/direct/P31,http://www.wikidata.org/entity/Q126443332
http://www.wikidata.org/entity/Q126454857,http://www.wikidata.org/prop/direct/P131,http://www.wikidata.org/entity/Q180231
http://www.wikidata.org/entity/Q126454857,http://www.wikidata.org/prop/direct/P131,http://www.wikidata.org/entity/Q60554378
http://www.wikidata.org/entity/Q126454857,http://www.wikidata.org/prop/direct/P131,http://www.wikidata.org/entity/Q104266383
http://www.wikidata.org/entity/Q126454857,http://www.wikidata.org/prop/direct/P138,http://www.wikidata.org/entity/Q953927
http://www.wikidata.org/entity/Q126454857,http://www.wikidata.org/prop/direct/P195,http://www.wikidata.org/entity/Q126875543
http://www.wikidata.org/entity/Q126454857,http://www.wikidata.org/prop/direct/P195,http://www.wikidata.org/entity/Q132817615
http://www.wikidata.org/entity/Q126454857,http://www.wikidata.org/prop/direct/P217,170
http://www.wikidata.org/entity/Q126454857,http://www.wikidata.org/prop/direct/P217,KHW052
http://www.wikidata.org/entity/Q126454857,http://www.wikidata.org/prop/direct/P625,Point(-7.0118633 52.5506574)
http://www.wikidata.org/entity/Q126454857,http://www.wikidata.org/prop/direct/P708,http://www.wikidata.org/entity/Q873607
http://www.wikidata.org/entity/Q126454857,http://www.wikidata.org/prop/direct/P1343,http://www.wikidata.org/entity/Q120966194
http://www.wikidata.org/entity/Q126454857,http://www.wikidata.org/prop/direct/P1343,http://www.wikidata.org/entity/Q126374601
http://www.wikidata.org/entity/Q126454857,http://www.wikidata.org/prop/direct/P1343,http://www.wikidata.org/entity/Q126393245
http://www.wikidata.org/entity/Q126454857,http://www.wikidata.org/prop/direct/P1343,http://www.wikidata.org/entity/Q126474972
http://www.wikidata.org/entity/Q126454857,http://www.wikidata.org/prop/direct/P1343,http://www.wikidata.org/entity/Q126528008
http://www.wikidata.org/entity/Q126454857,http://www.wikidata.org/prop/direct/P1343,http://www.wikidata.org/entity/Q126540348
http://www.wikidata.org/entity/Q126454857,http://www.wikidata.org/prop/direct/P1343,http://www.wikidata.org/entity/Q126875543
http://www.wikidata.org/entity/Q126454857,http://www.wikidata.org/prop/direct/P1343,http://www.wikidata.org/entity/Q127432104
http://www.wikidata.org/entity/Q126454857,http://www.wikidata.org/prop/direct/P1343,http://www.wikidata.org/entity/Q128234462
http://www.wikidata.org/entity/Q126454857,http://www.wikidata.org/prop/direct/P1343,http://www.wikidata.org/entity/Q128694249
http://www.wikidata.org/entity/Q126454857,http://www.wikidata.org/prop/direct/P1343,http://www.wikidata.org/entity/Q130284129
http://www.wikidata.org/entity/Q126454857,http://www.wikidata.org/prop/direct/P1343,http://www.wikidata.org/entity/Q130352573
http://www.wikidata.org/entity/Q126454857,http://www.wikidata.org/prop/direct/P1343,http://www.wikidata.org/entity/Q132817615
http://www.wikidata.org/entity/Q126454857,http://www.wikidata.org/prop/direct/P4057,KK029-003----
http://www.wikidata.org/entity/Q126454857,http://www.wikidata.org/prop/direct/P6375,at a short distance to the north of [the church in Tikerlevan]
http://www.wikidata.org/entity/Q126454857,http://www.wikidata.org/prop/direct/P11693,8518870825
http://www.wikidata.org/entity/Q126454878,http://www.wikidata.org/prop/direct/P17,http://www.wikidata.org/entity/Q27
http://www.wikidata.org/entity/Q126454878,http://www.wikidata.org/prop/direct/P18,http://commons.wikimedia.org/wiki/Special:FilePath/Location%20of%20Patron%20Well.jpg
http://www.wikidata.org/entity/Q126454878,http://www.wikidata.org/prop/direct/P31,http://www.wikidata.org/entity/Q43483
http://www.wikidata.org/entity/Q126454878,http://www.wikidata.org/prop/direct/P31,http://www.wikidata.org/entity/Q1371047
http://www.wikidata.org/entity/Q126454878,http://www.wikidata.org/prop/direct/P31,http://www.wikidata.org/entity/Q126443332
http://www.wikidata.org/entity/Q126454878,http://www.wikidata.org/prop/direct/P131,http://www.wikidata.org/entity/Q180231
http://www.wikidata.org/entity/Q126454878,http://www.wikidata.org/prop/direct/P138,http://www.wikidata.org/entity/Q380356
http://www.wikidata.org/entity/Q126454878,http://www.wikidata.org/prop/direct/P195,http://www.wikidata.org/entity/Q126875543
http://www.wikidata.org/entity/Q126454878,http://www.wikidata.org/prop/direct/P195,http://www.wikidata.org/entity/Q132817615
http://www.wikidata.org/entity/Q126454878,http://www.wikidata.org/prop/direct/P217,43
http://www.wikidata.org/entity/Q126454878,http://www.wikidata.org/prop/direct/P217,KHW070
http://www.wikidata.org/entity/Q126454878,http://www.wikidata.org/prop/direct/P373,"Patron Well, Cuffesgrange"
http://www.wikidata.org/entity/Q126454878,http://www.wikidata.org/prop/direct/P625,Point(-7.305647 52.600809)
http://www.wikidata.org/entity/Q126454878,http://www.wikidata.org/prop/direct/P708,http://www.wikidata.org/entity/Q873607
http://www.wikidata.org/entity/Q126454878,http://www.wikidata.org/prop/direct/P1325,https://sketchfab.com/3d-models/cuffesgrange-patron-well-e2fc9ba71fd34e0296d071401a73649c
http://www.wikidata.org/entity/Q126454878,http://www.wikidata.org/prop/direct/P1343,http://www.wikidata.org/entity/Q120966194
http://www.wikidata.org/entity/Q126454878,http://www.wikidata.org/prop/direct/P1343,http://www.wikidata.org/entity/Q126374601
http://www.wikidata.org/entity/Q126454878,http://www.wikidata.org/prop/direct/P1343,http://www.wikidata.org/entity/Q126454465
http://www.wikidata.org/entity/Q126454878,http://www.wikidata.org/prop/direct/P1343,http://www.wikidata.org/entity/Q126528008
http://www.wikidata.org/entity/Q126648035,http://www.wikidata.org/prop/direct/P625,Point(-7.144154 52.278003)
http://www.wikidata.org/entity/Q126648035,http://www.wikidata.org/prop/direct/P708,http://www.wikidata.org/entity/Q873607
http://www.wikidata.org/entity/Q126648035,http://www.wikidata.org/prop/direct/P841,http://www.wikidata.org/entity/Q2828
http://www.wikidata.org/entity/Q126648035,http://www.wikidata.org/prop/direct/P1343,http://www.wikidata.org/entity/Q126374601
http://www.wikidata.org/entity/Q126648035,http://www.wikidata.org/prop/direct/P1343,http://www.wikidata.org/entity/Q126875543
http://www.wikidata.org/entity/Q126648035,http://www.wikidata.org/prop/direct/P1343,http://www.wikidata.org/entity/Q130284129
http://www.wikidata.org/entity/Q126648035,http://www.wikidata.org/prop/direct/P1343,http://www.wikidata.org/entity/Q130486611
http://www.wikidata.org/entity/Q126648035,http://www.wikidata.org/prop/direct/P1343,http://www.wikidata.org/entity/Q132817615
http://www.wikidata.org/entity/Q126648035,http://www.wikidata.org/prop/direct/P4057,KK043-062----
http://www.wikidata.org/entity/Q126649228,http://www.wikidata.org/prop/direct/P10,http://commons.wikimedia.org/wiki/Special:FilePath/Garrynamann%20Lacken%20Well.webm
http://www.wikidata.org/entity/Q126649228,http://www.wikidata.org/prop/direct/P17,http://www.wikidata.org/entity/Q27
http://www.wikidata.org/entity/Q126649228,http://www.wikidata.org/prop/direct/P18,http://commons.wikimedia.org/wiki/Special:FilePath/Lacken%20Well%201%20-%20Kells%2C%20County%20Kilkenny%20-%20geograph.org.uk%20-%205259695.jpg
http://www.wikidata.org/entity/Q126649228,http://www.wikidata.org/prop/direct/P31,http://www.wikidata.org/entity/Q1371047
http://www.wikidata.org/entity/Q126649228,http://www.wikidata.org/prop/direct/P31,http://www.wikidata.org/entity/Q126443332
http://www.wikidata.org/entity/Q126649228,http://www.wikidata.org/prop/direct/P131,http://www.wikidata.org/entity/Q180231
http://www.wikidata.org/entity/Q126649228,http://www.wikidata.org/prop/direct/P131,http://www.wikidata.org/entity/Q30589034
http://www.wikidata.org/entity/Q126649228,http://www.wikidata.org/prop/direct/P131,http://www.wikidata.org/entity/Q104265348
http://www.wikidata.org/entity/Q126649228,http://www.wikidata.org/prop/direct/P373,"Lacken Well, Kells"
http://www.wikidata.org/entity/Q126649228,http://www.wikidata.org/prop/direct/P625,Point(-7.2775479 52.5438145)
http://www.wikidata.org/entity/Q126649228,http://www.wikidata.org/prop/direct/P708,http://www.wikidata.org/entity/Q873607
http://www.wikidata.org/entity/Q126649228,http://www.wikidata.org/prop/direct/P1325,https://sketchfab.com/3d-models/garrynamann-lower-lacken-well-d5beb9cc7adb4b248c1bb6c2ec542582
http://www.wikidata.org/entity/Q126649228,http://www.wikidata.org/prop/direct/P1343,http://www.wikidata.org/entity/Q126374601
http://www.wikidata.org/entity/Q126649228,http://www.wikidata.org/prop/direct/P1343,http://www.wikidata.org/entity/Q126393245
http://www.wikidata.org/entity/Q126649228,http://www.wikidata.org/prop/direct/P1343,http://www.wikidata.org/entity/Q126528008
http://www.wikidata.org/entity/Q126649228,http://www.wikidata.org/prop/direct/P1343,http://www.wikidata.org/entity/Q130284129
http://www.wikidata.org/entity/Q126649228,http://www.wikidata.org/prop/direct/P1651,yHAp0gbV8Xs
http://www.wikidata.org/entity/Q126649228,http://www.wikidata.org/prop/direct/P11693,9886802295
http://www.wikidata.org/entity/Q126655791,http://www.wikidata.org/prop/direct/P17,http://www.wikidata.org/entity/Q27
http://www.wikidata.org/entity/Q126655791,http://www.wikidata.org/prop/direct/P31,http://www.wikidata.org/entity/Q43483
http://www.wikidata.org/entity/Q126655791,http://www.wikidata.org/prop/direct/P31,http://www.wikidata.org/entity/Q1371047
http://www.wikidata.org/entity/Q126655791,http://www.wikidata.org/prop/direct/P31,http://www.wikidata.org/entity/Q15135589
http://www.wikidata.org/entity/Q126655791,http://www.wikidata.org/prop/direct/P31,http://www.wikidata.org/entity/Q126443332
http://www.wikidata.org/entity/Q126655791,http://www.wikidata.org/prop/direct/P131,http://www.wikidata.org/entity/Q180231
http://www.wikidata.org/entity/Q126655791,http://www.wikidata.org/prop/direct/P131,http://www.wikidata.org/entity/Q104265954
http://www.wikidata.org/entity/Q126655791,http://www.wikidata.org/prop/direct/P138,http://www.wikidata.org/entity/Q209542
http://www.wikidata.org/entity/Q126655791,http://www.wikidata.org/prop/direct/P195,http://www.wikidata.org/entity/Q126875543
http://www.wikidata.org/entity/Q126655791,http://www.wikidata.org/prop/direct/P195,http://www.wikidata.org/entity/Q132817615
http://www.wikidata.org/entity/Q126655791,http://www.wikidata.org/prop/direct/P217,57
http://www.wikidata.org/entity/Q126655791,http://www.wikidata.org/prop/direct/P217,KHW119
http://www.wikidata.org/entity/Q126655791,http://www.wikidata.org/prop/direct/P625,Point(-7.1313489 52.813868)
http://www.wikidata.org/entity/Q117187732,http://www.wikidata.org/prop/direct/P625,Point(-6.264862 53.345305)
http://www.wikidata.org/entity/Q117187732,http://www.wikidata.org/prop/direct/P2186,IE-D-0529
http://www.wikidata.org/entity/Q117187732,http://www.wikidata.org/prop/direct/P4057,DU018-020551-
http://www.wikidata.org/entity/Q117187764,http://www.wikidata.org/prop/direct/P17,http://www.wikidata.org/entity/Q27
http://www.wikidata.org/entity/Q117187764,http://www.wikidata.org/prop/direct/P18,http://commons.wikimedia.org/wiki/Special:FilePath/St%20Albert%27s%20Well%2C%20Dublin%2003.jpg
http://www.wikidata.org/entity/Q117187764,http://www.wikidata.org/prop/direct/P31,http://www.wikidata.org/entity/Q1371047
http://www.wikidata.org/entity/Q117187764,http://www.wikidata.org/prop/direct/P131,http://www.wikidata.org/entity/Q1761
http://www.wikidata.org/entity/Q117187764,http://www.wikidata.org/prop/direct/P361,http://www.wikidata.org/entity/Q3722778
http://www.wikidata.org/entity/Q117187764,http://www.wikidata.org/prop/direct/P373,"St Albert's Well, Dublin"
http://www.wikidata.org/entity/Q117187764,http://www.wikidata.org/prop/direct/P625,Point(-6.2647635 53.3399162)
http://www.wikidata.org/entity/Q117187843,http://www.wikidata.org/prop/direct/P17,http://www.wikidata.org/entity/Q27
http://www.wikidata.org/entity/Q117187843,http://www.wikidata.org/prop/direct/P18,http://commons.wikimedia.org/wiki/Special:FilePath/St%20Patrick%27s%20Well%2C%20Finglas%2003.jpg
http://www.wikidata.org/entity/Q117187843,http://www.wikidata.org/prop/direct/P31,http://www.wikidata.org/entity/Q1371047
http://www.wikidata.org/entity/Q117187843,http://www.wikidata.org/prop/direct/P131,http://www.wikidata.org/entity/Q1761
http://www.wikidata.org/entity/Q117187843,http://www.wikidata.org/prop/direct/P373,"Saint Patrick's Well, Finglas"
http://www.wikidata.org/entity/Q117187843,http://www.wikidata.org/prop/direct/P625,Point(-6.303637 53.3891562)
http://www.wikidata.org/entity/Q117187843,http://www.wikidata.org/prop/direct/P2186,IE-D-0522
http://www.wikidata.org/entity/Q117187843,http://www.wikidata.org/prop/direct/P4057,DU014-066002-
http://www.wikidata.org/entity/Q117312713,http://www.wikidata.org/prop/direct/P17,http://www.wikidata.org/entity/Q27
http://www.wikidata.org/entity/Q117312713,http://www.wikidata.org/prop/direct/P18,http://commons.wikimedia.org/wiki/Special:FilePath/St.%20Patrick%27s%20Well%2C%20Clonmel%203.jpg
http://www.wikidata.org/entity/Q117312713,http://www.wikidata.org/prop/direct/P31,http://www.wikidata.org/entity/Q1371047
http://www.wikidata.org/entity/Q117312713,http://www.wikidata.org/prop/direct/P131,http://www.wikidata.org/entity/Q184618
http://www.wikidata.org/entity/Q117312713,http://www.wikidata.org/prop/direct/P373,"Saint Patrick's Well, Marlfield"
http://www.wikidata.org/entity/Q117312713,http://www.wikidata.org/prop/direct/P625,Point(-7.752318 52.357606)
http://www.wikidata.org/entity/Q117327756,http://www.wikidata.org/prop/direct/P17,http://www.wikidata.org/entity/Q142
http://www.wikidata.org/entity/Q117327756,http://www.wikidata.org/prop/direct/P31,http://www.wikidata.org/entity/Q1371047
http://www.wikidata.org/entity/Q117327756,http://www.wikidata.org/prop/direct/P131,http://www.wikidata.org/entity/Q71663
http://www.wikidata.org/entity/Q117327756,http://www.wikidata.org/prop/direct/P373,Fontaine des Azurés (Le Hézo)
http://www.wikidata.org/entity/Q117327756,http://www.wikidata.org/prop/direct/P625,Point(-2.70216 47.58433)
http://www.wikidata.org/entity/Q117327756,http://www.wikidata.org/prop/direct/P11693,8497037957
http://www.wikidata.org/entity/Q126456660,http://www.wikidata.org/prop/direct/P625,Point(-7.1011717 52.5672147)
http://www.wikidata.org/entity/Q126456660,http://www.wikidata.org/prop/direct/P708,http://www.wikidata.org/entity/Q873607
http://www.wikidata.org/entity/Q126456660,http://www.wikidata.org/prop/direct/P1343,http://www.wikidata.org/entity/Q120966194
http://www.wikidata.org/entity/Q126456660,http://www.wikidata.org/prop/direct/P1343,http://www.wikidata.org/entity/Q126374601
http://www.wikidata.org/entity/Q126456660,http://www.wikidata.org/prop/direct/P1343,http://www.wikidata.org/entity/Q126474972
http://www.wikidata.org/entity/Q126456660,http://www.wikidata.org/prop/direct/P1343,http://www.wikidata.org/entity/Q126528008
http://www.wikidata.org/entity/Q126456660,http://www.wikidata.org/prop/direct/P1343,http://www.wikidata.org/entity/Q126540348
http://www.wikidata.org/entity/Q126456660,http://www.wikidata.org/prop/direct/P1343,http://www.wikidata.org/entity/Q126875543
http://www.wikidata.org/entity/Q126456660,http://www.wikidata.org/prop/direct/P1343,http://www.wikidata.org/entity/Q130284129
http://www.wikidata.org/entity/Q126456660,http://www.wikidata.org/prop/direct/P1343,http://www.wikidata.org/entity/Q132817615
http://www.wikidata.org/entity/Q126456660,http://www.wikidata.org/prop/direct/P2441,Well of the Hermit
http://www.wikidata.org/entity/Q126456660,http://www.wikidata.org/prop/direct/P4057,KK024-086----
http://www.wikidata.org/entity/Q126456660,http://www.wikidata.org/prop/direct/P11693,8235318731
http://www.wikidata.org/entity/Q126456893,http://www.wikidata.org/prop/direct/P17,http://www.wikidata.org/entity/Q27
http://www.wikidata.org/entity/Q126456893,http://www.wikidata.org/prop/direct/P31,http://www.wikidata.org/entity/Q1371047
http://www.wikidata.org/entity/Q126456893,http://www.wikidata.org/prop/direct/P31,http://www.wikidata.org/entity/Q126443332
http://www.wikidata.org/entity/Q126456893,http://www.wikidata.org/prop/direct/P131,http://www.wikidata.org/entity/Q180231
http://www.wikidata.org/entity/Q126456893,http://www.wikidata.org/prop/direct/P131,http://www.wikidata.org/entity/Q60554973
http://www.wikidata.org/entity/Q126456893,http://www.wikidata.org/prop/direct/P138,http://www.wikidata.org/entity/Q2280421
http://www.wikidata.org/entity/Q126456893,http://www.wikidata.org/prop/direct/P195,http://www.wikidata.org/entity/Q126875543
http://www.wikidata.org/entity/Q126456893,http://www.wikidata.org/prop/direct/P195,http://www.wikidata.org/entity/Q132817615
http://www.wikidata.org/entity/Q126456893,http://www.wikidata.org/prop/direct/P217,108
http://www.wikidata.org/entity/Q126456893,http://www.wikidata.org/prop/direct/P217,KHW054
http://www.wikidata.org/entity/Q126456893,http://www.wikidata.org/prop/direct/P373,"St. Kieran’s Well, Whitechurch"
http://www.wikidata.org/entity/Q126456893,http://www.wikidata.org/prop/direct/P625,Point(-7.047064 52.512066)
http://www.wikidata.org/entity/Q126456893,http://www.wikidata.org/prop/direct/P708,http://www.wikidata.org/entity/Q873607
http://www.wikidata.org/entity/Q126456893,http://www.wikidata.org/prop/direct/P1343,http://www.wikidata.org/entity/Q120966194
http://www.wikidata.org/entity/Q126456893,http://www.wikidata.org/prop/direct/P1343,http://www.wikidata.org/entity/Q126393245
http://www.wikidata.org/entity/Q126456893,http://www.wikidata.org/prop/direct/P1343,http://www.wikidata.org/entity/Q126456421
http://www.wikidata.org/entity/Q126456893,http://www.wikidata.org/prop/direct/P1343,http://www.wikidata.org/entity/Q126528008
http://www.wikidata.org/entity/Q126456893,http://www.wikidata.org/prop/direct/P1343,http://www.wikidata.org/entity/Q126540348
http://www.wikidata.org/entity/Q126456893,http://www.wikidata.org/prop/direct/P1343,http://www.wikidata.org/entity/Q126555558
http://www.wikidata.org/entity/Q126456893,http://www.wikidata.org/prop/direct/P1343,http://www.wikidata.org/entity/Q126875543
http://www.wikidata.org/entity/Q126456893,http://www.wikidata.org/prop/direct/P1343,http://www.wikidata.org/entity/Q130284129
http://www.wikidata.org/entity/Q126456893,http://www.wikidata.org/prop/direct/P1343,http://www.wikidata.org/entity/Q130308814
http://www.wikidata.org/entity/Q126456893,http://www.wikidata.org/prop/direct/P1343,http://www.wikidata.org/entity/Q132817615
http://www.wikidata.org/entity/Q126456893,http://www.wikidata.org/prop/direct/P4057,KK029-024----
http://www.wikidata.org/entity/Q126456893,http://www.wikidata.org/prop/direct/P11693,8280023081
http://www.wikidata.org/entity/Q126456933,http://www.wikidata.org/prop/direct/P17,http://www.wikidata.org/entity/Q27
http://www.wikidata.org/entity/Q126456933,http://www.wikidata.org/prop/direct/P31,http://www.wikidata.org/entity/Q124714
http://www.wikidata.org/entity/Q2223289,http://www.wikidata.org/prop/direct/P281,09063
http://www.wikidata.org/entity/Q2223289,http://www.wikidata.org/prop/direct/P281,08030
http://www.wikidata.org/entity/Q2223289,http://www.wikidata.org/prop/direct/P373,Santuario nuragico di Santa Vittoria (Serri)
http://www.wikidata.org/entity/Q2223289,http://www.wikidata.org/prop/direct/P625,Point(9.10689 39.71313)
http://www.wikidata.org/entity/Q2223289,http://www.wikidata.org/prop/direct/P856,http://www.sardegnaturismo.it/it/punto-di-interesse/area-di-santa-vittoria
http://www.wikidata.org/entity/Q2223289,http://www.wikidata.org/prop/direct/P912,http://www.wikidata.org/entity/Q30022
http://www.wikidata.org/entity/Q2223289,http://www.wikidata.org/prop/direct/P912,http://www.wikidata.org/entity/Q200764
http://www.wikidata.org/entity/Q2223289,http://www.wikidata.org/prop/direct/P912,http://www.wikidata.org/entity/Q6501349
http://www.wikidata.org/entity/Q2223289,http://www.wikidata.org/prop/direct/P968,mailto:coop.l.oleandro@tiscali.it
http://www.wikidata.org/entity/Q2223289,http://www.wikidata.org/prop/direct/P1128,6
http://www.wikidata.org/entity/Q2223289,http://www.wikidata.org/prop/direct/P1128,7
http://www.wikidata.org/entity/Q2223289,http://www.wikidata.org/prop/direct/P1128,8
http://www.wikidata.org/entity/Q2223289,http://www.wikidata.org/prop/direct/P1174,6000
http://www.wikidata.org/entity/Q2223289,http://www.wikidata.org/prop/direct/P1174,8430
http://www.wikidata.org/entity/Q2223289,http://www.wikidata.org/prop/direct/P1174,10000
http://www.wikidata.org/entity/Q2223289,http://www.wikidata.org/prop/direct/P1174,12000
http://www.wikidata.org/entity/Q2223289,http://www.wikidata.org/prop/direct/P1174,16000
http://www.wikidata.org/entity/Q2223289,http://www.wikidata.org/prop/direct/P1329,+39-0782-806156
http://www.wikidata.org/entity/Q2223289,http://www.wikidata.org/prop/direct/P1329,+39-388-049-2451
http://www.wikidata.org/entity/Q2223289,http://www.wikidata.org/prop/direct/P1435,http://www.wikidata.org/entity/Q26971668
http://www.wikidata.org/entity/Q2223289,http://www.wikidata.org/prop/direct/P1436,15
http://www.wikidata.org/entity/Q2223289,http://www.wikidata.org/prop/direct/P1584,90865616
http://www.wikidata.org/entity/Q2223289,http://www.wikidata.org/prop/direct/P2046,40000
http://www.wikidata.org/entity/Q2223289,http://www.wikidata.org/prop/direct/P2186,20I6680001
http://www.wikidata.org/entity/Q2223289,http://www.wikidata.org/prop/direct/P2596,http://www.wikidata.org/entity/Q1421436
http://www.wikidata.org/entity/Q2223289,http://www.wikidata.org/prop/direct/P2671,/g/120xn_0m
http://www.wikidata.org/entity/Q2223289,http://www.wikidata.org/prop/direct/P2846,http://www.wikidata.org/entity/Q24192067
http://www.wikidata.org/entity/Q2223289,http://www.wikidata.org/prop/direct/P2848,http://www.wikidata.org/entity/Q1543615
http://www.wikidata.org/entity/Q2223289,http://www.wikidata.org/prop/direct/P2848,http://www.wikidata.org/entity/Q1814990
http://www.wikidata.org/entity/Q2223289,http://www.wikidata.org/prop/direct/P2900,+39-0782-806156
http://www.wikidata.org/entity/Q2223289,http://www.wikidata.org/prop/direct/P3311,http://commons.wikimedia.org/wiki/Special:FilePath/Megawal77.png
http://www.wikidata.org/entity/Q2223289,http://www.wikidata.org/prop/direct/P5782,103334
http://www.wikidata.org/entity/Q2223289,http://www.wikidata.org/prop/direct/P5782,106516
http://www.wikidata.org/entity/Q2223289,http://www.wikidata.org/prop/direct/P6125,3
http://www.wikidata.org/entity/Q2223289,http://www.wikidata.org/prop/direct/P6375,strada comunale Giara di Serri
http://www.wikidata.org/entity/Q2223289,http://www.wikidata.org/prop/direct/P6375,"Strada Comunale Località Santa Vittoria 48, 09063 Serri"
http://www.wikidata.org/entity/Q2223289,http://www.wikidata.org/prop/direct/P6375,"Strada Comunale Localita' Santa Vittoria, Serri"
http://www.wikidata.org/entity/Q2223289,http://www.wikidata.org/prop/direct/P10689,304789448
http://www.wikidata.org/entity/Q126876178,http://www.wikidata.org/prop/direct/P625,Point(-7.2109428 52.881009)
http://www.wikidata.org/entity/Q126876178,http://www.wikidata.org/prop/direct/P708,http://www.wikidata.org/entity/Q873607
http://www.wikidata.org/entity/Q126876178,http://www.wikidata.org/prop/direct/P1343,http://www.wikidata.org/entity/Q116166792
http://www.wikidata.org/entity/Q126876178,http://www.wikidata.org/prop/direct/P1343,http://www.wikidata.org/entity/Q126393245
http://www.wikidata.org/entity/Q126876178,http://www.wikidata.org/prop/direct/P1343,http://www.wikidata.org/entity/Q126540348
http://www.wikidata.org/entity/Q126876178,http://www.wikidata.org/prop/direct/P1343,http://www.wikidata.org/entity/Q126555558
http://www.wikidata.org/entity/Q126876178,http://www.wikidata.org/prop/direct/P1343,http://www.wikidata.org/entity/Q126875543
http://www.wikidata.org/entity/Q126876178,http://www.wikidata.org/prop/direct/P1343,http://www.wikidata.org/entity/Q132817615
http://www.wikidata.org/entity/Q126876178,http://www.wikidata.org/prop/direct/P6375,"""on the land of J. Bradley"" (Schools' Collection)"
http://www.wikidata.org/entity/Q126878516,http://www.wikidata.org/prop/direct/P17,http://www.wikidata.org/entity/Q27
http://www.wikidata.org/entity/Q126878516,http://www.wikidata.org/prop/direct/P31,http://www.wikidata.org/entity/Q1371047
http://www.wikidata.org/entity/Q126878516,http://www.wikidata.org/prop/direct/P31,http://www.wikidata.org/entity/Q126443332
http://www.wikidata.org/entity/Q126878516,http://www.wikidata.org/prop/direct/P131,http://www.wikidata.org/entity/Q180231
http://www.wikidata.org/entity/Q126878516,http://www.wikidata.org/prop/direct/P131,http://www.wikidata.org/entity/Q59419933
http://www.wikidata.org/entity/Q126878516,http://www.wikidata.org/prop/direct/P131,http://www.wikidata.org/entity/Q60553962
http://www.wikidata.org/entity/Q126878516,http://www.wikidata.org/prop/direct/P138,http://www.wikidata.org/entity/Q45581
http://www.wikidata.org/entity/Q126878516,http://www.wikidata.org/prop/direct/P195,http://www.wikidata.org/entity/Q126875543
http://www.wikidata.org/entity/Q126878516,http://www.wikidata.org/prop/direct/P195,http://www.wikidata.org/entity/Q132817615
http://www.wikidata.org/entity/Q126878516,http://www.wikidata.org/prop/direct/P217,12
http://www.wikidata.org/entity/Q126878516,http://www.wikidata.org/prop/direct/P217,KHW135
http://www.wikidata.org/entity/Q126878516,http://www.wikidata.org/prop/direct/P625,Point(-7.243734 52.566101)
http://www.wikidata.org/entity/Q126878516,http://www.wikidata.org/prop/direct/P708,http://www.wikidata.org/entity/Q873607
http://www.wikidata.org/entity/Q126878516,http://www.wikidata.org/prop/direct/P1343,http://www.wikidata.org/entity/Q126374601
http://www.wikidata.org/entity/Q126878516,http://www.wikidata.org/prop/direct/P1343,http://www.wikidata.org/entity/Q126875543
http://www.wikidata.org/entity/Q126878516,http://www.wikidata.org/prop/direct/P1343,http://www.wikidata.org/entity/Q132817615
http://www.wikidata.org/entity/Q126878516,http://www.wikidata.org/prop/direct/P4057,KK023-103----
http://www.wikidata.org/entity/Q126878516,http://www.wikidata.org/prop/direct/P6375,"""at the end of Ballyda Lane"""
http://www.wikidata.org/entity/Q126879339,http://www.wikidata.org/prop/direct/P17,http://www.wikidata.org/entity/Q27
http://www.wikidata.org/entity/Q126879339,http://www.wikidata.org/prop/direct/P18,http://commons.wikimedia.org/wiki/Special:FilePath/Ballyda%20Holy%20well%20possible%20location.jpg
http://www.wikidata.org/entity/Q126879339,http://www.wikidata.org/prop/direct/P31,http://www.wikidata.org/entity/Q1371047
http://www.wikidata.org/entity/Q126879339,http://www.wikidata.org/prop/direct/P31,http://www.wikidata.org/entity/Q126443332
http://www.wikidata.org/entity/Q126879339,http://www.wikidata.org/prop/direct/P131,http://www.wikidata.org/entity/Q180231
http://www.wikidata.org/entity/Q126879339,http://www.wikidata.org/prop/direct/P131,http://www.wikidata.org/entity/Q60553962
http://www.wikidata.org/entity/Q126879339,http://www.wikidata.org/prop/direct/P138,http://www.wikidata.org/entity/Q2151232
http://www.wikidata.org/entity/Q126879339,http://www.wikidata.org/prop/direct/P195,http://www.wikidata.org/entity/Q126875543
http://www.wikidata.org/entity/Q126879339,http://www.wikidata.org/prop/direct/P217,10
http://www.wikidata.org/entity/Q126879339,http://www.wikidata.org/prop/direct/P373,Ballyda holy well
http://www.wikidata.org/entity/Q126879339,http://www.wikidata.org/prop/direct/P1343,http://www.wikidata.org/entity/Q126875543
http://www.wikidata.org/entity/Q122217441,http://www.wikidata.org/prop/direct/P625,Point(-3.455711 53.227769)
http://www.wikidata.org/entity/Q122217441,http://www.wikidata.org/prop/direct/P1435,http://www.wikidata.org/entity/Q219538
http://www.wikidata.org/entity/Q122217441,http://www.wikidata.org/prop/direct/P3007,DE038
http://www.wikidata.org/entity/Q122217441,http://www.wikidata.org/prop/direct/P7959,http://www.wikidata.org/entity/Q5256625
http://www.wikidata.org/entity/Q122220052,http://www.wikidata.org/prop/direct/P17,http://www.wikidata.org/entity/Q145
http://www.wikidata.org/entity/Q122220052,http://www.wikidata.org/prop/direct/P31,http://www.wikidata.org/entity/Q1371047
http://www.wikidata.org/entity/Q122220052,http://www.wikidata.org/prop/direct/P131,http://www.wikidata.org/entity/Q217829
http://www.wikidata.org/entity/Q122220052,http://www.wikidata.org/prop/direct/P625,Point(-3.9448328 52.285624)
http://www.wikidata.org/entity/Q122220052,http://www.wikidata.org/prop/direct/P1435,http://www.wikidata.org/entity/Q219538
http://www.wikidata.org/entity/Q122220052,http://www.wikidata.org/prop/direct/P3007,CD157
http://www.wikidata.org/entity/Q122220052,http://www.wikidata.org/prop/direct/P7959,http://www.wikidata.org/entity/Q645155
http://www.wikidata.org/entity/Q122220937,http://www.wikidata.org/prop/direct/P17,http://www.wikidata.org/entity/Q145
http://www.wikidata.org/entity/Q122220937,http://www.wikidata.org/prop/direct/P31,http://www.wikidata.org/entity/Q1371047
http://www.wikidata.org/entity/Q122220937,http://www.wikidata.org/prop/direct/P131,http://www.wikidata.org/entity/Q217829
http://www.wikidata.org/entity/Q122220937,http://www.wikidata.org/prop/direct/P625,Point(-3.8183714 52.260073)
http://www.wikidata.org/entity/Q122220937,http://www.wikidata.org/prop/direct/P1435,http://www.wikidata.org/entity/Q219538
http://www.wikidata.org/entity/Q122220937,http://www.wikidata.org/prop/direct/P3007,CD183
http://www.wikidata.org/entity/Q122220937,http://www.wikidata.org/prop/direct/P7959,http://www.wikidata.org/entity/Q645155
http://www.wikidata.org/entity/Q122221768,http://www.wikidata.org/prop/direct/P17,http://www.wikidata.org/entity/Q145
http://www.wikidata.org/entity/Q122221768,http://www.wikidata.org/prop/direct/P31,http://www.wikidata.org/entity/Q1371047
http://www.wikidata.org/entity/Q122221768,http://www.wikidata.org/prop/direct/P131,http://www.wikidata.org/entity/Q207176
http://www.wikidata.org/entity/Q122221768,http://www.wikidata.org/prop/direct/P625,Point(-3.0186745 51.740939)
http://www.wikidata.org/entity/Q122221768,http://www.wikidata.org/prop/direct/P1435,http://www.wikidata.org/entity/Q219538
http://www.wikidata.org/entity/Q122221768,http://www.wikidata.org/prop/direct/P3007,MM358
http://www.wikidata.org/entity/Q122221768,http://www.wikidata.org/prop/direct/P7959,http://www.wikidata.org/entity/Q1245075
http://www.wikidata.org/entity/Q122221768,http://www.wikidata.org/prop/direct/P12749,Q136322
http://www.wikidata.org/entity/Q122222699,http://www.wikidata.org/prop/direct/P17,http://www.wikidata.org/entity/Q27
http://www.wikidata.org/entity/Q122222699,http://www.wikidata.org/prop/direct/P18,http://commons.wikimedia.org/wiki/Special:FilePath/Spring%20at%20Kilree%20-%20geograph.org.uk%20-%204179674.jpg
http://www.wikidata.org/entity/Q122222699,http://www.wikidata.org/prop/direct/P31,http://www.wikidata.org/entity/Q1371047
http://www.wikidata.org/entity/Q122222699,http://www.wikidata.org/prop/direct/P31,http://www.wikidata.org/entity/Q126443332
http://www.wikidata.org/entity/Q122222699,http://www.wikidata.org/prop/direct/P110,http://www.wikidata.org/entity/Q130265942
http://www.wikidata.org/entity/Q122222699,http://www.wikidata.org/prop/direct/P131,http://www.wikidata.org/entity/Q180231
http://www.wikidata.org/entity/Q122222699,http://www.wikidata.org/prop/direct/P131,http://www.wikidata.org/entity/Q60554528
http://www.wikidata.org/entity/Q122222699,http://www.wikidata.org/prop/direct/P138,http://www.wikidata.org/entity/Q80979
http://www.wikidata.org/entity/Q122222699,http://www.wikidata.org/prop/direct/P195,http://www.wikidata.org/entity/Q126875543
http://www.wikidata.org/entity/Q126880147,http://www.wikidata.org/prop/direct/P17,http://www.wikidata.org/entity/Q27
http://www.wikidata.org/entity/Q126880147,http://www.wikidata.org/prop/direct/P31,http://www.wikidata.org/entity/Q1371047
http://www.wikidata.org/entity/Q126880147,http://www.wikidata.org/prop/direct/P31,http://www.wikidata.org/entity/Q126443332
http://www.wikidata.org/entity/Q126880147,http://www.wikidata.org/prop/direct/P131,http://www.wikidata.org/entity/Q180231
http://www.wikidata.org/entity/Q126880147,http://www.wikidata.org/prop/direct/P131,http://www.wikidata.org/entity/Q60554207
http://www.wikidata.org/entity/Q126880147,http://www.wikidata.org/prop/direct/P131,http://www.wikidata.org/entity/Q104266356
http://www.wikidata.org/entity/Q126880147,http://www.wikidata.org/prop/direct/P138,http://www.wikidata.org/entity/Q2151232
http://www.wikidata.org/entity/Q126880147,http://www.wikidata.org/prop/direct/P195,http://www.wikidata.org/entity/Q126875543
http://www.wikidata.org/entity/Q126880147,http://www.wikidata.org/prop/direct/P195,http://www.wikidata.org/entity/Q132817615
http://www.wikidata.org/entity/Q126880147,http://www.wikidata.org/prop/direct/P217,14
http://www.wikidata.org/entity/Q126880147,http://www.wikidata.org/prop/direct/P217,KHW145
http://www.wikidata.org/entity/Q126880147,http://www.wikidata.org/prop/direct/P625,Point(-7.012619 52.425781)
http://www.wikidata.org/entity/Q126880147,http://www.wikidata.org/prop/direct/P708,http://www.wikidata.org/entity/Q873607
http://www.wikidata.org/entity/Q126880147,http://www.wikidata.org/prop/direct/P841,http://www.wikidata.org/entity/Q2275
http://www.wikidata.org/entity/Q126880147,http://www.wikidata.org/prop/direct/P1343,http://www.wikidata.org/entity/Q126875543
http://www.wikidata.org/entity/Q126880147,http://www.wikidata.org/prop/direct/P1343,http://www.wikidata.org/entity/Q132817615
http://www.wikidata.org/entity/Q126880147,http://www.wikidata.org/prop/direct/P1343,http://www.wikidata.org/entity/Q133263165
http://www.wikidata.org/entity/Q126880147,http://www.wikidata.org/prop/direct/P4057,KK037-033----
http://www.wikidata.org/entity/Q126880801,http://www.wikidata.org/prop/direct/P17,http://www.wikidata.org/entity/Q27
http://www.wikidata.org/entity/Q126880801,http://www.wikidata.org/prop/direct/P31,http://www.wikidata.org/entity/Q1371047
http://www.wikidata.org/entity/Q126880801,http://www.wikidata.org/prop/direct/P31,http://www.wikidata.org/entity/Q126443332
http://www.wikidata.org/entity/Q126880801,http://www.wikidata.org/prop/direct/P131,http://www.wikidata.org/entity/Q180231
http://www.wikidata.org/entity/Q126880801,http://www.wikidata.org/prop/direct/P131,http://www.wikidata.org/entity/Q60554378
http://www.wikidata.org/entity/Q126880801,http://www.wikidata.org/prop/direct/P195,http://www.wikidata.org/entity/Q126875543
http://www.wikidata.org/entity/Q126880801,http://www.wikidata.org/prop/direct/P195,http://www.wikidata.org/entity/Q132817615
http://www.wikidata.org/entity/Q126880801,http://www.wikidata.org/prop/direct/P217,15
http://www.wikidata.org/entity/Q126880801,http://www.wikidata.org/prop/direct/P217,KHW2-12
http://www.wikidata.org/entity/Q126880801,http://www.wikidata.org/prop/direct/P625,Point(-6.93508 52.5211)
http://www.wikidata.org/entity/Q126880801,http://www.wikidata.org/prop/direct/P1343,http://www.wikidata.org/entity/Q126528008
http://www.wikidata.org/entity/Q126880801,http://www.wikidata.org/prop/direct/P1343,http://www.wikidata.org/entity/Q126875543
http://www.wikidata.org/entity/Q126880801,http://www.wikidata.org/prop/direct/P1343,http://www.wikidata.org/entity/Q132817615
http://www.wikidata.org/entity/Q126881319,http://www.wikidata.org/prop/direct/P17,http://www.wikidata.org/entity/Q27
http://www.wikidata.org/entity/Q126881319,http://www.wikidata.org/prop/direct/P18,http://commons.wikimedia.org/wiki/Special:FilePath/Alleged%20site%20of%20Ballyreddy%20Holy%20Well.jpg
http://www.wikidata.org/entity/Q126881319,http://www.wikidata.org/prop/direct/P31,http://www.wikidata.org/entity/Q1371047
http://www.wikidata.org/entity/Q126881319,http://www.wikidata.org/prop/direct/P31,http://www.wikidata.org/entity/Q126443332
http://www.wikidata.org/entity/Q126881319,http://www.wikidata.org/prop/direct/P131,http://www.wikidata.org/entity/Q180231
http://www.wikidata.org/entity/Q126881319,http://www.wikidata.org/prop/direct/P195,http://www.wikidata.org/entity/Q126875543
http://www.wikidata.org/entity/Q126881319,http://www.wikidata.org/prop/direct/P195,http://www.wikidata.org/entity/Q132817615
http://www.wikidata.org/entity/Q126881319,http://www.wikidata.org/prop/direct/P217,17
http://www.wikidata.org/entity/Q126881319,http://www.wikidata.org/prop/direct/P217,KHW021
http://www.wikidata.org/entity/Q17555586,http://www.wikidata.org/prop/direct/P17,http://www.wikidata.org/entity/Q145
http://www.wikidata.org/entity/Q17555586,http://www.wikidata.org/prop/direct/P31,http://www.wikidata.org/entity/Q1371047
http://www.wikidata.org/entity/Q17555586,http://www.wikidata.org/prop/direct/P131,http://www.wikidata.org/entity/Q736535
http://www.wikidata.org/entity/Q17555586,http://www.wikidata.org/prop/direct/P613,SW8477362225
http://www.wikidata.org/entity/Q17555586,http://www.wikidata.org/prop/direct/P625,Point(-5.03118 50.4204)
http://www.wikidata.org/entity/Q17555586,http://www.wikidata.org/prop/direct/P1216,1137202
http://www.wikidata.org/entity/Q17555586,http://www.wikidata.org/prop/direct/P1435,http://www.wikidata.org/entity/Q15700831
http://www.wikidata.org/entity/Q17555586,http://www.wikidata.org/prop/direct/P7959,http://www.wikidata.org/entity/Q23148
http://www.wikidata.org/entity/Q17555586,http://www.wikidata.org/prop/direct/P12485,101137202
http://www.wikidata.org/entity/Q17556051,http://www.wikidata.org/prop/direct/P17,http://www.wikidata.org/entity/Q145
http://www.wikidata.org/entity/Q17556051,http://www.wikidata.org/prop/direct/P31,http://www.wikidata.org/entity/Q1371047
http://www.wikidata.org/entity/Q17556051,http://www.wikidata.org/prop/direct/P131,http://www.wikidata.org/entity/Q7982562
http://www.wikidata.org/entity/Q17556051,http://www.wikidata.org/prop/direct/P613,SW6768528475
http://www.wikidata.org/entity/Q17556051,http://www.wikidata.org/prop/direct/P625,Point(-5.25062 50.1108)
http://www.wikidata.org/entity/Q17556051,http://www.wikidata.org/prop/direct/P1216,1142042
http://www.wikidata.org/entity/Q17556051,http://www.wikidata.org/prop/direct/P1435,http://www.wikidata.org/entity/Q15700831
http://www.wikidata.org/entity/Q17556051,http://www.wikidata.org/prop/direct/P7959,http://www.wikidata.org/entity/Q23148
http://www.wikidata.org/entity/Q17556051,http://www.wikidata.org/prop/direct/P12485,101142042
http://www.wikidata.org/entity/Q17640717,http://www.wikidata.org/prop/direct/P17,http://www.wikidata.org/entity/Q145
http://www.wikidata.org/entity/Q17640717,http://www.wikidata.org/prop/direct/P31,http://www.wikidata.org/entity/Q1371047
http://www.wikidata.org/entity/Q17640717,http://www.wikidata.org/prop/direct/P131,http://www.wikidata.org/entity/Q5591892
http://www.wikidata.org/entity/Q17640717,http://www.wikidata.org/prop/direct/P613,SW7151714671
http://www.wikidata.org/entity/Q17640717,http://www.wikidata.org/prop/direct/P625,Point(-5.188877 49.988343)
http://www.wikidata.org/entity/Q17640717,http://www.wikidata.org/prop/direct/P1216,1006753
http://www.wikidata.org/entity/Q17640717,http://www.wikidata.org/prop/direct/P1216,1141939
http://www.wikidata.org/entity/Q17640717,http://www.wikidata.org/prop/direct/P1435,http://www.wikidata.org/entity/Q219538
http://www.wikidata.org/entity/Q17640717,http://www.wikidata.org/prop/direct/P1435,http://www.wikidata.org/entity/Q15700834
http://www.wikidata.org/entity/Q17640717,http://www.wikidata.org/prop/direct/P4117,426880
http://www.wikidata.org/entity/Q17640717,http://www.wikidata.org/prop/direct/P4117,610389
http://www.wikidata.org/entity/Q17640717,http://www.wikidata.org/prop/direct/P7959,http://www.wikidata.org/entity/Q23148
http://www.wikidata.org/entity/Q17640717,http://www.wikidata.org/prop/direct/P12485,101141939
http://www.wikidata.org/entity/Q17640800,http://www.wikidata.org/prop/direct/P17,http://www.wikidata.org/entity/Q145
http://www.wikidata.org/entity/Q17676635,http://www.wikidata.org/prop/direct/P17,http://www.wikidata.org/entity/Q145
http://www.wikidata.org/entity/Q17676635,http://www.wikidata.org/prop/direct/P31,http://www.wikidata.org/entity/Q1371047
http://www.wikidata.org/entity/Q17676635,http://www.wikidata.org/prop/direct/P131,http://www.wikidata.org/entity/Q1884402
http://www.wikidata.org/entity/Q17676635,http://www.wikidata.org/prop/direct/P613,SS5415614842
http://www.wikidata.org/entity/Q17676635,http://www.wikidata.org/prop/direct/P625,Point(-4.07605 50.9146)
http://www.wikidata.org/entity/Q17676635,http://www.wikidata.org/prop/direct/P1216,1015142
http://www.wikidata.org/entity/Q17676635,http://www.wikidata.org/prop/direct/P1435,http://www.wikidata.org/entity/Q219538
http://www.wikidata.org/entity/Q17676635,http://www.wikidata.org/prop/direct/P7959,http://www.wikidata.org/entity/Q67393660
http://www.wikidata.org/entity/Q17677177,http://www.wikidata.org/prop/direct/P17,http://www.wikidata.org/entity/Q145
http://www.wikidata.org/entity/Q17677177,http://www.wikidata.org/prop/direct/P31,http://www.wikidata.org/entity/Q108325
http://www.wikidata.org/entity/Q17677177,http://www.wikidata.org/prop/direct/P31,http://www.wikidata.org/entity/Q1371047
http://www.wikidata.org/entity/Q17677177,http://www.wikidata.org/prop/direct/P131,http://www.wikidata.org/entity/Q1974657
http://www.wikidata.org/entity/Q17677177,http://www.wikidata.org/prop/direct/P527,http://www.wikidata.org/entity/Q26507705
http://www.wikidata.org/entity/Q17677177,http://www.wikidata.org/prop/direct/P527,http://www.wikidata.org/entity/Q26577733
http://www.wikidata.org/entity/Q17677177,http://www.wikidata.org/prop/direct/P613,SW8652474919
http://www.wikidata.org/entity/Q17677177,http://www.wikidata.org/prop/direct/P625,Point(-5.01384 50.535)
http://www.wikidata.org/entity/Q17677177,http://www.wikidata.org/prop/direct/P1216,1018569
http://www.wikidata.org/entity/Q17677177,http://www.wikidata.org/prop/direct/P1435,http://www.wikidata.org/entity/Q219538
http://www.wikidata.org/entity/Q17677177,http://www.wikidata.org/prop/direct/P7938,http://www.wikidata.org/entity/Q1032559
http://www.wikidata.org/entity/Q17677177,http://www.wikidata.org/prop/direct/P7959,http://www.wikidata.org/entity/Q23148
http://www.wikidata.org/entity/Q17677247,http://www.wikidata.org/prop/direct/P17,http://www.wikidata.org/entity/Q145
http://www.wikidata.org/entity/Q17677247,http://www.wikidata.org/prop/direct/P31,http://www.wikidata.org/entity/Q1371047
http://www.wikidata.org/entity/Q17677247,http://www.wikidata.org/prop/direct/P131,http://www.wikidata.org/entity/Q2901467
http://www.wikidata.org/entity/Q17677247,http://www.wikidata.org/prop/direct/P613,SX2291583885
http://www.wikidata.org/entity/Q17677247,http://www.wikidata.org/prop/direct/P625,Point(-4.50513 50.6277)
http://www.wikidata.org/entity/Q17677247,http://www.wikidata.org/prop/direct/P1216,1017048
http://www.wikidata.org/entity/Q17677247,http://www.wikidata.org/prop/direct/P1435,http://www.wikidata.org/entity/Q219538
http://www.wikidata.org/entity/Q17677247,http://www.wikidata.org/prop/direct/P7959,http://www.wikidata.org/entity/Q23148
http://www.wikidata.org/entity/Q17677251,http://www.wikidata.org/prop/direct/P17,http://www.wikidata.org/entity/Q145
http://www.wikidata.org/entity/Q17677251,http://www.wikidata.org/prop/direct/P31,http://www.wikidata.org/entity/Q1371047
http://www.wikidata.org/entity/Q17677251,http://www.wikidata.org/prop/direct/P131,http://www.wikidata.org/entity/Q736535
http://www.wikidata.org/entity/Q17677251,http://www.wikidata.org/prop/direct/P613,SW8579962248
http://www.wikidata.org/entity/Q17677251,http://www.wikidata.org/prop/direct/P625,Point(-5.01677 50.4209)
http://www.wikidata.org/entity/Q17677251,http://www.wikidata.org/prop/direct/P1216,1018575
http://www.wikidata.org/entity/Q17677251,http://www.wikidata.org/prop/direct/P1435,http://www.wikidata.org/entity/Q219538
http://www.wikidata.org/entity/Q17677251,http://www.wikidata.org/prop/direct/P7959,http://www.wikidata.org/entity/Q23148
http://www.wikidata.org/entity/Q30156264,http://www.wikidata.org/prop/direct/P131,http://www.wikidata.org/entity/Q30013
http://www.wikidata.org/entity/Q30156264,http://www.wikidata.org/prop/direct/P625,Point(10.670590358 55.255060059)
http://www.wikidata.org/entity/Q30156264,http://www.wikidata.org/prop/direct/P1435,http://www.wikidata.org/entity/Q12312385
http://www.wikidata.org/entity/Q30156264,http://www.wikidata.org/prop/direct/P3596,137578
http://www.wikidata.org/entity/Q30156301,http://www.wikidata.org/prop/direct/P17,http://www.wikidata.org/entity/Q35
http://www.wikidata.org/entity/Q30156301,http://www.wikidata.org/prop/direct/P31,http://www.wikidata.org/entity/Q1371047
http://www.wikidata.org/entity/Q30156301,http://www.wikidata.org/prop/direct/P131,http://www.wikidata.org/entity/Q21182
http://www.wikidata.org/entity/Q30156301,http://www.wikidata.org/prop/direct/P625,Point(10.616659158 54.982711953)
http://www.wikidata.org/entity/Q30156301,http://www.wikidata.org/prop/direct/P1435,http://www.wikidata.org/entity/Q12312385
http://www.wikidata.org/entity/Q30156301,http://www.wikidata.org/prop/direct/P3596,139002
http://www.wikidata.org/entity/Q30156334,http://www.wikidata.org/prop/direct/P17,http://www.wikidata.org/entity/Q35
http://www.wikidata.org/entity/Q30156334,http://www.wikidata.org/prop/direct/P31,http://www.wikidata.org/entity/Q1371047
http://www.wikidata.org/entity/Q30156334,http://www.wikidata.org/prop/direct/P131,http://www.wikidata.org/entity/Q20770
http://www.wikidata.org/entity/Q30156334,http://www.wikidata.org/prop/direct/P625,Point(10.119026199 55.519879309)
http://www.wikidata.org/entity/Q30156334,http://www.wikidata.org/prop/direct/P1435,http://www.wikidata.org/entity/Q12312385
http://www.wikidata.org/entity/Q30156334,http://www.wikidata.org/prop/direct/P3596,140531
http://www.wikidata.org/entity/Q30156344,http://www.wikidata.org/prop/direct/P17,http://www.wikidata.org/entity/Q35
http://www.wikidata.org/entity/Q30156344,http://www.wikidata.org/prop/direct/P31,http://www.wikidata.org/entity/Q1371047
http://www.wikidata.org/entity/Q30156344,http://www.wikidata.org/prop/direct/P131,http://www.wikidata.org/entity/Q511214
http://www.wikidata.org/entity/Q30156344,http://www.wikidata.org/prop/direct/P625,Point(10.138437736 57.330792475)
http://www.wikidata.org/entity/Q30156344,http://www.wikidata.org/prop/direct/P1435,http://www.wikidata.org/entity/Q12312385
http://www.wikidata.org/entity/Q30156344,http://www.wikidata.org/prop/direct/P3596,140771
http://www.wikidata.org/entity/Q30156364,http://www.wikidata.org/prop/direct/P17,http://www.wikidata.org/entity/Q35
http://www.wikidata.org/entity/Q30156364,http://www.wikidata.org/prop/direct/P31,http://www.wikidata.org/entity/Q1371047
http://www.wikidata.org/entity/Q30156364,http://www.wikidata.org/prop/direct/P131,http://www.wikidata.org/entity/Q21140
http://www.wikidata.org/entity/Q30156364,http://www.wikidata.org/prop/direct/P625,Point(10.019155191 55.464707026)
http://www.wikidata.org/entity/Q30156364,http://www.wikidata.org/prop/direct/P1435,http://www.wikidata.org/entity/Q12312385
http://www.wikidata.org/entity/Q30156364,http://www.wikidata.org/prop/direct/P3596,141563
http://www.wikidata.org/entity/Q126888633,http://www.wikidata.org/prop/direct/P17,http://www.wikidata.org/entity/Q27
http://www.wikidata.org/entity/Q126888633,http://www.wikidata.org/prop/direct/P31,http://www.wikidata.org/entity/Q1371047
http://www.wikidata.org/entity/Q126888633,http://www.wikidata.org/prop/direct/P31,http://www.wikidata.org/entity/Q126443332
http://www.wikidata.org/entity/Q126888633,http://www.wikidata.org/prop/direct/P131,http://www.wikidata.org/entity/Q180231
http://www.wikidata.org/entity/Q126888633,http://www.wikidata.org/prop/direct/P131,http://www.wikidata.org/entity/Q60554378
http://www.wikidata.org/entity/Q126888633,http://www.wikidata.org/prop/direct/P131,http://www.wikidata.org/entity/Q104266527
http://www.wikidata.org/entity/Q126888633,http://www.wikidata.org/prop/direct/P138,http://www.wikidata.org/entity/Q80979
http://www.wikidata.org/entity/Q126888633,http://www.wikidata.org/prop/direct/P195,http://www.wikidata.org/entity/Q126875543
http://www.wikidata.org/entity/Q126888633,http://www.wikidata.org/prop/direct/P195,http://www.wikidata.org/entity/Q132817615
http://www.wikidata.org/entity/Q126888633,http://www.wikidata.org/prop/direct/P217,27
http://www.wikidata.org/entity/Q126888633,http://www.wikidata.org/prop/direct/P217,KHW138
http://www.wikidata.org/entity/Q126888633,http://www.wikidata.org/prop/direct/P625,Point(-6.9604757 52.536488)
http://www.wikidata.org/entity/Q126888633,http://www.wikidata.org/prop/direct/P625,Point(-6.96051 52.53738)
http://www.wikidata.org/entity/Q126888633,http://www.wikidata.org/prop/direct/P708,http://www.wikidata.org/entity/Q873607
http://www.wikidata.org/entity/Q126888633,http://www.wikidata.org/prop/direct/P1343,http://www.wikidata.org/entity/Q126374601
http://www.wikidata.org/entity/Q126888633,http://www.wikidata.org/prop/direct/P1343,http://www.wikidata.org/entity/Q126875543
http://www.wikidata.org/entity/Q126888633,http://www.wikidata.org/prop/direct/P1343,http://www.wikidata.org/entity/Q127432104
http://www.wikidata.org/entity/Q126888633,http://www.wikidata.org/prop/direct/P1343,http://www.wikidata.org/entity/Q128234462
http://www.wikidata.org/entity/Q126888633,http://www.wikidata.org/prop/direct/P1343,http://www.wikidata.org/entity/Q128694249
http://www.wikidata.org/entity/Q126888633,http://www.wikidata.org/prop/direct/P1343,http://www.wikidata.org/entity/Q132817615
http://www.wikidata.org/entity/Q126888633,http://www.wikidata.org/prop/direct/P4057,KK029-037----
http://www.wikidata.org/entity/Q126888828,http://www.wikidata.org/prop/direct/P17,http://www.wikidata.org/entity/Q27
http://www.wikidata.org/entity/Q126888828,http://www.wikidata.org/prop/direct/P31,http://www.wikidata.org/entity/Q1371047
http://www.wikidata.org/entity/Q126888828,http://www.wikidata.org/prop/direct/P31,http://www.wikidata.org/entity/Q126443332
http://www.wikidata.org/entity/Q126888828,http://www.wikidata.org/prop/direct/P131,http://www.wikidata.org/entity/Q180231
http://www.wikidata.org/entity/Q126888828,http://www.wikidata.org/prop/direct/P131,http://www.wikidata.org/entity/Q60553962
http://www.wikidata.org/entity/Q126888828,http://www.wikidata.org/prop/direct/P131,http://www.wikidata.org/entity/Q104265235
http://www.wikidata.org/entity/Q126888828,http://www.wikidata.org/prop/direct/P138,http://www.wikidata.org/entity/Q345
http://www.wikidata.org/entity/Q126888828,http://www.wikidata.org/prop/direct/P195,http://www.wikidata.org/entity/Q126875543
http://www.wikidata.org/entity/Q126888828,http://www.wikidata.org/prop/direct/P195,http://www.wikidata.org/entity/Q132817615
http://www.wikidata.org/entity/Q126888828,http://www.wikidata.org/prop/direct/P217,28
http://www.wikidata.org/entity/Q126888828,http://www.wikidata.org/prop/direct/P217,KHW134
http://www.wikidata.org/entity/Q126888828,http://www.wikidata.org/prop/direct/P625,Point(-7.2929779 52.584445)
http://www.wikidata.org/entity/Q126888828,http://www.wikidata.org/prop/direct/P708,http://www.wikidata.org/entity/Q873607
http://www.wikidata.org/entity/Q126888828,http://www.wikidata.org/prop/direct/P1343,http://www.wikidata.org/entity/Q126374601
http://www.wikidata.org/entity/Q126888828,http://www.wikidata.org/prop/direct/P1343,http://www.wikidata.org/entity/Q126875543
http://www.wikidata.org/entity/Q126888828,http://www.wikidata.org/prop/direct/P1343,http://www.wikidata.org/entity/Q132817615
http://www.wikidata.org/entity/Q126888828,http://www.wikidata.org/prop/direct/P4057,KK023-099----
http://www.wikidata.org/entity/Q126888828,http://www.wikidata.org/prop/direct/P4057,KK023-101----
http://www.wikidata.org/entity/Q126889963,http://www.wikidata.org/prop/direct/P17,http://www.wikidata.org/entity/Q27
http://www.wikidata.org/entity/Q126889963,http://www.wikidata.org/prop/direct/P31,http://www.wikidata.org/entity/Q1371047
http://www.wikidata.org/entity/Q17668997,http://www.wikidata.org/prop/direct/P17,http://www.wikidata.org/entity/Q145
http://www.wikidata.org/entity/Q17668997,http://www.wikidata.org/prop/direct/P31,http://www.wikidata.org/entity/Q1371047
http://www.wikidata.org/entity/Q17668997,http://www.wikidata.org/prop/direct/P31,http://www.wikidata.org/entity/Q17156398
http://www.wikidata.org/entity/Q17668997,http://www.wikidata.org/prop/direct/P131,http://www.wikidata.org/entity/Q7592826
http://www.wikidata.org/entity/Q17668997,http://www.wikidata.org/prop/direct/P527,http://www.wikidata.org/entity/Q17529086
http://www.wikidata.org/entity/Q17668997,http://www.wikidata.org/prop/direct/P527,http://www.wikidata.org/entity/Q26453359
http://www.wikidata.org/entity/Q17668997,http://www.wikidata.org/prop/direct/P613,SX2494968304
http://www.wikidata.org/entity/Q17668997,http://www.wikidata.org/prop/direct/P625,Point(-4.46907 50.4883)
http://www.wikidata.org/entity/Q17668997,http://www.wikidata.org/prop/direct/P1216,1018205
http://www.wikidata.org/entity/Q17668997,http://www.wikidata.org/prop/direct/P1435,http://www.wikidata.org/entity/Q219538
http://www.wikidata.org/entity/Q17668997,http://www.wikidata.org/prop/direct/P7959,http://www.wikidata.org/entity/Q23148
http://www.wikidata.org/entity/Q17669372,http://www.wikidata.org/prop/direct/P17,http://www.wikidata.org/entity/Q145
http://www.wikidata.org/entity/Q17669372,http://www.wikidata.org/prop/direct/P31,http://www.wikidata.org/entity/Q1371047
http://www.wikidata.org/entity/Q17669372,http://www.wikidata.org/prop/direct/P31,http://www.wikidata.org/entity/Q2046325
http://www.wikidata.org/entity/Q17669372,http://www.wikidata.org/prop/direct/P131,http://www.wikidata.org/entity/Q2425846
http://www.wikidata.org/entity/Q17669372,http://www.wikidata.org/prop/direct/P625,Point(-5.14171 50.3975)
http://www.wikidata.org/entity/Q17669372,http://www.wikidata.org/prop/direct/P1216,1020027
http://www.wikidata.org/entity/Q17669372,http://www.wikidata.org/prop/direct/P1435,http://www.wikidata.org/entity/Q219538
http://www.wikidata.org/entity/Q17669372,http://www.wikidata.org/prop/direct/P7959,http://www.wikidata.org/entity/Q23148
http://www.wikidata.org/entity/Q17673982,http://www.wikidata.org/prop/direct/P17,http://www.wikidata.org/entity/Q145
http://www.wikidata.org/entity/Q17673982,http://www.wikidata.org/prop/direct/P31,http://www.wikidata.org/entity/Q1371047
http://www.wikidata.org/entity/Q17673982,http://www.wikidata.org/prop/direct/P131,http://www.wikidata.org/entity/Q7996801
http://www.wikidata.org/entity/Q17673982,http://www.wikidata.org/prop/direct/P613,SX2631698596
http://www.wikidata.org/entity/Q17673982,http://www.wikidata.org/prop/direct/P625,Point(-4.46402 50.7609)
http://www.wikidata.org/entity/Q17673982,http://www.wikidata.org/prop/direct/P1216,1017638
http://www.wikidata.org/entity/Q17673982,http://www.wikidata.org/prop/direct/P1435,http://www.wikidata.org/entity/Q219538
http://www.wikidata.org/entity/Q17673982,http://www.wikidata.org/prop/direct/P7959,http://www.wikidata.org/entity/Q23148
http://www.wikidata.org/entity/Q17674164,http://www.wikidata.org/prop/direct/P17,http://www.wikidata.org/entity/Q145
http://www.wikidata.org/entity/Q17674164,http://www.wikidata.org/prop/direct/P31,http://www.wikidata.org/entity/Q1371047
http://www.wikidata.org/entity/Q17674164,http://www.wikidata.org/prop/direct/P131,http://www.wikidata.org/entity/Q2800432
http://www.wikidata.org/entity/Q17674164,http://www.wikidata.org/prop/direct/P613,SX6648047372
http://www.wikidata.org/entity/Q17674164,http://www.wikidata.org/prop/direct/P625,Point(-3.876546 50.311135)
http://www.wikidata.org/entity/Q17674164,http://www.wikidata.org/prop/direct/P1216,1019315
http://www.wikidata.org/entity/Q17674164,http://www.wikidata.org/prop/direct/P1216,1309152
http://www.wikidata.org/entity/Q17674164,http://www.wikidata.org/prop/direct/P1435,http://www.wikidata.org/entity/Q219538
http://www.wikidata.org/entity/Q17674164,http://www.wikidata.org/prop/direct/P1435,http://www.wikidata.org/entity/Q15700834
http://www.wikidata.org/entity/Q122189335,http://www.wikidata.org/prop/direct/P17,http://www.wikidata.org/entity/Q38
http://www.wikidata.org/entity/Q122189335,http://www.wikidata.org/prop/direct/P31,http://www.wikidata.org/entity/Q1371047
http://www.wikidata.org/entity/Q122189335,http://www.wikidata.org/prop/direct/P131,http://www.wikidata.org/entity/Q382223
http://www.wikidata.org/entity/Q122189335,http://www.wikidata.org/prop/direct/P625,Point(8.593367 40.447865)
http://www.wikidata.org/entity/Q122189335,http://www.wikidata.org/prop/direct/P11982,NUR13049
http://www.wikidata.org/entity/Q122189336,http://www.wikidata.org/prop/direct/P17,http://www.wikidata.org/entity/Q38
http://www.wikidata.org/entity/Q122189336,http://www.wikidata.org/prop/direct/P31,http://www.wikidata.org/entity/Q1371047
http://www.wikidata.org/entity/Q122189336,http://www.wikidata.org/prop/direct/P131,http://www.wikidata.org/entity/Q389339
http://www.wikidata.org/entity/Q122189336,http://www.wikidata.org/prop/direct/P625,Point(8.7046248 39.687523)
http://www.wikidata.org/entity/Q122189336,http://www.wikidata.org/prop/direct/P11982,NUR16903
http://www.wikidata.org/entity/Q122189562,http://www.wikidata.org/prop/direct/P10,http://commons.wikimedia.org/wiki/Special:FilePath/Callan%20Saint%20Augustine%27s%20Well%20new.webm
http://www.wikidata.org/entity/Q122189562,http://www.wikidata.org/prop/direct/P17,http://www.wikidata.org/entity/Q27
http://www.wikidata.org/entity/Q122189562,http://www.wikidata.org/prop/direct/P18,http://commons.wikimedia.org/wiki/Special:FilePath/County%20Kilkenny%20-%20Saint%20Augustine%27s%20Well%20-%2020230902133128.jpg
http://www.wikidata.org/entity/Q122189562,http://www.wikidata.org/prop/direct/P31,http://www.wikidata.org/entity/Q124714
http://www.wikidata.org/entity/Q122189562,http://www.wikidata.org/prop/direct/P31,http://www.wikidata.org/entity/Q811979
http://www.wikidata.org/entity/Q122189562,http://www.wikidata.org/prop/direct/P31,http://www.wikidata.org/entity/Q1371047
http://www.wikidata.org/entity/Q122189562,http://www.wikidata.org/prop/direct/P31,http://www.wikidata.org/entity/Q126443332
http://www.wikidata.org/entity/Q122189562,http://www.wikidata.org/prop/direct/P131,http://www.wikidata.org/entity/Q180231
http://www.wikidata.org/entity/Q122189562,http://www.wikidata.org/prop/direct/P131,http://www.wikidata.org/entity/Q60553663
http://www.wikidata.org/entity/Q122189562,http://www.wikidata.org/prop/direct/P138,http://www.wikidata.org/entity/Q8018
http://www.wikidata.org/entity/Q122189562,http://www.wikidata.org/prop/direct/P195,http://www.wikidata.org/entity/Q126875543
http://www.wikidata.org/entity/Q122189562,http://www.wikidata.org/prop/direct/P195,http://www.wikidata.org/entity/Q132817615
http://www.wikidata.org/entity/Q122189562,http://www.wikidata.org/prop/direct/P217,31
http://www.wikidata.org/entity/Q122189562,http://www.wikidata.org/prop/direct/P217,KHW058
http://www.wikidata.org/entity/Q122189562,http://www.wikidata.org/prop/direct/P373,"Saint Augustine's Well, Callan"
http://www.wikidata.org/entity/Q122189562,http://www.wikidata.org/prop/direct/P625,Point(-7.38765 52.54522)
http://www.wikidata.org/entity/Q122189562,http://www.wikidata.org/prop/direct/P708,http://www.wikidata.org/entity/Q873607
http://www.wikidata.org/entity/Q122189562,http://www.wikidata.org/prop/direct/P973,"http://www.megalithicireland.com/Callan%20Holy%20Well,%20Kilkenny.html"
http://www.wikidata.org/entity/Q122189562,http://www.wikidata.org/prop/direct/P1325,https://sketchfab.com/3d-models/callan-st-augustines-well-low-poly-9feacac0fda14a189a1a59d2e129b1e4
http://www.wikidata.org/entity/Q122189562,http://www.wikidata.org/prop/direct/P1343,http://www.wikidata.org/entity/Q94928901
http://www.wikidata.org/entity/Q122189562,http://www.wikidata.org/prop/direct/P1343,http://www.wikidata.org/entity/Q120966194
http://www.wikidata.org/entity/Q122189562,http://www.wikidata.org/prop/direct/P1343,http://www.wikidata.org/entity/Q126374601
http://www.wikidata.org/entity/Q122189562,http://www.wikidata.org/prop/direct/P1343,http://www.wikidata.org/entity/Q126393245
http://www.wikidata.org/entity/Q121842432,http://www.wikidata.org/prop/direct/P1343,http://www.wikidata.org/entity/Q120966194
http://www.wikidata.org/entity/Q121842432,http://www.wikidata.org/prop/direct/P1343,http://www.wikidata.org/entity/Q126374601
http://www.wikidata.org/entity/Q121842432,http://www.wikidata.org/prop/direct/P1343,http://www.wikidata.org/entity/Q126393245
http://www.wikidata.org/entity/Q121842432,http://www.wikidata.org/prop/direct/P1343,http://www.wikidata.org/entity/Q126454465
http://www.wikidata.org/entity/Q121842432,http://www.wikidata.org/prop/direct/P1343,http://www.wikidata.org/entity/Q126474972
http://www.wikidata.org/entity/Q121842432,http://www.wikidata.org/prop/direct/P1343,http://www.wikidata.org/entity/Q126528008
http://www.wikidata.org/entity/Q121842432,http://www.wikidata.org/prop/direct/P1343,http://www.wikidata.org/entity/Q126540348
http://www.wikidata.org/entity/Q121842432,http://www.wikidata.org/prop/direct/P1343,http://www.wikidata.org/entity/Q126875543
http://www.wikidata.org/entity/Q121842432,http://www.wikidata.org/prop/direct/P1343,http://www.wikidata.org/entity/Q127815620
http://www.wikidata.org/entity/Q121842432,http://www.wikidata.org/prop/direct/P1343,http://www.wikidata.org/entity/Q127816174
http://www.wikidata.org/entity/Q121842432,http://www.wikidata.org/prop/direct/P1343,http://www.wikidata.org/entity/Q129570937
http://www.wikidata.org/entity/Q121842432,http://www.wikidata.org/prop/direct/P1343,http://www.wikidata.org/entity/Q129833398
http://www.wikidata.org/entity/Q121842432,http://www.wikidata.org/prop/direct/P1343,http://www.wikidata.org/entity/Q129834572
http://www.wikidata.org/entity/Q121842432,http://www.wikidata.org/prop/direct/P1343,http://www.wikidata.org/entity/Q130266875
http://www.wikidata.org/entity/Q121842432,http://www.wikidata.org/prop/direct/P1343,http://www.wikidata.org/entity/Q130284129
http://www.wikidata.org/entity/Q121842432,http://www.wikidata.org/prop/direct/P1343,http://www.wikidata.org/entity/Q130308814
http://www.wikidata.org/entity/Q121842432,http://www.wikidata.org/prop/direct/P1343,http://www.wikidata.org/entity/Q130377925
http://www.wikidata.org/entity/Q121842432,http://www.wikidata.org/prop/direct/P1343,http://www.wikidata.org/entity/Q132817615
http://www.wikidata.org/entity/Q121842432,http://www.wikidata.org/prop/direct/P1343,http://www.wikidata.org/entity/Q134720267
http://www.wikidata.org/entity/Q121842432,http://www.wikidata.org/prop/direct/P2186,IE-KK-0249
http://www.wikidata.org/entity/Q121842432,http://www.wikidata.org/prop/direct/P4057,KK020-050004-
http://www.wikidata.org/entity/Q121842432,http://www.wikidata.org/prop/direct/P11693,8515265450
http://www.wikidata.org/entity/Q122114442,http://www.wikidata.org/prop/direct/P17,http://www.wikidata.org/entity/Q27
http://www.wikidata.org/entity/Q122114442,http://www.wikidata.org/prop/direct/P18,http://commons.wikimedia.org/wiki/Special:FilePath/Church%20Well%2C%20Chatsworth.jpg
http://www.wikidata.org/entity/Q122114442,http://www.wikidata.org/prop/direct/P31,http://www.wikidata.org/entity/Q43483
http://www.wikidata.org/entity/Q122114442,http://www.wikidata.org/prop/direct/P31,http://www.wikidata.org/entity/Q446013
http://www.wikidata.org/entity/Q122114442,http://www.wikidata.org/prop/direct/P31,http://www.wikidata.org/entity/Q1371047
http://www.wikidata.org/entity/Q122114442,http://www.wikidata.org/prop/direct/P31,http://www.wikidata.org/entity/Q126443332
http://www.wikidata.org/entity/Q122114442,http://www.wikidata.org/prop/direct/P131,http://www.wikidata.org/entity/Q180231
http://www.wikidata.org/entity/Q122114442,http://www.wikidata.org/prop/direct/P131,http://www.wikidata.org/entity/Q60553710
http://www.wikidata.org/entity/Q122114442,http://www.wikidata.org/prop/direct/P138,http://www.wikidata.org/entity/Q16970
http://www.wikidata.org/entity/Q122114442,http://www.wikidata.org/prop/direct/P195,http://www.wikidata.org/entity/Q126875543
http://www.wikidata.org/entity/Q122114442,http://www.wikidata.org/prop/direct/P195,http://www.wikidata.org/entity/Q132817615
http://www.wikidata.org/entity/Q122114442,http://www.wikidata.org/prop/direct/P217,5
http://www.wikidata.org/entity/Q122114442,http://www.wikidata.org/prop/direct/P217,KHW048
http://www.wikidata.org/entity/Q30161019,http://www.wikidata.org/prop/direct/P17,http://www.wikidata.org/entity/Q27
http://www.wikidata.org/entity/Q30161019,http://www.wikidata.org/prop/direct/P18,http://commons.wikimedia.org/wiki/Special:FilePath/Cork%20-%20Saint%20Francis%20Well%20-%2020180916145346.jpg
http://www.wikidata.org/entity/Q30161019,http://www.wikidata.org/prop/direct/P31,http://www.wikidata.org/entity/Q1371047
http://www.wikidata.org/entity/Q30161019,http://www.wikidata.org/prop/direct/P131,http://www.wikidata.org/entity/Q36647
http://www.wikidata.org/entity/Q30161019,http://www.wikidata.org/prop/direct/P373,"Saint Francis Well, Cork"
http://www.wikidata.org/entity/Q30161019,http://www.wikidata.org/prop/direct/P625,Point(-8.483061 51.901265)
http://www.wikidata.org/entity/Q30161019,http://www.wikidata.org/prop/direct/P2186,IE-CO-0069
http://www.wikidata.org/entity/Q30161019,http://www.wikidata.org/prop/direct/P4057,CO074-028001
http://www.wikidata.org/entity/Q30161019,http://www.wikidata.org/prop/direct/P7959,http://www.wikidata.org/entity/Q162475
http://www.wikidata.org/entity/Q30161022,http://www.wikidata.org/prop/direct/P17,http://www.wikidata.org/entity/Q27
http://www.wikidata.org/entity/Q30161022,http://www.wikidata.org/prop/direct/P18,http://commons.wikimedia.org/wiki/Special:FilePath/Cork%20-%20Ladys%20Well%20Grotto%20-%2020220904141100.jpg
http://www.wikidata.org/entity/Q30161022,http://www.wikidata.org/prop/direct/P31,http://www.wikidata.org/entity/Q1371047
http://www.wikidata.org/entity/Q30161022,http://www.wikidata.org/prop/direct/P131,http://www.wikidata.org/entity/Q36647
http://www.wikidata.org/entity/Q30161022,http://www.wikidata.org/prop/direct/P373,"Ladys Well Grotto, Cork"
http://www.wikidata.org/entity/Q30161022,http://www.wikidata.org/prop/direct/P625,Point(-8.472316 51.904571)
http://www.wikidata.org/entity/Q30161022,http://www.wikidata.org/prop/direct/P2186,IE-CO-0072
http://www.wikidata.org/entity/Q30161022,http://www.wikidata.org/prop/direct/P4057,CO074-062
http://www.wikidata.org/entity/Q30161022,http://www.wikidata.org/prop/direct/P7959,http://www.wikidata.org/entity/Q162475
http://www.wikidata.org/entity/Q30161038,http://www.wikidata.org/prop/direct/P17,http://www.wikidata.org/entity/Q27
http://www.wikidata.org/entity/Q30161038,http://www.wikidata.org/prop/direct/P31,http://www.wikidata.org/entity/Q1371047
http://www.wikidata.org/entity/Q30161038,http://www.wikidata.org/prop/direct/P131,http://www.wikidata.org/entity/Q36647
http://www.wikidata.org/entity/Q30161038,http://www.wikidata.org/prop/direct/P625,Point(-8.484056 51.900596)
http://www.wikidata.org/entity/Q30161038,http://www.wikidata.org/prop/direct/P2186,IE-CO-0082
http://www.wikidata.org/entity/Q30161038,http://www.wikidata.org/prop/direct/P4057,CO074-074----
http://www.wikidata.org/entity/Q30161038,http://www.wikidata.org/prop/direct/P7959,http://www.wikidata.org/entity/Q162475
http://www.wikidata.org/entity/Q30240704,http://www.wikidata.org/prop/direct/P17,http://www.wikidata.org/entity/Q35
http://www.wikidata.org/entity/Q30240704,http://www.wikidata.org/prop/direct/P31,http://www.wikidata.org/entity/Q1371047
http://www.wikidata.org/entity/Q30240704,http://www.wikidata.org/prop/direct/P131,http://www.wikidata.org/entity/Q502962
http://www.wikidata.org/entity/Q30240704,http://www.wikidata.org/prop/direct/P625,Point(9.548017182 56.393755055)
http://www.wikidata.org/entity/Q30240704,http://www.wikidata.org/prop/direct/P1435,http://www.wikidata.org/entity/Q12312385
http://www.wikidata.org/entity/Q30240704,http://www.wikidata.org/prop/direct/P3596,189192
http://www.wikidata.org/entity/Q30240760,http://www.wikidata.org/prop/direct/P17,http://www.wikidata.org/entity/Q35
http://www.wikidata.org/entity/Q30240760,http://www.wikidata.org/prop/direct/P31,http://www.wikidata.org/entity/Q1371047
http://www.wikidata.org/entity/Q117456079,http://www.wikidata.org/prop/direct/P17,http://www.wikidata.org/entity/Q27
http://www.wikidata.org/entity/Q117456079,http://www.wikidata.org/prop/direct/P18,http://commons.wikimedia.org/wiki/Special:FilePath/St%20Patrick%27s%20Well%2C%20Trinity%20College%20Dublin%2004.jpg
http://www.wikidata.org/entity/Q117456079,http://www.wikidata.org/prop/direct/P31,http://www.wikidata.org/entity/Q1371047
http://www.wikidata.org/entity/Q117456079,http://www.wikidata.org/prop/direct/P131,http://www.wikidata.org/entity/Q1761
http://www.wikidata.org/entity/Q117456079,http://www.wikidata.org/prop/direct/P373,"St Patrick's Well, Trinity College Dublin"
http://www.wikidata.org/entity/Q117456079,http://www.wikidata.org/prop/direct/P625,Point(-6.257708 53.342991)
http://www.wikidata.org/entity/Q117456079,http://www.wikidata.org/prop/direct/P1343,http://www.wikidata.org/entity/Q130378388
http://www.wikidata.org/entity/Q117456079,http://www.wikidata.org/prop/direct/P4057,DU018-020060-
http://www.wikidata.org/entity/Q119942684,http://www.wikidata.org/prop/direct/P17,http://www.wikidata.org/entity/Q142
http://www.wikidata.org/entity/Q119942684,http://www.wikidata.org/prop/direct/P18,http://commons.wikimedia.org/wiki/Special:FilePath/La%20fontaine%20de%20St%20Fiacre%20-%20Le%20Faou%C3%ABt%20%2848813354583%29.jpg
http://www.wikidata.org/entity/Q119942684,http://www.wikidata.org/prop/direct/P31,http://www.wikidata.org/entity/Q1371047
http://www.wikidata.org/entity/Q119942684,http://www.wikidata.org/prop/direct/P131,http://www.wikidata.org/entity/Q632711
http://www.wikidata.org/entity/Q119942684,http://www.wikidata.org/prop/direct/P373,Fontaine de Saint-Fiacre (Le Faouët)
http://www.wikidata.org/entity/Q119942684,http://www.wikidata.org/prop/direct/P625,Point(-3.48322 48.01821)
http://www.wikidata.org/entity/Q119942684,http://www.wikidata.org/prop/direct/P11693,1387606701
http://www.wikidata.org/entity/Q119944643,http://www.wikidata.org/prop/direct/P17,http://www.wikidata.org/entity/Q142
http://www.wikidata.org/entity/Q119944643,http://www.wikidata.org/prop/direct/P31,http://www.wikidata.org/entity/Q1371047
http://www.wikidata.org/entity/Q119944643,http://www.wikidata.org/prop/direct/P131,http://www.wikidata.org/entity/Q71331
http://www.wikidata.org/entity/Q119944643,http://www.wikidata.org/prop/direct/P373,Fontaine de Saint-Maur
http://www.wikidata.org/entity/Q119944643,http://www.wikidata.org/prop/direct/P625,Point(-3.50056 48.09494)
http://www.wikidata.org/entity/Q119944643,http://www.wikidata.org/prop/direct/P11693,11005693179
http://www.wikidata.org/entity/Q121840779,http://www.wikidata.org/prop/direct/P17,http://www.wikidata.org/entity/Q27
http://www.wikidata.org/entity/Q121840779,http://www.wikidata.org/prop/direct/P18,http://commons.wikimedia.org/wiki/Special:FilePath/Toberlachtain%20Tober%20Lachtain%2002.jpg
http://www.wikidata.org/entity/Q121840779,http://www.wikidata.org/prop/direct/P31,http://www.wikidata.org/entity/Q124714
http://www.wikidata.org/entity/Q121840779,http://www.wikidata.org/prop/direct/P31,http://www.wikidata.org/entity/Q811979
http://www.wikidata.org/entity/Q121840779,http://www.wikidata.org/prop/direct/P31,http://www.wikidata.org/entity/Q1371047
http://www.wikidata.org/entity/Q121840779,http://www.wikidata.org/prop/direct/P31,http://www.wikidata.org/entity/Q126443332
http://www.wikidata.org/entity/Q121840779,http://www.wikidata.org/prop/direct/P131,http://www.wikidata.org/entity/Q180231
http://www.wikidata.org/entity/Q121840779,http://www.wikidata.org/prop/direct/P131,http://www.wikidata.org/entity/Q60554307
http://www.wikidata.org/entity/Q121840779,http://www.wikidata.org/prop/direct/P138,http://www.wikidata.org/entity/Q18674069
http://www.wikidata.org/entity/Q121840779,http://www.wikidata.org/prop/direct/P195,http://www.wikidata.org/entity/Q126875543
http://www.wikidata.org/entity/Q121840779,http://www.wikidata.org/prop/direct/P195,http://www.wikidata.org/entity/Q132817615
http://www.wikidata.org/entity/Q121840779,http://www.wikidata.org/prop/direct/P217,137
http://www.wikidata.org/entity/Q121840779,http://www.wikidata.org/prop/direct/P217,KHW100
http://www.wikidata.org/entity/Q121840779,http://www.wikidata.org/prop/direct/P373,Toberlachtain
http://www.wikidata.org/entity/Q121840779,http://www.wikidata.org/prop/direct/P625,Point(-7.38951 52.7316)
http://www.wikidata.org/entity/Q121840779,http://www.wikidata.org/prop/direct/P708,http://www.wikidata.org/entity/Q873607
http://www.wikidata.org/entity/Q121840779,http://www.wikidata.org/prop/direct/P1325,https://sketchfab.com/3d-models/freshford-st-lachtains-well-low-poly-ae1e1f4daa7d433dbbf076407134e81e
http://www.wikidata.org/entity/Q121840779,http://www.wikidata.org/prop/direct/P1343,http://www.wikidata.org/entity/Q48998249
http://www.wikidata.org/entity/Q121840779,http://www.wikidata.org/prop/direct/P1343,http://www.wikidata.org/entity/Q116166792
http://www.wikidata.org/entity/Q17644399,http://www.wikidata.org/prop/direct/P17,http://www.wikidata.org/entity/Q145
http://www.wikidata.org/entity/Q17644399,http://www.wikidata.org/prop/direct/P31,http://www.wikidata.org/entity/Q1371047
http://www.wikidata.org/entity/Q17644399,http://www.wikidata.org/prop/direct/P131,http://www.wikidata.org/entity/Q7982562
http://www.wikidata.org/entity/Q17644399,http://www.wikidata.org/prop/direct/P613,SW6768328468
http://www.wikidata.org/entity/Q17644399,http://www.wikidata.org/prop/direct/P625,Point(-5.25063 50.1107)
http://www.wikidata.org/entity/Q17644399,http://www.wikidata.org/prop/direct/P1216,1006743
http://www.wikidata.org/entity/Q17644399,http://www.wikidata.org/prop/direct/P1435,http://www.wikidata.org/entity/Q219538
http://www.wikidata.org/entity/Q17644399,http://www.wikidata.org/prop/direct/P7959,http://www.wikidata.org/entity/Q23148
http://www.wikidata.org/entity/Q17663052,http://www.wikidata.org/prop/direct/P17,http://www.wikidata.org/entity/Q145
http://www.wikidata.org/entity/Q17663052,http://www.wikidata.org/prop/direct/P18,http://commons.wikimedia.org/wiki/Special:FilePath/St%20Mawes%20Holy%20Well%20%282464318976%29.jpg
http://www.wikidata.org/entity/Q17663052,http://www.wikidata.org/prop/direct/P31,http://www.wikidata.org/entity/Q1371047
http://www.wikidata.org/entity/Q17663052,http://www.wikidata.org/prop/direct/P131,http://www.wikidata.org/entity/Q7593884
http://www.wikidata.org/entity/Q17663052,http://www.wikidata.org/prop/direct/P276,http://www.wikidata.org/entity/Q993884
http://www.wikidata.org/entity/Q17663052,http://www.wikidata.org/prop/direct/P373,Holy well of St Mawes
http://www.wikidata.org/entity/Q17663052,http://www.wikidata.org/prop/direct/P613,SW8471333103
http://www.wikidata.org/entity/Q17663052,http://www.wikidata.org/prop/direct/P625,Point(-5.015437 50.158795)
http://www.wikidata.org/entity/Q17663052,http://www.wikidata.org/prop/direct/P1216,1020452
http://www.wikidata.org/entity/Q17663052,http://www.wikidata.org/prop/direct/P1216,1141002
http://www.wikidata.org/entity/Q17663052,http://www.wikidata.org/prop/direct/P1435,http://www.wikidata.org/entity/Q219538
http://www.wikidata.org/entity/Q17663052,http://www.wikidata.org/prop/direct/P1435,http://www.wikidata.org/entity/Q15700834
http://www.wikidata.org/entity/Q17663052,http://www.wikidata.org/prop/direct/P7959,http://www.wikidata.org/entity/Q23148
http://www.wikidata.org/entity/Q17663052,http://www.wikidata.org/prop/direct/P12485,101141002
http://www.wikidata.org/entity/Q17663059,http://www.wikidata.org/prop/direct/P17,http://www.wikidata.org/entity/Q145
http://www.wikidata.org/entity/Q17663059,http://www.wikidata.org/prop/direct/P31,http://www.wikidata.org/entity/Q1371047
http://www.wikidata.org/entity/Q17663059,http://www.wikidata.org/prop/direct/P131,http://www.wikidata.org/entity/Q2425846
http://www.wikidata.org/entity/Q17663059,http://www.wikidata.org/prop/direct/P613,SW7733758896
http://www.wikidata.org/entity/Q17663059,http://www.wikidata.org/prop/direct/P625,Point(-5.133724 50.38769)
http://www.wikidata.org/entity/Q17663059,http://www.wikidata.org/prop/direct/P1216,1141570
http://www.wikidata.org/entity/Q17663059,http://www.wikidata.org/prop/direct/P1216,1020453
http://www.wikidata.org/entity/Q17663059,http://www.wikidata.org/prop/direct/P1435,http://www.wikidata.org/entity/Q219538
http://www.wikidata.org/entity/Q17663059,http://www.wikidata.org/prop/direct/P1435,http://www.wikidata.org/entity/Q15700834
http://www.wikidata.org/entity/Q17663059,http://www.wikidata.org/prop/direct/P4117,428122
http://www.wikidata.org/entity/Q17663059,http://www.wikidata.org/prop/direct/P7959,http://www.wikidata.org/entity/Q23148
http://www.wikidata.org/entity/Q17663059,http://www.wikidata.org/prop/direct/P12485,101141570
http://www.wikidata.org/entity/Q17663546,http://www.wikidata.org/prop/direct/P17,http://www.wikidata.org/entity/Q145
http://www.wikidata.org/entity/Q17663546,http://www.wikidata.org/prop/direct/P18,http://commons.wikimedia.org/wiki/Special:FilePath/Holy%20well%2C%20Rezare%20-%20geograph.org.uk%20-%204372106.jpg
http://www.wikidata.org/entity/Q17663546,http://www.wikidata.org/prop/direct/P31,http://www.wikidata.org/entity/Q1371047
http://www.wikidata.org/entity/Q17663546,http://www.wikidata.org/prop/direct/P131,http://www.wikidata.org/entity/Q2635297
http://www.wikidata.org/entity/Q17663546,http://www.wikidata.org/prop/direct/P373,Holy Well at Rezare
http://www.wikidata.org/entity/Q17663546,http://www.wikidata.org/prop/direct/P613,SX3608477613
http://www.wikidata.org/entity/Q17663546,http://www.wikidata.org/prop/direct/P625,Point(-4.31634 50.5752)
http://www.wikidata.org/entity/Q17663546,http://www.wikidata.org/prop/direct/P1216,1018004
http://www.wikidata.org/entity/Q17663546,http://www.wikidata.org/prop/direct/P1435,http://www.wikidata.org/entity/Q219538
http://www.wikidata.org/entity/Q17663546,http://www.wikidata.org/prop/direct/P7959,http://www.wikidata.org/entity/Q23148
http://www.wikidata.org/entity/Q17663798,http://www.wikidata.org/prop/direct/P17,http://www.wikidata.org/entity/Q145
http://www.wikidata.org/entity/Q17663798,http://www.wikidata.org/prop/direct/P18,http://commons.wikimedia.org/wiki/Special:FilePath/Holy%20well%2C%20Michaelstow%20churchyard%20-%20geograph.org.uk%20-%205461367.jpg
http://www.wikidata.org/entity/Q17663798,http://www.wikidata.org/prop/direct/P31,http://www.wikidata.org/entity/Q1371047
http://www.wikidata.org/entity/Q17663798,http://www.wikidata.org/prop/direct/P131,http://www.wikidata.org/entity/Q3506244
http://www.wikidata.org/entity/Q17663798,http://www.wikidata.org/prop/direct/P613,SX0808778849
http://www.wikidata.org/entity/Q17663798,http://www.wikidata.org/prop/direct/P625,Point(-4.711934 50.577772)
http://www.wikidata.org/entity/Q17663798,http://www.wikidata.org/prop/direct/P1216,1327686
http://www.wikidata.org/entity/Q17663798,http://www.wikidata.org/prop/direct/P1216,1016366
http://www.wikidata.org/entity/Q17663798,http://www.wikidata.org/prop/direct/P1435,http://www.wikidata.org/entity/Q219538
http://www.wikidata.org/entity/Q17663798,http://www.wikidata.org/prop/direct/P1435,http://www.wikidata.org/entity/Q15700834
http://www.wikidata.org/entity/Q17663798,http://www.wikidata.org/prop/direct/P4117,431572
http://www.wikidata.org/entity/Q17663798,http://www.wikidata.org/prop/direct/P7959,http://www.wikidata.org/entity/Q23148
http://www.wikidata.org/entity/Q17663798,http://www.wikidata.org/prop/direct/P12485,101327686
http://www.wikidata.org/entity/Q17665170,http://www.wikidata.org/prop/direct/P17,http://www.wikidata.org/entity/Q145
http://www.wikidata.org/entity/Q17665170,http://www.wikidata.org/prop/direct/P31,http://www.wikidata.org/entity/Q1371047
http://www.wikidata.org/entity/Q17665170,http://www.wikidata.org/prop/direct/P131,http://www.wikidata.org/entity/Q21515020
http://www.wikidata.org/entity/Q17665170,http://www.wikidata.org/prop/direct/P613,SS9915500977
http://www.wikidata.org/entity/Q17665170,http://www.wikidata.org/prop/direct/P625,Point(-3.43236 50.7996)
http://www.wikidata.org/entity/Q17665170,http://www.wikidata.org/prop/direct/P1216,1019108
http://www.wikidata.org/entity/Q17665170,http://www.wikidata.org/prop/direct/P1435,http://www.wikidata.org/entity/Q219538
http://www.wikidata.org/entity/Q17665170,http://www.wikidata.org/prop/direct/P7959,http://www.wikidata.org/entity/Q67393660
http://www.wikidata.org/entity/Q17665181,http://www.wikidata.org/prop/direct/P17,http://www.wikidata.org/entity/Q145
http://www.wikidata.org/entity/Q17665181,http://www.wikidata.org/prop/direct/P18,http://commons.wikimedia.org/wiki/Special:FilePath/St%20Julian%27s%20Well%2C%20Ludlow.jpg
http://www.wikidata.org/entity/Q17665181,http://www.wikidata.org/prop/direct/P31,http://www.wikidata.org/entity/Q1371047
http://www.wikidata.org/entity/Q17665181,http://www.wikidata.org/prop/direct/P131,http://www.wikidata.org/entity/Q839811
http://www.wikidata.org/entity/Q17665181,http://www.wikidata.org/prop/direct/P373,"St Julian's Well, Ludlow"
http://www.wikidata.org/entity/Q17665181,http://www.wikidata.org/prop/direct/P613,SO5184375062
http://www.wikidata.org/entity/Q17665181,http://www.wikidata.org/prop/direct/P625,Point(-2.708758 52.371478)
http://www.wikidata.org/entity/Q17665181,http://www.wikidata.org/prop/direct/P1216,1202883
http://www.wikidata.org/entity/Q17665181,http://www.wikidata.org/prop/direct/P1216,1020656
http://www.wikidata.org/entity/Q17665181,http://www.wikidata.org/prop/direct/P1435,http://www.wikidata.org/entity/Q219538
http://www.wikidata.org/entity/Q17665181,http://www.wikidata.org/prop/direct/P1435,http://www.wikidata.org/entity/Q15700834
http://www.wikidata.org/entity/Q17665181,http://www.wikidata.org/prop/direct/P7959,http://www.wikidata.org/entity/Q67574371
http://www.wikidata.org/entity/Q17665181,http://www.wikidata.org/prop/direct/P12485,101202883
http://www.wikidata.org/entity/Q17641391,http://www.wikidata.org/prop/direct/P625,Point(-4.18496 50.3489)
http://www.wikidata.org/entity/Q17641391,http://www.wikidata.org/prop/direct/P625,Point(-4.18485 50.3489)
http://www.wikidata.org/entity/Q17641391,http://www.wikidata.org/prop/direct/P1216,1329144
http://www.wikidata.org/entity/Q17641391,http://www.wikidata.org/prop/direct/P1216,1004344
http://www.wikidata.org/entity/Q17641391,http://www.wikidata.org/prop/direct/P1435,http://www.wikidata.org/entity/Q219538
http://www.wikidata.org/entity/Q17641391,http://www.wikidata.org/prop/direct/P1435,http://www.wikidata.org/entity/Q15700831
http://www.wikidata.org/entity/Q17641391,http://www.wikidata.org/prop/direct/P7959,http://www.wikidata.org/entity/Q23148
http://www.wikidata.org/entity/Q17641391,http://www.wikidata.org/prop/direct/P12485,101329144
http://www.wikidata.org/entity/Q17642462,http://www.wikidata.org/prop/direct/P17,http://www.wikidata.org/entity/Q145
http://www.wikidata.org/entity/Q17642462,http://www.wikidata.org/prop/direct/P31,http://www.wikidata.org/entity/Q1371047
http://www.wikidata.org/entity/Q17642462,http://www.wikidata.org/prop/direct/P131,http://www.wikidata.org/entity/Q3298798
http://www.wikidata.org/entity/Q17642462,http://www.wikidata.org/prop/direct/P613,SX0907276915
http://www.wikidata.org/entity/Q17642462,http://www.wikidata.org/prop/direct/P625,Point(-4.697049 50.560725)
http://www.wikidata.org/entity/Q17642462,http://www.wikidata.org/prop/direct/P1216,1005430
http://www.wikidata.org/entity/Q17642462,http://www.wikidata.org/prop/direct/P1216,1327913
http://www.wikidata.org/entity/Q17642462,http://www.wikidata.org/prop/direct/P1435,http://www.wikidata.org/entity/Q219538
http://www.wikidata.org/entity/Q17642462,http://www.wikidata.org/prop/direct/P1435,http://www.wikidata.org/entity/Q15700834
http://www.wikidata.org/entity/Q17642462,http://www.wikidata.org/prop/direct/P7959,http://www.wikidata.org/entity/Q23148
http://www.wikidata.org/entity/Q17642462,http://www.wikidata.org/prop/direct/P8169,MCO6955&resourceID=1020
http://www.wikidata.org/entity/Q17642462,http://www.wikidata.org/prop/direct/P12485,101327913
http://www.wikidata.org/entity/Q17643688,http://www.wikidata.org/prop/direct/P17,http://www.wikidata.org/entity/Q145
http://www.wikidata.org/entity/Q17643688,http://www.wikidata.org/prop/direct/P18,http://commons.wikimedia.org/wiki/Special:FilePath/The%20Holy%20Well%2C%20Southam%20-%20geograph.org.uk%20-%203082656.jpg
http://www.wikidata.org/entity/Q17643688,http://www.wikidata.org/prop/direct/P31,http://www.wikidata.org/entity/Q839954
http://www.wikidata.org/entity/Q17643688,http://www.wikidata.org/prop/direct/P31,http://www.wikidata.org/entity/Q1371047
http://www.wikidata.org/entity/Q17643688,http://www.wikidata.org/prop/direct/P131,http://www.wikidata.org/entity/Q2560184
http://www.wikidata.org/entity/Q17643688,http://www.wikidata.org/prop/direct/P373,Southam Holy Well
http://www.wikidata.org/entity/Q17643688,http://www.wikidata.org/prop/direct/P613,SP4100361861
http://www.wikidata.org/entity/Q17643688,http://www.wikidata.org/prop/direct/P625,Point(-1.400781 52.253387)
http://www.wikidata.org/entity/Q17643688,http://www.wikidata.org/prop/direct/P625,Point(-1.40079 52.2534)
http://www.wikidata.org/entity/Q17643688,http://www.wikidata.org/prop/direct/P1216,1299530
http://www.wikidata.org/entity/Q17643688,http://www.wikidata.org/prop/direct/P1216,1005730
http://www.wikidata.org/entity/Q17643688,http://www.wikidata.org/prop/direct/P1435,http://www.wikidata.org/entity/Q219538
http://www.wikidata.org/entity/Q17643688,http://www.wikidata.org/prop/direct/P1435,http://www.wikidata.org/entity/Q15700834
http://www.wikidata.org/entity/Q17643688,http://www.wikidata.org/prop/direct/P7959,http://www.wikidata.org/entity/Q67575123
http://www.wikidata.org/entity/Q17643688,http://www.wikidata.org/prop/direct/P11693,833213123
http://www.wikidata.org/entity/Q17643688,http://www.wikidata.org/prop/direct/P12485,101299530
http://www.wikidata.org/entity/Q126891080,http://www.wikidata.org/prop/direct/P17,http://www.wikidata.org/entity/Q27
http://www.wikidata.org/entity/Q126891080,http://www.wikidata.org/prop/direct/P31,http://www.wikidata.org/entity/Q1371047
http://www.wikidata.org/entity/Q126891080,http://www.wikidata.org/prop/direct/P31,http://www.wikidata.org/entity/Q126443332
http://www.wikidata.org/entity/Q126891080,http://www.wikidata.org/prop/direct/P131,http://www.wikidata.org/entity/Q180231
http://www.wikidata.org/entity/Q126891080,http://www.wikidata.org/prop/direct/P131,http://www.wikidata.org/entity/Q104265770
http://www.wikidata.org/entity/Q126891080,http://www.wikidata.org/prop/direct/P138,http://www.wikidata.org/entity/Q2151232
http://www.wikidata.org/entity/Q126891080,http://www.wikidata.org/prop/direct/P195,http://www.wikidata.org/entity/Q126393245
http://www.wikidata.org/entity/Q126891080,http://www.wikidata.org/prop/direct/P195,http://www.wikidata.org/entity/Q126875543
http://www.wikidata.org/entity/Q126891080,http://www.wikidata.org/prop/direct/P195,http://www.wikidata.org/entity/Q132817615
http://www.wikidata.org/entity/Q126891080,http://www.wikidata.org/prop/direct/P217,59
http://www.wikidata.org/entity/Q126891080,http://www.wikidata.org/prop/direct/P217,0848.085
http://www.wikidata.org/entity/Q126891080,http://www.wikidata.org/prop/direct/P217,0848.094
http://www.wikidata.org/entity/Q126891080,http://www.wikidata.org/prop/direct/P217,KHW2-16
http://www.wikidata.org/entity/Q126891080,http://www.wikidata.org/prop/direct/P373,Derrynahinch Holy Well
http://www.wikidata.org/entity/Q126891080,http://www.wikidata.org/prop/direct/P625,Point(-7.185629 52.473324)
http://www.wikidata.org/entity/Q126891080,http://www.wikidata.org/prop/direct/P708,http://www.wikidata.org/entity/Q873607
http://www.wikidata.org/entity/Q126891080,http://www.wikidata.org/prop/direct/P1343,http://www.wikidata.org/entity/Q126393245
http://www.wikidata.org/entity/Q126891080,http://www.wikidata.org/prop/direct/P1343,http://www.wikidata.org/entity/Q126875543
http://www.wikidata.org/entity/Q126891080,http://www.wikidata.org/prop/direct/P1343,http://www.wikidata.org/entity/Q130308814
http://www.wikidata.org/entity/Q126891080,http://www.wikidata.org/prop/direct/P1343,http://www.wikidata.org/entity/Q132817615
http://www.wikidata.org/entity/Q126891080,http://www.wikidata.org/prop/direct/P6375,In the townland of Derrynahinch in a field at the back of Mac Bride's
http://www.wikidata.org/entity/Q126891133,http://www.wikidata.org/prop/direct/P17,http://www.wikidata.org/entity/Q27
http://www.wikidata.org/entity/Q126891133,http://www.wikidata.org/prop/direct/P31,http://www.wikidata.org/entity/Q1371047
http://www.wikidata.org/entity/Q126891133,http://www.wikidata.org/prop/direct/P31,http://www.wikidata.org/entity/Q126443332
http://www.wikidata.org/entity/Q126891133,http://www.wikidata.org/prop/direct/P131,http://www.wikidata.org/entity/Q180231
http://www.wikidata.org/entity/Q126891133,http://www.wikidata.org/prop/direct/P131,http://www.wikidata.org/entity/Q60553710
http://www.wikidata.org/entity/Q126891133,http://www.wikidata.org/prop/direct/P131,http://www.wikidata.org/entity/Q104265473
http://www.wikidata.org/entity/Q126891133,http://www.wikidata.org/prop/direct/P138,http://www.wikidata.org/entity/Q2151232
http://www.wikidata.org/entity/Q126891133,http://www.wikidata.org/prop/direct/P195,http://www.wikidata.org/entity/Q126875543
http://www.wikidata.org/entity/Q126891133,http://www.wikidata.org/prop/direct/P217,62
http://www.wikidata.org/entity/Q126891133,http://www.wikidata.org/prop/direct/P217,0865.051
http://www.wikidata.org/entity/Q126891133,http://www.wikidata.org/prop/direct/P708,http://www.wikidata.org/entity/Q873607
http://www.wikidata.org/entity/Q126891133,http://www.wikidata.org/prop/direct/P1343,http://www.wikidata.org/entity/Q126393245
http://www.wikidata.org/entity/Q126891133,http://www.wikidata.org/prop/direct/P1343,http://www.wikidata.org/entity/Q126875543
http://www.wikidata.org/entity/Q126891207,http://www.wikidata.org/prop/direct/P17,http://www.wikidata.org/entity/Q27
http://www.wikidata.org/entity/Q126891207,http://www.wikidata.org/prop/direct/P31,http://www.wikidata.org/entity/Q1371047
http://www.wikidata.org/entity/Q126891207,http://www.wikidata.org/prop/direct/P31,http://www.wikidata.org/entity/Q126443332
http://www.wikidata.org/entity/Q126891207,http://www.wikidata.org/prop/direct/P131,http://www.wikidata.org/entity/Q180231
http://www.wikidata.org/entity/Q126891207,http://www.wikidata.org/prop/direct/P131,http://www.wikidata.org/entity/Q60554376
http://www.wikidata.org/entity/Q126891207,http://www.wikidata.org/prop/direct/P131,http://www.wikidata.org/entity/Q104266134
http://www.wikidata.org/entity/Q126891207,http://www.wikidata.org/prop/direct/P138,http://www.wikidata.org/entity/Q165479
http://www.wikidata.org/entity/Q126891207,http://www.wikidata.org/prop/direct/P195,http://www.wikidata.org/entity/Q126875543
http://www.wikidata.org/entity/Q126891207,http://www.wikidata.org/prop/direct/P195,http://www.wikidata.org/entity/Q132817615
http://www.wikidata.org/entity/Q126891207,http://www.wikidata.org/prop/direct/P217,65
http://www.wikidata.org/entity/Q126891207,http://www.wikidata.org/prop/direct/P217,KHW2-17
http://www.wikidata.org/entity/Q122222699,http://www.wikidata.org/prop/direct/P195,http://www.wikidata.org/entity/Q132817615
http://www.wikidata.org/entity/Q122222699,http://www.wikidata.org/prop/direct/P217,95
http://www.wikidata.org/entity/Q122222699,http://www.wikidata.org/prop/direct/P217,KHW064
http://www.wikidata.org/entity/Q122222699,http://www.wikidata.org/prop/direct/P373,"Toberbride, Kilree"
http://www.wikidata.org/entity/Q122222699,http://www.wikidata.org/prop/direct/P625,Point(-7.2674769 52.5214964)
http://www.wikidata.org/entity/Q122222699,http://www.wikidata.org/prop/direct/P708,http://www.wikidata.org/entity/Q873607
http://www.wikidata.org/entity/Q122222699,http://www.wikidata.org/prop/direct/P841,http://www.wikidata.org/entity/Q2312
http://www.wikidata.org/entity/Q122222699,http://www.wikidata.org/prop/direct/P1343,http://www.wikidata.org/entity/Q120966194
http://www.wikidata.org/entity/Q122222699,http://www.wikidata.org/prop/direct/P1343,http://www.wikidata.org/entity/Q126393245
http://www.wikidata.org/entity/Q122222699,http://www.wikidata.org/prop/direct/P1343,http://www.wikidata.org/entity/Q126456421
http://www.wikidata.org/entity/Q122222699,http://www.wikidata.org/prop/direct/P1343,http://www.wikidata.org/entity/Q126474972
http://www.wikidata.org/entity/Q122222699,http://www.wikidata.org/prop/direct/P1343,http://www.wikidata.org/entity/Q126528008
http://www.wikidata.org/entity/Q122222699,http://www.wikidata.org/prop/direct/P1343,http://www.wikidata.org/entity/Q126540348
http://www.wikidata.org/entity/Q122222699,http://www.wikidata.org/prop/direct/P1343,http://www.wikidata.org/entity/Q126875543
http://www.wikidata.org/entity/Q122222699,http://www.wikidata.org/prop/direct/P1343,http://www.wikidata.org/entity/Q128034009
http://www.wikidata.org/entity/Q122222699,http://www.wikidata.org/prop/direct/P1343,http://www.wikidata.org/entity/Q130223869
http://www.wikidata.org/entity/Q122222699,http://www.wikidata.org/prop/direct/P1343,http://www.wikidata.org/entity/Q130265908
http://www.wikidata.org/entity/Q122222699,http://www.wikidata.org/prop/direct/P1343,http://www.wikidata.org/entity/Q130284129
http://www.wikidata.org/entity/Q122222699,http://www.wikidata.org/prop/direct/P1343,http://www.wikidata.org/entity/Q130308814
http://www.wikidata.org/entity/Q122222699,http://www.wikidata.org/prop/direct/P1343,http://www.wikidata.org/entity/Q130471945
http://www.wikidata.org/entity/Q122222699,http://www.wikidata.org/prop/direct/P1343,http://www.wikidata.org/entity/Q130485663
http://www.wikidata.org/entity/Q122222699,http://www.wikidata.org/prop/direct/P1343,http://www.wikidata.org/entity/Q132817615
http://www.wikidata.org/entity/Q122222699,http://www.wikidata.org/prop/direct/P2186,IE-KK-0310
http://www.wikidata.org/entity/Q122222699,http://www.wikidata.org/prop/direct/P4057,KK027-042----
http://www.wikidata.org/entity/Q122222699,http://www.wikidata.org/prop/direct/P10689,1217631637
http://www.wikidata.org/entity/Q122258856,http://www.wikidata.org/prop/direct/P10,http://commons.wikimedia.org/wiki/Special:FilePath/Columbkill%20Columbkille%27s%20Well.webm
http://www.wikidata.org/entity/Q122258856,http://www.wikidata.org/prop/direct/P17,http://www.wikidata.org/entity/Q27
http://www.wikidata.org/entity/Q122258856,http://www.wikidata.org/prop/direct/P18,http://commons.wikimedia.org/wiki/Special:FilePath/Saint%20Columbkille%27s%20Well.jpg
http://www.wikidata.org/entity/Q122258856,http://www.wikidata.org/prop/direct/P31,http://www.wikidata.org/entity/Q1371047
http://www.wikidata.org/entity/Q122258856,http://www.wikidata.org/prop/direct/P31,http://www.wikidata.org/entity/Q10713454
http://www.wikidata.org/entity/Q122258856,http://www.wikidata.org/prop/direct/P31,http://www.wikidata.org/entity/Q126443332
http://www.wikidata.org/entity/Q122258856,http://www.wikidata.org/prop/direct/P131,http://www.wikidata.org/entity/Q180231
http://www.wikidata.org/entity/Q122258856,http://www.wikidata.org/prop/direct/P131,http://www.wikidata.org/entity/Q60553880
http://www.wikidata.org/entity/Q122258856,http://www.wikidata.org/prop/direct/P138,http://www.wikidata.org/entity/Q236326
http://www.wikidata.org/entity/Q122258856,http://www.wikidata.org/prop/direct/P195,http://www.wikidata.org/entity/Q126875543
http://www.wikidata.org/entity/Q122258856,http://www.wikidata.org/prop/direct/P195,http://www.wikidata.org/entity/Q132817615
http://www.wikidata.org/entity/Q122258856,http://www.wikidata.org/prop/direct/P217,51
http://www.wikidata.org/entity/Q122258856,http://www.wikidata.org/prop/direct/P217,KHW046
http://www.wikidata.org/entity/Q122258856,http://www.wikidata.org/prop/direct/P373,"Columbkille's holy well, Co. Kilkenny"
http://www.wikidata.org/entity/Q122258856,http://www.wikidata.org/prop/direct/P625,Point(-7.12371 52.53101)
http://www.wikidata.org/entity/Q122258856,http://www.wikidata.org/prop/direct/P708,http://www.wikidata.org/entity/Q873607
http://www.wikidata.org/entity/Q122258856,http://www.wikidata.org/prop/direct/P841,http://www.wikidata.org/entity/Q2618
http://www.wikidata.org/entity/Q121840779,http://www.wikidata.org/prop/direct/P1343,http://www.wikidata.org/entity/Q120966194
http://www.wikidata.org/entity/Q121840779,http://www.wikidata.org/prop/direct/P1343,http://www.wikidata.org/entity/Q126374601
http://www.wikidata.org/entity/Q121840779,http://www.wikidata.org/prop/direct/P1343,http://www.wikidata.org/entity/Q126393245
http://www.wikidata.org/entity/Q121840779,http://www.wikidata.org/prop/direct/P1343,http://www.wikidata.org/entity/Q126474972
http://www.wikidata.org/entity/Q121840779,http://www.wikidata.org/prop/direct/P1343,http://www.wikidata.org/entity/Q126528008
http://www.wikidata.org/entity/Q121840779,http://www.wikidata.org/prop/direct/P1343,http://www.wikidata.org/entity/Q126540348
http://www.wikidata.org/entity/Q121840779,http://www.wikidata.org/prop/direct/P1343,http://www.wikidata.org/entity/Q126555558
http://www.wikidata.org/entity/Q121840779,http://www.wikidata.org/prop/direct/P1343,http://www.wikidata.org/entity/Q126871352
http://www.wikidata.org/entity/Q121840779,http://www.wikidata.org/prop/direct/P1343,http://www.wikidata.org/entity/Q126875543
http://www.wikidata.org/entity/Q121840779,http://www.wikidata.org/prop/direct/P1343,http://www.wikidata.org/entity/Q127278549
http://www.wikidata.org/entity/Q121840779,http://www.wikidata.org/prop/direct/P1343,http://www.wikidata.org/entity/Q129181072
http://www.wikidata.org/entity/Q121840779,http://www.wikidata.org/prop/direct/P1343,http://www.wikidata.org/entity/Q129571698
http://www.wikidata.org/entity/Q121840779,http://www.wikidata.org/prop/direct/P1343,http://www.wikidata.org/entity/Q130284129
http://www.wikidata.org/entity/Q121840779,http://www.wikidata.org/prop/direct/P1343,http://www.wikidata.org/entity/Q130308814
http://www.wikidata.org/entity/Q121840779,http://www.wikidata.org/prop/direct/P1343,http://www.wikidata.org/entity/Q130471945
http://www.wikidata.org/entity/Q121840779,http://www.wikidata.org/prop/direct/P1343,http://www.wikidata.org/entity/Q130536454
http://www.wikidata.org/entity/Q121840779,http://www.wikidata.org/prop/direct/P1343,http://www.wikidata.org/entity/Q131192390
http://www.wikidata.org/entity/Q121840779,http://www.wikidata.org/prop/direct/P1343,http://www.wikidata.org/entity/Q131192961
http://www.wikidata.org/entity/Q121840779,http://www.wikidata.org/prop/direct/P1343,http://www.wikidata.org/entity/Q132817615
http://www.wikidata.org/entity/Q121840779,http://www.wikidata.org/prop/direct/P2175,http://www.wikidata.org/entity/Q10874
http://www.wikidata.org/entity/Q121840779,http://www.wikidata.org/prop/direct/P2175,http://www.wikidata.org/entity/Q21925570
http://www.wikidata.org/entity/Q121840779,http://www.wikidata.org/prop/direct/P2186,IE-KK-0248
http://www.wikidata.org/entity/Q121840779,http://www.wikidata.org/prop/direct/P3342,http://www.wikidata.org/entity/Q64735653
http://www.wikidata.org/entity/Q121840779,http://www.wikidata.org/prop/direct/P4057,KK013-025----
http://www.wikidata.org/entity/Q121840779,http://www.wikidata.org/prop/direct/P10689,935503837
http://www.wikidata.org/entity/Q121842432,http://www.wikidata.org/prop/direct/P17,http://www.wikidata.org/entity/Q27
http://www.wikidata.org/entity/Q121842432,http://www.wikidata.org/prop/direct/P18,http://commons.wikimedia.org/wiki/Special:FilePath/St%20Fiachra%27s%20Well%20Sheastown.jpg
http://www.wikidata.org/entity/Q121842432,http://www.wikidata.org/prop/direct/P31,http://www.wikidata.org/entity/Q1371047
http://www.wikidata.org/entity/Q121842432,http://www.wikidata.org/prop/direct/P31,http://www.wikidata.org/entity/Q126443332
http://www.wikidata.org/entity/Q121842432,http://www.wikidata.org/prop/direct/P131,http://www.wikidata.org/entity/Q180231
http://www.wikidata.org/entity/Q121842432,http://www.wikidata.org/prop/direct/P131,http://www.wikidata.org/entity/Q60554717
http://www.wikidata.org/entity/Q121842432,http://www.wikidata.org/prop/direct/P138,http://www.wikidata.org/entity/Q953927
http://www.wikidata.org/entity/Q121842432,http://www.wikidata.org/prop/direct/P195,http://www.wikidata.org/entity/Q126875543
http://www.wikidata.org/entity/Q121842432,http://www.wikidata.org/prop/direct/P195,http://www.wikidata.org/entity/Q132817615
http://www.wikidata.org/entity/Q121842432,http://www.wikidata.org/prop/direct/P217,166
http://www.wikidata.org/entity/Q121842432,http://www.wikidata.org/prop/direct/P217,KHW044
http://www.wikidata.org/entity/Q121842432,http://www.wikidata.org/prop/direct/P373,"St Fiachra's Well, Sheastown"
http://www.wikidata.org/entity/Q121842432,http://www.wikidata.org/prop/direct/P625,Point(-7.1978959 52.6216672)
http://www.wikidata.org/entity/Q121842432,http://www.wikidata.org/prop/direct/P708,http://www.wikidata.org/entity/Q873607
http://www.wikidata.org/entity/Q121842432,http://www.wikidata.org/prop/direct/P841,http://www.wikidata.org/entity/Q2818
http://www.wikidata.org/entity/Q121842432,http://www.wikidata.org/prop/direct/P841,http://www.wikidata.org/entity/Q51203119
http://www.wikidata.org/entity/Q121842432,http://www.wikidata.org/prop/direct/P973,https://excavations.ie/report/1980-84/Kilkenny/0000485/
http://www.wikidata.org/entity/Q121842432,http://www.wikidata.org/prop/direct/P973,https://kilkennyarchaeologicalsociety.ie/wp-content/uploads/2018/03/Kilfera-sheestown-KAS.pdf
http://www.wikidata.org/entity/Q121842432,http://www.wikidata.org/prop/direct/P973,https://irelandsholywells.blogspot.com/2012/07/saint-fiacres-well-kilkenny.html
http://www.wikidata.org/entity/Q121842432,http://www.wikidata.org/prop/direct/P1325,https://sketchfab.com/3d-models/sheastown-st-fiachres-well-low-poly-be3bcad3a3204744a33b2255465028b8
http://www.wikidata.org/entity/Q121842432,http://www.wikidata.org/prop/direct/P1343,http://www.wikidata.org/entity/Q6407043
http://www.wikidata.org/entity/Q126456933,http://www.wikidata.org/prop/direct/P31,http://www.wikidata.org/entity/Q1371047
http://www.wikidata.org/entity/Q126456933,http://www.wikidata.org/prop/direct/P31,http://www.wikidata.org/entity/Q126443332
http://www.wikidata.org/entity/Q126456933,http://www.wikidata.org/prop/direct/P131,http://www.wikidata.org/entity/Q180231
http://www.wikidata.org/entity/Q126456933,http://www.wikidata.org/prop/direct/P131,http://www.wikidata.org/entity/Q60554999
http://www.wikidata.org/entity/Q126456933,http://www.wikidata.org/prop/direct/P131,http://www.wikidata.org/entity/Q104265682
http://www.wikidata.org/entity/Q126456933,http://www.wikidata.org/prop/direct/P138,http://www.wikidata.org/entity/Q21196
http://www.wikidata.org/entity/Q126456933,http://www.wikidata.org/prop/direct/P195,http://www.wikidata.org/entity/Q126875543
http://www.wikidata.org/entity/Q126456933,http://www.wikidata.org/prop/direct/P195,http://www.wikidata.org/entity/Q132817615
http://www.wikidata.org/entity/Q126456933,http://www.wikidata.org/prop/direct/P217,159
http://www.wikidata.org/entity/Q126456933,http://www.wikidata.org/prop/direct/P217,KHW035
http://www.wikidata.org/entity/Q126456933,http://www.wikidata.org/prop/direct/P625,Point(-7.2049487 52.3921566)
http://www.wikidata.org/entity/Q126456933,http://www.wikidata.org/prop/direct/P708,http://www.wikidata.org/entity/Q873607
http://www.wikidata.org/entity/Q126456933,http://www.wikidata.org/prop/direct/P1343,http://www.wikidata.org/entity/Q120966194
http://www.wikidata.org/entity/Q126456933,http://www.wikidata.org/prop/direct/P1343,http://www.wikidata.org/entity/Q126374601
http://www.wikidata.org/entity/Q126456933,http://www.wikidata.org/prop/direct/P1343,http://www.wikidata.org/entity/Q126456421
http://www.wikidata.org/entity/Q126456933,http://www.wikidata.org/prop/direct/P1343,http://www.wikidata.org/entity/Q126474972
http://www.wikidata.org/entity/Q126456933,http://www.wikidata.org/prop/direct/P1343,http://www.wikidata.org/entity/Q126528008
http://www.wikidata.org/entity/Q126456933,http://www.wikidata.org/prop/direct/P1343,http://www.wikidata.org/entity/Q126540348
http://www.wikidata.org/entity/Q126456933,http://www.wikidata.org/prop/direct/P1343,http://www.wikidata.org/entity/Q126555558
http://www.wikidata.org/entity/Q126456933,http://www.wikidata.org/prop/direct/P1343,http://www.wikidata.org/entity/Q126875543
http://www.wikidata.org/entity/Q126456933,http://www.wikidata.org/prop/direct/P1343,http://www.wikidata.org/entity/Q130284129
http://www.wikidata.org/entity/Q126456933,http://www.wikidata.org/prop/direct/P1343,http://www.wikidata.org/entity/Q130308814
http://www.wikidata.org/entity/Q126456933,http://www.wikidata.org/prop/direct/P1343,http://www.wikidata.org/entity/Q132817615
http://www.wikidata.org/entity/Q126456933,http://www.wikidata.org/prop/direct/P4057,KK035-064----
http://www.wikidata.org/entity/Q126456933,http://www.wikidata.org/prop/direct/P11693,6066441452
http://www.wikidata.org/entity/Q126458702,http://www.wikidata.org/prop/direct/P17,http://www.wikidata.org/entity/Q27
http://www.wikidata.org/entity/Q126458702,http://www.wikidata.org/prop/direct/P18,http://commons.wikimedia.org/wiki/Special:FilePath/St%20Nicholas%27s%20Well%2C%20Killamery.jpg
http://www.wikidata.org/entity/Q126458702,http://www.wikidata.org/prop/direct/P31,http://www.wikidata.org/entity/Q1371047
http://www.wikidata.org/entity/Q126458702,http://www.wikidata.org/prop/direct/P31,http://www.wikidata.org/entity/Q126443332
http://www.wikidata.org/entity/Q126458702,http://www.wikidata.org/prop/direct/P131,http://www.wikidata.org/entity/Q180231
http://www.wikidata.org/entity/Q126458702,http://www.wikidata.org/prop/direct/P131,http://www.wikidata.org/entity/Q3308470
http://www.wikidata.org/entity/Q126458702,http://www.wikidata.org/prop/direct/P131,http://www.wikidata.org/entity/Q60555011
http://www.wikidata.org/entity/Q126458702,http://www.wikidata.org/prop/direct/P138,http://www.wikidata.org/entity/Q44269
http://www.wikidata.org/entity/Q126458702,http://www.wikidata.org/prop/direct/P195,http://www.wikidata.org/entity/Q126875543
http://www.wikidata.org/entity/Q126458702,http://www.wikidata.org/prop/direct/P195,http://www.wikidata.org/entity/Q132817615
http://www.wikidata.org/entity/Q126458702,http://www.wikidata.org/prop/direct/P217,110
http://www.wikidata.org/entity/Q126458702,http://www.wikidata.org/prop/direct/P217,KHW033
http://www.wikidata.org/entity/Q126458702,http://www.wikidata.org/prop/direct/P373,"Saint Nicholas's Well, Killamery"
http://www.wikidata.org/entity/Q126458702,http://www.wikidata.org/prop/direct/P625,Point(-7.4459883 52.4752746)
http://www.wikidata.org/entity/Q126458702,http://www.wikidata.org/prop/direct/P708,http://www.wikidata.org/entity/Q873607
http://www.wikidata.org/entity/Q126458702,http://www.wikidata.org/prop/direct/P1325,https://sketchfab.com/3d-models/killamery-st-nicholass-well-low-poly-0eeb400854164819afc5bae588dff8da
http://www.wikidata.org/entity/Q126458702,http://www.wikidata.org/prop/direct/P1343,http://www.wikidata.org/entity/Q120966194
http://www.wikidata.org/entity/Q126458702,http://www.wikidata.org/prop/direct/P1343,http://www.wikidata.org/entity/Q126374601
http://www.wikidata.org/entity/Q126458702,http://www.wikidata.org/prop/direct/P1343,http://www.wikidata.org/entity/Q126393245
http://www.wikidata.org/entity/Q126458702,http://www.wikidata.org/prop/direct/P1343,http://www.wikidata.org/entity/Q126456421
http://www.wikidata.org/entity/Q126458702,http://www.wikidata.org/prop/direct/P1343,http://www.wikidata.org/entity/Q126474972
http://www.wikidata.org/entity/Q126458702,http://www.wikidata.org/prop/direct/P1343,http://www.wikidata.org/entity/Q126528008
http://www.wikidata.org/entity/Q122258856,http://www.wikidata.org/prop/direct/P973,https://kilkennygraveyards.blogspot.com/2018/03/columcille-parish-of-thomastown-county.html
http://www.wikidata.org/entity/Q122258856,http://www.wikidata.org/prop/direct/P1343,http://www.wikidata.org/entity/Q120966194
http://www.wikidata.org/entity/Q122258856,http://www.wikidata.org/prop/direct/P1343,http://www.wikidata.org/entity/Q126374601
http://www.wikidata.org/entity/Q122258856,http://www.wikidata.org/prop/direct/P1343,http://www.wikidata.org/entity/Q126393245
http://www.wikidata.org/entity/Q122258856,http://www.wikidata.org/prop/direct/P1343,http://www.wikidata.org/entity/Q126456421
http://www.wikidata.org/entity/Q122258856,http://www.wikidata.org/prop/direct/P1343,http://www.wikidata.org/entity/Q126474972
http://www.wikidata.org/entity/Q122258856,http://www.wikidata.org/prop/direct/P1343,http://www.wikidata.org/entity/Q126528008
http://www.wikidata.org/entity/Q122258856,http://www.wikidata.org/prop/direct/P1343,http://www.wikidata.org/entity/Q126540348
http://www.wikidata.org/entity/Q122258856,http://www.wikidata.org/prop/direct/P1343,http://www.wikidata.org/entity/Q126875543
http://www.wikidata.org/entity/Q122258856,http://www.wikidata.org/prop/direct/P1343,http://www.wikidata.org/entity/Q127818587
http://www.wikidata.org/entity/Q122258856,http://www.wikidata.org/prop/direct/P1343,http://www.wikidata.org/entity/Q128799983
http://www.wikidata.org/entity/Q122258856,http://www.wikidata.org/prop/direct/P1343,http://www.wikidata.org/entity/Q130284129
http://www.wikidata.org/entity/Q122258856,http://www.wikidata.org/prop/direct/P1343,http://www.wikidata.org/entity/Q130471945
http://www.wikidata.org/entity/Q122258856,http://www.wikidata.org/prop/direct/P1343,http://www.wikidata.org/entity/Q132817615
http://www.wikidata.org/entity/Q122258856,http://www.wikidata.org/prop/direct/P1343,http://www.wikidata.org/entity/Q133263165
http://www.wikidata.org/entity/Q122258856,http://www.wikidata.org/prop/direct/P1651,ihVuzz50_2A
http://www.wikidata.org/entity/Q122258856,http://www.wikidata.org/prop/direct/P2186,IE-KK-0311
http://www.wikidata.org/entity/Q122258856,http://www.wikidata.org/prop/direct/P4057,KK028-043003-
http://www.wikidata.org/entity/Q122258856,http://www.wikidata.org/prop/direct/P10689,933918649
http://www.wikidata.org/entity/Q122258894,http://www.wikidata.org/prop/direct/P10,http://commons.wikimedia.org/wiki/Special:FilePath/Ullard%20bullaun%20stones%20%26%20holy%20well.webm
http://www.wikidata.org/entity/Q122258894,http://www.wikidata.org/prop/direct/P17,http://www.wikidata.org/entity/Q27
http://www.wikidata.org/entity/Q122258894,http://www.wikidata.org/prop/direct/P18,http://commons.wikimedia.org/wiki/Special:FilePath/St%20Fiachre%27s%20Well%2C%20Ullard.jpg
http://www.wikidata.org/entity/Q122258894,http://www.wikidata.org/prop/direct/P31,http://www.wikidata.org/entity/Q1371047
http://www.wikidata.org/entity/Q122258894,http://www.wikidata.org/prop/direct/P31,http://www.wikidata.org/entity/Q126443332
http://www.wikidata.org/entity/Q122258894,http://www.wikidata.org/prop/direct/P131,http://www.wikidata.org/entity/Q180231
http://www.wikidata.org/entity/Q122258894,http://www.wikidata.org/prop/direct/P131,http://www.wikidata.org/entity/Q60557210
http://www.wikidata.org/entity/Q122258894,http://www.wikidata.org/prop/direct/P131,http://www.wikidata.org/entity/Q104266544
http://www.wikidata.org/entity/Q122258894,http://www.wikidata.org/prop/direct/P138,http://www.wikidata.org/entity/Q953927
http://www.wikidata.org/entity/Q122258894,http://www.wikidata.org/prop/direct/P195,http://www.wikidata.org/entity/Q126875543
http://www.wikidata.org/entity/Q122258894,http://www.wikidata.org/prop/direct/P195,http://www.wikidata.org/entity/Q132817615
http://www.wikidata.org/entity/Q122258894,http://www.wikidata.org/prop/direct/P217,181
http://www.wikidata.org/entity/Q122258894,http://www.wikidata.org/prop/direct/P217,KHW079
http://www.wikidata.org/entity/Q122258894,http://www.wikidata.org/prop/direct/P373,"Saint Fiachre's Well, Ullard"
http://www.wikidata.org/entity/Q122258894,http://www.wikidata.org/prop/direct/P625,Point(-6.9330162 52.5808431)
http://www.wikidata.org/entity/Q122258894,http://www.wikidata.org/prop/direct/P841,http://www.wikidata.org/entity/Q2323
http://www.wikidata.org/entity/Q122258894,http://www.wikidata.org/prop/direct/P841,http://www.wikidata.org/entity/Q51203049
http://www.wikidata.org/entity/Q122258894,http://www.wikidata.org/prop/direct/P973,https://kilkennynow.ie/keeping-alive-an-ancient-county-kilkenny-tradition/
http://www.wikidata.org/entity/Q122258894,http://www.wikidata.org/prop/direct/P973,http://www.megalithicireland.com/Ullard%20Monastic%20Site.html
http://www.wikidata.org/entity/Q122258894,http://www.wikidata.org/prop/direct/P973,http://irisharchaeology.ie/2016/03/the-beautiful-12th-century-church-at-ullard-co-kilkenny/
http://www.wikidata.org/entity/Q122258894,http://www.wikidata.org/prop/direct/P1325,https://sketchfab.com/3d-models/ullard-st-fiachras-well-low-poly-635f79e64b434a6ea0a8676229bf493d
http://www.wikidata.org/entity/Q122258894,http://www.wikidata.org/prop/direct/P1343,http://www.wikidata.org/entity/Q6407043
http://www.wikidata.org/entity/Q122258894,http://www.wikidata.org/prop/direct/P1343,http://www.wikidata.org/entity/Q64077931
http://www.wikidata.org/entity/Q122258894,http://www.wikidata.org/prop/direct/P1343,http://www.wikidata.org/entity/Q120966194
http://www.wikidata.org/entity/Q122258894,http://www.wikidata.org/prop/direct/P1343,http://www.wikidata.org/entity/Q126374601
http://www.wikidata.org/entity/Q122258894,http://www.wikidata.org/prop/direct/P1343,http://www.wikidata.org/entity/Q126393245
http://www.wikidata.org/entity/Q122258894,http://www.wikidata.org/prop/direct/P1343,http://www.wikidata.org/entity/Q126474972
http://www.wikidata.org/entity/Q122258894,http://www.wikidata.org/prop/direct/P1343,http://www.wikidata.org/entity/Q126490531
http://www.wikidata.org/entity/Q122258894,http://www.wikidata.org/prop/direct/P1343,http://www.wikidata.org/entity/Q126528008
http://www.wikidata.org/entity/Q122258894,http://www.wikidata.org/prop/direct/P1343,http://www.wikidata.org/entity/Q126540348
http://www.wikidata.org/entity/Q122258894,http://www.wikidata.org/prop/direct/P1343,http://www.wikidata.org/entity/Q126555558
http://www.wikidata.org/entity/Q122258894,http://www.wikidata.org/prop/direct/P1343,http://www.wikidata.org/entity/Q126871352
http://www.wikidata.org/entity/Q126454954,http://www.wikidata.org/prop/direct/P625,Point(-7.0698108 52.5104802)
http://www.wikidata.org/entity/Q126454954,http://www.wikidata.org/prop/direct/P708,http://www.wikidata.org/entity/Q873607
http://www.wikidata.org/entity/Q126454954,http://www.wikidata.org/prop/direct/P1343,http://www.wikidata.org/entity/Q120966194
http://www.wikidata.org/entity/Q126454954,http://www.wikidata.org/prop/direct/P1343,http://www.wikidata.org/entity/Q126374601
http://www.wikidata.org/entity/Q126454954,http://www.wikidata.org/prop/direct/P1343,http://www.wikidata.org/entity/Q126456421
http://www.wikidata.org/entity/Q126454954,http://www.wikidata.org/prop/direct/P1343,http://www.wikidata.org/entity/Q126528008
http://www.wikidata.org/entity/Q126454954,http://www.wikidata.org/prop/direct/P1343,http://www.wikidata.org/entity/Q126540348
http://www.wikidata.org/entity/Q126454954,http://www.wikidata.org/prop/direct/P1343,http://www.wikidata.org/entity/Q126555558
http://www.wikidata.org/entity/Q126454954,http://www.wikidata.org/prop/direct/P1343,http://www.wikidata.org/entity/Q126875543
http://www.wikidata.org/entity/Q126454954,http://www.wikidata.org/prop/direct/P1343,http://www.wikidata.org/entity/Q130284129
http://www.wikidata.org/entity/Q126454954,http://www.wikidata.org/prop/direct/P1343,http://www.wikidata.org/entity/Q130308814
http://www.wikidata.org/entity/Q126454954,http://www.wikidata.org/prop/direct/P1343,http://www.wikidata.org/entity/Q132817615
http://www.wikidata.org/entity/Q126454954,http://www.wikidata.org/prop/direct/P4057,KK028-066----
http://www.wikidata.org/entity/Q126454954,http://www.wikidata.org/prop/direct/P11693,8513793048
http://www.wikidata.org/entity/Q126456399,http://www.wikidata.org/prop/direct/P17,http://www.wikidata.org/entity/Q27
http://www.wikidata.org/entity/Q126456399,http://www.wikidata.org/prop/direct/P31,http://www.wikidata.org/entity/Q1371047
http://www.wikidata.org/entity/Q126456399,http://www.wikidata.org/prop/direct/P31,http://www.wikidata.org/entity/Q126443332
http://www.wikidata.org/entity/Q126456399,http://www.wikidata.org/prop/direct/P131,http://www.wikidata.org/entity/Q180231
http://www.wikidata.org/entity/Q126456399,http://www.wikidata.org/prop/direct/P131,http://www.wikidata.org/entity/Q60554507
http://www.wikidata.org/entity/Q126456399,http://www.wikidata.org/prop/direct/P138,http://www.wikidata.org/entity/Q2280421
http://www.wikidata.org/entity/Q126456399,http://www.wikidata.org/prop/direct/P195,http://www.wikidata.org/entity/Q126875543
http://www.wikidata.org/entity/Q126456399,http://www.wikidata.org/prop/direct/P195,http://www.wikidata.org/entity/Q132817615
http://www.wikidata.org/entity/Q126456399,http://www.wikidata.org/prop/direct/P217,32
http://www.wikidata.org/entity/Q126456399,http://www.wikidata.org/prop/direct/P217,KHW055
http://www.wikidata.org/entity/Q126456399,http://www.wikidata.org/prop/direct/P625,Point(-7.0504285 52.507721)
http://www.wikidata.org/entity/Q126456399,http://www.wikidata.org/prop/direct/P708,http://www.wikidata.org/entity/Q873607
http://www.wikidata.org/entity/Q126456399,http://www.wikidata.org/prop/direct/P1343,http://www.wikidata.org/entity/Q120966194
http://www.wikidata.org/entity/Q126456399,http://www.wikidata.org/prop/direct/P1343,http://www.wikidata.org/entity/Q126374601
http://www.wikidata.org/entity/Q126456399,http://www.wikidata.org/prop/direct/P1343,http://www.wikidata.org/entity/Q126393245
http://www.wikidata.org/entity/Q126456399,http://www.wikidata.org/prop/direct/P1343,http://www.wikidata.org/entity/Q126456421
http://www.wikidata.org/entity/Q126456399,http://www.wikidata.org/prop/direct/P1343,http://www.wikidata.org/entity/Q126474972
http://www.wikidata.org/entity/Q126456399,http://www.wikidata.org/prop/direct/P1343,http://www.wikidata.org/entity/Q126528008
http://www.wikidata.org/entity/Q126456399,http://www.wikidata.org/prop/direct/P1343,http://www.wikidata.org/entity/Q126540348
http://www.wikidata.org/entity/Q126456399,http://www.wikidata.org/prop/direct/P1343,http://www.wikidata.org/entity/Q126871352
http://www.wikidata.org/entity/Q126456399,http://www.wikidata.org/prop/direct/P1343,http://www.wikidata.org/entity/Q126875543
http://www.wikidata.org/entity/Q126456399,http://www.wikidata.org/prop/direct/P1343,http://www.wikidata.org/entity/Q130284129
http://www.wikidata.org/entity/Q126456399,http://www.wikidata.org/prop/direct/P1343,http://www.wikidata.org/entity/Q132817615
http://www.wikidata.org/entity/Q126456399,http://www.wikidata.org/prop/direct/P4057,KK029-026----
http://www.wikidata.org/entity/Q126456399,http://www.wikidata.org/prop/direct/P11693,8280023083
http://www.wikidata.org/entity/Q17677845,http://www.wikidata.org/prop/direct/P17,http://www.wikidata.org/entity/Q145
http://www.wikidata.org/entity/Q17677845,http://www.wikidata.org/prop/direct/P31,http://www.wikidata.org/entity/Q1371047
http://www.wikidata.org/entity/Q17677845,http://www.wikidata.org/prop/direct/P31,http://www.wikidata.org/entity/Q57644089
http://www.wikidata.org/entity/Q17677845,http://www.wikidata.org/prop/direct/P131,http://www.wikidata.org/entity/Q237250
http://www.wikidata.org/entity/Q17677845,http://www.wikidata.org/prop/direct/P131,http://www.wikidata.org/entity/Q3203844
http://www.wikidata.org/entity/Q17677845,http://www.wikidata.org/prop/direct/P276,http://www.wikidata.org/entity/Q16875766
http://www.wikidata.org/entity/Q17677845,http://www.wikidata.org/prop/direct/P613,TL8398287388
http://www.wikidata.org/entity/Q17677845,http://www.wikidata.org/prop/direct/P625,Point(0.706285 52.4535)
http://www.wikidata.org/entity/Q17677845,http://www.wikidata.org/prop/direct/P1216,1015257
http://www.wikidata.org/entity/Q17677845,http://www.wikidata.org/prop/direct/P1435,http://www.wikidata.org/entity/Q219538
http://www.wikidata.org/entity/Q17677845,http://www.wikidata.org/prop/direct/P7938,http://www.wikidata.org/entity/Q988801
http://www.wikidata.org/entity/Q17677845,http://www.wikidata.org/prop/direct/P7959,http://www.wikidata.org/entity/Q67535211
http://www.wikidata.org/entity/Q17677880,http://www.wikidata.org/prop/direct/P17,http://www.wikidata.org/entity/Q145
http://www.wikidata.org/entity/Q17677880,http://www.wikidata.org/prop/direct/P18,http://commons.wikimedia.org/wiki/Special:FilePath/St.%20Mary%E2%80%99s%20Well%2C%20Jesmond%2C%20Newcastle%20upon%20Tyne.jpg
http://www.wikidata.org/entity/Q17677880,http://www.wikidata.org/prop/direct/P31,http://www.wikidata.org/entity/Q1371047
http://www.wikidata.org/entity/Q17677880,http://www.wikidata.org/prop/direct/P131,http://www.wikidata.org/entity/Q21012735
http://www.wikidata.org/entity/Q17677880,http://www.wikidata.org/prop/direct/P276,http://www.wikidata.org/entity/Q11866401
http://www.wikidata.org/entity/Q17677880,http://www.wikidata.org/prop/direct/P613,NZ2585466503
http://www.wikidata.org/entity/Q17677880,http://www.wikidata.org/prop/direct/P625,Point(-1.59746 54.9924)
http://www.wikidata.org/entity/Q17677880,http://www.wikidata.org/prop/direct/P1216,1355270
http://www.wikidata.org/entity/Q17677880,http://www.wikidata.org/prop/direct/P1216,1018641
http://www.wikidata.org/entity/Q17677880,http://www.wikidata.org/prop/direct/P1435,http://www.wikidata.org/entity/Q219538
http://www.wikidata.org/entity/Q17677880,http://www.wikidata.org/prop/direct/P1435,http://www.wikidata.org/entity/Q15700834
http://www.wikidata.org/entity/Q17677880,http://www.wikidata.org/prop/direct/P7772,st-marys-well-newcastle-upon-tyne
http://www.wikidata.org/entity/Q17677880,http://www.wikidata.org/prop/direct/P7959,http://www.wikidata.org/entity/Q67535553
http://www.wikidata.org/entity/Q17677880,http://www.wikidata.org/prop/direct/P12485,101355270
http://www.wikidata.org/entity/Q17678240,http://www.wikidata.org/prop/direct/P17,http://www.wikidata.org/entity/Q145
http://www.wikidata.org/entity/Q17678240,http://www.wikidata.org/prop/direct/P18,http://commons.wikimedia.org/wiki/Special:FilePath/Holy%20Well%2C%20Davidstow%20-%20geograph.org.uk%20-%20208233.jpg
http://www.wikidata.org/entity/Q17678240,http://www.wikidata.org/prop/direct/P31,http://www.wikidata.org/entity/Q1371047
http://www.wikidata.org/entity/Q17678240,http://www.wikidata.org/prop/direct/P131,http://www.wikidata.org/entity/Q2284581
http://www.wikidata.org/entity/Q17678240,http://www.wikidata.org/prop/direct/P613,SX1516087368
http://www.wikidata.org/entity/Q17678240,http://www.wikidata.org/prop/direct/P625,Point(-4.61637 50.6566)
http://www.wikidata.org/entity/Q17678240,http://www.wikidata.org/prop/direct/P1216,1018692
http://www.wikidata.org/entity/Q17678240,http://www.wikidata.org/prop/direct/P1216,1328291
http://www.wikidata.org/entity/Q17678240,http://www.wikidata.org/prop/direct/P1435,http://www.wikidata.org/entity/Q219538
http://www.wikidata.org/entity/Q17678240,http://www.wikidata.org/prop/direct/P1435,http://www.wikidata.org/entity/Q15700834
http://www.wikidata.org/entity/Q17678240,http://www.wikidata.org/prop/direct/P7959,http://www.wikidata.org/entity/Q23148
http://www.wikidata.org/entity/Q17678240,http://www.wikidata.org/prop/direct/P12485,101328291
http://www.wikidata.org/entity/Q17640800,http://www.wikidata.org/prop/direct/P18,http://commons.wikimedia.org/wiki/Special:FilePath/St%20Levan%27s%20Holy%20Well%20-%20geograph.org.uk%20-%20933729.jpg
http://www.wikidata.org/entity/Q17640800,http://www.wikidata.org/prop/direct/P18,http://commons.wikimedia.org/wiki/Special:FilePath/St%20Levan%27s%20Well%20-%20geograph.org.uk%20-%20933661.jpg
http://www.wikidata.org/entity/Q17640800,http://www.wikidata.org/prop/direct/P31,http://www.wikidata.org/entity/Q1371047
http://www.wikidata.org/entity/Q17640800,http://www.wikidata.org/prop/direct/P131,http://www.wikidata.org/entity/Q751813
http://www.wikidata.org/entity/Q17640800,http://www.wikidata.org/prop/direct/P613,SW3808421929
http://www.wikidata.org/entity/Q17640800,http://www.wikidata.org/prop/direct/P625,Point(-5.65934 50.0397)
http://www.wikidata.org/entity/Q17640800,http://www.wikidata.org/prop/direct/P625,Point(-5.659306 50.039742)
http://www.wikidata.org/entity/Q17640800,http://www.wikidata.org/prop/direct/P1216,1143839
http://www.wikidata.org/entity/Q17640800,http://www.wikidata.org/prop/direct/P1216,1004248
http://www.wikidata.org/entity/Q17640800,http://www.wikidata.org/prop/direct/P1435,http://www.wikidata.org/entity/Q219538
http://www.wikidata.org/entity/Q17640800,http://www.wikidata.org/prop/direct/P1435,http://www.wikidata.org/entity/Q15700834
http://www.wikidata.org/entity/Q17640800,http://www.wikidata.org/prop/direct/P7959,http://www.wikidata.org/entity/Q23148
http://www.wikidata.org/entity/Q17640800,http://www.wikidata.org/prop/direct/P12485,101143839
http://www.wikidata.org/entity/Q17641241,http://www.wikidata.org/prop/direct/P17,http://www.wikidata.org/entity/Q145
http://www.wikidata.org/entity/Q17641241,http://www.wikidata.org/prop/direct/P18,http://commons.wikimedia.org/wiki/Special:FilePath/Madron%20Well%20-%20geograph.org.uk%20-%20237874.jpg
http://www.wikidata.org/entity/Q17641241,http://www.wikidata.org/prop/direct/P31,http://www.wikidata.org/entity/Q1371047
http://www.wikidata.org/entity/Q17641241,http://www.wikidata.org/prop/direct/P131,http://www.wikidata.org/entity/Q12061434
http://www.wikidata.org/entity/Q17641241,http://www.wikidata.org/prop/direct/P373,"Madron Well, Cornwall"
http://www.wikidata.org/entity/Q17641241,http://www.wikidata.org/prop/direct/P613,SW4455832747
http://www.wikidata.org/entity/Q17641241,http://www.wikidata.org/prop/direct/P625,Point(-5.57631 50.1397)
http://www.wikidata.org/entity/Q17641241,http://www.wikidata.org/prop/direct/P1216,1004310
http://www.wikidata.org/entity/Q17641241,http://www.wikidata.org/prop/direct/P1343,http://www.wikidata.org/entity/Q115349858
http://www.wikidata.org/entity/Q17641241,http://www.wikidata.org/prop/direct/P1435,http://www.wikidata.org/entity/Q219538
http://www.wikidata.org/entity/Q17641241,http://www.wikidata.org/prop/direct/P7959,http://www.wikidata.org/entity/Q23148
http://www.wikidata.org/entity/Q17641383,http://www.wikidata.org/prop/direct/P17,http://www.wikidata.org/entity/Q145
http://www.wikidata.org/entity/Q17641383,http://www.wikidata.org/prop/direct/P31,http://www.wikidata.org/entity/Q1371047
http://www.wikidata.org/entity/Q17641383,http://www.wikidata.org/prop/direct/P131,http://www.wikidata.org/entity/Q779119
http://www.wikidata.org/entity/Q17641383,http://www.wikidata.org/prop/direct/P613,SW9850661723
http://www.wikidata.org/entity/Q17641383,http://www.wikidata.org/prop/direct/P625,Point(-4.83784 50.4207)
http://www.wikidata.org/entity/Q17641383,http://www.wikidata.org/prop/direct/P1216,1004342
http://www.wikidata.org/entity/Q17641383,http://www.wikidata.org/prop/direct/P1435,http://www.wikidata.org/entity/Q219538
http://www.wikidata.org/entity/Q17641383,http://www.wikidata.org/prop/direct/P7959,http://www.wikidata.org/entity/Q23148
http://www.wikidata.org/entity/Q17641391,http://www.wikidata.org/prop/direct/P17,http://www.wikidata.org/entity/Q145
http://www.wikidata.org/entity/Q17641391,http://www.wikidata.org/prop/direct/P18,http://commons.wikimedia.org/wiki/Special:FilePath/St%20Julian%27s%20Well%20%28geograph%204926960%29.jpg
http://www.wikidata.org/entity/Q17641391,http://www.wikidata.org/prop/direct/P31,http://www.wikidata.org/entity/Q43483
http://www.wikidata.org/entity/Q17641391,http://www.wikidata.org/prop/direct/P31,http://www.wikidata.org/entity/Q1371047
http://www.wikidata.org/entity/Q17641391,http://www.wikidata.org/prop/direct/P131,http://www.wikidata.org/entity/Q14544530
http://www.wikidata.org/entity/Q17641391,http://www.wikidata.org/prop/direct/P373,"St Julian's Well, Maker-with-Rame"
http://www.wikidata.org/entity/Q17641391,http://www.wikidata.org/prop/direct/P613,SX4464552165
http://www.wikidata.org/entity/Q126459695,http://www.wikidata.org/prop/direct/P17,http://www.wikidata.org/entity/Q27
http://www.wikidata.org/entity/Q126459695,http://www.wikidata.org/prop/direct/P31,http://www.wikidata.org/entity/Q1371047
http://www.wikidata.org/entity/Q126459695,http://www.wikidata.org/prop/direct/P31,http://www.wikidata.org/entity/Q126443332
http://www.wikidata.org/entity/Q126459695,http://www.wikidata.org/prop/direct/P131,http://www.wikidata.org/entity/Q180231
http://www.wikidata.org/entity/Q126459695,http://www.wikidata.org/prop/direct/P131,http://www.wikidata.org/entity/Q60555206
http://www.wikidata.org/entity/Q126459695,http://www.wikidata.org/prop/direct/P138,http://www.wikidata.org/entity/Q345
http://www.wikidata.org/entity/Q126459695,http://www.wikidata.org/prop/direct/P195,http://www.wikidata.org/entity/Q126875543
http://www.wikidata.org/entity/Q126459695,http://www.wikidata.org/prop/direct/P195,http://www.wikidata.org/entity/Q132817615
http://www.wikidata.org/entity/Q126459695,http://www.wikidata.org/prop/direct/P217,71
http://www.wikidata.org/entity/Q126459695,http://www.wikidata.org/prop/direct/P217,KHW024
http://www.wikidata.org/entity/Q126459695,http://www.wikidata.org/prop/direct/P625,Point(-7.0412334 52.3693873)
http://www.wikidata.org/entity/Q126459695,http://www.wikidata.org/prop/direct/P708,http://www.wikidata.org/entity/Q873607
http://www.wikidata.org/entity/Q126459695,http://www.wikidata.org/prop/direct/P973,https://glenmore-history.com/tag/tobar-mhire-holy-well/
http://www.wikidata.org/entity/Q126459695,http://www.wikidata.org/prop/direct/P1343,http://www.wikidata.org/entity/Q120966194
http://www.wikidata.org/entity/Q126459695,http://www.wikidata.org/prop/direct/P1343,http://www.wikidata.org/entity/Q126374601
http://www.wikidata.org/entity/Q126459695,http://www.wikidata.org/prop/direct/P1343,http://www.wikidata.org/entity/Q126393245
http://www.wikidata.org/entity/Q126459695,http://www.wikidata.org/prop/direct/P1343,http://www.wikidata.org/entity/Q126456421
http://www.wikidata.org/entity/Q126459695,http://www.wikidata.org/prop/direct/P1343,http://www.wikidata.org/entity/Q126474972
http://www.wikidata.org/entity/Q126459695,http://www.wikidata.org/prop/direct/P1343,http://www.wikidata.org/entity/Q126528008
http://www.wikidata.org/entity/Q126459695,http://www.wikidata.org/prop/direct/P1343,http://www.wikidata.org/entity/Q126540348
http://www.wikidata.org/entity/Q126459695,http://www.wikidata.org/prop/direct/P1343,http://www.wikidata.org/entity/Q126555558
http://www.wikidata.org/entity/Q126459695,http://www.wikidata.org/prop/direct/P1343,http://www.wikidata.org/entity/Q126875543
http://www.wikidata.org/entity/Q126459695,http://www.wikidata.org/prop/direct/P1343,http://www.wikidata.org/entity/Q127605637
http://www.wikidata.org/entity/Q126459695,http://www.wikidata.org/prop/direct/P1343,http://www.wikidata.org/entity/Q130284129
http://www.wikidata.org/entity/Q126459695,http://www.wikidata.org/prop/direct/P1343,http://www.wikidata.org/entity/Q130308814
http://www.wikidata.org/entity/Q126459695,http://www.wikidata.org/prop/direct/P1343,http://www.wikidata.org/entity/Q132817615
http://www.wikidata.org/entity/Q126459695,http://www.wikidata.org/prop/direct/P4057,KK041-015001-
http://www.wikidata.org/entity/Q126459695,http://www.wikidata.org/prop/direct/P6375,"""about one mile from [the church of Cill Chuain] is a holy well called Tobermurry or the Virgin Mary's Well"""
http://www.wikidata.org/entity/Q126459695,http://www.wikidata.org/prop/direct/P11693,8512077750
http://www.wikidata.org/entity/Q126460137,http://www.wikidata.org/prop/direct/P17,http://www.wikidata.org/entity/Q27
http://www.wikidata.org/entity/Q126460137,http://www.wikidata.org/prop/direct/P31,http://www.wikidata.org/entity/Q43483
http://www.wikidata.org/entity/Q126460137,http://www.wikidata.org/prop/direct/P31,http://www.wikidata.org/entity/Q1371047
http://www.wikidata.org/entity/Q126460137,http://www.wikidata.org/prop/direct/P31,http://www.wikidata.org/entity/Q126443332
http://www.wikidata.org/entity/Q126460137,http://www.wikidata.org/prop/direct/P131,http://www.wikidata.org/entity/Q180231
http://www.wikidata.org/entity/Q126460137,http://www.wikidata.org/prop/direct/P131,http://www.wikidata.org/entity/Q60555206
http://www.wikidata.org/entity/Q126460137,http://www.wikidata.org/prop/direct/P131,http://www.wikidata.org/entity/Q104266315
http://www.wikidata.org/entity/Q126460137,http://www.wikidata.org/prop/direct/P138,http://www.wikidata.org/entity/Q130535583
http://www.wikidata.org/entity/Q126460137,http://www.wikidata.org/prop/direct/P195,http://www.wikidata.org/entity/Q126875543
http://www.wikidata.org/entity/Q126460137,http://www.wikidata.org/prop/direct/P195,http://www.wikidata.org/entity/Q132817615
http://www.wikidata.org/entity/Q126460137,http://www.wikidata.org/prop/direct/P217,70
http://www.wikidata.org/entity/Q126460137,http://www.wikidata.org/prop/direct/P217,KHW025
http://www.wikidata.org/entity/Q126460137,http://www.wikidata.org/prop/direct/P625,Point(-7.0419389 52.369158)
http://www.wikidata.org/entity/Q126460137,http://www.wikidata.org/prop/direct/P708,http://www.wikidata.org/entity/Q873607
http://www.wikidata.org/entity/Q126460137,http://www.wikidata.org/prop/direct/P1343,http://www.wikidata.org/entity/Q120966194
http://www.wikidata.org/entity/Q126891207,http://www.wikidata.org/prop/direct/P708,http://www.wikidata.org/entity/Q873607
http://www.wikidata.org/entity/Q126891207,http://www.wikidata.org/prop/direct/P1343,http://www.wikidata.org/entity/Q126393245
http://www.wikidata.org/entity/Q126891207,http://www.wikidata.org/prop/direct/P1343,http://www.wikidata.org/entity/Q126875543
http://www.wikidata.org/entity/Q126891207,http://www.wikidata.org/prop/direct/P1343,http://www.wikidata.org/entity/Q130284129
http://www.wikidata.org/entity/Q126891207,http://www.wikidata.org/prop/direct/P1343,http://www.wikidata.org/entity/Q132817615
http://www.wikidata.org/entity/Q126891250,http://www.wikidata.org/prop/direct/P17,http://www.wikidata.org/entity/Q27
http://www.wikidata.org/entity/Q126891250,http://www.wikidata.org/prop/direct/P31,http://www.wikidata.org/entity/Q1371047
http://www.wikidata.org/entity/Q126891250,http://www.wikidata.org/prop/direct/P31,http://www.wikidata.org/entity/Q126443332
http://www.wikidata.org/entity/Q126891250,http://www.wikidata.org/prop/direct/P131,http://www.wikidata.org/entity/Q180231
http://www.wikidata.org/entity/Q126891250,http://www.wikidata.org/prop/direct/P131,http://www.wikidata.org/entity/Q60553710
http://www.wikidata.org/entity/Q126891250,http://www.wikidata.org/prop/direct/P195,http://www.wikidata.org/entity/Q126875543
http://www.wikidata.org/entity/Q126891250,http://www.wikidata.org/prop/direct/P195,http://www.wikidata.org/entity/Q132817615
http://www.wikidata.org/entity/Q126891250,http://www.wikidata.org/prop/direct/P217,69
http://www.wikidata.org/entity/Q126891250,http://www.wikidata.org/prop/direct/P217,KHW117
http://www.wikidata.org/entity/Q126891250,http://www.wikidata.org/prop/direct/P708,http://www.wikidata.org/entity/Q873607
http://www.wikidata.org/entity/Q126891250,http://www.wikidata.org/prop/direct/P1343,http://www.wikidata.org/entity/Q126374601
http://www.wikidata.org/entity/Q126891250,http://www.wikidata.org/prop/direct/P1343,http://www.wikidata.org/entity/Q126393245
http://www.wikidata.org/entity/Q126891250,http://www.wikidata.org/prop/direct/P1343,http://www.wikidata.org/entity/Q126875543
http://www.wikidata.org/entity/Q126891250,http://www.wikidata.org/prop/direct/P1343,http://www.wikidata.org/entity/Q127813016
http://www.wikidata.org/entity/Q126891250,http://www.wikidata.org/prop/direct/P1343,http://www.wikidata.org/entity/Q129333352
http://www.wikidata.org/entity/Q126891250,http://www.wikidata.org/prop/direct/P1343,http://www.wikidata.org/entity/Q132817615
http://www.wikidata.org/entity/Q126891250,http://www.wikidata.org/prop/direct/P4057,KK005-038----
http://www.wikidata.org/entity/Q126903155,http://www.wikidata.org/prop/direct/P17,http://www.wikidata.org/entity/Q27
http://www.wikidata.org/entity/Q126903155,http://www.wikidata.org/prop/direct/P31,http://www.wikidata.org/entity/Q1371047
http://www.wikidata.org/entity/Q126903155,http://www.wikidata.org/prop/direct/P31,http://www.wikidata.org/entity/Q126443332
http://www.wikidata.org/entity/Q126903155,http://www.wikidata.org/prop/direct/P131,http://www.wikidata.org/entity/Q180231
http://www.wikidata.org/entity/Q126903155,http://www.wikidata.org/prop/direct/P131,http://www.wikidata.org/entity/Q60556262
http://www.wikidata.org/entity/Q126903155,http://www.wikidata.org/prop/direct/P131,http://www.wikidata.org/entity/Q104265152
http://www.wikidata.org/entity/Q126903155,http://www.wikidata.org/prop/direct/P138,http://www.wikidata.org/entity/Q2151232
http://www.wikidata.org/entity/Q126903155,http://www.wikidata.org/prop/direct/P195,http://www.wikidata.org/entity/Q126875543
http://www.wikidata.org/entity/Q126903155,http://www.wikidata.org/prop/direct/P195,http://www.wikidata.org/entity/Q132817615
http://www.wikidata.org/entity/Q126903155,http://www.wikidata.org/prop/direct/P217,79
http://www.wikidata.org/entity/Q126903155,http://www.wikidata.org/prop/direct/P217,0841.119-120
http://www.wikidata.org/entity/Q126903155,http://www.wikidata.org/prop/direct/P217,0844.008-009
http://www.wikidata.org/entity/Q126903155,http://www.wikidata.org/prop/direct/P217,KHW2-18
http://www.wikidata.org/entity/Q126903155,http://www.wikidata.org/prop/direct/P625,Point(-7.3078692 52.403244)
http://www.wikidata.org/entity/Q126903155,http://www.wikidata.org/prop/direct/P708,http://www.wikidata.org/entity/Q873607
http://www.wikidata.org/entity/Q30155015,http://www.wikidata.org/prop/direct/P17,http://www.wikidata.org/entity/Q35
http://www.wikidata.org/entity/Q30155015,http://www.wikidata.org/prop/direct/P31,http://www.wikidata.org/entity/Q1371047
http://www.wikidata.org/entity/Q30155015,http://www.wikidata.org/prop/direct/P131,http://www.wikidata.org/entity/Q512528
http://www.wikidata.org/entity/Q30155015,http://www.wikidata.org/prop/direct/P625,Point(9.852353011 56.58607342)
http://www.wikidata.org/entity/Q30155015,http://www.wikidata.org/prop/direct/P1435,http://www.wikidata.org/entity/Q12312385
http://www.wikidata.org/entity/Q30155015,http://www.wikidata.org/prop/direct/P3596,125397
http://www.wikidata.org/entity/Q30155726,http://www.wikidata.org/prop/direct/P17,http://www.wikidata.org/entity/Q35
http://www.wikidata.org/entity/Q30155726,http://www.wikidata.org/prop/direct/P31,http://www.wikidata.org/entity/Q1371047
http://www.wikidata.org/entity/Q30155726,http://www.wikidata.org/prop/direct/P131,http://www.wikidata.org/entity/Q7725510
http://www.wikidata.org/entity/Q30155726,http://www.wikidata.org/prop/direct/P625,Point(9.940033208 56.042543594)
http://www.wikidata.org/entity/Q30155726,http://www.wikidata.org/prop/direct/P1435,http://www.wikidata.org/entity/Q12312385
http://www.wikidata.org/entity/Q30155726,http://www.wikidata.org/prop/direct/P3596,128811
http://www.wikidata.org/entity/Q30156086,http://www.wikidata.org/prop/direct/P17,http://www.wikidata.org/entity/Q35
http://www.wikidata.org/entity/Q30156086,http://www.wikidata.org/prop/direct/P31,http://www.wikidata.org/entity/Q1371047
http://www.wikidata.org/entity/Q30156086,http://www.wikidata.org/prop/direct/P131,http://www.wikidata.org/entity/Q502770
http://www.wikidata.org/entity/Q30156086,http://www.wikidata.org/prop/direct/P625,Point(8.668670671 56.823011782)
http://www.wikidata.org/entity/Q30156086,http://www.wikidata.org/prop/direct/P1435,http://www.wikidata.org/entity/Q12312385
http://www.wikidata.org/entity/Q30156086,http://www.wikidata.org/prop/direct/P3596,131955
http://www.wikidata.org/entity/Q30156220,http://www.wikidata.org/prop/direct/P17,http://www.wikidata.org/entity/Q35
http://www.wikidata.org/entity/Q30156220,http://www.wikidata.org/prop/direct/P18,http://commons.wikimedia.org/wiki/Special:FilePath/Anl%C3%A6gget%20ved%20Skt%20S%C3%B8rens%20Kilde.jpg
http://www.wikidata.org/entity/Q30156220,http://www.wikidata.org/prop/direct/P31,http://www.wikidata.org/entity/Q1371047
http://www.wikidata.org/entity/Q30156220,http://www.wikidata.org/prop/direct/P131,http://www.wikidata.org/entity/Q7725510
http://www.wikidata.org/entity/Q30156220,http://www.wikidata.org/prop/direct/P373,Sankt Sørens kilde
http://www.wikidata.org/entity/Q30156220,http://www.wikidata.org/prop/direct/P625,Point(9.689451405 56.079884)
http://www.wikidata.org/entity/Q30156220,http://www.wikidata.org/prop/direct/P1435,http://www.wikidata.org/entity/Q12312385
http://www.wikidata.org/entity/Q30156220,http://www.wikidata.org/prop/direct/P3596,134455
http://www.wikidata.org/entity/Q30156220,http://www.wikidata.org/prop/direct/P11693,6330323708
http://www.wikidata.org/entity/Q30156264,http://www.wikidata.org/prop/direct/P17,http://www.wikidata.org/entity/Q35
http://www.wikidata.org/entity/Q30156264,http://www.wikidata.org/prop/direct/P31,http://www.wikidata.org/entity/Q1371047
http://www.wikidata.org/entity/Q126460137,http://www.wikidata.org/prop/direct/P1343,http://www.wikidata.org/entity/Q126374601
http://www.wikidata.org/entity/Q126460137,http://www.wikidata.org/prop/direct/P1343,http://www.wikidata.org/entity/Q126393245
http://www.wikidata.org/entity/Q126460137,http://www.wikidata.org/prop/direct/P1343,http://www.wikidata.org/entity/Q126456421
http://www.wikidata.org/entity/Q126460137,http://www.wikidata.org/prop/direct/P1343,http://www.wikidata.org/entity/Q126528008
http://www.wikidata.org/entity/Q126460137,http://www.wikidata.org/prop/direct/P1343,http://www.wikidata.org/entity/Q126540348
http://www.wikidata.org/entity/Q126460137,http://www.wikidata.org/prop/direct/P1343,http://www.wikidata.org/entity/Q126875543
http://www.wikidata.org/entity/Q126460137,http://www.wikidata.org/prop/direct/P1343,http://www.wikidata.org/entity/Q130284129
http://www.wikidata.org/entity/Q126460137,http://www.wikidata.org/prop/direct/P1343,http://www.wikidata.org/entity/Q130308814
http://www.wikidata.org/entity/Q126460137,http://www.wikidata.org/prop/direct/P1343,http://www.wikidata.org/entity/Q130486611
http://www.wikidata.org/entity/Q126460137,http://www.wikidata.org/prop/direct/P1343,http://www.wikidata.org/entity/Q132817615
http://www.wikidata.org/entity/Q126460137,http://www.wikidata.org/prop/direct/P4057,KK041-015002-
http://www.wikidata.org/entity/Q126460137,http://www.wikidata.org/prop/direct/P11693,11134783323
http://www.wikidata.org/entity/Q126460326,http://www.wikidata.org/prop/direct/P17,http://www.wikidata.org/entity/Q27
http://www.wikidata.org/entity/Q126460326,http://www.wikidata.org/prop/direct/P31,http://www.wikidata.org/entity/Q1371047
http://www.wikidata.org/entity/Q126460326,http://www.wikidata.org/prop/direct/P31,http://www.wikidata.org/entity/Q111286333
http://www.wikidata.org/entity/Q126460326,http://www.wikidata.org/prop/direct/P31,http://www.wikidata.org/entity/Q126443332
http://www.wikidata.org/entity/Q126460326,http://www.wikidata.org/prop/direct/P131,http://www.wikidata.org/entity/Q180231
http://www.wikidata.org/entity/Q126460326,http://www.wikidata.org/prop/direct/P131,http://www.wikidata.org/entity/Q60555206
http://www.wikidata.org/entity/Q126460326,http://www.wikidata.org/prop/direct/P138,http://www.wikidata.org/entity/Q130535684
http://www.wikidata.org/entity/Q126460326,http://www.wikidata.org/prop/direct/P195,http://www.wikidata.org/entity/Q126875543
http://www.wikidata.org/entity/Q126460326,http://www.wikidata.org/prop/direct/P195,http://www.wikidata.org/entity/Q132817615
http://www.wikidata.org/entity/Q126460326,http://www.wikidata.org/prop/direct/P217,116
http://www.wikidata.org/entity/Q126460326,http://www.wikidata.org/prop/direct/P217,KHW010
http://www.wikidata.org/entity/Q126460326,http://www.wikidata.org/prop/direct/P625,Point(-7.167368 52.3039766)
http://www.wikidata.org/entity/Q126460326,http://www.wikidata.org/prop/direct/P708,http://www.wikidata.org/entity/Q873607
http://www.wikidata.org/entity/Q126460326,http://www.wikidata.org/prop/direct/P841,http://www.wikidata.org/entity/Q2828
http://www.wikidata.org/entity/Q126460326,http://www.wikidata.org/prop/direct/P841,http://www.wikidata.org/entity/Q51203119
http://www.wikidata.org/entity/Q126460326,http://www.wikidata.org/prop/direct/P1343,http://www.wikidata.org/entity/Q120966194
http://www.wikidata.org/entity/Q126460326,http://www.wikidata.org/prop/direct/P1343,http://www.wikidata.org/entity/Q126393245
http://www.wikidata.org/entity/Q126460326,http://www.wikidata.org/prop/direct/P1343,http://www.wikidata.org/entity/Q126456421
http://www.wikidata.org/entity/Q126460326,http://www.wikidata.org/prop/direct/P1343,http://www.wikidata.org/entity/Q126540348
http://www.wikidata.org/entity/Q126460326,http://www.wikidata.org/prop/direct/P1343,http://www.wikidata.org/entity/Q126555558
http://www.wikidata.org/entity/Q126460326,http://www.wikidata.org/prop/direct/P1343,http://www.wikidata.org/entity/Q126875543
http://www.wikidata.org/entity/Q126460326,http://www.wikidata.org/prop/direct/P1343,http://www.wikidata.org/entity/Q129086805
http://www.wikidata.org/entity/Q126460326,http://www.wikidata.org/prop/direct/P1343,http://www.wikidata.org/entity/Q130284129
http://www.wikidata.org/entity/Q126460326,http://www.wikidata.org/prop/direct/P1343,http://www.wikidata.org/entity/Q130308814
http://www.wikidata.org/entity/Q126460326,http://www.wikidata.org/prop/direct/P1343,http://www.wikidata.org/entity/Q130362406
http://www.wikidata.org/entity/Q126460326,http://www.wikidata.org/prop/direct/P1343,http://www.wikidata.org/entity/Q130486611
http://www.wikidata.org/entity/Q126460326,http://www.wikidata.org/prop/direct/P1343,http://www.wikidata.org/entity/Q132817615
http://www.wikidata.org/entity/Q126460326,http://www.wikidata.org/prop/direct/P4057,KK043-006----
http://www.wikidata.org/entity/Q126460326,http://www.wikidata.org/prop/direct/P11693,11121637179
http://www.wikidata.org/entity/Q122258894,http://www.wikidata.org/prop/direct/P1343,http://www.wikidata.org/entity/Q126875543
http://www.wikidata.org/entity/Q122258894,http://www.wikidata.org/prop/direct/P1343,http://www.wikidata.org/entity/Q127432104
http://www.wikidata.org/entity/Q122258894,http://www.wikidata.org/prop/direct/P1343,http://www.wikidata.org/entity/Q128694249
http://www.wikidata.org/entity/Q122258894,http://www.wikidata.org/prop/direct/P1343,http://www.wikidata.org/entity/Q129570937
http://www.wikidata.org/entity/Q122258894,http://www.wikidata.org/prop/direct/P1343,http://www.wikidata.org/entity/Q129839662
http://www.wikidata.org/entity/Q122258894,http://www.wikidata.org/prop/direct/P1343,http://www.wikidata.org/entity/Q130140226
http://www.wikidata.org/entity/Q122258894,http://www.wikidata.org/prop/direct/P1343,http://www.wikidata.org/entity/Q130284129
http://www.wikidata.org/entity/Q122258894,http://www.wikidata.org/prop/direct/P1343,http://www.wikidata.org/entity/Q130352573
http://www.wikidata.org/entity/Q122258894,http://www.wikidata.org/prop/direct/P1343,http://www.wikidata.org/entity/Q132817615
http://www.wikidata.org/entity/Q122258894,http://www.wikidata.org/prop/direct/P2186,IE-KK-0312
http://www.wikidata.org/entity/Q122258894,http://www.wikidata.org/prop/direct/P4057,KK025-038003-
http://www.wikidata.org/entity/Q122258894,http://www.wikidata.org/prop/direct/P11693,8512180854
http://www.wikidata.org/entity/Q122258906,http://www.wikidata.org/prop/direct/P10,http://commons.wikimedia.org/wiki/Special:FilePath/Goresbridge%20Lady%27s%20Well.webm
http://www.wikidata.org/entity/Q122258906,http://www.wikidata.org/prop/direct/P17,http://www.wikidata.org/entity/Q27
http://www.wikidata.org/entity/Q122258906,http://www.wikidata.org/prop/direct/P18,http://commons.wikimedia.org/wiki/Special:FilePath/Lady%27s%20Well.jpg
http://www.wikidata.org/entity/Q122258906,http://www.wikidata.org/prop/direct/P18,http://commons.wikimedia.org/wiki/Special:FilePath/Lady%27s%20Well%20in%20its%20fenced%20off%20enclosure.jpg
http://www.wikidata.org/entity/Q122258906,http://www.wikidata.org/prop/direct/P18,http://commons.wikimedia.org/wiki/Special:FilePath/Lady%27s%20Well%20with%20hawthorn%20tree.jpg
http://www.wikidata.org/entity/Q122258906,http://www.wikidata.org/prop/direct/P31,http://www.wikidata.org/entity/Q1371047
http://www.wikidata.org/entity/Q122258906,http://www.wikidata.org/prop/direct/P31,http://www.wikidata.org/entity/Q126443332
http://www.wikidata.org/entity/Q122258906,http://www.wikidata.org/prop/direct/P131,http://www.wikidata.org/entity/Q180231
http://www.wikidata.org/entity/Q122258906,http://www.wikidata.org/prop/direct/P131,http://www.wikidata.org/entity/Q60554418
http://www.wikidata.org/entity/Q122258906,http://www.wikidata.org/prop/direct/P131,http://www.wikidata.org/entity/Q104266335
http://www.wikidata.org/entity/Q122258906,http://www.wikidata.org/prop/direct/P138,http://www.wikidata.org/entity/Q345
http://www.wikidata.org/entity/Q122258906,http://www.wikidata.org/prop/direct/P195,http://www.wikidata.org/entity/Q126875543
http://www.wikidata.org/entity/Q122258906,http://www.wikidata.org/prop/direct/P195,http://www.wikidata.org/entity/Q132817615
http://www.wikidata.org/entity/Q122258906,http://www.wikidata.org/prop/direct/P217,90
http://www.wikidata.org/entity/Q122258906,http://www.wikidata.org/prop/direct/P217,KHW2-30
http://www.wikidata.org/entity/Q122258906,http://www.wikidata.org/prop/direct/P373,"Lady's Well, Goresbridge"
http://www.wikidata.org/entity/Q122258906,http://www.wikidata.org/prop/direct/P625,Point(-7.0093773 52.6293381)
http://www.wikidata.org/entity/Q122258906,http://www.wikidata.org/prop/direct/P708,http://www.wikidata.org/entity/Q873607
http://www.wikidata.org/entity/Q122258906,http://www.wikidata.org/prop/direct/P841,http://www.wikidata.org/entity/Q2774
http://www.wikidata.org/entity/Q122258906,http://www.wikidata.org/prop/direct/P841,http://www.wikidata.org/entity/Q65347908
http://www.wikidata.org/entity/Q122258906,http://www.wikidata.org/prop/direct/P1325,https://sketchfab.com/3d-models/goresbridge-ladys-well-statue-low-poly-6bdcfdcece3e4f6ab15a3ad6550c2d18
http://www.wikidata.org/entity/Q122258906,http://www.wikidata.org/prop/direct/P1343,http://www.wikidata.org/entity/Q6407043
http://www.wikidata.org/entity/Q122258906,http://www.wikidata.org/prop/direct/P1343,http://www.wikidata.org/entity/Q120966194
http://www.wikidata.org/entity/Q122258906,http://www.wikidata.org/prop/direct/P1343,http://www.wikidata.org/entity/Q126374601
http://www.wikidata.org/entity/Q122258906,http://www.wikidata.org/prop/direct/P1343,http://www.wikidata.org/entity/Q126528008
http://www.wikidata.org/entity/Q122258906,http://www.wikidata.org/prop/direct/P1343,http://www.wikidata.org/entity/Q126540348
http://www.wikidata.org/entity/Q122258906,http://www.wikidata.org/prop/direct/P1343,http://www.wikidata.org/entity/Q126875543
http://www.wikidata.org/entity/Q122258906,http://www.wikidata.org/prop/direct/P1343,http://www.wikidata.org/entity/Q130284129
http://www.wikidata.org/entity/Q122258906,http://www.wikidata.org/prop/direct/P1343,http://www.wikidata.org/entity/Q130323519
http://www.wikidata.org/entity/Q122258906,http://www.wikidata.org/prop/direct/P1343,http://www.wikidata.org/entity/Q130356838
http://www.wikidata.org/entity/Q122258906,http://www.wikidata.org/prop/direct/P1343,http://www.wikidata.org/entity/Q132817615
http://www.wikidata.org/entity/Q122258906,http://www.wikidata.org/prop/direct/P1651,byWq9NaQXe8
http://www.wikidata.org/entity/Q126456441,http://www.wikidata.org/prop/direct/P10,http://commons.wikimedia.org/wiki/Special:FilePath/St%20Colombkille%27s%20Well.webm
http://www.wikidata.org/entity/Q126456441,http://www.wikidata.org/prop/direct/P17,http://www.wikidata.org/entity/Q27
http://www.wikidata.org/entity/Q126456441,http://www.wikidata.org/prop/direct/P18,http://commons.wikimedia.org/wiki/Special:FilePath/Inistioge%20Saint%20Columbkille%27s%20Well.png
http://www.wikidata.org/entity/Q126456441,http://www.wikidata.org/prop/direct/P18,http://commons.wikimedia.org/wiki/Special:FilePath/Water%20source%20at%20Columbkille%27s%20Well.jpg
http://www.wikidata.org/entity/Q126456441,http://www.wikidata.org/prop/direct/P18,http://commons.wikimedia.org/wiki/Special:FilePath/Water%20tap%20from%20Columbkille%27s%20Well.jpg
http://www.wikidata.org/entity/Q126456441,http://www.wikidata.org/prop/direct/P31,http://www.wikidata.org/entity/Q839954
http://www.wikidata.org/entity/Q126456441,http://www.wikidata.org/prop/direct/P31,http://www.wikidata.org/entity/Q1371047
http://www.wikidata.org/entity/Q126456441,http://www.wikidata.org/prop/direct/P31,http://www.wikidata.org/entity/Q10713454
http://www.wikidata.org/entity/Q126456441,http://www.wikidata.org/prop/direct/P31,http://www.wikidata.org/entity/Q126443332
http://www.wikidata.org/entity/Q126456441,http://www.wikidata.org/prop/direct/P131,http://www.wikidata.org/entity/Q180231
http://www.wikidata.org/entity/Q126456441,http://www.wikidata.org/prop/direct/P131,http://www.wikidata.org/entity/Q60554507
http://www.wikidata.org/entity/Q126456441,http://www.wikidata.org/prop/direct/P131,http://www.wikidata.org/entity/Q104266220
http://www.wikidata.org/entity/Q126456441,http://www.wikidata.org/prop/direct/P138,http://www.wikidata.org/entity/Q236326
http://www.wikidata.org/entity/Q126456441,http://www.wikidata.org/prop/direct/P195,http://www.wikidata.org/entity/Q126875543
http://www.wikidata.org/entity/Q126456441,http://www.wikidata.org/prop/direct/P195,http://www.wikidata.org/entity/Q132817615
http://www.wikidata.org/entity/Q126456441,http://www.wikidata.org/prop/direct/P217,91
http://www.wikidata.org/entity/Q126456441,http://www.wikidata.org/prop/direct/P217,KHW056
http://www.wikidata.org/entity/Q126456441,http://www.wikidata.org/prop/direct/P276,http://www.wikidata.org/entity/Q1861954
http://www.wikidata.org/entity/Q126456441,http://www.wikidata.org/prop/direct/P373,"St Columbkill's Well, Inistioge"
http://www.wikidata.org/entity/Q126456441,http://www.wikidata.org/prop/direct/P403,http://www.wikidata.org/entity/Q134511675
http://www.wikidata.org/entity/Q126456441,http://www.wikidata.org/prop/direct/P625,Point(-7.0681791 52.4892388)
http://www.wikidata.org/entity/Q126456441,http://www.wikidata.org/prop/direct/P708,http://www.wikidata.org/entity/Q873607
http://www.wikidata.org/entity/Q126456441,http://www.wikidata.org/prop/direct/P841,http://www.wikidata.org/entity/Q2618
http://www.wikidata.org/entity/Q126456441,http://www.wikidata.org/prop/direct/P973,"http://www.megalithicireland.com/St%20Columcille's%20Holy%20Well,%20Inistioge,%20Kilkenny.html"
http://www.wikidata.org/entity/Q126456441,http://www.wikidata.org/prop/direct/P1325,https://sketchfab.com/3d-models/inistioge-st-columbkills-well-low-poly-b0845424e49d40cfa4f04376c98ac7f5
http://www.wikidata.org/entity/Q126456441,http://www.wikidata.org/prop/direct/P1343,http://www.wikidata.org/entity/Q120966194
http://www.wikidata.org/entity/Q126456441,http://www.wikidata.org/prop/direct/P1343,http://www.wikidata.org/entity/Q126374601
http://www.wikidata.org/entity/Q126456441,http://www.wikidata.org/prop/direct/P1343,http://www.wikidata.org/entity/Q126393245
http://www.wikidata.org/entity/Q126456441,http://www.wikidata.org/prop/direct/P1343,http://www.wikidata.org/entity/Q126507417
http://www.wikidata.org/entity/Q126456441,http://www.wikidata.org/prop/direct/P1343,http://www.wikidata.org/entity/Q126528008
http://www.wikidata.org/entity/Q126456441,http://www.wikidata.org/prop/direct/P1343,http://www.wikidata.org/entity/Q126540348
http://www.wikidata.org/entity/Q126456441,http://www.wikidata.org/prop/direct/P1343,http://www.wikidata.org/entity/Q126555558
http://www.wikidata.org/entity/Q126456441,http://www.wikidata.org/prop/direct/P1343,http://www.wikidata.org/entity/Q126875543
http://www.wikidata.org/entity/Q126456441,http://www.wikidata.org/prop/direct/P1343,http://www.wikidata.org/entity/Q127278549
http://www.wikidata.org/entity/Q126456441,http://www.wikidata.org/prop/direct/P1343,http://www.wikidata.org/entity/Q129903535
http://www.wikidata.org/entity/Q126456441,http://www.wikidata.org/prop/direct/P1343,http://www.wikidata.org/entity/Q129916785
http://www.wikidata.org/entity/Q126456441,http://www.wikidata.org/prop/direct/P1343,http://www.wikidata.org/entity/Q130265580
http://www.wikidata.org/entity/Q126456441,http://www.wikidata.org/prop/direct/P1343,http://www.wikidata.org/entity/Q130284129
http://www.wikidata.org/entity/Q126456441,http://www.wikidata.org/prop/direct/P1343,http://www.wikidata.org/entity/Q132817615
http://www.wikidata.org/entity/Q126456441,http://www.wikidata.org/prop/direct/P1343,http://www.wikidata.org/entity/Q133809285
http://www.wikidata.org/entity/Q126456441,http://www.wikidata.org/prop/direct/P1343,http://www.wikidata.org/entity/Q133861888
http://www.wikidata.org/entity/Q126456441,http://www.wikidata.org/prop/direct/P1651,kxRnXwX0HAM
http://www.wikidata.org/entity/Q126456441,http://www.wikidata.org/prop/direct/P2186,IE-KK-0316
http://www.wikidata.org/entity/Q126456441,http://www.wikidata.org/prop/direct/P4057,KK032-017011-
http://www.wikidata.org/entity/Q126456441,http://www.wikidata.org/prop/direct/P11693,8513597500
http://www.wikidata.org/entity/Q30242152,http://www.wikidata.org/prop/direct/P17,http://www.wikidata.org/entity/Q35
http://www.wikidata.org/entity/Q30242152,http://www.wikidata.org/prop/direct/P31,http://www.wikidata.org/entity/Q1371047
http://www.wikidata.org/entity/Q30242152,http://www.wikidata.org/prop/direct/P131,http://www.wikidata.org/entity/Q21101
http://www.wikidata.org/entity/Q30242152,http://www.wikidata.org/prop/direct/P625,Point(9.558698389 55.56979356)
http://www.wikidata.org/entity/Q30242152,http://www.wikidata.org/prop/direct/P1435,http://www.wikidata.org/entity/Q12312385
http://www.wikidata.org/entity/Q30242152,http://www.wikidata.org/prop/direct/P3596,190224
http://www.wikidata.org/entity/Q30242154,http://www.wikidata.org/prop/direct/P17,http://www.wikidata.org/entity/Q35
http://www.wikidata.org/entity/Q30242154,http://www.wikidata.org/prop/direct/P31,http://www.wikidata.org/entity/Q1371047
http://www.wikidata.org/entity/Q30242154,http://www.wikidata.org/prop/direct/P131,http://www.wikidata.org/entity/Q21145
http://www.wikidata.org/entity/Q30242154,http://www.wikidata.org/prop/direct/P625,Point(9.721097575 55.582761297)
http://www.wikidata.org/entity/Q30242154,http://www.wikidata.org/prop/direct/P1435,http://www.wikidata.org/entity/Q12312385
http://www.wikidata.org/entity/Q30242154,http://www.wikidata.org/prop/direct/P3596,190226
http://www.wikidata.org/entity/Q30242236,http://www.wikidata.org/prop/direct/P17,http://www.wikidata.org/entity/Q35
http://www.wikidata.org/entity/Q30242236,http://www.wikidata.org/prop/direct/P31,http://www.wikidata.org/entity/Q1371047
http://www.wikidata.org/entity/Q30242236,http://www.wikidata.org/prop/direct/P131,http://www.wikidata.org/entity/Q21146
http://www.wikidata.org/entity/Q30242236,http://www.wikidata.org/prop/direct/P625,Point(10.352985971 55.34382957)
http://www.wikidata.org/entity/Q30242236,http://www.wikidata.org/prop/direct/P1435,http://www.wikidata.org/entity/Q12312385
http://www.wikidata.org/entity/Q30242236,http://www.wikidata.org/prop/direct/P3596,190300
http://www.wikidata.org/entity/Q30242244,http://www.wikidata.org/prop/direct/P17,http://www.wikidata.org/entity/Q35
http://www.wikidata.org/entity/Q30242244,http://www.wikidata.org/prop/direct/P31,http://www.wikidata.org/entity/Q1371047
http://www.wikidata.org/entity/Q30242244,http://www.wikidata.org/prop/direct/P131,http://www.wikidata.org/entity/Q21146
http://www.wikidata.org/entity/Q30242244,http://www.wikidata.org/prop/direct/P625,Point(10.49872191 55.347026925)
http://www.wikidata.org/entity/Q30242244,http://www.wikidata.org/prop/direct/P1435,http://www.wikidata.org/entity/Q12312385
http://www.wikidata.org/entity/Q30242244,http://www.wikidata.org/prop/direct/P3596,190303
http://www.wikidata.org/entity/Q30242248,http://www.wikidata.org/prop/direct/P17,http://www.wikidata.org/entity/Q35
http://www.wikidata.org/entity/Q30242248,http://www.wikidata.org/prop/direct/P31,http://www.wikidata.org/entity/Q1371047
http://www.wikidata.org/entity/Q30242248,http://www.wikidata.org/prop/direct/P131,http://www.wikidata.org/entity/Q29927
http://www.wikidata.org/entity/Q30242248,http://www.wikidata.org/prop/direct/P625,Point(11.49384199 55.357884931)
http://www.wikidata.org/entity/Q30242248,http://www.wikidata.org/prop/direct/P1435,http://www.wikidata.org/entity/Q12312385
http://www.wikidata.org/entity/Q30242248,http://www.wikidata.org/prop/direct/P3596,190310
http://www.wikidata.org/entity/Q30242248,http://www.wikidata.org/prop/direct/P11693,5010047024
http://www.wikidata.org/entity/Q17678432,http://www.wikidata.org/prop/direct/P17,http://www.wikidata.org/entity/Q145
http://www.wikidata.org/entity/Q17678432,http://www.wikidata.org/prop/direct/P31,http://www.wikidata.org/entity/Q1371047
http://www.wikidata.org/entity/Q17678432,http://www.wikidata.org/prop/direct/P131,http://www.wikidata.org/entity/Q2045500
http://www.wikidata.org/entity/Q17678432,http://www.wikidata.org/prop/direct/P613,SX3749969220
http://www.wikidata.org/entity/Q17678432,http://www.wikidata.org/prop/direct/P625,Point(-4.29271 50.5002)
http://www.wikidata.org/entity/Q17678432,http://www.wikidata.org/prop/direct/P1216,1013663
http://www.wikidata.org/entity/Q17678432,http://www.wikidata.org/prop/direct/P1435,http://www.wikidata.org/entity/Q219538
http://www.wikidata.org/entity/Q17678432,http://www.wikidata.org/prop/direct/P7959,http://www.wikidata.org/entity/Q23148
http://www.wikidata.org/entity/Q17739473,http://www.wikidata.org/prop/direct/P17,http://www.wikidata.org/entity/Q145
http://www.wikidata.org/entity/Q17739473,http://www.wikidata.org/prop/direct/P18,http://commons.wikimedia.org/wiki/Special:FilePath/St.%20Cybi%27s%20Well%202014-09-11.jpg
http://www.wikidata.org/entity/Q17739473,http://www.wikidata.org/prop/direct/P31,http://www.wikidata.org/entity/Q1371047
http://www.wikidata.org/entity/Q17739473,http://www.wikidata.org/prop/direct/P126,http://www.wikidata.org/entity/Q1025341
http://www.wikidata.org/entity/Q17739473,http://www.wikidata.org/prop/direct/P127,http://www.wikidata.org/entity/Q1025341
http://www.wikidata.org/entity/Q17739473,http://www.wikidata.org/prop/direct/P131,http://www.wikidata.org/entity/Q1866857
http://www.wikidata.org/entity/Q17739473,http://www.wikidata.org/prop/direct/P137,http://www.wikidata.org/entity/Q1025341
http://www.wikidata.org/entity/Q17739473,http://www.wikidata.org/prop/direct/P276,http://www.wikidata.org/entity/Q1866857
http://www.wikidata.org/entity/Q17739473,http://www.wikidata.org/prop/direct/P373,"St Cybi's Well, Llangybi"
http://www.wikidata.org/entity/Q17739473,http://www.wikidata.org/prop/direct/P625,Point(-4.3422 52.9458)
http://www.wikidata.org/entity/Q17739473,http://www.wikidata.org/prop/direct/P856,https://cadw.gov.wales/visit/places-to-visit/st-cybis-well
http://www.wikidata.org/entity/Q17739473,http://www.wikidata.org/prop/direct/P1435,http://www.wikidata.org/entity/Q219538
http://www.wikidata.org/entity/Q17739473,http://www.wikidata.org/prop/direct/P1435,http://www.wikidata.org/entity/Q15700818
http://www.wikidata.org/entity/Q17739473,http://www.wikidata.org/prop/direct/P1435,http://www.wikidata.org/entity/Q128791689
http://www.wikidata.org/entity/Q17739473,http://www.wikidata.org/prop/direct/P1459,4343
http://www.wikidata.org/entity/Q17739473,http://www.wikidata.org/prop/direct/P2044,98.5
http://www.wikidata.org/entity/Q17739473,http://www.wikidata.org/prop/direct/P4658,32214
http://www.wikidata.org/entity/Q17739473,http://www.wikidata.org/prop/direct/P7959,http://www.wikidata.org/entity/Q731669
http://www.wikidata.org/entity/Q17739473,http://www.wikidata.org/prop/direct/P10689,288597026
http://www.wikidata.org/entity/Q17739473,http://www.wikidata.org/prop/direct/P12485,300004343
http://www.wikidata.org/entity/Q17739473,http://www.wikidata.org/prop/direct/P12749,Q17719
http://www.wikidata.org/entity/Q17741095,http://www.wikidata.org/prop/direct/P17,http://www.wikidata.org/entity/Q145
http://www.wikidata.org/entity/Q17741095,http://www.wikidata.org/prop/direct/P18,http://commons.wikimedia.org/wiki/Special:FilePath/St%20Seiriol%27s%20Well.JPG
http://www.wikidata.org/entity/Q17741095,http://www.wikidata.org/prop/direct/P31,http://www.wikidata.org/entity/Q1371047
http://www.wikidata.org/entity/Q17741095,http://www.wikidata.org/prop/direct/P126,http://www.wikidata.org/entity/Q1025341
http://www.wikidata.org/entity/Q17741095,http://www.wikidata.org/prop/direct/P127,http://www.wikidata.org/entity/Q1025341
http://www.wikidata.org/entity/Q17741095,http://www.wikidata.org/prop/direct/P131,http://www.wikidata.org/entity/Q3404757
http://www.wikidata.org/entity/Q17741095,http://www.wikidata.org/prop/direct/P137,http://www.wikidata.org/entity/Q1025341
http://www.wikidata.org/entity/Q126472816,http://www.wikidata.org/prop/direct/P1343,http://www.wikidata.org/entity/Q130308814
http://www.wikidata.org/entity/Q126472816,http://www.wikidata.org/prop/direct/P1343,http://www.wikidata.org/entity/Q130458689
http://www.wikidata.org/entity/Q126472816,http://www.wikidata.org/prop/direct/P1343,http://www.wikidata.org/entity/Q132817615
http://www.wikidata.org/entity/Q126472816,http://www.wikidata.org/prop/direct/P4057,KK022-044----
http://www.wikidata.org/entity/Q126472909,http://www.wikidata.org/prop/direct/P17,http://www.wikidata.org/entity/Q27
http://www.wikidata.org/entity/Q126472909,http://www.wikidata.org/prop/direct/P31,http://www.wikidata.org/entity/Q43483
http://www.wikidata.org/entity/Q126472909,http://www.wikidata.org/prop/direct/P31,http://www.wikidata.org/entity/Q1371047
http://www.wikidata.org/entity/Q126472909,http://www.wikidata.org/prop/direct/P31,http://www.wikidata.org/entity/Q126443332
http://www.wikidata.org/entity/Q126472909,http://www.wikidata.org/prop/direct/P131,http://www.wikidata.org/entity/Q180231
http://www.wikidata.org/entity/Q126472909,http://www.wikidata.org/prop/direct/P131,http://www.wikidata.org/entity/Q60555608
http://www.wikidata.org/entity/Q126472909,http://www.wikidata.org/prop/direct/P131,http://www.wikidata.org/entity/Q104265640
http://www.wikidata.org/entity/Q126472909,http://www.wikidata.org/prop/direct/P138,http://www.wikidata.org/entity/Q37090
http://www.wikidata.org/entity/Q126472909,http://www.wikidata.org/prop/direct/P195,http://www.wikidata.org/entity/Q126875543
http://www.wikidata.org/entity/Q126472909,http://www.wikidata.org/prop/direct/P195,http://www.wikidata.org/entity/Q132817615
http://www.wikidata.org/entity/Q126472909,http://www.wikidata.org/prop/direct/P217,130
http://www.wikidata.org/entity/Q126472909,http://www.wikidata.org/prop/direct/P217,KHW030
http://www.wikidata.org/entity/Q126472909,http://www.wikidata.org/prop/direct/P625,Point(-7.216696 52.482866)
http://www.wikidata.org/entity/Q126472909,http://www.wikidata.org/prop/direct/P708,http://www.wikidata.org/entity/Q873607
http://www.wikidata.org/entity/Q126472909,http://www.wikidata.org/prop/direct/P1343,http://www.wikidata.org/entity/Q6407043
http://www.wikidata.org/entity/Q126472909,http://www.wikidata.org/prop/direct/P1343,http://www.wikidata.org/entity/Q120966194
http://www.wikidata.org/entity/Q126472909,http://www.wikidata.org/prop/direct/P1343,http://www.wikidata.org/entity/Q126374601
http://www.wikidata.org/entity/Q126472909,http://www.wikidata.org/prop/direct/P1343,http://www.wikidata.org/entity/Q126393245
http://www.wikidata.org/entity/Q126472909,http://www.wikidata.org/prop/direct/P1343,http://www.wikidata.org/entity/Q126456421
http://www.wikidata.org/entity/Q126472909,http://www.wikidata.org/prop/direct/P1343,http://www.wikidata.org/entity/Q126474972
http://www.wikidata.org/entity/Q126472909,http://www.wikidata.org/prop/direct/P1343,http://www.wikidata.org/entity/Q126528008
http://www.wikidata.org/entity/Q126472909,http://www.wikidata.org/prop/direct/P1343,http://www.wikidata.org/entity/Q126540348
http://www.wikidata.org/entity/Q126472909,http://www.wikidata.org/prop/direct/P1343,http://www.wikidata.org/entity/Q126875543
http://www.wikidata.org/entity/Q126472909,http://www.wikidata.org/prop/direct/P1343,http://www.wikidata.org/entity/Q130223884
http://www.wikidata.org/entity/Q126472909,http://www.wikidata.org/prop/direct/P1343,http://www.wikidata.org/entity/Q130284129
http://www.wikidata.org/entity/Q126472909,http://www.wikidata.org/prop/direct/P1343,http://www.wikidata.org/entity/Q130308814
http://www.wikidata.org/entity/Q126472909,http://www.wikidata.org/prop/direct/P1343,http://www.wikidata.org/entity/Q130378388
http://www.wikidata.org/entity/Q126472909,http://www.wikidata.org/prop/direct/P1343,http://www.wikidata.org/entity/Q132817615
http://www.wikidata.org/entity/Q126472909,http://www.wikidata.org/prop/direct/P4057,KK031-017009-
http://www.wikidata.org/entity/Q126472933,http://www.wikidata.org/prop/direct/P17,http://www.wikidata.org/entity/Q27
http://www.wikidata.org/entity/Q126472933,http://www.wikidata.org/prop/direct/P18,http://commons.wikimedia.org/wiki/Special:FilePath/St.%20James%27s%20Well%20with%20hawthorn%20trees.jpg
http://www.wikidata.org/entity/Q126472933,http://www.wikidata.org/prop/direct/P31,http://www.wikidata.org/entity/Q1371047
http://www.wikidata.org/entity/Q126472933,http://www.wikidata.org/prop/direct/P31,http://www.wikidata.org/entity/Q126443332
http://www.wikidata.org/entity/Q126456487,http://www.wikidata.org/prop/direct/P195,http://www.wikidata.org/entity/Q126875543
http://www.wikidata.org/entity/Q126456487,http://www.wikidata.org/prop/direct/P195,http://www.wikidata.org/entity/Q132817615
http://www.wikidata.org/entity/Q126456487,http://www.wikidata.org/prop/direct/P217,152
http://www.wikidata.org/entity/Q126456487,http://www.wikidata.org/prop/direct/P217,KHW047
http://www.wikidata.org/entity/Q126456487,http://www.wikidata.org/prop/direct/P373,Tobernaliha
http://www.wikidata.org/entity/Q126456487,http://www.wikidata.org/prop/direct/P625,Point(-7.1257749 52.4660232)
http://www.wikidata.org/entity/Q126456487,http://www.wikidata.org/prop/direct/P708,http://www.wikidata.org/entity/Q873607
http://www.wikidata.org/entity/Q126456487,http://www.wikidata.org/prop/direct/P1325,https://sketchfab.com/3d-models/powerswood-tobernaliha-ee333390870b4d9888a0bb342029df69
http://www.wikidata.org/entity/Q126456487,http://www.wikidata.org/prop/direct/P1343,http://www.wikidata.org/entity/Q120966194
http://www.wikidata.org/entity/Q126456487,http://www.wikidata.org/prop/direct/P1343,http://www.wikidata.org/entity/Q126374601
http://www.wikidata.org/entity/Q126456487,http://www.wikidata.org/prop/direct/P1343,http://www.wikidata.org/entity/Q126528008
http://www.wikidata.org/entity/Q126456487,http://www.wikidata.org/prop/direct/P1343,http://www.wikidata.org/entity/Q126540348
http://www.wikidata.org/entity/Q126456487,http://www.wikidata.org/prop/direct/P1343,http://www.wikidata.org/entity/Q126555558
http://www.wikidata.org/entity/Q126456487,http://www.wikidata.org/prop/direct/P1343,http://www.wikidata.org/entity/Q126871352
http://www.wikidata.org/entity/Q126456487,http://www.wikidata.org/prop/direct/P1343,http://www.wikidata.org/entity/Q126875543
http://www.wikidata.org/entity/Q126456487,http://www.wikidata.org/prop/direct/P1343,http://www.wikidata.org/entity/Q130284129
http://www.wikidata.org/entity/Q126456487,http://www.wikidata.org/prop/direct/P1343,http://www.wikidata.org/entity/Q132817615
http://www.wikidata.org/entity/Q126456487,http://www.wikidata.org/prop/direct/P4057,KK032-022----
http://www.wikidata.org/entity/Q126456487,http://www.wikidata.org/prop/direct/P11693,8518908237
http://www.wikidata.org/entity/Q126456561,http://www.wikidata.org/prop/direct/P17,http://www.wikidata.org/entity/Q27
http://www.wikidata.org/entity/Q126456561,http://www.wikidata.org/prop/direct/P31,http://www.wikidata.org/entity/Q1371047
http://www.wikidata.org/entity/Q126456561,http://www.wikidata.org/prop/direct/P31,http://www.wikidata.org/entity/Q126443332
http://www.wikidata.org/entity/Q126456561,http://www.wikidata.org/prop/direct/P131,http://www.wikidata.org/entity/Q180231
http://www.wikidata.org/entity/Q126456561,http://www.wikidata.org/prop/direct/P131,http://www.wikidata.org/entity/Q104264348
http://www.wikidata.org/entity/Q126456561,http://www.wikidata.org/prop/direct/P138,http://www.wikidata.org/entity/Q40662
http://www.wikidata.org/entity/Q126456561,http://www.wikidata.org/prop/direct/P195,http://www.wikidata.org/entity/Q126875543
http://www.wikidata.org/entity/Q126456561,http://www.wikidata.org/prop/direct/P195,http://www.wikidata.org/entity/Q132817615
http://www.wikidata.org/entity/Q126456561,http://www.wikidata.org/prop/direct/P217,56
http://www.wikidata.org/entity/Q126456561,http://www.wikidata.org/prop/direct/P217,KHW045
http://www.wikidata.org/entity/Q126456561,http://www.wikidata.org/prop/direct/P625,Point(-7.1986981 52.5398448)
http://www.wikidata.org/entity/Q126456561,http://www.wikidata.org/prop/direct/P708,http://www.wikidata.org/entity/Q873607
http://www.wikidata.org/entity/Q126456561,http://www.wikidata.org/prop/direct/P1343,http://www.wikidata.org/entity/Q120966194
http://www.wikidata.org/entity/Q126456561,http://www.wikidata.org/prop/direct/P1343,http://www.wikidata.org/entity/Q126374601
http://www.wikidata.org/entity/Q126456561,http://www.wikidata.org/prop/direct/P1343,http://www.wikidata.org/entity/Q126456421
http://www.wikidata.org/entity/Q126456561,http://www.wikidata.org/prop/direct/P1343,http://www.wikidata.org/entity/Q126528008
http://www.wikidata.org/entity/Q126456561,http://www.wikidata.org/prop/direct/P1343,http://www.wikidata.org/entity/Q126540348
http://www.wikidata.org/entity/Q126456561,http://www.wikidata.org/prop/direct/P1343,http://www.wikidata.org/entity/Q126871352
http://www.wikidata.org/entity/Q126456561,http://www.wikidata.org/prop/direct/P1343,http://www.wikidata.org/entity/Q126875543
http://www.wikidata.org/entity/Q126456561,http://www.wikidata.org/prop/direct/P1343,http://www.wikidata.org/entity/Q130308814
http://www.wikidata.org/entity/Q126456561,http://www.wikidata.org/prop/direct/P1343,http://www.wikidata.org/entity/Q132817615
http://www.wikidata.org/entity/Q126456561,http://www.wikidata.org/prop/direct/P1343,http://www.wikidata.org/entity/Q133263165
http://www.wikidata.org/entity/Q126456561,http://www.wikidata.org/prop/direct/P4057,KK028-017----
http://www.wikidata.org/entity/Q126456561,http://www.wikidata.org/prop/direct/P11693,6535302216
http://www.wikidata.org/entity/Q126456468,http://www.wikidata.org/prop/direct/P17,http://www.wikidata.org/entity/Q27
http://www.wikidata.org/entity/Q126456468,http://www.wikidata.org/prop/direct/P18,http://commons.wikimedia.org/wiki/Special:FilePath/Holy%20Cross%20Well%2C%20Kilcross.jpg
http://www.wikidata.org/entity/Q126456468,http://www.wikidata.org/prop/direct/P31,http://www.wikidata.org/entity/Q1371047
http://www.wikidata.org/entity/Q126456468,http://www.wikidata.org/prop/direct/P31,http://www.wikidata.org/entity/Q126443332
http://www.wikidata.org/entity/Q126456468,http://www.wikidata.org/prop/direct/P110,http://www.wikidata.org/entity/Q130265942
http://www.wikidata.org/entity/Q126456468,http://www.wikidata.org/prop/direct/P131,http://www.wikidata.org/entity/Q180231
http://www.wikidata.org/entity/Q126456468,http://www.wikidata.org/prop/direct/P131,http://www.wikidata.org/entity/Q60554507
http://www.wikidata.org/entity/Q126456468,http://www.wikidata.org/prop/direct/P131,http://www.wikidata.org/entity/Q104266270
http://www.wikidata.org/entity/Q126456468,http://www.wikidata.org/prop/direct/P138,http://www.wikidata.org/entity/Q380356
http://www.wikidata.org/entity/Q126456468,http://www.wikidata.org/prop/direct/P195,http://www.wikidata.org/entity/Q126875543
http://www.wikidata.org/entity/Q126456468,http://www.wikidata.org/prop/direct/P195,http://www.wikidata.org/entity/Q132817615
http://www.wikidata.org/entity/Q126456468,http://www.wikidata.org/prop/direct/P217,101
http://www.wikidata.org/entity/Q126456468,http://www.wikidata.org/prop/direct/P217,KHW057
http://www.wikidata.org/entity/Q126456468,http://www.wikidata.org/prop/direct/P373,"Holy Cross Well, Kilcross"
http://www.wikidata.org/entity/Q126456468,http://www.wikidata.org/prop/direct/P571,1863-05-03T00:00:00Z
http://www.wikidata.org/entity/Q126456468,http://www.wikidata.org/prop/direct/P625,Point(-7.0437511 52.4878257)
http://www.wikidata.org/entity/Q126456468,http://www.wikidata.org/prop/direct/P708,http://www.wikidata.org/entity/Q873607
http://www.wikidata.org/entity/Q126456468,http://www.wikidata.org/prop/direct/P841,http://www.wikidata.org/entity/Q2547
http://www.wikidata.org/entity/Q126456468,http://www.wikidata.org/prop/direct/P1325,https://sketchfab.com/3d-models/kilcross-holy-cross-well-low-poly-ca1655580c28429392b1a06491333148
http://www.wikidata.org/entity/Q126456468,http://www.wikidata.org/prop/direct/P1343,http://www.wikidata.org/entity/Q120966194
http://www.wikidata.org/entity/Q126456468,http://www.wikidata.org/prop/direct/P1343,http://www.wikidata.org/entity/Q126374601
http://www.wikidata.org/entity/Q126456468,http://www.wikidata.org/prop/direct/P1343,http://www.wikidata.org/entity/Q126393245
http://www.wikidata.org/entity/Q126456468,http://www.wikidata.org/prop/direct/P1343,http://www.wikidata.org/entity/Q126474972
http://www.wikidata.org/entity/Q126456468,http://www.wikidata.org/prop/direct/P1343,http://www.wikidata.org/entity/Q126528008
http://www.wikidata.org/entity/Q126456468,http://www.wikidata.org/prop/direct/P1343,http://www.wikidata.org/entity/Q126540348
http://www.wikidata.org/entity/Q126456468,http://www.wikidata.org/prop/direct/P1343,http://www.wikidata.org/entity/Q126871352
http://www.wikidata.org/entity/Q126456468,http://www.wikidata.org/prop/direct/P1343,http://www.wikidata.org/entity/Q126875543
http://www.wikidata.org/entity/Q126456468,http://www.wikidata.org/prop/direct/P1343,http://www.wikidata.org/entity/Q130265908
http://www.wikidata.org/entity/Q126456468,http://www.wikidata.org/prop/direct/P1343,http://www.wikidata.org/entity/Q130284129
http://www.wikidata.org/entity/Q126456468,http://www.wikidata.org/prop/direct/P1343,http://www.wikidata.org/entity/Q130308814
http://www.wikidata.org/entity/Q126456468,http://www.wikidata.org/prop/direct/P1343,http://www.wikidata.org/entity/Q132817615
http://www.wikidata.org/entity/Q126456468,http://www.wikidata.org/prop/direct/P2186,IE-KK-0354
http://www.wikidata.org/entity/Q126456468,http://www.wikidata.org/prop/direct/P4057,KK033-010----
http://www.wikidata.org/entity/Q126456468,http://www.wikidata.org/prop/direct/P11693,8513475323
http://www.wikidata.org/entity/Q126456487,http://www.wikidata.org/prop/direct/P17,http://www.wikidata.org/entity/Q27
http://www.wikidata.org/entity/Q126456487,http://www.wikidata.org/prop/direct/P18,http://commons.wikimedia.org/wiki/Special:FilePath/Well%20of%20the%20Festival.jpg
http://www.wikidata.org/entity/Q126456487,http://www.wikidata.org/prop/direct/P18,http://commons.wikimedia.org/wiki/Special:FilePath/Well%20of%20the%20Festival%202.jpg
http://www.wikidata.org/entity/Q126456487,http://www.wikidata.org/prop/direct/P31,http://www.wikidata.org/entity/Q1371047
http://www.wikidata.org/entity/Q126456487,http://www.wikidata.org/prop/direct/P31,http://www.wikidata.org/entity/Q126443332
http://www.wikidata.org/entity/Q126456487,http://www.wikidata.org/prop/direct/P131,http://www.wikidata.org/entity/Q180231
http://www.wikidata.org/entity/Q126456487,http://www.wikidata.org/prop/direct/P131,http://www.wikidata.org/entity/Q60554507
http://www.wikidata.org/entity/Q126456487,http://www.wikidata.org/prop/direct/P138,http://www.wikidata.org/entity/Q132241
http://www.wikidata.org/entity/Q126456487,http://www.wikidata.org/prop/direct/P138,http://www.wikidata.org/entity/Q1188398
http://www.wikidata.org/entity/Q30242950,http://www.wikidata.org/prop/direct/P625,Point(9.840841858 56.171936539)
http://www.wikidata.org/entity/Q30242950,http://www.wikidata.org/prop/direct/P1435,http://www.wikidata.org/entity/Q12312385
http://www.wikidata.org/entity/Q30242950,http://www.wikidata.org/prop/direct/P3596,190856
http://www.wikidata.org/entity/Q30243839,http://www.wikidata.org/prop/direct/P17,http://www.wikidata.org/entity/Q35
http://www.wikidata.org/entity/Q30243839,http://www.wikidata.org/prop/direct/P31,http://www.wikidata.org/entity/Q1371047
http://www.wikidata.org/entity/Q30243839,http://www.wikidata.org/prop/direct/P131,http://www.wikidata.org/entity/Q502168
http://www.wikidata.org/entity/Q30243839,http://www.wikidata.org/prop/direct/P625,Point(10.461279583 57.370439116)
http://www.wikidata.org/entity/Q30243839,http://www.wikidata.org/prop/direct/P1435,http://www.wikidata.org/entity/Q12312385
http://www.wikidata.org/entity/Q30243839,http://www.wikidata.org/prop/direct/P3596,191443
http://www.wikidata.org/entity/Q30246213,http://www.wikidata.org/prop/direct/P17,http://www.wikidata.org/entity/Q35
http://www.wikidata.org/entity/Q30246213,http://www.wikidata.org/prop/direct/P31,http://www.wikidata.org/entity/Q1371047
http://www.wikidata.org/entity/Q30246213,http://www.wikidata.org/prop/direct/P131,http://www.wikidata.org/entity/Q494827
http://www.wikidata.org/entity/Q30246213,http://www.wikidata.org/prop/direct/P625,Point(12.107435117 56.039934768)
http://www.wikidata.org/entity/Q30246213,http://www.wikidata.org/prop/direct/P1435,http://www.wikidata.org/entity/Q12312385
http://www.wikidata.org/entity/Q30246213,http://www.wikidata.org/prop/direct/P3596,192079
http://www.wikidata.org/entity/Q30246380,http://www.wikidata.org/prop/direct/P17,http://www.wikidata.org/entity/Q35
http://www.wikidata.org/entity/Q30246380,http://www.wikidata.org/prop/direct/P31,http://www.wikidata.org/entity/Q1371047
http://www.wikidata.org/entity/Q30246380,http://www.wikidata.org/prop/direct/P131,http://www.wikidata.org/entity/Q300856
http://www.wikidata.org/entity/Q30246380,http://www.wikidata.org/prop/direct/P625,Point(9.632393237 56.982264168)
http://www.wikidata.org/entity/Q30246380,http://www.wikidata.org/prop/direct/P1435,http://www.wikidata.org/entity/Q12312385
http://www.wikidata.org/entity/Q30246380,http://www.wikidata.org/prop/direct/P3596,192151
http://www.wikidata.org/entity/Q30246397,http://www.wikidata.org/prop/direct/P17,http://www.wikidata.org/entity/Q35
http://www.wikidata.org/entity/Q30246397,http://www.wikidata.org/prop/direct/P31,http://www.wikidata.org/entity/Q1371047
http://www.wikidata.org/entity/Q30246397,http://www.wikidata.org/prop/direct/P131,http://www.wikidata.org/entity/Q511975
http://www.wikidata.org/entity/Q30246397,http://www.wikidata.org/prop/direct/P625,Point(9.259887821 56.946597295)
http://www.wikidata.org/entity/Q30246397,http://www.wikidata.org/prop/direct/P1435,http://www.wikidata.org/entity/Q12312385
http://www.wikidata.org/entity/Q30246397,http://www.wikidata.org/prop/direct/P3596,192159
http://www.wikidata.org/entity/Q30246729,http://www.wikidata.org/prop/direct/P17,http://www.wikidata.org/entity/Q27
http://www.wikidata.org/entity/Q30240760,http://www.wikidata.org/prop/direct/P131,http://www.wikidata.org/entity/Q505369
http://www.wikidata.org/entity/Q30240760,http://www.wikidata.org/prop/direct/P625,Point(11.887255621 55.548765733)
http://www.wikidata.org/entity/Q30240760,http://www.wikidata.org/prop/direct/P1435,http://www.wikidata.org/entity/Q12312385
http://www.wikidata.org/entity/Q30240760,http://www.wikidata.org/prop/direct/P3596,189246
http://www.wikidata.org/entity/Q30240837,http://www.wikidata.org/prop/direct/P17,http://www.wikidata.org/entity/Q35
http://www.wikidata.org/entity/Q30240837,http://www.wikidata.org/prop/direct/P31,http://www.wikidata.org/entity/Q1371047
http://www.wikidata.org/entity/Q30240837,http://www.wikidata.org/prop/direct/P131,http://www.wikidata.org/entity/Q1425064
http://www.wikidata.org/entity/Q30240837,http://www.wikidata.org/prop/direct/P625,Point(11.664651967 55.916496955)
http://www.wikidata.org/entity/Q30240837,http://www.wikidata.org/prop/direct/P1435,http://www.wikidata.org/entity/Q12312385
http://www.wikidata.org/entity/Q30240837,http://www.wikidata.org/prop/direct/P3596,189286
http://www.wikidata.org/entity/Q30241035,http://www.wikidata.org/prop/direct/P17,http://www.wikidata.org/entity/Q35
http://www.wikidata.org/entity/Q30241035,http://www.wikidata.org/prop/direct/P18,http://commons.wikimedia.org/wiki/Special:FilePath/Sct.%20Th%C3%B8gers%20Kilde.JPG
http://www.wikidata.org/entity/Q30241035,http://www.wikidata.org/prop/direct/P31,http://www.wikidata.org/entity/Q1371047
http://www.wikidata.org/entity/Q30241035,http://www.wikidata.org/prop/direct/P131,http://www.wikidata.org/entity/Q7715809
http://www.wikidata.org/entity/Q30241035,http://www.wikidata.org/prop/direct/P625,Point(8.315400811 56.774559105)
http://www.wikidata.org/entity/Q30241035,http://www.wikidata.org/prop/direct/P1435,http://www.wikidata.org/entity/Q12312385
http://www.wikidata.org/entity/Q30241035,http://www.wikidata.org/prop/direct/P3596,189709
http://www.wikidata.org/entity/Q30241098,http://www.wikidata.org/prop/direct/P17,http://www.wikidata.org/entity/Q35
http://www.wikidata.org/entity/Q30241098,http://www.wikidata.org/prop/direct/P31,http://www.wikidata.org/entity/Q1371047
http://www.wikidata.org/entity/Q30241098,http://www.wikidata.org/prop/direct/P131,http://www.wikidata.org/entity/Q511975
http://www.wikidata.org/entity/Q30241098,http://www.wikidata.org/prop/direct/P625,Point(9.25505508 56.715896384)
http://www.wikidata.org/entity/Q30241098,http://www.wikidata.org/prop/direct/P1435,http://www.wikidata.org/entity/Q12312385
http://www.wikidata.org/entity/Q30241098,http://www.wikidata.org/prop/direct/P3596,189730
http://www.wikidata.org/entity/Q30241098,http://www.wikidata.org/prop/direct/P9477,Brudekilden
http://www.wikidata.org/entity/Q30241206,http://www.wikidata.org/prop/direct/P17,http://www.wikidata.org/entity/Q35
http://www.wikidata.org/entity/Q30241206,http://www.wikidata.org/prop/direct/P31,http://www.wikidata.org/entity/Q1371047
http://www.wikidata.org/entity/Q30241206,http://www.wikidata.org/prop/direct/P131,http://www.wikidata.org/entity/Q512528
http://www.wikidata.org/entity/Q30241206,http://www.wikidata.org/prop/direct/P625,Point(9.751254112 56.59464653)
http://www.wikidata.org/entity/Q30241206,http://www.wikidata.org/prop/direct/P1435,http://www.wikidata.org/entity/Q12312385
http://www.wikidata.org/entity/Q30241206,http://www.wikidata.org/prop/direct/P3596,189766
http://www.wikidata.org/entity/Q126456648,http://www.wikidata.org/prop/direct/P17,http://www.wikidata.org/entity/Q27
http://www.wikidata.org/entity/Q126456648,http://www.wikidata.org/prop/direct/P31,http://www.wikidata.org/entity/Q1371047
http://www.wikidata.org/entity/Q126456648,http://www.wikidata.org/prop/direct/P31,http://www.wikidata.org/entity/Q126443332
http://www.wikidata.org/entity/Q126456648,http://www.wikidata.org/prop/direct/P131,http://www.wikidata.org/entity/Q180231
http://www.wikidata.org/entity/Q126456648,http://www.wikidata.org/prop/direct/P131,http://www.wikidata.org/entity/Q60554626
http://www.wikidata.org/entity/Q126456648,http://www.wikidata.org/prop/direct/P131,http://www.wikidata.org/entity/Q104266362
http://www.wikidata.org/entity/Q126456648,http://www.wikidata.org/prop/direct/P138,http://www.wikidata.org/entity/Q236326
http://www.wikidata.org/entity/Q126456648,http://www.wikidata.org/prop/direct/P195,http://www.wikidata.org/entity/Q126875543
http://www.wikidata.org/entity/Q126456648,http://www.wikidata.org/prop/direct/P195,http://www.wikidata.org/entity/Q132817615
http://www.wikidata.org/entity/Q126456648,http://www.wikidata.org/prop/direct/P217,155
http://www.wikidata.org/entity/Q126456648,http://www.wikidata.org/prop/direct/P217,KHW027
http://www.wikidata.org/entity/Q126456648,http://www.wikidata.org/prop/direct/P625,Point(-7.0324988 52.3277874)
http://www.wikidata.org/entity/Q126456648,http://www.wikidata.org/prop/direct/P708,http://www.wikidata.org/entity/Q873607
http://www.wikidata.org/entity/Q126456648,http://www.wikidata.org/prop/direct/P841,http://www.wikidata.org/entity/Q2846
http://www.wikidata.org/entity/Q126456648,http://www.wikidata.org/prop/direct/P1343,http://www.wikidata.org/entity/Q120966194
http://www.wikidata.org/entity/Q126456648,http://www.wikidata.org/prop/direct/P1343,http://www.wikidata.org/entity/Q126374601
http://www.wikidata.org/entity/Q126456648,http://www.wikidata.org/prop/direct/P1343,http://www.wikidata.org/entity/Q126393245
http://www.wikidata.org/entity/Q126456648,http://www.wikidata.org/prop/direct/P1343,http://www.wikidata.org/entity/Q126456421
http://www.wikidata.org/entity/Q126456648,http://www.wikidata.org/prop/direct/P1343,http://www.wikidata.org/entity/Q126474972
http://www.wikidata.org/entity/Q126456648,http://www.wikidata.org/prop/direct/P1343,http://www.wikidata.org/entity/Q126528008
http://www.wikidata.org/entity/Q126456648,http://www.wikidata.org/prop/direct/P1343,http://www.wikidata.org/entity/Q126540348
http://www.wikidata.org/entity/Q126456648,http://www.wikidata.org/prop/direct/P1343,http://www.wikidata.org/entity/Q126875543
http://www.wikidata.org/entity/Q126456648,http://www.wikidata.org/prop/direct/P1343,http://www.wikidata.org/entity/Q130284129
http://www.wikidata.org/entity/Q126456648,http://www.wikidata.org/prop/direct/P1343,http://www.wikidata.org/entity/Q130308814
http://www.wikidata.org/entity/Q126456648,http://www.wikidata.org/prop/direct/P1343,http://www.wikidata.org/entity/Q132817615
http://www.wikidata.org/entity/Q126456648,http://www.wikidata.org/prop/direct/P4057,KK044-008----
http://www.wikidata.org/entity/Q126456648,http://www.wikidata.org/prop/direct/P11693,8512066590
http://www.wikidata.org/entity/Q126456660,http://www.wikidata.org/prop/direct/P17,http://www.wikidata.org/entity/Q27
http://www.wikidata.org/entity/Q126456660,http://www.wikidata.org/prop/direct/P31,http://www.wikidata.org/entity/Q1371047
http://www.wikidata.org/entity/Q126456660,http://www.wikidata.org/prop/direct/P31,http://www.wikidata.org/entity/Q126443332
http://www.wikidata.org/entity/Q126456660,http://www.wikidata.org/prop/direct/P131,http://www.wikidata.org/entity/Q180231
http://www.wikidata.org/entity/Q126456660,http://www.wikidata.org/prop/direct/P131,http://www.wikidata.org/entity/Q60554707
http://www.wikidata.org/entity/Q126456660,http://www.wikidata.org/prop/direct/P138,http://www.wikidata.org/entity/Q1146843
http://www.wikidata.org/entity/Q126456660,http://www.wikidata.org/prop/direct/P195,http://www.wikidata.org/entity/Q126875543
http://www.wikidata.org/entity/Q126456660,http://www.wikidata.org/prop/direct/P195,http://www.wikidata.org/entity/Q132817615
http://www.wikidata.org/entity/Q126456660,http://www.wikidata.org/prop/direct/P217,38
http://www.wikidata.org/entity/Q126456660,http://www.wikidata.org/prop/direct/P217,KHW049
http://www.wikidata.org/entity/Q126908675,http://www.wikidata.org/prop/direct/P625,Point(-7.458609 52.5948937)
http://www.wikidata.org/entity/Q126908675,http://www.wikidata.org/prop/direct/P708,http://www.wikidata.org/entity/Q873607
http://www.wikidata.org/entity/Q126908675,http://www.wikidata.org/prop/direct/P1343,http://www.wikidata.org/entity/Q126374601
http://www.wikidata.org/entity/Q126908675,http://www.wikidata.org/prop/direct/P1343,http://www.wikidata.org/entity/Q126456421
http://www.wikidata.org/entity/Q126908675,http://www.wikidata.org/prop/direct/P1343,http://www.wikidata.org/entity/Q126528008
http://www.wikidata.org/entity/Q126908675,http://www.wikidata.org/prop/direct/P1343,http://www.wikidata.org/entity/Q126875543
http://www.wikidata.org/entity/Q126908675,http://www.wikidata.org/prop/direct/P1343,http://www.wikidata.org/entity/Q130308814
http://www.wikidata.org/entity/Q126908675,http://www.wikidata.org/prop/direct/P1343,http://www.wikidata.org/entity/Q132817615
http://www.wikidata.org/entity/Q126908675,http://www.wikidata.org/prop/direct/P1343,http://www.wikidata.org/entity/Q133263165
http://www.wikidata.org/entity/Q126908675,http://www.wikidata.org/prop/direct/P4057,KK037-043----
http://www.wikidata.org/entity/Q126908675,http://www.wikidata.org/prop/direct/P6375,"""30 perches north of the church"""
http://www.wikidata.org/entity/Q126908675,http://www.wikidata.org/prop/direct/P6375,"""some distance from the church"""
http://www.wikidata.org/entity/Q126908814,http://www.wikidata.org/prop/direct/P17,http://www.wikidata.org/entity/Q27
http://www.wikidata.org/entity/Q126908814,http://www.wikidata.org/prop/direct/P31,http://www.wikidata.org/entity/Q1371047
http://www.wikidata.org/entity/Q126908814,http://www.wikidata.org/prop/direct/P31,http://www.wikidata.org/entity/Q126443332
http://www.wikidata.org/entity/Q126908814,http://www.wikidata.org/prop/direct/P131,http://www.wikidata.org/entity/Q180231
http://www.wikidata.org/entity/Q126908814,http://www.wikidata.org/prop/direct/P131,http://www.wikidata.org/entity/Q60554507
http://www.wikidata.org/entity/Q126908814,http://www.wikidata.org/prop/direct/P131,http://www.wikidata.org/entity/Q104266559
http://www.wikidata.org/entity/Q126908814,http://www.wikidata.org/prop/direct/P138,http://www.wikidata.org/entity/Q4421
http://www.wikidata.org/entity/Q126908814,http://www.wikidata.org/prop/direct/P195,http://www.wikidata.org/entity/Q126875543
http://www.wikidata.org/entity/Q126908814,http://www.wikidata.org/prop/direct/P195,http://www.wikidata.org/entity/Q132817615
http://www.wikidata.org/entity/Q126908814,http://www.wikidata.org/prop/direct/P217,100
http://www.wikidata.org/entity/Q126908814,http://www.wikidata.org/prop/direct/P217,KHW2-32
http://www.wikidata.org/entity/Q126908814,http://www.wikidata.org/prop/direct/P625,Point(-6.930207 52.481487)
http://www.wikidata.org/entity/Q126908814,http://www.wikidata.org/prop/direct/P1343,http://www.wikidata.org/entity/Q126393245
http://www.wikidata.org/entity/Q126908814,http://www.wikidata.org/prop/direct/P1343,http://www.wikidata.org/entity/Q126875543
http://www.wikidata.org/entity/Q126908814,http://www.wikidata.org/prop/direct/P1343,http://www.wikidata.org/entity/Q132817615
http://www.wikidata.org/entity/Q126910577,http://www.wikidata.org/prop/direct/P17,http://www.wikidata.org/entity/Q27
http://www.wikidata.org/entity/Q126910577,http://www.wikidata.org/prop/direct/P31,http://www.wikidata.org/entity/Q1371047
http://www.wikidata.org/entity/Q126910577,http://www.wikidata.org/prop/direct/P31,http://www.wikidata.org/entity/Q126443332
http://www.wikidata.org/entity/Q126910577,http://www.wikidata.org/prop/direct/P131,http://www.wikidata.org/entity/Q180231
http://www.wikidata.org/entity/Q126910577,http://www.wikidata.org/prop/direct/P195,http://www.wikidata.org/entity/Q126875543
http://www.wikidata.org/entity/Q126910577,http://www.wikidata.org/prop/direct/P217,102
http://www.wikidata.org/entity/Q126910577,http://www.wikidata.org/prop/direct/P1343,http://www.wikidata.org/entity/Q120966194
http://www.wikidata.org/entity/Q126910577,http://www.wikidata.org/prop/direct/P1343,http://www.wikidata.org/entity/Q126875543
http://www.wikidata.org/entity/Q126910577,http://www.wikidata.org/prop/direct/P4057,KK039-050----
http://www.wikidata.org/entity/Q126889963,http://www.wikidata.org/prop/direct/P31,http://www.wikidata.org/entity/Q126443332
http://www.wikidata.org/entity/Q126889963,http://www.wikidata.org/prop/direct/P131,http://www.wikidata.org/entity/Q180231
http://www.wikidata.org/entity/Q126889963,http://www.wikidata.org/prop/direct/P131,http://www.wikidata.org/entity/Q60556096
http://www.wikidata.org/entity/Q126889963,http://www.wikidata.org/prop/direct/P131,http://www.wikidata.org/entity/Q104265855
http://www.wikidata.org/entity/Q126889963,http://www.wikidata.org/prop/direct/P138,http://www.wikidata.org/entity/Q2151232
http://www.wikidata.org/entity/Q126889963,http://www.wikidata.org/prop/direct/P195,http://www.wikidata.org/entity/Q126875543
http://www.wikidata.org/entity/Q126889963,http://www.wikidata.org/prop/direct/P217,44
http://www.wikidata.org/entity/Q126889963,http://www.wikidata.org/prop/direct/P708,http://www.wikidata.org/entity/Q873607
http://www.wikidata.org/entity/Q126889963,http://www.wikidata.org/prop/direct/P1343,http://www.wikidata.org/entity/Q126875543
http://www.wikidata.org/entity/Q126889963,http://www.wikidata.org/prop/direct/P4057,KK011-024----
http://www.wikidata.org/entity/Q126890019,http://www.wikidata.org/prop/direct/P17,http://www.wikidata.org/entity/Q27
http://www.wikidata.org/entity/Q126890019,http://www.wikidata.org/prop/direct/P31,http://www.wikidata.org/entity/Q1371047
http://www.wikidata.org/entity/Q126890019,http://www.wikidata.org/prop/direct/P31,http://www.wikidata.org/entity/Q126443332
http://www.wikidata.org/entity/Q126890019,http://www.wikidata.org/prop/direct/P131,http://www.wikidata.org/entity/Q180231
http://www.wikidata.org/entity/Q126890019,http://www.wikidata.org/prop/direct/P131,http://www.wikidata.org/entity/Q104265255
http://www.wikidata.org/entity/Q126890019,http://www.wikidata.org/prop/direct/P138,http://www.wikidata.org/entity/Q2151232
http://www.wikidata.org/entity/Q126890019,http://www.wikidata.org/prop/direct/P195,http://www.wikidata.org/entity/Q126875543
http://www.wikidata.org/entity/Q126890019,http://www.wikidata.org/prop/direct/P195,http://www.wikidata.org/entity/Q132817615
http://www.wikidata.org/entity/Q126890019,http://www.wikidata.org/prop/direct/P217,47
http://www.wikidata.org/entity/Q126890019,http://www.wikidata.org/prop/direct/P217,KHW154
http://www.wikidata.org/entity/Q126890019,http://www.wikidata.org/prop/direct/P625,Point(-7.2887152 52.302896)
http://www.wikidata.org/entity/Q126890019,http://www.wikidata.org/prop/direct/P708,http://www.wikidata.org/entity/Q873607
http://www.wikidata.org/entity/Q126890019,http://www.wikidata.org/prop/direct/P1343,http://www.wikidata.org/entity/Q126528008
http://www.wikidata.org/entity/Q126890019,http://www.wikidata.org/prop/direct/P1343,http://www.wikidata.org/entity/Q126875543
http://www.wikidata.org/entity/Q126890019,http://www.wikidata.org/prop/direct/P1343,http://www.wikidata.org/entity/Q132817615
http://www.wikidata.org/entity/Q126890019,http://www.wikidata.org/prop/direct/P4057,KK042-026----
http://www.wikidata.org/entity/Q126890019,http://www.wikidata.org/prop/direct/P11693,12628110993
http://www.wikidata.org/entity/Q126890179,http://www.wikidata.org/prop/direct/P17,http://www.wikidata.org/entity/Q27
http://www.wikidata.org/entity/Q126890179,http://www.wikidata.org/prop/direct/P31,http://www.wikidata.org/entity/Q1371047
http://www.wikidata.org/entity/Q126890179,http://www.wikidata.org/prop/direct/P31,http://www.wikidata.org/entity/Q126443332
http://www.wikidata.org/entity/Q126890179,http://www.wikidata.org/prop/direct/P131,http://www.wikidata.org/entity/Q180231
http://www.wikidata.org/entity/Q126890179,http://www.wikidata.org/prop/direct/P131,http://www.wikidata.org/entity/Q60553663
http://www.wikidata.org/entity/Q126890179,http://www.wikidata.org/prop/direct/P131,http://www.wikidata.org/entity/Q104264838
http://www.wikidata.org/entity/Q126890179,http://www.wikidata.org/prop/direct/P138,http://www.wikidata.org/entity/Q345
http://www.wikidata.org/entity/Q126890179,http://www.wikidata.org/prop/direct/P195,http://www.wikidata.org/entity/Q126875543
http://www.wikidata.org/entity/Q126890179,http://www.wikidata.org/prop/direct/P217,53
http://www.wikidata.org/entity/Q126890179,http://www.wikidata.org/prop/direct/P708,http://www.wikidata.org/entity/Q873607
http://www.wikidata.org/entity/Q126890179,http://www.wikidata.org/prop/direct/P1343,http://www.wikidata.org/entity/Q126875543
http://www.wikidata.org/entity/Q126890179,http://www.wikidata.org/prop/direct/P1343,http://www.wikidata.org/entity/Q129907246
http://www.wikidata.org/entity/Q26433890,http://www.wikidata.org/prop/direct/P17,http://www.wikidata.org/entity/Q145
http://www.wikidata.org/entity/Q26433890,http://www.wikidata.org/prop/direct/P31,http://www.wikidata.org/entity/Q1371047
http://www.wikidata.org/entity/Q26433890,http://www.wikidata.org/prop/direct/P131,http://www.wikidata.org/entity/Q7247073
http://www.wikidata.org/entity/Q26433890,http://www.wikidata.org/prop/direct/P613,SW9222946851
http://www.wikidata.org/entity/Q26433890,http://www.wikidata.org/prop/direct/P625,Point(-4.917882 50.284956)
http://www.wikidata.org/entity/Q26433890,http://www.wikidata.org/prop/direct/P1216,1141134
http://www.wikidata.org/entity/Q26433890,http://www.wikidata.org/prop/direct/P1435,http://www.wikidata.org/entity/Q15700834
http://www.wikidata.org/entity/Q26433890,http://www.wikidata.org/prop/direct/P7959,http://www.wikidata.org/entity/Q23148
http://www.wikidata.org/entity/Q26433890,http://www.wikidata.org/prop/direct/P12485,101141134
http://www.wikidata.org/entity/Q26434404,http://www.wikidata.org/prop/direct/P17,http://www.wikidata.org/entity/Q145
http://www.wikidata.org/entity/Q26434404,http://www.wikidata.org/prop/direct/P31,http://www.wikidata.org/entity/Q1371047
http://www.wikidata.org/entity/Q26434404,http://www.wikidata.org/prop/direct/P131,http://www.wikidata.org/entity/Q62419
http://www.wikidata.org/entity/Q26434404,http://www.wikidata.org/prop/direct/P613,SW8201635289
http://www.wikidata.org/entity/Q26434404,http://www.wikidata.org/prop/direct/P625,Point(-5.054387 50.17744)
http://www.wikidata.org/entity/Q26434404,http://www.wikidata.org/prop/direct/P1216,1141639
http://www.wikidata.org/entity/Q26434404,http://www.wikidata.org/prop/direct/P1435,http://www.wikidata.org/entity/Q15700834
http://www.wikidata.org/entity/Q26434404,http://www.wikidata.org/prop/direct/P7959,http://www.wikidata.org/entity/Q23148
http://www.wikidata.org/entity/Q26434404,http://www.wikidata.org/prop/direct/P12485,101141639
http://www.wikidata.org/entity/Q26434450,http://www.wikidata.org/prop/direct/P17,http://www.wikidata.org/entity/Q145
http://www.wikidata.org/entity/Q26434450,http://www.wikidata.org/prop/direct/P31,http://www.wikidata.org/entity/Q1371047
http://www.wikidata.org/entity/Q26434450,http://www.wikidata.org/prop/direct/P131,http://www.wikidata.org/entity/Q7592506
http://www.wikidata.org/entity/Q26434450,http://www.wikidata.org/prop/direct/P613,SW7828225717
http://www.wikidata.org/entity/Q26434450,http://www.wikidata.org/prop/direct/P625,Point(-5.101037 50.090096)
http://www.wikidata.org/entity/Q26434450,http://www.wikidata.org/prop/direct/P1216,1141686
http://www.wikidata.org/entity/Q26434450,http://www.wikidata.org/prop/direct/P1435,http://www.wikidata.org/entity/Q15700834
http://www.wikidata.org/entity/Q26434450,http://www.wikidata.org/prop/direct/P7959,http://www.wikidata.org/entity/Q23148
http://www.wikidata.org/entity/Q26434450,http://www.wikidata.org/prop/direct/P12485,101141686
http://www.wikidata.org/entity/Q26434900,http://www.wikidata.org/prop/direct/P17,http://www.wikidata.org/entity/Q145
http://www.wikidata.org/entity/Q26434900,http://www.wikidata.org/prop/direct/P31,http://www.wikidata.org/entity/Q1371047
http://www.wikidata.org/entity/Q26434900,http://www.wikidata.org/prop/direct/P131,http://www.wikidata.org/entity/Q3301968
http://www.wikidata.org/entity/Q26434900,http://www.wikidata.org/prop/direct/P613,SW7868727374
http://www.wikidata.org/entity/Q26434900,http://www.wikidata.org/prop/direct/P625,Point(-5.096344 50.105128)
http://www.wikidata.org/entity/Q26434900,http://www.wikidata.org/prop/direct/P1216,1142083
http://www.wikidata.org/entity/Q26434900,http://www.wikidata.org/prop/direct/P1435,http://www.wikidata.org/entity/Q15700834
http://www.wikidata.org/entity/Q26434900,http://www.wikidata.org/prop/direct/P7959,http://www.wikidata.org/entity/Q23148
http://www.wikidata.org/entity/Q26434900,http://www.wikidata.org/prop/direct/P12485,101142083
http://www.wikidata.org/entity/Q126461036,http://www.wikidata.org/prop/direct/P17,http://www.wikidata.org/entity/Q27
http://www.wikidata.org/entity/Q126461036,http://www.wikidata.org/prop/direct/P31,http://www.wikidata.org/entity/Q1371047
http://www.wikidata.org/entity/Q126461036,http://www.wikidata.org/prop/direct/P31,http://www.wikidata.org/entity/Q126443332
http://www.wikidata.org/entity/Q126461036,http://www.wikidata.org/prop/direct/P131,http://www.wikidata.org/entity/Q180231
http://www.wikidata.org/entity/Q126461036,http://www.wikidata.org/prop/direct/P131,http://www.wikidata.org/entity/Q60555233
http://www.wikidata.org/entity/Q126461036,http://www.wikidata.org/prop/direct/P131,http://www.wikidata.org/entity/Q104266381
http://www.wikidata.org/entity/Q126461036,http://www.wikidata.org/prop/direct/P138,http://www.wikidata.org/entity/Q43999
http://www.wikidata.org/entity/Q126461036,http://www.wikidata.org/prop/direct/P195,http://www.wikidata.org/entity/Q126875543
http://www.wikidata.org/entity/Q126461036,http://www.wikidata.org/prop/direct/P195,http://www.wikidata.org/entity/Q132817615
http://www.wikidata.org/entity/Q126461036,http://www.wikidata.org/prop/direct/P217,34
http://www.wikidata.org/entity/Q126461036,http://www.wikidata.org/prop/direct/P217,KHW022
http://www.wikidata.org/entity/Q126461036,http://www.wikidata.org/prop/direct/P625,Point(-7.0256207 52.3475564)
http://www.wikidata.org/entity/Q126461036,http://www.wikidata.org/prop/direct/P708,http://www.wikidata.org/entity/Q873607
http://www.wikidata.org/entity/Q126461036,http://www.wikidata.org/prop/direct/P1343,http://www.wikidata.org/entity/Q120966194
http://www.wikidata.org/entity/Q126461036,http://www.wikidata.org/prop/direct/P1343,http://www.wikidata.org/entity/Q126374601
http://www.wikidata.org/entity/Q126461036,http://www.wikidata.org/prop/direct/P1343,http://www.wikidata.org/entity/Q126393245
http://www.wikidata.org/entity/Q126461036,http://www.wikidata.org/prop/direct/P1343,http://www.wikidata.org/entity/Q126456421
http://www.wikidata.org/entity/Q126461036,http://www.wikidata.org/prop/direct/P1343,http://www.wikidata.org/entity/Q126474972
http://www.wikidata.org/entity/Q126461036,http://www.wikidata.org/prop/direct/P1343,http://www.wikidata.org/entity/Q126528008
http://www.wikidata.org/entity/Q126461036,http://www.wikidata.org/prop/direct/P1343,http://www.wikidata.org/entity/Q126540348
http://www.wikidata.org/entity/Q126461036,http://www.wikidata.org/prop/direct/P1343,http://www.wikidata.org/entity/Q126875543
http://www.wikidata.org/entity/Q126461036,http://www.wikidata.org/prop/direct/P1343,http://www.wikidata.org/entity/Q130284129
http://www.wikidata.org/entity/Q126461036,http://www.wikidata.org/prop/direct/P1343,http://www.wikidata.org/entity/Q130308814
http://www.wikidata.org/entity/Q126461036,http://www.wikidata.org/prop/direct/P1343,http://www.wikidata.org/entity/Q132817615
http://www.wikidata.org/entity/Q126461036,http://www.wikidata.org/prop/direct/P4057,KK041-029----
http://www.wikidata.org/entity/Q126461036,http://www.wikidata.org/prop/direct/P11693,8279946612
http://www.wikidata.org/entity/Q126472816,http://www.wikidata.org/prop/direct/P17,http://www.wikidata.org/entity/Q27
http://www.wikidata.org/entity/Q126472816,http://www.wikidata.org/prop/direct/P31,http://www.wikidata.org/entity/Q1371047
http://www.wikidata.org/entity/Q126472816,http://www.wikidata.org/prop/direct/P31,http://www.wikidata.org/entity/Q126443332
http://www.wikidata.org/entity/Q126472816,http://www.wikidata.org/prop/direct/P131,http://www.wikidata.org/entity/Q180231
http://www.wikidata.org/entity/Q126472816,http://www.wikidata.org/prop/direct/P131,http://www.wikidata.org/entity/Q60555245
http://www.wikidata.org/entity/Q126472816,http://www.wikidata.org/prop/direct/P131,http://www.wikidata.org/entity/Q104264497
http://www.wikidata.org/entity/Q126472816,http://www.wikidata.org/prop/direct/P138,http://www.wikidata.org/entity/Q130535806
http://www.wikidata.org/entity/Q126472816,http://www.wikidata.org/prop/direct/P195,http://www.wikidata.org/entity/Q126875543
http://www.wikidata.org/entity/Q126472816,http://www.wikidata.org/prop/direct/P195,http://www.wikidata.org/entity/Q132817615
http://www.wikidata.org/entity/Q126472816,http://www.wikidata.org/prop/direct/P217,98
http://www.wikidata.org/entity/Q126472816,http://www.wikidata.org/prop/direct/P217,KHW069
http://www.wikidata.org/entity/Q126472816,http://www.wikidata.org/prop/direct/P625,Point(-7.45858 52.594875)
http://www.wikidata.org/entity/Q126472816,http://www.wikidata.org/prop/direct/P708,http://www.wikidata.org/entity/Q873607
http://www.wikidata.org/entity/Q126472816,http://www.wikidata.org/prop/direct/P841,http://www.wikidata.org/entity/Q2584
http://www.wikidata.org/entity/Q126472816,http://www.wikidata.org/prop/direct/P1343,http://www.wikidata.org/entity/Q120966194
http://www.wikidata.org/entity/Q126472816,http://www.wikidata.org/prop/direct/P1343,http://www.wikidata.org/entity/Q126454465
http://www.wikidata.org/entity/Q126472816,http://www.wikidata.org/prop/direct/P1343,http://www.wikidata.org/entity/Q126875543
http://www.wikidata.org/entity/Q30241312,http://www.wikidata.org/prop/direct/P17,http://www.wikidata.org/entity/Q35
http://www.wikidata.org/entity/Q30241312,http://www.wikidata.org/prop/direct/P31,http://www.wikidata.org/entity/Q1371047
http://www.wikidata.org/entity/Q30241312,http://www.wikidata.org/prop/direct/P131,http://www.wikidata.org/entity/Q502962
http://www.wikidata.org/entity/Q30241312,http://www.wikidata.org/prop/direct/P625,Point(9.7461473 56.544269301)
http://www.wikidata.org/entity/Q30241312,http://www.wikidata.org/prop/direct/P1435,http://www.wikidata.org/entity/Q12312385
http://www.wikidata.org/entity/Q30241312,http://www.wikidata.org/prop/direct/P3596,189807
http://www.wikidata.org/entity/Q30241580,http://www.wikidata.org/prop/direct/P17,http://www.wikidata.org/entity/Q35
http://www.wikidata.org/entity/Q30241580,http://www.wikidata.org/prop/direct/P31,http://www.wikidata.org/entity/Q1371047
http://www.wikidata.org/entity/Q30241580,http://www.wikidata.org/prop/direct/P131,http://www.wikidata.org/entity/Q505151
http://www.wikidata.org/entity/Q30241580,http://www.wikidata.org/prop/direct/P625,Point(9.681216807 56.177941098)
http://www.wikidata.org/entity/Q30241580,http://www.wikidata.org/prop/direct/P1435,http://www.wikidata.org/entity/Q12312385
http://www.wikidata.org/entity/Q30241580,http://www.wikidata.org/prop/direct/P3596,189900
http://www.wikidata.org/entity/Q30241663,http://www.wikidata.org/prop/direct/P17,http://www.wikidata.org/entity/Q35
http://www.wikidata.org/entity/Q30241663,http://www.wikidata.org/prop/direct/P31,http://www.wikidata.org/entity/Q1371047
http://www.wikidata.org/entity/Q30241663,http://www.wikidata.org/prop/direct/P131,http://www.wikidata.org/entity/Q511546
http://www.wikidata.org/entity/Q30241663,http://www.wikidata.org/prop/direct/P625,Point(12.602866251 56.038433174)
http://www.wikidata.org/entity/Q30241663,http://www.wikidata.org/prop/direct/P1435,http://www.wikidata.org/entity/Q12312385
http://www.wikidata.org/entity/Q30241663,http://www.wikidata.org/prop/direct/P3596,189953
http://www.wikidata.org/entity/Q30241687,http://www.wikidata.org/prop/direct/P17,http://www.wikidata.org/entity/Q35
http://www.wikidata.org/entity/Q30241687,http://www.wikidata.org/prop/direct/P31,http://www.wikidata.org/entity/Q1371047
http://www.wikidata.org/entity/Q30241687,http://www.wikidata.org/prop/direct/P131,http://www.wikidata.org/entity/Q512595
http://www.wikidata.org/entity/Q30241687,http://www.wikidata.org/prop/direct/P625,Point(9.404170273 55.955379225)
http://www.wikidata.org/entity/Q30241687,http://www.wikidata.org/prop/direct/P1435,http://www.wikidata.org/entity/Q12312385
http://www.wikidata.org/entity/Q30241687,http://www.wikidata.org/prop/direct/P3596,189967
http://www.wikidata.org/entity/Q30241715,http://www.wikidata.org/prop/direct/P17,http://www.wikidata.org/entity/Q35
http://www.wikidata.org/entity/Q30241715,http://www.wikidata.org/prop/direct/P31,http://www.wikidata.org/entity/Q1371047
http://www.wikidata.org/entity/Q30241715,http://www.wikidata.org/prop/direct/P131,http://www.wikidata.org/entity/Q28150
http://www.wikidata.org/entity/Q30241715,http://www.wikidata.org/prop/direct/P625,Point(9.338277014 55.885418036)
http://www.wikidata.org/entity/Q30241715,http://www.wikidata.org/prop/direct/P1435,http://www.wikidata.org/entity/Q12312385
http://www.wikidata.org/entity/Q30241715,http://www.wikidata.org/prop/direct/P3596,190004
http://www.wikidata.org/entity/Q30241718,http://www.wikidata.org/prop/direct/P17,http://www.wikidata.org/entity/Q35
http://www.wikidata.org/entity/Q30241718,http://www.wikidata.org/prop/direct/P31,http://www.wikidata.org/entity/Q1371047
http://www.wikidata.org/entity/Q30241718,http://www.wikidata.org/prop/direct/P131,http://www.wikidata.org/entity/Q28150
http://www.wikidata.org/entity/Q30241718,http://www.wikidata.org/prop/direct/P625,Point(9.374131488 55.883840112)
http://www.wikidata.org/entity/Q30241718,http://www.wikidata.org/prop/direct/P1435,http://www.wikidata.org/entity/Q12312385
http://www.wikidata.org/entity/Q30241718,http://www.wikidata.org/prop/direct/P3596,190006
http://www.wikidata.org/entity/Q30241854,http://www.wikidata.org/prop/direct/P17,http://www.wikidata.org/entity/Q35
http://www.wikidata.org/entity/Q30241854,http://www.wikidata.org/prop/direct/P31,http://www.wikidata.org/entity/Q1371047
http://www.wikidata.org/entity/Q30241854,http://www.wikidata.org/prop/direct/P131,http://www.wikidata.org/entity/Q511949
http://www.wikidata.org/entity/Q30241854,http://www.wikidata.org/prop/direct/P625,Point(12.567439907 55.846821266)
http://www.wikidata.org/entity/Q30241854,http://www.wikidata.org/prop/direct/P1435,http://www.wikidata.org/entity/Q12312385
http://www.wikidata.org/entity/Q30241854,http://www.wikidata.org/prop/direct/P3596,190077
http://www.wikidata.org/entity/Q30241854,http://www.wikidata.org/prop/direct/P11693,818620757
http://www.wikidata.org/entity/Q30242092,http://www.wikidata.org/prop/direct/P17,http://www.wikidata.org/entity/Q35
http://www.wikidata.org/entity/Q30242092,http://www.wikidata.org/prop/direct/P18,http://commons.wikimedia.org/wiki/Special:FilePath/Sct.%20Laurentius%27%20Kilde%20i%20Gersh%C3%B8j.jpg
http://www.wikidata.org/entity/Q30242092,http://www.wikidata.org/prop/direct/P31,http://www.wikidata.org/entity/Q1371047
http://www.wikidata.org/entity/Q30242092,http://www.wikidata.org/prop/direct/P131,http://www.wikidata.org/entity/Q505369
http://www.wikidata.org/entity/Q30242092,http://www.wikidata.org/prop/direct/P625,Point(11.980272741 55.71820778)
http://www.wikidata.org/entity/Q30242092,http://www.wikidata.org/prop/direct/P1435,http://www.wikidata.org/entity/Q12312385
http://www.wikidata.org/entity/Q30242092,http://www.wikidata.org/prop/direct/P3596,190178
http://www.wikidata.org/entity/Q30242092,http://www.wikidata.org/prop/direct/P11693,6275780370
http://www.wikidata.org/entity/Q30242119,http://www.wikidata.org/prop/direct/P17,http://www.wikidata.org/entity/Q35
http://www.wikidata.org/entity/Q30242119,http://www.wikidata.org/prop/direct/P31,http://www.wikidata.org/entity/Q1371047
http://www.wikidata.org/entity/Q30242119,http://www.wikidata.org/prop/direct/P131,http://www.wikidata.org/entity/Q21142
http://www.wikidata.org/entity/Q30242119,http://www.wikidata.org/prop/direct/P625,Point(8.44466071 55.594017861)
http://www.wikidata.org/entity/Q30242119,http://www.wikidata.org/prop/direct/P1435,http://www.wikidata.org/entity/Q12312385
http://www.wikidata.org/entity/Q30242119,http://www.wikidata.org/prop/direct/P3596,190196
http://www.wikidata.org/entity/Q30156695,http://www.wikidata.org/prop/direct/P17,http://www.wikidata.org/entity/Q35
http://www.wikidata.org/entity/Q30156695,http://www.wikidata.org/prop/direct/P31,http://www.wikidata.org/entity/Q1371047
http://www.wikidata.org/entity/Q30156695,http://www.wikidata.org/prop/direct/P131,http://www.wikidata.org/entity/Q221394
http://www.wikidata.org/entity/Q30156695,http://www.wikidata.org/prop/direct/P625,Point(12.320110125 55.929173208)
http://www.wikidata.org/entity/Q30156695,http://www.wikidata.org/prop/direct/P1435,http://www.wikidata.org/entity/Q12312385
http://www.wikidata.org/entity/Q30156695,http://www.wikidata.org/prop/direct/P3596,164884
http://www.wikidata.org/entity/Q30156734,http://www.wikidata.org/prop/direct/P17,http://www.wikidata.org/entity/Q35
http://www.wikidata.org/entity/Q30156734,http://www.wikidata.org/prop/direct/P31,http://www.wikidata.org/entity/Q1371047
http://www.wikidata.org/entity/Q30156734,http://www.wikidata.org/prop/direct/P131,http://www.wikidata.org/entity/Q506109
http://www.wikidata.org/entity/Q30156734,http://www.wikidata.org/prop/direct/P625,Point(8.342425837 56.333579661)
http://www.wikidata.org/entity/Q30156734,http://www.wikidata.org/prop/direct/P1435,http://www.wikidata.org/entity/Q12312385
http://www.wikidata.org/entity/Q30156734,http://www.wikidata.org/prop/direct/P3596,164956
http://www.wikidata.org/entity/Q30157048,http://www.wikidata.org/prop/direct/P17,http://www.wikidata.org/entity/Q35
http://www.wikidata.org/entity/Q30157048,http://www.wikidata.org/prop/direct/P31,http://www.wikidata.org/entity/Q1371047
http://www.wikidata.org/entity/Q30157048,http://www.wikidata.org/prop/direct/P131,http://www.wikidata.org/entity/Q506877
http://www.wikidata.org/entity/Q30157048,http://www.wikidata.org/prop/direct/P625,Point(8.897794915 55.973698893)
http://www.wikidata.org/entity/Q30157048,http://www.wikidata.org/prop/direct/P1435,http://www.wikidata.org/entity/Q12312385
http://www.wikidata.org/entity/Q30157048,http://www.wikidata.org/prop/direct/P3596,167070
http://www.wikidata.org/entity/Q30157559,http://www.wikidata.org/prop/direct/P17,http://www.wikidata.org/entity/Q35
http://www.wikidata.org/entity/Q30157559,http://www.wikidata.org/prop/direct/P31,http://www.wikidata.org/entity/Q1371047
http://www.wikidata.org/entity/Q30157559,http://www.wikidata.org/prop/direct/P131,http://www.wikidata.org/entity/Q240262
http://www.wikidata.org/entity/Q30157559,http://www.wikidata.org/prop/direct/P625,Point(10.273892298 56.242772267)
http://www.wikidata.org/entity/Q30157559,http://www.wikidata.org/prop/direct/P1435,http://www.wikidata.org/entity/Q12312385
http://www.wikidata.org/entity/Q30157559,http://www.wikidata.org/prop/direct/P3596,168778
http://www.wikidata.org/entity/Q30160967,http://www.wikidata.org/prop/direct/P17,http://www.wikidata.org/entity/Q27
http://www.wikidata.org/entity/Q30160967,http://www.wikidata.org/prop/direct/P31,http://www.wikidata.org/entity/Q1371047
http://www.wikidata.org/entity/Q30160967,http://www.wikidata.org/prop/direct/P131,http://www.wikidata.org/entity/Q181862
http://www.wikidata.org/entity/Q30160967,http://www.wikidata.org/prop/direct/P625,Point(-8.558611 52.891944)
http://www.wikidata.org/entity/Q30160967,http://www.wikidata.org/prop/direct/P2186,IE-CE-0045
http://www.wikidata.org/entity/Q30160967,http://www.wikidata.org/prop/direct/P4057,CL028-052----
http://www.wikidata.org/entity/Q30160967,http://www.wikidata.org/prop/direct/P7959,http://www.wikidata.org/entity/Q181862
http://www.wikidata.org/entity/Q30247322,http://www.wikidata.org/prop/direct/P7959,http://www.wikidata.org/entity/Q169923
http://www.wikidata.org/entity/Q30247852,http://www.wikidata.org/prop/direct/P17,http://www.wikidata.org/entity/Q35
http://www.wikidata.org/entity/Q30247852,http://www.wikidata.org/prop/direct/P31,http://www.wikidata.org/entity/Q1371047
http://www.wikidata.org/entity/Q30247852,http://www.wikidata.org/prop/direct/P131,http://www.wikidata.org/entity/Q494827
http://www.wikidata.org/entity/Q30247852,http://www.wikidata.org/prop/direct/P625,Point(12.292642103 56.013423823)
http://www.wikidata.org/entity/Q30247852,http://www.wikidata.org/prop/direct/P1435,http://www.wikidata.org/entity/Q12312385
http://www.wikidata.org/entity/Q30247852,http://www.wikidata.org/prop/direct/P3596,194751
http://www.wikidata.org/entity/Q30247853,http://www.wikidata.org/prop/direct/P17,http://www.wikidata.org/entity/Q35
http://www.wikidata.org/entity/Q30247853,http://www.wikidata.org/prop/direct/P31,http://www.wikidata.org/entity/Q1371047
http://www.wikidata.org/entity/Q30247853,http://www.wikidata.org/prop/direct/P131,http://www.wikidata.org/entity/Q494827
http://www.wikidata.org/entity/Q30247853,http://www.wikidata.org/prop/direct/P625,Point(12.292622285 56.008290809)
http://www.wikidata.org/entity/Q30247853,http://www.wikidata.org/prop/direct/P1435,http://www.wikidata.org/entity/Q12312385
http://www.wikidata.org/entity/Q30247853,http://www.wikidata.org/prop/direct/P3596,194752
http://www.wikidata.org/entity/Q30247873,http://www.wikidata.org/prop/direct/P17,http://www.wikidata.org/entity/Q35
http://www.wikidata.org/entity/Q30247873,http://www.wikidata.org/prop/direct/P31,http://www.wikidata.org/entity/Q1371047
http://www.wikidata.org/entity/Q30247873,http://www.wikidata.org/prop/direct/P131,http://www.wikidata.org/entity/Q221394
http://www.wikidata.org/entity/Q30247873,http://www.wikidata.org/prop/direct/P625,Point(12.27807207 55.975018657)
http://www.wikidata.org/entity/Q30247873,http://www.wikidata.org/prop/direct/P1435,http://www.wikidata.org/entity/Q12312385
http://www.wikidata.org/entity/Q30247873,http://www.wikidata.org/prop/direct/P3596,194913
http://www.wikidata.org/entity/Q30247876,http://www.wikidata.org/prop/direct/P17,http://www.wikidata.org/entity/Q35
http://www.wikidata.org/entity/Q30247876,http://www.wikidata.org/prop/direct/P18,http://commons.wikimedia.org/wiki/Special:FilePath/Daniels%20Kilde%2011-09-2019.jpg
http://www.wikidata.org/entity/Q30247876,http://www.wikidata.org/prop/direct/P31,http://www.wikidata.org/entity/Q1371047
http://www.wikidata.org/entity/Q30247876,http://www.wikidata.org/prop/direct/P131,http://www.wikidata.org/entity/Q494827
http://www.wikidata.org/entity/Q30247876,http://www.wikidata.org/prop/direct/P625,Point(12.373328222 56.046583575)
http://www.wikidata.org/entity/Q30247876,http://www.wikidata.org/prop/direct/P1435,http://www.wikidata.org/entity/Q12312385
http://www.wikidata.org/entity/Q30247876,http://www.wikidata.org/prop/direct/P3596,194924
http://www.wikidata.org/entity/Q30247876,http://www.wikidata.org/prop/direct/P11693,7445052790
http://www.wikidata.org/entity/Q126903155,http://www.wikidata.org/prop/direct/P841,http://www.wikidata.org/entity/Q2531
http://www.wikidata.org/entity/Q126903155,http://www.wikidata.org/prop/direct/P1343,http://www.wikidata.org/entity/Q126393245
http://www.wikidata.org/entity/Q126903155,http://www.wikidata.org/prop/direct/P1343,http://www.wikidata.org/entity/Q126875543
http://www.wikidata.org/entity/Q126903155,http://www.wikidata.org/prop/direct/P1343,http://www.wikidata.org/entity/Q128304747
http://www.wikidata.org/entity/Q126903155,http://www.wikidata.org/prop/direct/P1343,http://www.wikidata.org/entity/Q132817615
http://www.wikidata.org/entity/Q126903155,http://www.wikidata.org/prop/direct/P6375,"""a good distance away from the village, adjoining Mullinbeg"""
http://www.wikidata.org/entity/Q126903155,http://www.wikidata.org/prop/direct/P6375,"""in Walsh's field in Garryduff"""
http://www.wikidata.org/entity/Q126903155,http://www.wikidata.org/prop/direct/P11693,12009893295
http://www.wikidata.org/entity/Q126908400,http://www.wikidata.org/prop/direct/P17,http://www.wikidata.org/entity/Q27
http://www.wikidata.org/entity/Q126908400,http://www.wikidata.org/prop/direct/P31,http://www.wikidata.org/entity/Q1371047
http://www.wikidata.org/entity/Q126908400,http://www.wikidata.org/prop/direct/P31,http://www.wikidata.org/entity/Q126443332
http://www.wikidata.org/entity/Q126908400,http://www.wikidata.org/prop/direct/P131,http://www.wikidata.org/entity/Q180231
http://www.wikidata.org/entity/Q126908400,http://www.wikidata.org/prop/direct/P131,http://www.wikidata.org/entity/Q126908453
http://www.wikidata.org/entity/Q126908400,http://www.wikidata.org/prop/direct/P138,http://www.wikidata.org/entity/Q42603
http://www.wikidata.org/entity/Q126908400,http://www.wikidata.org/prop/direct/P195,http://www.wikidata.org/entity/Q126875543
http://www.wikidata.org/entity/Q126908400,http://www.wikidata.org/prop/direct/P195,http://www.wikidata.org/entity/Q132817615
http://www.wikidata.org/entity/Q126908400,http://www.wikidata.org/prop/direct/P217,93
http://www.wikidata.org/entity/Q126908400,http://www.wikidata.org/prop/direct/P217,KHW151
http://www.wikidata.org/entity/Q126908400,http://www.wikidata.org/prop/direct/P625,Point(-7.0196736 52.3740665)
http://www.wikidata.org/entity/Q126908400,http://www.wikidata.org/prop/direct/P625,Point(-7.020493501 52.377109118)
http://www.wikidata.org/entity/Q126908400,http://www.wikidata.org/prop/direct/P625,Point(-7.0204119 52.3771134)
http://www.wikidata.org/entity/Q126908400,http://www.wikidata.org/prop/direct/P708,http://www.wikidata.org/entity/Q873607
http://www.wikidata.org/entity/Q126908400,http://www.wikidata.org/prop/direct/P1343,http://www.wikidata.org/entity/Q126374601
http://www.wikidata.org/entity/Q126908400,http://www.wikidata.org/prop/direct/P1343,http://www.wikidata.org/entity/Q126393245
http://www.wikidata.org/entity/Q126908400,http://www.wikidata.org/prop/direct/P1343,http://www.wikidata.org/entity/Q126456421
http://www.wikidata.org/entity/Q126908400,http://www.wikidata.org/prop/direct/P1343,http://www.wikidata.org/entity/Q126875543
http://www.wikidata.org/entity/Q126908400,http://www.wikidata.org/prop/direct/P1343,http://www.wikidata.org/entity/Q130284129
http://www.wikidata.org/entity/Q126908400,http://www.wikidata.org/prop/direct/P1343,http://www.wikidata.org/entity/Q130308814
http://www.wikidata.org/entity/Q126908400,http://www.wikidata.org/prop/direct/P1343,http://www.wikidata.org/entity/Q132817615
http://www.wikidata.org/entity/Q126908400,http://www.wikidata.org/prop/direct/P4057,KK041-007005-
http://www.wikidata.org/entity/Q126908675,http://www.wikidata.org/prop/direct/P17,http://www.wikidata.org/entity/Q27
http://www.wikidata.org/entity/Q126908675,http://www.wikidata.org/prop/direct/P31,http://www.wikidata.org/entity/Q1371047
http://www.wikidata.org/entity/Q126908675,http://www.wikidata.org/prop/direct/P31,http://www.wikidata.org/entity/Q126443332
http://www.wikidata.org/entity/Q126908675,http://www.wikidata.org/prop/direct/P131,http://www.wikidata.org/entity/Q180231
http://www.wikidata.org/entity/Q126908675,http://www.wikidata.org/prop/direct/P131,http://www.wikidata.org/entity/Q27139372
http://www.wikidata.org/entity/Q126908675,http://www.wikidata.org/prop/direct/P131,http://www.wikidata.org/entity/Q60554207
http://www.wikidata.org/entity/Q126908675,http://www.wikidata.org/prop/direct/P195,http://www.wikidata.org/entity/Q126875543
http://www.wikidata.org/entity/Q126908675,http://www.wikidata.org/prop/direct/P195,http://www.wikidata.org/entity/Q132817615
http://www.wikidata.org/entity/Q126908675,http://www.wikidata.org/prop/direct/P217,97
http://www.wikidata.org/entity/Q126908675,http://www.wikidata.org/prop/direct/P217,KHW146
http://www.wikidata.org/entity/Q126881319,http://www.wikidata.org/prop/direct/P625,Point(-7.0201831 52.411366)
http://www.wikidata.org/entity/Q126881319,http://www.wikidata.org/prop/direct/P1343,http://www.wikidata.org/entity/Q126875543
http://www.wikidata.org/entity/Q126881319,http://www.wikidata.org/prop/direct/P1343,http://www.wikidata.org/entity/Q132817615
http://www.wikidata.org/entity/Q126881319,http://www.wikidata.org/prop/direct/P1343,http://www.wikidata.org/entity/Q133263165
http://www.wikidata.org/entity/Q126881319,http://www.wikidata.org/prop/direct/P4057,KK037-010004-
http://www.wikidata.org/entity/Q126888497,http://www.wikidata.org/prop/direct/P17,http://www.wikidata.org/entity/Q27
http://www.wikidata.org/entity/Q126888497,http://www.wikidata.org/prop/direct/P31,http://www.wikidata.org/entity/Q1371047
http://www.wikidata.org/entity/Q126888497,http://www.wikidata.org/prop/direct/P31,http://www.wikidata.org/entity/Q126443332
http://www.wikidata.org/entity/Q126888497,http://www.wikidata.org/prop/direct/P131,http://www.wikidata.org/entity/Q104264439
http://www.wikidata.org/entity/Q126888497,http://www.wikidata.org/prop/direct/P138,http://www.wikidata.org/entity/Q165479
http://www.wikidata.org/entity/Q126888497,http://www.wikidata.org/prop/direct/P195,http://www.wikidata.org/entity/Q126875543
http://www.wikidata.org/entity/Q126888497,http://www.wikidata.org/prop/direct/P195,http://www.wikidata.org/entity/Q132817615
http://www.wikidata.org/entity/Q126888497,http://www.wikidata.org/prop/direct/P217,23
http://www.wikidata.org/entity/Q126888497,http://www.wikidata.org/prop/direct/P217,KHW2-5
http://www.wikidata.org/entity/Q126888497,http://www.wikidata.org/prop/direct/P625,Point(-7.5209252 52.65539)
http://www.wikidata.org/entity/Q126888497,http://www.wikidata.org/prop/direct/P708,http://www.wikidata.org/entity/Q873607
http://www.wikidata.org/entity/Q126888497,http://www.wikidata.org/prop/direct/P1343,http://www.wikidata.org/entity/Q126393245
http://www.wikidata.org/entity/Q126888497,http://www.wikidata.org/prop/direct/P1343,http://www.wikidata.org/entity/Q126875543
http://www.wikidata.org/entity/Q126888497,http://www.wikidata.org/prop/direct/P1343,http://www.wikidata.org/entity/Q132817615
http://www.wikidata.org/entity/Q126888518,http://www.wikidata.org/prop/direct/P17,http://www.wikidata.org/entity/Q27
http://www.wikidata.org/entity/Q126888518,http://www.wikidata.org/prop/direct/P31,http://www.wikidata.org/entity/Q1004210
http://www.wikidata.org/entity/Q126888518,http://www.wikidata.org/prop/direct/P31,http://www.wikidata.org/entity/Q1371047
http://www.wikidata.org/entity/Q126888518,http://www.wikidata.org/prop/direct/P31,http://www.wikidata.org/entity/Q126443332
http://www.wikidata.org/entity/Q126888518,http://www.wikidata.org/prop/direct/P131,http://www.wikidata.org/entity/Q180231
http://www.wikidata.org/entity/Q126888518,http://www.wikidata.org/prop/direct/P131,http://www.wikidata.org/entity/Q60557179
http://www.wikidata.org/entity/Q126888518,http://www.wikidata.org/prop/direct/P131,http://www.wikidata.org/entity/Q104264439
http://www.wikidata.org/entity/Q126888518,http://www.wikidata.org/prop/direct/P138,http://www.wikidata.org/entity/Q380356
http://www.wikidata.org/entity/Q126888518,http://www.wikidata.org/prop/direct/P195,http://www.wikidata.org/entity/Q126875543
http://www.wikidata.org/entity/Q126888518,http://www.wikidata.org/prop/direct/P195,http://www.wikidata.org/entity/Q132817615
http://www.wikidata.org/entity/Q126888518,http://www.wikidata.org/prop/direct/P217,24
http://www.wikidata.org/entity/Q126888518,http://www.wikidata.org/prop/direct/P217,KHW126
http://www.wikidata.org/entity/Q126888518,http://www.wikidata.org/prop/direct/P1343,http://www.wikidata.org/entity/Q126454465
http://www.wikidata.org/entity/Q126888518,http://www.wikidata.org/prop/direct/P1343,http://www.wikidata.org/entity/Q126875543
http://www.wikidata.org/entity/Q126888518,http://www.wikidata.org/prop/direct/P1343,http://www.wikidata.org/entity/Q130308814
http://www.wikidata.org/entity/Q126888518,http://www.wikidata.org/prop/direct/P1343,http://www.wikidata.org/entity/Q132817615
http://www.wikidata.org/entity/Q126888518,http://www.wikidata.org/prop/direct/P4057,KK017-008----
http://www.wikidata.org/entity/Q122258906,http://www.wikidata.org/prop/direct/P2186,IE-KK-0313
http://www.wikidata.org/entity/Q122258906,http://www.wikidata.org/prop/direct/P4057,KK021-028----
http://www.wikidata.org/entity/Q122258906,http://www.wikidata.org/prop/direct/P11693,8513439301
http://www.wikidata.org/entity/Q122258940,http://www.wikidata.org/prop/direct/P10,http://commons.wikimedia.org/wiki/Special:FilePath/Toberbride%20near%20Callan.webm
http://www.wikidata.org/entity/Q122258940,http://www.wikidata.org/prop/direct/P17,http://www.wikidata.org/entity/Q27
http://www.wikidata.org/entity/Q122258940,http://www.wikidata.org/prop/direct/P18,http://commons.wikimedia.org/wiki/Special:FilePath/Toberbride%20in%20its%20electric%20fence%20enclosure.jpg
http://www.wikidata.org/entity/Q122258940,http://www.wikidata.org/prop/direct/P31,http://www.wikidata.org/entity/Q1371047
http://www.wikidata.org/entity/Q122258940,http://www.wikidata.org/prop/direct/P31,http://www.wikidata.org/entity/Q126443332
http://www.wikidata.org/entity/Q122258940,http://www.wikidata.org/prop/direct/P131,http://www.wikidata.org/entity/Q180231
http://www.wikidata.org/entity/Q122258940,http://www.wikidata.org/prop/direct/P131,http://www.wikidata.org/entity/Q60553663
http://www.wikidata.org/entity/Q122258940,http://www.wikidata.org/prop/direct/P131,http://www.wikidata.org/entity/Q104264708
http://www.wikidata.org/entity/Q122258940,http://www.wikidata.org/prop/direct/P138,http://www.wikidata.org/entity/Q80979
http://www.wikidata.org/entity/Q122258940,http://www.wikidata.org/prop/direct/P195,http://www.wikidata.org/entity/Q126875543
http://www.wikidata.org/entity/Q122258940,http://www.wikidata.org/prop/direct/P195,http://www.wikidata.org/entity/Q132817615
http://www.wikidata.org/entity/Q122258940,http://www.wikidata.org/prop/direct/P217,19
http://www.wikidata.org/entity/Q122258940,http://www.wikidata.org/prop/direct/P217,KHW060
http://www.wikidata.org/entity/Q122258940,http://www.wikidata.org/prop/direct/P373,"Toberbride, Callan"
http://www.wikidata.org/entity/Q122258940,http://www.wikidata.org/prop/direct/P403,http://www.wikidata.org/entity/Q126690925
http://www.wikidata.org/entity/Q122258940,http://www.wikidata.org/prop/direct/P625,Point(-7.4123852 52.5295948)
http://www.wikidata.org/entity/Q122258940,http://www.wikidata.org/prop/direct/P708,http://www.wikidata.org/entity/Q873607
http://www.wikidata.org/entity/Q122258940,http://www.wikidata.org/prop/direct/P1343,http://www.wikidata.org/entity/Q120966194
http://www.wikidata.org/entity/Q122258940,http://www.wikidata.org/prop/direct/P1343,http://www.wikidata.org/entity/Q126374601
http://www.wikidata.org/entity/Q122258940,http://www.wikidata.org/prop/direct/P1343,http://www.wikidata.org/entity/Q126393245
http://www.wikidata.org/entity/Q122258940,http://www.wikidata.org/prop/direct/P1343,http://www.wikidata.org/entity/Q126454465
http://www.wikidata.org/entity/Q122258940,http://www.wikidata.org/prop/direct/P1343,http://www.wikidata.org/entity/Q126528008
http://www.wikidata.org/entity/Q122258940,http://www.wikidata.org/prop/direct/P1343,http://www.wikidata.org/entity/Q126540348
http://www.wikidata.org/entity/Q122258940,http://www.wikidata.org/prop/direct/P1343,http://www.wikidata.org/entity/Q126555558
http://www.wikidata.org/entity/Q122258940,http://www.wikidata.org/prop/direct/P1343,http://www.wikidata.org/entity/Q126875543
http://www.wikidata.org/entity/Q122258940,http://www.wikidata.org/prop/direct/P1343,http://www.wikidata.org/entity/Q130284129
http://www.wikidata.org/entity/Q122258940,http://www.wikidata.org/prop/direct/P1343,http://www.wikidata.org/entity/Q130308814
http://www.wikidata.org/entity/Q122258940,http://www.wikidata.org/prop/direct/P1343,http://www.wikidata.org/entity/Q132817615
http://www.wikidata.org/entity/Q122258940,http://www.wikidata.org/prop/direct/P1651,V6jqSqWsf50
http://www.wikidata.org/entity/Q122258940,http://www.wikidata.org/prop/direct/P2186,IE-KK-0314
http://www.wikidata.org/entity/Q122258940,http://www.wikidata.org/prop/direct/P4057,KK026-014----
http://www.wikidata.org/entity/Q122258940,http://www.wikidata.org/prop/direct/P11693,8541429852
http://www.wikidata.org/entity/Q126472933,http://www.wikidata.org/prop/direct/P131,http://www.wikidata.org/entity/Q180231
http://www.wikidata.org/entity/Q126472933,http://www.wikidata.org/prop/direct/P131,http://www.wikidata.org/entity/Q60555866
http://www.wikidata.org/entity/Q126472933,http://www.wikidata.org/prop/direct/P131,http://www.wikidata.org/entity/Q104264731
http://www.wikidata.org/entity/Q126472933,http://www.wikidata.org/prop/direct/P138,http://www.wikidata.org/entity/Q43999
http://www.wikidata.org/entity/Q126472933,http://www.wikidata.org/prop/direct/P138,http://www.wikidata.org/entity/Q15238543
http://www.wikidata.org/entity/Q126472933,http://www.wikidata.org/prop/direct/P195,http://www.wikidata.org/entity/Q126875543
http://www.wikidata.org/entity/Q126472933,http://www.wikidata.org/prop/direct/P195,http://www.wikidata.org/entity/Q132817615
http://www.wikidata.org/entity/Q126472933,http://www.wikidata.org/prop/direct/P217,135
http://www.wikidata.org/entity/Q126472933,http://www.wikidata.org/prop/direct/P217,KHW059
http://www.wikidata.org/entity/Q126472933,http://www.wikidata.org/prop/direct/P373,"St. James's Well, Mill Island"
http://www.wikidata.org/entity/Q126472933,http://www.wikidata.org/prop/direct/P403,http://www.wikidata.org/entity/Q126698081
http://www.wikidata.org/entity/Q126472933,http://www.wikidata.org/prop/direct/P625,Point(-7.3639912 52.5342542)
http://www.wikidata.org/entity/Q126472933,http://www.wikidata.org/prop/direct/P708,http://www.wikidata.org/entity/Q873607
http://www.wikidata.org/entity/Q126472933,http://www.wikidata.org/prop/direct/P1343,http://www.wikidata.org/entity/Q5202676
http://www.wikidata.org/entity/Q126472933,http://www.wikidata.org/prop/direct/P1343,http://www.wikidata.org/entity/Q120966194
http://www.wikidata.org/entity/Q126472933,http://www.wikidata.org/prop/direct/P1343,http://www.wikidata.org/entity/Q126374601
http://www.wikidata.org/entity/Q126472933,http://www.wikidata.org/prop/direct/P1343,http://www.wikidata.org/entity/Q126393245
http://www.wikidata.org/entity/Q126472933,http://www.wikidata.org/prop/direct/P1343,http://www.wikidata.org/entity/Q126454465
http://www.wikidata.org/entity/Q126472933,http://www.wikidata.org/prop/direct/P1343,http://www.wikidata.org/entity/Q126528008
http://www.wikidata.org/entity/Q126472933,http://www.wikidata.org/prop/direct/P1343,http://www.wikidata.org/entity/Q126540348
http://www.wikidata.org/entity/Q126472933,http://www.wikidata.org/prop/direct/P1343,http://www.wikidata.org/entity/Q126701362
http://www.wikidata.org/entity/Q126472933,http://www.wikidata.org/prop/direct/P1343,http://www.wikidata.org/entity/Q126875543
http://www.wikidata.org/entity/Q126472933,http://www.wikidata.org/prop/direct/P1343,http://www.wikidata.org/entity/Q129570937
http://www.wikidata.org/entity/Q126472933,http://www.wikidata.org/prop/direct/P1343,http://www.wikidata.org/entity/Q129907246
http://www.wikidata.org/entity/Q126472933,http://www.wikidata.org/prop/direct/P1343,http://www.wikidata.org/entity/Q130284129
http://www.wikidata.org/entity/Q126472933,http://www.wikidata.org/prop/direct/P1343,http://www.wikidata.org/entity/Q130308814
http://www.wikidata.org/entity/Q126472933,http://www.wikidata.org/prop/direct/P1343,http://www.wikidata.org/entity/Q132817615
http://www.wikidata.org/entity/Q126472933,http://www.wikidata.org/prop/direct/P4057,KK026-011----
http://www.wikidata.org/entity/Q126472933,http://www.wikidata.org/prop/direct/P11693,8522332218
http://www.wikidata.org/entity/Q126472950,http://www.wikidata.org/prop/direct/P17,http://www.wikidata.org/entity/Q27
http://www.wikidata.org/entity/Q126472950,http://www.wikidata.org/prop/direct/P31,http://www.wikidata.org/entity/Q124714
http://www.wikidata.org/entity/Q126472950,http://www.wikidata.org/prop/direct/P31,http://www.wikidata.org/entity/Q1371047
http://www.wikidata.org/entity/Q126472950,http://www.wikidata.org/prop/direct/P31,http://www.wikidata.org/entity/Q126443332
http://www.wikidata.org/entity/Q126472950,http://www.wikidata.org/prop/direct/P131,http://www.wikidata.org/entity/Q180231
http://www.wikidata.org/entity/Q126472950,http://www.wikidata.org/prop/direct/P131,http://www.wikidata.org/entity/Q60556096
http://www.wikidata.org/entity/Q126472950,http://www.wikidata.org/prop/direct/P131,http://www.wikidata.org/entity/Q104265585
http://www.wikidata.org/entity/Q126472950,http://www.wikidata.org/prop/direct/P138,http://www.wikidata.org/entity/Q10884
http://www.wikidata.org/entity/Q126472950,http://www.wikidata.org/prop/direct/P138,http://www.wikidata.org/entity/Q1133742
http://www.wikidata.org/entity/Q126472950,http://www.wikidata.org/prop/direct/P195,http://www.wikidata.org/entity/Q126875543
http://www.wikidata.org/entity/Q126472950,http://www.wikidata.org/prop/direct/P195,http://www.wikidata.org/entity/Q132817615
http://www.wikidata.org/entity/Q126472950,http://www.wikidata.org/prop/direct/P217,80
http://www.wikidata.org/entity/Q126472950,http://www.wikidata.org/prop/direct/P217,KHW037
http://www.wikidata.org/entity/Q17667405,http://www.wikidata.org/prop/direct/P17,http://www.wikidata.org/entity/Q145
http://www.wikidata.org/entity/Q17667405,http://www.wikidata.org/prop/direct/P31,http://www.wikidata.org/entity/Q1371047
http://www.wikidata.org/entity/Q17667405,http://www.wikidata.org/prop/direct/P131,http://www.wikidata.org/entity/Q2035320
http://www.wikidata.org/entity/Q17667405,http://www.wikidata.org/prop/direct/P373,St Hilda's Well
http://www.wikidata.org/entity/Q17667405,http://www.wikidata.org/prop/direct/P613,NZ7911917052
http://www.wikidata.org/entity/Q17667405,http://www.wikidata.org/prop/direct/P625,Point(-0.77855 54.54256)
http://www.wikidata.org/entity/Q17667405,http://www.wikidata.org/prop/direct/P1216,1019161
http://www.wikidata.org/entity/Q17667405,http://www.wikidata.org/prop/direct/P1216,1148918
http://www.wikidata.org/entity/Q17667405,http://www.wikidata.org/prop/direct/P1435,http://www.wikidata.org/entity/Q219538
http://www.wikidata.org/entity/Q17667405,http://www.wikidata.org/prop/direct/P1435,http://www.wikidata.org/entity/Q15700834
http://www.wikidata.org/entity/Q17667405,http://www.wikidata.org/prop/direct/P7959,http://www.wikidata.org/entity/Q163
http://www.wikidata.org/entity/Q17667405,http://www.wikidata.org/prop/direct/P12485,101148918
http://www.wikidata.org/entity/Q17667694,http://www.wikidata.org/prop/direct/P17,http://www.wikidata.org/entity/Q145
http://www.wikidata.org/entity/Q17667694,http://www.wikidata.org/prop/direct/P31,http://www.wikidata.org/entity/Q1371047
http://www.wikidata.org/entity/Q17667694,http://www.wikidata.org/prop/direct/P131,http://www.wikidata.org/entity/Q7593884
http://www.wikidata.org/entity/Q17667694,http://www.wikidata.org/prop/direct/P613,SW8492435690
http://www.wikidata.org/entity/Q17667694,http://www.wikidata.org/prop/direct/P625,Point(-5.013939 50.182112)
http://www.wikidata.org/entity/Q17667694,http://www.wikidata.org/prop/direct/P1216,1020713
http://www.wikidata.org/entity/Q17667694,http://www.wikidata.org/prop/direct/P1216,1136677
http://www.wikidata.org/entity/Q17667694,http://www.wikidata.org/prop/direct/P1435,http://www.wikidata.org/entity/Q219538
http://www.wikidata.org/entity/Q17667694,http://www.wikidata.org/prop/direct/P1435,http://www.wikidata.org/entity/Q15700834
http://www.wikidata.org/entity/Q17667694,http://www.wikidata.org/prop/direct/P7959,http://www.wikidata.org/entity/Q23148
http://www.wikidata.org/entity/Q17667694,http://www.wikidata.org/prop/direct/P12485,101136677
http://www.wikidata.org/entity/Q17668188,http://www.wikidata.org/prop/direct/P17,http://www.wikidata.org/entity/Q145
http://www.wikidata.org/entity/Q17668188,http://www.wikidata.org/prop/direct/P31,http://www.wikidata.org/entity/Q1371047
http://www.wikidata.org/entity/Q17668188,http://www.wikidata.org/prop/direct/P131,http://www.wikidata.org/entity/Q2080750
http://www.wikidata.org/entity/Q17668188,http://www.wikidata.org/prop/direct/P613,ST0414339888
http://www.wikidata.org/entity/Q17668188,http://www.wikidata.org/prop/direct/P625,Point(-3.371872678 51.15019927)
http://www.wikidata.org/entity/Q17668188,http://www.wikidata.org/prop/direct/P1216,1057546
http://www.wikidata.org/entity/Q17668188,http://www.wikidata.org/prop/direct/P1216,1020720
http://www.wikidata.org/entity/Q17668188,http://www.wikidata.org/prop/direct/P1435,http://www.wikidata.org/entity/Q219538
http://www.wikidata.org/entity/Q17668188,http://www.wikidata.org/prop/direct/P1435,http://www.wikidata.org/entity/Q15700834
http://www.wikidata.org/entity/Q17668188,http://www.wikidata.org/prop/direct/P7959,http://www.wikidata.org/entity/Q67461071
http://www.wikidata.org/entity/Q17668188,http://www.wikidata.org/prop/direct/P12485,101057546
http://www.wikidata.org/entity/Q33093096,http://www.wikidata.org/prop/direct/P131,http://www.wikidata.org/entity/Q104342014
http://www.wikidata.org/entity/Q33093096,http://www.wikidata.org/prop/direct/P138,http://www.wikidata.org/entity/Q4072290
http://www.wikidata.org/entity/Q33093096,http://www.wikidata.org/prop/direct/P625,Point(-8.508611 53.938056)
http://www.wikidata.org/entity/Q33093096,http://www.wikidata.org/prop/direct/P2186,IE-SO-0020
http://www.wikidata.org/entity/Q33093096,http://www.wikidata.org/prop/direct/P4057,SL046-013001-
http://www.wikidata.org/entity/Q33093096,http://www.wikidata.org/prop/direct/P4088,32321006
http://www.wikidata.org/entity/Q33093096,http://www.wikidata.org/prop/direct/P7959,http://www.wikidata.org/entity/Q179325
http://www.wikidata.org/entity/Q33097333,http://www.wikidata.org/prop/direct/P17,http://www.wikidata.org/entity/Q27
http://www.wikidata.org/entity/Q33097333,http://www.wikidata.org/prop/direct/P31,http://www.wikidata.org/entity/Q1371047
http://www.wikidata.org/entity/Q33097333,http://www.wikidata.org/prop/direct/P131,http://www.wikidata.org/entity/Q184445
http://www.wikidata.org/entity/Q33097333,http://www.wikidata.org/prop/direct/P131,http://www.wikidata.org/entity/Q104257426
http://www.wikidata.org/entity/Q33097333,http://www.wikidata.org/prop/direct/P625,Point(-7.5925 53.264167)
http://www.wikidata.org/entity/Q33097333,http://www.wikidata.org/prop/direct/P2186,IE-OY-0010
http://www.wikidata.org/entity/Q33097333,http://www.wikidata.org/prop/direct/P4057,OF016-027----
http://www.wikidata.org/entity/Q33097333,http://www.wikidata.org/prop/direct/P7959,http://www.wikidata.org/entity/Q184445
http://www.wikidata.org/entity/Q33097335,http://www.wikidata.org/prop/direct/P17,http://www.wikidata.org/entity/Q27
http://www.wikidata.org/entity/Q33097335,http://www.wikidata.org/prop/direct/P31,http://www.wikidata.org/entity/Q1371047
http://www.wikidata.org/entity/Q33097335,http://www.wikidata.org/prop/direct/P131,http://www.wikidata.org/entity/Q184445
http://www.wikidata.org/entity/Q33097335,http://www.wikidata.org/prop/direct/P625,Point(-7.742786 53.292594)
http://www.wikidata.org/entity/Q33097335,http://www.wikidata.org/prop/direct/P2186,IE-OY-0013
http://www.wikidata.org/entity/Q33097335,http://www.wikidata.org/prop/direct/P4057,OF015-004007-
http://www.wikidata.org/entity/Q33097335,http://www.wikidata.org/prop/direct/P7959,http://www.wikidata.org/entity/Q184445
http://www.wikidata.org/entity/Q33110950,http://www.wikidata.org/prop/direct/P17,http://www.wikidata.org/entity/Q27
http://www.wikidata.org/entity/Q33110950,http://www.wikidata.org/prop/direct/P31,http://www.wikidata.org/entity/Q1371047
http://www.wikidata.org/entity/Q33110950,http://www.wikidata.org/prop/direct/P131,http://www.wikidata.org/entity/Q178626
http://www.wikidata.org/entity/Q33110950,http://www.wikidata.org/prop/direct/P625,Point(-9.208596 54.278048)
http://www.wikidata.org/entity/Q33110950,http://www.wikidata.org/prop/direct/P2186,IE-MO-0056
http://www.wikidata.org/entity/Q33110950,http://www.wikidata.org/prop/direct/P7959,http://www.wikidata.org/entity/Q178626
http://www.wikidata.org/entity/Q33123120,http://www.wikidata.org/prop/direct/P17,http://www.wikidata.org/entity/Q27
http://www.wikidata.org/entity/Q33123120,http://www.wikidata.org/prop/direct/P18,http://commons.wikimedia.org/wiki/Special:FilePath/County%20Dublin%20-%20Rush%20Demense%20Holy%20Well%20-%2020190609170207.jpg
http://www.wikidata.org/entity/Q33123120,http://www.wikidata.org/prop/direct/P31,http://www.wikidata.org/entity/Q1371047
http://www.wikidata.org/entity/Q33123120,http://www.wikidata.org/prop/direct/P131,http://www.wikidata.org/entity/Q173500
http://www.wikidata.org/entity/Q33123120,http://www.wikidata.org/prop/direct/P373,"Saint Catherine's Well, Rush"
http://www.wikidata.org/entity/Q33123120,http://www.wikidata.org/prop/direct/P625,Point(-6.093657 53.53792)
http://www.wikidata.org/entity/Q33123120,http://www.wikidata.org/prop/direct/P2186,IE-D-0037
http://www.wikidata.org/entity/Q33123120,http://www.wikidata.org/prop/direct/P4057,DU008-005
http://www.wikidata.org/entity/Q33123120,http://www.wikidata.org/prop/direct/P7959,http://www.wikidata.org/entity/Q173500
http://www.wikidata.org/entity/Q122302960,http://www.wikidata.org/prop/direct/P17,http://www.wikidata.org/entity/Q27
http://www.wikidata.org/entity/Q122302960,http://www.wikidata.org/prop/direct/P31,http://www.wikidata.org/entity/Q43483
http://www.wikidata.org/entity/Q122302960,http://www.wikidata.org/prop/direct/P31,http://www.wikidata.org/entity/Q1371047
http://www.wikidata.org/entity/Q122302960,http://www.wikidata.org/prop/direct/P31,http://www.wikidata.org/entity/Q126443332
http://www.wikidata.org/entity/Q122302960,http://www.wikidata.org/prop/direct/P131,http://www.wikidata.org/entity/Q180231
http://www.wikidata.org/entity/Q122302960,http://www.wikidata.org/prop/direct/P131,http://www.wikidata.org/entity/Q60556262
http://www.wikidata.org/entity/Q122302960,http://www.wikidata.org/prop/direct/P131,http://www.wikidata.org/entity/Q104264985
http://www.wikidata.org/entity/Q122302960,http://www.wikidata.org/prop/direct/P138,http://www.wikidata.org/entity/Q10884
http://www.wikidata.org/entity/Q122302960,http://www.wikidata.org/prop/direct/P195,http://www.wikidata.org/entity/Q126875543
http://www.wikidata.org/entity/Q122302960,http://www.wikidata.org/prop/direct/P195,http://www.wikidata.org/entity/Q132817615
http://www.wikidata.org/entity/Q122302960,http://www.wikidata.org/prop/direct/P217,147
http://www.wikidata.org/entity/Q122302960,http://www.wikidata.org/prop/direct/P217,KHW005
http://www.wikidata.org/entity/Q122302960,http://www.wikidata.org/prop/direct/P625,Point(-7.3404778 52.388403)
http://www.wikidata.org/entity/Q122302960,http://www.wikidata.org/prop/direct/P708,http://www.wikidata.org/entity/Q873607
http://www.wikidata.org/entity/Q122302960,http://www.wikidata.org/prop/direct/P841,http://www.wikidata.org/entity/Q2774
http://www.wikidata.org/entity/Q122302960,http://www.wikidata.org/prop/direct/P1343,http://www.wikidata.org/entity/Q120966194
http://www.wikidata.org/entity/Q122302960,http://www.wikidata.org/prop/direct/P1343,http://www.wikidata.org/entity/Q126374601
http://www.wikidata.org/entity/Q122302960,http://www.wikidata.org/prop/direct/P1343,http://www.wikidata.org/entity/Q126393245
http://www.wikidata.org/entity/Q122302960,http://www.wikidata.org/prop/direct/P1343,http://www.wikidata.org/entity/Q126456421
http://www.wikidata.org/entity/Q122302960,http://www.wikidata.org/prop/direct/P1343,http://www.wikidata.org/entity/Q126474972
http://www.wikidata.org/entity/Q122302960,http://www.wikidata.org/prop/direct/P1343,http://www.wikidata.org/entity/Q126528008
http://www.wikidata.org/entity/Q122302960,http://www.wikidata.org/prop/direct/P1343,http://www.wikidata.org/entity/Q126540348
http://www.wikidata.org/entity/Q122302960,http://www.wikidata.org/prop/direct/P1343,http://www.wikidata.org/entity/Q126875543
http://www.wikidata.org/entity/Q122302960,http://www.wikidata.org/prop/direct/P1343,http://www.wikidata.org/entity/Q130284129
http://www.wikidata.org/entity/Q122302960,http://www.wikidata.org/prop/direct/P1343,http://www.wikidata.org/entity/Q130308814
http://www.wikidata.org/entity/Q122302960,http://www.wikidata.org/prop/direct/P1343,http://www.wikidata.org/entity/Q132817615
http://www.wikidata.org/entity/Q122302960,http://www.wikidata.org/prop/direct/P1343,http://www.wikidata.org/entity/Q133263165
http://www.wikidata.org/entity/Q122302960,http://www.wikidata.org/prop/direct/P1343,http://www.wikidata.org/entity/Q133385130
http://www.wikidata.org/entity/Q122302960,http://www.wikidata.org/prop/direct/P2186,IE-KK-0319
http://www.wikidata.org/entity/Q122302960,http://www.wikidata.org/prop/direct/P4057,KK039-002001-
http://www.wikidata.org/entity/Q122302960,http://www.wikidata.org/prop/direct/P11693,8526263529
http://www.wikidata.org/entity/Q126472997,http://www.wikidata.org/prop/direct/P17,http://www.wikidata.org/entity/Q27
http://www.wikidata.org/entity/Q126472997,http://www.wikidata.org/prop/direct/P31,http://www.wikidata.org/entity/Q1371047
http://www.wikidata.org/entity/Q126472997,http://www.wikidata.org/prop/direct/P31,http://www.wikidata.org/entity/Q126443332
http://www.wikidata.org/entity/Q126472997,http://www.wikidata.org/prop/direct/P131,http://www.wikidata.org/entity/Q180231
http://www.wikidata.org/entity/Q126472997,http://www.wikidata.org/prop/direct/P131,http://www.wikidata.org/entity/Q60556294
http://www.wikidata.org/entity/Q126472997,http://www.wikidata.org/prop/direct/P131,http://www.wikidata.org/entity/Q104265537
http://www.wikidata.org/entity/Q126472997,http://www.wikidata.org/prop/direct/P138,http://www.wikidata.org/entity/Q16970
http://www.wikidata.org/entity/Q126472997,http://www.wikidata.org/prop/direct/P195,http://www.wikidata.org/entity/Q126875543
http://www.wikidata.org/entity/Q126472997,http://www.wikidata.org/prop/direct/P195,http://www.wikidata.org/entity/Q132817615
http://www.wikidata.org/entity/Q126472997,http://www.wikidata.org/prop/direct/P217,13
http://www.wikidata.org/entity/Q126472997,http://www.wikidata.org/prop/direct/P217,KHW011
http://www.wikidata.org/entity/Q126472997,http://www.wikidata.org/prop/direct/P625,Point(-7.2451643 52.2695346)
http://www.wikidata.org/entity/Q126472997,http://www.wikidata.org/prop/direct/P708,http://www.wikidata.org/entity/Q873607
http://www.wikidata.org/entity/Q126472997,http://www.wikidata.org/prop/direct/P1343,http://www.wikidata.org/entity/Q25469578
http://www.wikidata.org/entity/Q126472997,http://www.wikidata.org/prop/direct/P1343,http://www.wikidata.org/entity/Q120966194
http://www.wikidata.org/entity/Q126472997,http://www.wikidata.org/prop/direct/P1343,http://www.wikidata.org/entity/Q126374601
http://www.wikidata.org/entity/Q126472997,http://www.wikidata.org/prop/direct/P1343,http://www.wikidata.org/entity/Q126393245
http://www.wikidata.org/entity/Q126472997,http://www.wikidata.org/prop/direct/P1343,http://www.wikidata.org/entity/Q126456421
http://www.wikidata.org/entity/Q126472997,http://www.wikidata.org/prop/direct/P1343,http://www.wikidata.org/entity/Q126474972
http://www.wikidata.org/entity/Q126472997,http://www.wikidata.org/prop/direct/P1343,http://www.wikidata.org/entity/Q126540348
http://www.wikidata.org/entity/Q126472997,http://www.wikidata.org/prop/direct/P1343,http://www.wikidata.org/entity/Q126875543
http://www.wikidata.org/entity/Q126472997,http://www.wikidata.org/prop/direct/P1343,http://www.wikidata.org/entity/Q127605637
http://www.wikidata.org/entity/Q126472997,http://www.wikidata.org/prop/direct/P1343,http://www.wikidata.org/entity/Q129088050
http://www.wikidata.org/entity/Q126472997,http://www.wikidata.org/prop/direct/P1343,http://www.wikidata.org/entity/Q130284129
http://www.wikidata.org/entity/Q126472997,http://www.wikidata.org/prop/direct/P1343,http://www.wikidata.org/entity/Q130308814
http://www.wikidata.org/entity/Q126472997,http://www.wikidata.org/prop/direct/P1343,http://www.wikidata.org/entity/Q132817615
http://www.wikidata.org/entity/Q126472997,http://www.wikidata.org/prop/direct/P4057,KK045-003----
http://www.wikidata.org/entity/Q126472997,http://www.wikidata.org/prop/direct/P6500,https://catalogue.nli.ie/Record/vtls000577046
http://www.wikidata.org/entity/Q126472997,http://www.wikidata.org/prop/direct/P11693,8526290294
http://www.wikidata.org/entity/Q126473028,http://www.wikidata.org/prop/direct/P17,http://www.wikidata.org/entity/Q27
http://www.wikidata.org/entity/Q126473028,http://www.wikidata.org/prop/direct/P31,http://www.wikidata.org/entity/Q124714
http://www.wikidata.org/entity/Q126473028,http://www.wikidata.org/prop/direct/P31,http://www.wikidata.org/entity/Q1371047
http://www.wikidata.org/entity/Q126473028,http://www.wikidata.org/prop/direct/P31,http://www.wikidata.org/entity/Q126443332
http://www.wikidata.org/entity/Q126473028,http://www.wikidata.org/prop/direct/P131,http://www.wikidata.org/entity/Q180231
http://www.wikidata.org/entity/Q126473028,http://www.wikidata.org/prop/direct/P131,http://www.wikidata.org/entity/Q60556294
http://www.wikidata.org/entity/Q126473028,http://www.wikidata.org/prop/direct/P131,http://www.wikidata.org/entity/Q104265443
http://www.wikidata.org/entity/Q126473028,http://www.wikidata.org/prop/direct/P138,http://www.wikidata.org/entity/Q16970
http://www.wikidata.org/entity/Q126473028,http://www.wikidata.org/prop/direct/P195,http://www.wikidata.org/entity/Q132817615
http://www.wikidata.org/entity/Q126473028,http://www.wikidata.org/prop/direct/P217,KHW009
http://www.wikidata.org/entity/Q30242270,http://www.wikidata.org/prop/direct/P17,http://www.wikidata.org/entity/Q35
http://www.wikidata.org/entity/Q30242270,http://www.wikidata.org/prop/direct/P31,http://www.wikidata.org/entity/Q1371047
http://www.wikidata.org/entity/Q30242270,http://www.wikidata.org/prop/direct/P131,http://www.wikidata.org/entity/Q29927
http://www.wikidata.org/entity/Q30242270,http://www.wikidata.org/prop/direct/P625,Point(11.468770969 55.284137033)
http://www.wikidata.org/entity/Q30242270,http://www.wikidata.org/prop/direct/P1435,http://www.wikidata.org/entity/Q12312385
http://www.wikidata.org/entity/Q30242270,http://www.wikidata.org/prop/direct/P3596,190328
http://www.wikidata.org/entity/Q30242288,http://www.wikidata.org/prop/direct/P17,http://www.wikidata.org/entity/Q35
http://www.wikidata.org/entity/Q30242288,http://www.wikidata.org/prop/direct/P31,http://www.wikidata.org/entity/Q1371047
http://www.wikidata.org/entity/Q30242288,http://www.wikidata.org/prop/direct/P131,http://www.wikidata.org/entity/Q29927
http://www.wikidata.org/entity/Q30242288,http://www.wikidata.org/prop/direct/P625,Point(11.404684207 55.225303825)
http://www.wikidata.org/entity/Q30242288,http://www.wikidata.org/prop/direct/P1435,http://www.wikidata.org/entity/Q12312385
http://www.wikidata.org/entity/Q30242288,http://www.wikidata.org/prop/direct/P3596,190350
http://www.wikidata.org/entity/Q30242306,http://www.wikidata.org/prop/direct/P17,http://www.wikidata.org/entity/Q35
http://www.wikidata.org/entity/Q30242306,http://www.wikidata.org/prop/direct/P31,http://www.wikidata.org/entity/Q1371047
http://www.wikidata.org/entity/Q30242306,http://www.wikidata.org/prop/direct/P131,http://www.wikidata.org/entity/Q505000
http://www.wikidata.org/entity/Q30242306,http://www.wikidata.org/prop/direct/P625,Point(12.106626841 55.247267416)
http://www.wikidata.org/entity/Q30242306,http://www.wikidata.org/prop/direct/P1435,http://www.wikidata.org/entity/Q12312385
http://www.wikidata.org/entity/Q30242306,http://www.wikidata.org/prop/direct/P3596,190363
http://www.wikidata.org/entity/Q30242327,http://www.wikidata.org/prop/direct/P17,http://www.wikidata.org/entity/Q35
http://www.wikidata.org/entity/Q30242327,http://www.wikidata.org/prop/direct/P31,http://www.wikidata.org/entity/Q1371047
http://www.wikidata.org/entity/Q30242327,http://www.wikidata.org/prop/direct/P131,http://www.wikidata.org/entity/Q27976
http://www.wikidata.org/entity/Q30242327,http://www.wikidata.org/prop/direct/P625,Point(10.249871216 55.174871208)
http://www.wikidata.org/entity/Q30242327,http://www.wikidata.org/prop/direct/P1435,http://www.wikidata.org/entity/Q12312385
http://www.wikidata.org/entity/Q30242327,http://www.wikidata.org/prop/direct/P3596,190380
http://www.wikidata.org/entity/Q30242327,http://www.wikidata.org/prop/direct/P11693,9037484008
http://www.wikidata.org/entity/Q30242950,http://www.wikidata.org/prop/direct/P17,http://www.wikidata.org/entity/Q35
http://www.wikidata.org/entity/Q30242950,http://www.wikidata.org/prop/direct/P31,http://www.wikidata.org/entity/Q1371047
http://www.wikidata.org/entity/Q30242950,http://www.wikidata.org/prop/direct/P131,http://www.wikidata.org/entity/Q505151
http://www.wikidata.org/entity/Q122114442,http://www.wikidata.org/prop/direct/P373,"Church Well, Aughatubbrid or Chatsworth"
http://www.wikidata.org/entity/Q122114442,http://www.wikidata.org/prop/direct/P625,Point(-7.1820207 52.8730601)
http://www.wikidata.org/entity/Q122114442,http://www.wikidata.org/prop/direct/P708,http://www.wikidata.org/entity/Q873607
http://www.wikidata.org/entity/Q122114442,http://www.wikidata.org/prop/direct/P1343,http://www.wikidata.org/entity/Q116166792
http://www.wikidata.org/entity/Q122114442,http://www.wikidata.org/prop/direct/P1343,http://www.wikidata.org/entity/Q120966194
http://www.wikidata.org/entity/Q122114442,http://www.wikidata.org/prop/direct/P1343,http://www.wikidata.org/entity/Q126374601
http://www.wikidata.org/entity/Q122114442,http://www.wikidata.org/prop/direct/P1343,http://www.wikidata.org/entity/Q126393245
http://www.wikidata.org/entity/Q122114442,http://www.wikidata.org/prop/direct/P1343,http://www.wikidata.org/entity/Q126540348
http://www.wikidata.org/entity/Q122114442,http://www.wikidata.org/prop/direct/P1343,http://www.wikidata.org/entity/Q126555558
http://www.wikidata.org/entity/Q122114442,http://www.wikidata.org/prop/direct/P1343,http://www.wikidata.org/entity/Q126875543
http://www.wikidata.org/entity/Q122114442,http://www.wikidata.org/prop/direct/P1343,http://www.wikidata.org/entity/Q127869275
http://www.wikidata.org/entity/Q122114442,http://www.wikidata.org/prop/direct/P1343,http://www.wikidata.org/entity/Q129333352
http://www.wikidata.org/entity/Q122114442,http://www.wikidata.org/prop/direct/P1343,http://www.wikidata.org/entity/Q130284129
http://www.wikidata.org/entity/Q122114442,http://www.wikidata.org/prop/direct/P1343,http://www.wikidata.org/entity/Q130308814
http://www.wikidata.org/entity/Q122114442,http://www.wikidata.org/prop/direct/P1343,http://www.wikidata.org/entity/Q132817615
http://www.wikidata.org/entity/Q122114442,http://www.wikidata.org/prop/direct/P2186,IE-KK-0247
http://www.wikidata.org/entity/Q122114442,http://www.wikidata.org/prop/direct/P4057,KK002-001003-
http://www.wikidata.org/entity/Q122114442,http://www.wikidata.org/prop/direct/P11693,11123956952
http://www.wikidata.org/entity/Q122169828,http://www.wikidata.org/prop/direct/P17,http://www.wikidata.org/entity/Q27
http://www.wikidata.org/entity/Q122169828,http://www.wikidata.org/prop/direct/P18,http://commons.wikimedia.org/wiki/Special:FilePath/Toberpatrick%20Mountnugent%20Lower%2001.jpg
http://www.wikidata.org/entity/Q122169828,http://www.wikidata.org/prop/direct/P31,http://www.wikidata.org/entity/Q43483
http://www.wikidata.org/entity/Q122169828,http://www.wikidata.org/prop/direct/P31,http://www.wikidata.org/entity/Q1371047
http://www.wikidata.org/entity/Q122169828,http://www.wikidata.org/prop/direct/P31,http://www.wikidata.org/entity/Q126443332
http://www.wikidata.org/entity/Q122169828,http://www.wikidata.org/prop/direct/P131,http://www.wikidata.org/entity/Q180231
http://www.wikidata.org/entity/Q122169828,http://www.wikidata.org/prop/direct/P131,http://www.wikidata.org/entity/Q60556356
http://www.wikidata.org/entity/Q122169828,http://www.wikidata.org/prop/direct/P131,http://www.wikidata.org/entity/Q104265875
http://www.wikidata.org/entity/Q122169828,http://www.wikidata.org/prop/direct/P138,http://www.wikidata.org/entity/Q165479
http://www.wikidata.org/entity/Q122169828,http://www.wikidata.org/prop/direct/P195,http://www.wikidata.org/entity/Q126875543
http://www.wikidata.org/entity/Q122169828,http://www.wikidata.org/prop/direct/P195,http://www.wikidata.org/entity/Q132817615
http://www.wikidata.org/entity/Q122169828,http://www.wikidata.org/prop/direct/P217,138
http://www.wikidata.org/entity/Q122169828,http://www.wikidata.org/prop/direct/P217,KHW083
http://www.wikidata.org/entity/Q122169828,http://www.wikidata.org/prop/direct/P373,"Toberpatrick, Mountnugent Lower"
http://www.wikidata.org/entity/Q122169828,http://www.wikidata.org/prop/direct/P625,Point(-7.1628414 52.7059608)
http://www.wikidata.org/entity/Q122169828,http://www.wikidata.org/prop/direct/P708,http://www.wikidata.org/entity/Q873607
http://www.wikidata.org/entity/Q122169828,http://www.wikidata.org/prop/direct/P1343,http://www.wikidata.org/entity/Q120966194
http://www.wikidata.org/entity/Q122169828,http://www.wikidata.org/prop/direct/P1343,http://www.wikidata.org/entity/Q126374601
http://www.wikidata.org/entity/Q122169828,http://www.wikidata.org/prop/direct/P1343,http://www.wikidata.org/entity/Q126528008
http://www.wikidata.org/entity/Q122169828,http://www.wikidata.org/prop/direct/P1343,http://www.wikidata.org/entity/Q126540348
http://www.wikidata.org/entity/Q122169828,http://www.wikidata.org/prop/direct/P1343,http://www.wikidata.org/entity/Q126871352
http://www.wikidata.org/entity/Q122169828,http://www.wikidata.org/prop/direct/P1343,http://www.wikidata.org/entity/Q126875543
http://www.wikidata.org/entity/Q122169828,http://www.wikidata.org/prop/direct/P1343,http://www.wikidata.org/entity/Q129918417
http://www.wikidata.org/entity/Q122169828,http://www.wikidata.org/prop/direct/P1343,http://www.wikidata.org/entity/Q130284129
http://www.wikidata.org/entity/Q122169828,http://www.wikidata.org/prop/direct/P1343,http://www.wikidata.org/entity/Q132817615
http://www.wikidata.org/entity/Q122169828,http://www.wikidata.org/prop/direct/P2186,IE-KK-0257
http://www.wikidata.org/entity/Q122169828,http://www.wikidata.org/prop/direct/P4057,KK015-012----
http://www.wikidata.org/entity/Q122169828,http://www.wikidata.org/prop/direct/P11693,8512189885
http://www.wikidata.org/entity/Q17674164,http://www.wikidata.org/prop/direct/P7959,http://www.wikidata.org/entity/Q67393660
http://www.wikidata.org/entity/Q17674164,http://www.wikidata.org/prop/direct/P12485,101309152
http://www.wikidata.org/entity/Q17674466,http://www.wikidata.org/prop/direct/P17,http://www.wikidata.org/entity/Q145
http://www.wikidata.org/entity/Q17674466,http://www.wikidata.org/prop/direct/P31,http://www.wikidata.org/entity/Q1371047
http://www.wikidata.org/entity/Q17674466,http://www.wikidata.org/prop/direct/P131,http://www.wikidata.org/entity/Q22338575
http://www.wikidata.org/entity/Q17674466,http://www.wikidata.org/prop/direct/P613,SW9278445101
http://www.wikidata.org/entity/Q17674466,http://www.wikidata.org/prop/direct/P625,Point(-4.90915 50.2694)
http://www.wikidata.org/entity/Q17674466,http://www.wikidata.org/prop/direct/P1216,1020892
http://www.wikidata.org/entity/Q17674466,http://www.wikidata.org/prop/direct/P1435,http://www.wikidata.org/entity/Q219538
http://www.wikidata.org/entity/Q17674466,http://www.wikidata.org/prop/direct/P7959,http://www.wikidata.org/entity/Q23148
http://www.wikidata.org/entity/Q17676166,http://www.wikidata.org/prop/direct/P17,http://www.wikidata.org/entity/Q145
http://www.wikidata.org/entity/Q17676166,http://www.wikidata.org/prop/direct/P18,http://commons.wikimedia.org/wiki/Special:FilePath/Saint%20Clether%27s%20well%20chapel%20Geograph-3809738-by-Chris-Gunns.jpg
http://www.wikidata.org/entity/Q17676166,http://www.wikidata.org/prop/direct/P31,http://www.wikidata.org/entity/Q108325
http://www.wikidata.org/entity/Q17676166,http://www.wikidata.org/prop/direct/P31,http://www.wikidata.org/entity/Q1371047
http://www.wikidata.org/entity/Q17676166,http://www.wikidata.org/prop/direct/P131,http://www.wikidata.org/entity/Q7592847
http://www.wikidata.org/entity/Q17676166,http://www.wikidata.org/prop/direct/P373,"St Clether's Chapel and Holy Well, St Clether"
http://www.wikidata.org/entity/Q17676166,http://www.wikidata.org/prop/direct/P527,http://www.wikidata.org/entity/Q17531929
http://www.wikidata.org/entity/Q17676166,http://www.wikidata.org/prop/direct/P527,http://www.wikidata.org/entity/Q17531954
http://www.wikidata.org/entity/Q17676166,http://www.wikidata.org/prop/direct/P613,SX2022684591
http://www.wikidata.org/entity/Q17676166,http://www.wikidata.org/prop/direct/P625,Point(-4.54345 50.6332)
http://www.wikidata.org/entity/Q17676166,http://www.wikidata.org/prop/direct/P1216,1018492
http://www.wikidata.org/entity/Q17676166,http://www.wikidata.org/prop/direct/P1435,http://www.wikidata.org/entity/Q219538
http://www.wikidata.org/entity/Q17676166,http://www.wikidata.org/prop/direct/P5775,http://commons.wikimedia.org/wiki/Special:FilePath/Saint%20Clether%27s%20well%20chapel%20-%20geograph.org.uk%20-%203809731.jpg
http://www.wikidata.org/entity/Q17676166,http://www.wikidata.org/prop/direct/P7938,http://www.wikidata.org/entity/Q1032559
http://www.wikidata.org/entity/Q17676166,http://www.wikidata.org/prop/direct/P7959,http://www.wikidata.org/entity/Q23148
http://www.wikidata.org/entity/Q17676525,http://www.wikidata.org/prop/direct/P17,http://www.wikidata.org/entity/Q145
http://www.wikidata.org/entity/Q17676525,http://www.wikidata.org/prop/direct/P31,http://www.wikidata.org/entity/Q1371047
http://www.wikidata.org/entity/Q17676525,http://www.wikidata.org/prop/direct/P131,http://www.wikidata.org/entity/Q673523
http://www.wikidata.org/entity/Q17676525,http://www.wikidata.org/prop/direct/P613,SS3170623522
http://www.wikidata.org/entity/Q17676525,http://www.wikidata.org/prop/direct/P625,Point(-4.39913 50.9864)
http://www.wikidata.org/entity/Q17676525,http://www.wikidata.org/prop/direct/P1216,1018521
http://www.wikidata.org/entity/Q17676525,http://www.wikidata.org/prop/direct/P1435,http://www.wikidata.org/entity/Q219538
http://www.wikidata.org/entity/Q17676525,http://www.wikidata.org/prop/direct/P7959,http://www.wikidata.org/entity/Q67393660
http://www.wikidata.org/entity/Q126474774,http://www.wikidata.org/prop/direct/P276,http://www.wikidata.org/entity/Q4160459
http://www.wikidata.org/entity/Q126474774,http://www.wikidata.org/prop/direct/P373,"St John's Well, Johnswell"
http://www.wikidata.org/entity/Q126474774,http://www.wikidata.org/prop/direct/P625,Point(-7.169588 52.7028688)
http://www.wikidata.org/entity/Q126474774,http://www.wikidata.org/prop/direct/P708,http://www.wikidata.org/entity/Q873607
http://www.wikidata.org/entity/Q126474774,http://www.wikidata.org/prop/direct/P841,http://www.wikidata.org/entity/Q2668
http://www.wikidata.org/entity/Q126474774,http://www.wikidata.org/prop/direct/P973,https://irelandsholywells.blogspot.com/2012/05/saint-john-baptists-well-johnswell.html
http://www.wikidata.org/entity/Q126474774,http://www.wikidata.org/prop/direct/P973,https://kilkennyobserver.ie/kilkennys-holy-wells/
http://www.wikidata.org/entity/Q126474774,http://www.wikidata.org/prop/direct/P1325,https://sketchfab.com/3d-models/johnswell-johns-well-interior-541578dcb8f144abafe2f6495a89de5b
http://www.wikidata.org/entity/Q126474774,http://www.wikidata.org/prop/direct/P1343,http://www.wikidata.org/entity/Q129918417
http://www.wikidata.org/entity/Q126474774,http://www.wikidata.org/prop/direct/P2186,IE-KK-0179
http://www.wikidata.org/entity/Q126474774,http://www.wikidata.org/prop/direct/P4057,KK015-009----
http://www.wikidata.org/entity/Q126474774,http://www.wikidata.org/prop/direct/P4088,12401507
http://www.wikidata.org/entity/Q126474774,http://www.wikidata.org/prop/direct/P7959,http://www.wikidata.org/entity/Q180231
http://www.wikidata.org/entity/Q126474774,http://www.wikidata.org/prop/direct/P11693,8567014803
http://www.wikidata.org/entity/Q126475983,http://www.wikidata.org/prop/direct/P17,http://www.wikidata.org/entity/Q27
http://www.wikidata.org/entity/Q126475983,http://www.wikidata.org/prop/direct/P18,http://commons.wikimedia.org/wiki/Special:FilePath/Spa%20well%20at%20Castlecomer%20golf%20course.jpg
http://www.wikidata.org/entity/Q126475983,http://www.wikidata.org/prop/direct/P31,http://www.wikidata.org/entity/Q124714
http://www.wikidata.org/entity/Q126475983,http://www.wikidata.org/prop/direct/P31,http://www.wikidata.org/entity/Q1371047
http://www.wikidata.org/entity/Q126475983,http://www.wikidata.org/prop/direct/P31,http://www.wikidata.org/entity/Q126443332
http://www.wikidata.org/entity/Q126475983,http://www.wikidata.org/prop/direct/P131,http://www.wikidata.org/entity/Q180231
http://www.wikidata.org/entity/Q126475983,http://www.wikidata.org/prop/direct/P131,http://www.wikidata.org/entity/Q60553710
http://www.wikidata.org/entity/Q126475983,http://www.wikidata.org/prop/direct/P131,http://www.wikidata.org/entity/Q104265736
http://www.wikidata.org/entity/Q126475983,http://www.wikidata.org/prop/direct/P373,"Spa Well, Drumgoole"
http://www.wikidata.org/entity/Q126475983,http://www.wikidata.org/prop/direct/P625,Point(-7.1991669 52.8047061)
http://www.wikidata.org/entity/Q126475983,http://www.wikidata.org/prop/direct/P708,http://www.wikidata.org/entity/Q873607
http://www.wikidata.org/entity/Q126475983,http://www.wikidata.org/prop/direct/P1343,http://www.wikidata.org/entity/Q126374601
http://www.wikidata.org/entity/Q126475983,http://www.wikidata.org/prop/direct/P1343,http://www.wikidata.org/entity/Q126540348
http://www.wikidata.org/entity/Q126475983,http://www.wikidata.org/prop/direct/P1343,http://www.wikidata.org/entity/Q129333352
http://www.wikidata.org/entity/Q126475983,http://www.wikidata.org/prop/direct/P1343,http://www.wikidata.org/entity/Q130284129
http://www.wikidata.org/entity/Q126475983,http://www.wikidata.org/prop/direct/P11693,11136170590
http://www.wikidata.org/entity/Q122258994,http://www.wikidata.org/prop/direct/P17,http://www.wikidata.org/entity/Q27
http://www.wikidata.org/entity/Q122258994,http://www.wikidata.org/prop/direct/P18,http://commons.wikimedia.org/wiki/Special:FilePath/Saint%20Scoheen%27s%20Well.jpg
http://www.wikidata.org/entity/Q122258994,http://www.wikidata.org/prop/direct/P31,http://www.wikidata.org/entity/Q1371047
http://www.wikidata.org/entity/Q122258994,http://www.wikidata.org/prop/direct/P31,http://www.wikidata.org/entity/Q126443332
http://www.wikidata.org/entity/Q122258994,http://www.wikidata.org/prop/direct/P131,http://www.wikidata.org/entity/Q180231
http://www.wikidata.org/entity/Q122258994,http://www.wikidata.org/prop/direct/P131,http://www.wikidata.org/entity/Q16891442
http://www.wikidata.org/entity/Q122258994,http://www.wikidata.org/prop/direct/P131,http://www.wikidata.org/entity/Q16901766
http://www.wikidata.org/entity/Q122258994,http://www.wikidata.org/prop/direct/P138,http://www.wikidata.org/entity/Q16933730
http://www.wikidata.org/entity/Q122258994,http://www.wikidata.org/prop/direct/P195,http://www.wikidata.org/entity/Q126875543
http://www.wikidata.org/entity/Q122258994,http://www.wikidata.org/prop/direct/P195,http://www.wikidata.org/entity/Q132817615
http://www.wikidata.org/entity/Q122258994,http://www.wikidata.org/prop/direct/P217,73
http://www.wikidata.org/entity/Q122258994,http://www.wikidata.org/prop/direct/P217,KHW084
http://www.wikidata.org/entity/Q122258994,http://www.wikidata.org/prop/direct/P373,Saint Scoheen's Well
http://www.wikidata.org/entity/Q122258994,http://www.wikidata.org/prop/direct/P625,Point(-7.1177989 52.6823464)
http://www.wikidata.org/entity/Q122258994,http://www.wikidata.org/prop/direct/P708,http://www.wikidata.org/entity/Q873607
http://www.wikidata.org/entity/Q122258994,http://www.wikidata.org/prop/direct/P1325,https://sketchfab.com/3d-models/freneystown-st-scoheens-well-87d7dc5886b94f68b930108cb7d6bee1
http://www.wikidata.org/entity/Q122258994,http://www.wikidata.org/prop/direct/P1343,http://www.wikidata.org/entity/Q120966194
http://www.wikidata.org/entity/Q122258994,http://www.wikidata.org/prop/direct/P1343,http://www.wikidata.org/entity/Q126374601
http://www.wikidata.org/entity/Q122258994,http://www.wikidata.org/prop/direct/P1343,http://www.wikidata.org/entity/Q126454465
http://www.wikidata.org/entity/Q122258994,http://www.wikidata.org/prop/direct/P1343,http://www.wikidata.org/entity/Q126474972
http://www.wikidata.org/entity/Q122258994,http://www.wikidata.org/prop/direct/P1343,http://www.wikidata.org/entity/Q126528008
http://www.wikidata.org/entity/Q122258994,http://www.wikidata.org/prop/direct/P1343,http://www.wikidata.org/entity/Q126540348
http://www.wikidata.org/entity/Q122258994,http://www.wikidata.org/prop/direct/P1343,http://www.wikidata.org/entity/Q126871352
http://www.wikidata.org/entity/Q122258994,http://www.wikidata.org/prop/direct/P1343,http://www.wikidata.org/entity/Q126875543
http://www.wikidata.org/entity/Q122258994,http://www.wikidata.org/prop/direct/P1343,http://www.wikidata.org/entity/Q130284129
http://www.wikidata.org/entity/Q122258994,http://www.wikidata.org/prop/direct/P1343,http://www.wikidata.org/entity/Q130308814
http://www.wikidata.org/entity/Q122258994,http://www.wikidata.org/prop/direct/P1343,http://www.wikidata.org/entity/Q132817615
http://www.wikidata.org/entity/Q122258994,http://www.wikidata.org/prop/direct/P2186,IE-KK-0315
http://www.wikidata.org/entity/Q122258994,http://www.wikidata.org/prop/direct/P4057,KK015-030006-
http://www.wikidata.org/entity/Q122258994,http://www.wikidata.org/prop/direct/P11693,7117539440
http://www.wikidata.org/entity/Q122302328,http://www.wikidata.org/prop/direct/P17,http://www.wikidata.org/entity/Q27
http://www.wikidata.org/entity/Q122302328,http://www.wikidata.org/prop/direct/P31,http://www.wikidata.org/entity/Q43483
http://www.wikidata.org/entity/Q122302328,http://www.wikidata.org/prop/direct/P31,http://www.wikidata.org/entity/Q1371047
http://www.wikidata.org/entity/Q122302328,http://www.wikidata.org/prop/direct/P31,http://www.wikidata.org/entity/Q126443332
http://www.wikidata.org/entity/Q122302328,http://www.wikidata.org/prop/direct/P131,http://www.wikidata.org/entity/Q180231
http://www.wikidata.org/entity/Q122302328,http://www.wikidata.org/prop/direct/P131,http://www.wikidata.org/entity/Q60557241
http://www.wikidata.org/entity/Q122302328,http://www.wikidata.org/prop/direct/P138,http://www.wikidata.org/entity/Q345
http://www.wikidata.org/entity/Q122302328,http://www.wikidata.org/prop/direct/P195,http://www.wikidata.org/entity/Q126875543
http://www.wikidata.org/entity/Q122302328,http://www.wikidata.org/prop/direct/P195,http://www.wikidata.org/entity/Q132817615
http://www.wikidata.org/entity/Q122302328,http://www.wikidata.org/prop/direct/P217,183
http://www.wikidata.org/entity/Q122302328,http://www.wikidata.org/prop/direct/P217,KHW002
http://www.wikidata.org/entity/Q122302328,http://www.wikidata.org/prop/direct/P625,Point(-7.3914627 52.373694)
http://www.wikidata.org/entity/Q122302328,http://www.wikidata.org/prop/direct/P708,http://www.wikidata.org/entity/Q873607
http://www.wikidata.org/entity/Q126918993,http://www.wikidata.org/prop/direct/P131,http://www.wikidata.org/entity/Q180231
http://www.wikidata.org/entity/Q126918993,http://www.wikidata.org/prop/direct/P131,http://www.wikidata.org/entity/Q60552531
http://www.wikidata.org/entity/Q126918993,http://www.wikidata.org/prop/direct/P131,http://www.wikidata.org/entity/Q104265569
http://www.wikidata.org/entity/Q126918993,http://www.wikidata.org/prop/direct/P138,http://www.wikidata.org/entity/Q2151232
http://www.wikidata.org/entity/Q126918993,http://www.wikidata.org/prop/direct/P195,http://www.wikidata.org/entity/Q126875543
http://www.wikidata.org/entity/Q126918993,http://www.wikidata.org/prop/direct/P195,http://www.wikidata.org/entity/Q132817615
http://www.wikidata.org/entity/Q126918993,http://www.wikidata.org/prop/direct/P217,107
http://www.wikidata.org/entity/Q126918993,http://www.wikidata.org/prop/direct/P217,KHW2-19
http://www.wikidata.org/entity/Q126918993,http://www.wikidata.org/prop/direct/P373,Kilkeasy Holy Well
http://www.wikidata.org/entity/Q126918993,http://www.wikidata.org/prop/direct/P625,Point(-7.2246427 52.4410735)
http://www.wikidata.org/entity/Q126918993,http://www.wikidata.org/prop/direct/P625,Point(-7.224659265 52.441104263)
http://www.wikidata.org/entity/Q126918993,http://www.wikidata.org/prop/direct/P1325,https://sketchfab.com/3d-models/kilkeasy-holy-well-67a39daeb3c54539a8ab314ecb29f367
http://www.wikidata.org/entity/Q126918993,http://www.wikidata.org/prop/direct/P1343,http://www.wikidata.org/entity/Q126393245
http://www.wikidata.org/entity/Q126918993,http://www.wikidata.org/prop/direct/P1343,http://www.wikidata.org/entity/Q126875543
http://www.wikidata.org/entity/Q126918993,http://www.wikidata.org/prop/direct/P1343,http://www.wikidata.org/entity/Q132817615
http://www.wikidata.org/entity/Q126918993,http://www.wikidata.org/prop/direct/P11693,12015630647
http://www.wikidata.org/entity/Q126919152,http://www.wikidata.org/prop/direct/P17,http://www.wikidata.org/entity/Q27
http://www.wikidata.org/entity/Q126919152,http://www.wikidata.org/prop/direct/P31,http://www.wikidata.org/entity/Q1371047
http://www.wikidata.org/entity/Q126919152,http://www.wikidata.org/prop/direct/P31,http://www.wikidata.org/entity/Q126443332
http://www.wikidata.org/entity/Q126919152,http://www.wikidata.org/prop/direct/P131,http://www.wikidata.org/entity/Q180231
http://www.wikidata.org/entity/Q126919152,http://www.wikidata.org/prop/direct/P131,http://www.wikidata.org/entity/Q60554507
http://www.wikidata.org/entity/Q126919152,http://www.wikidata.org/prop/direct/P131,http://www.wikidata.org/entity/Q104266318
http://www.wikidata.org/entity/Q126919152,http://www.wikidata.org/prop/direct/P138,http://www.wikidata.org/entity/Q2280421
http://www.wikidata.org/entity/Q126919152,http://www.wikidata.org/prop/direct/P195,http://www.wikidata.org/entity/Q126875543
http://www.wikidata.org/entity/Q126919152,http://www.wikidata.org/prop/direct/P195,http://www.wikidata.org/entity/Q132817615
http://www.wikidata.org/entity/Q126919152,http://www.wikidata.org/prop/direct/P217,109
http://www.wikidata.org/entity/Q126919152,http://www.wikidata.org/prop/direct/P217,KHW139
http://www.wikidata.org/entity/Q126919152,http://www.wikidata.org/prop/direct/P625,Point(-7.0451819 52.5149676)
http://www.wikidata.org/entity/Q126919152,http://www.wikidata.org/prop/direct/P1343,http://www.wikidata.org/entity/Q126456421
http://www.wikidata.org/entity/Q126919152,http://www.wikidata.org/prop/direct/P1343,http://www.wikidata.org/entity/Q126875543
http://www.wikidata.org/entity/Q126919152,http://www.wikidata.org/prop/direct/P1343,http://www.wikidata.org/entity/Q132817615
http://www.wikidata.org/entity/Q126919152,http://www.wikidata.org/prop/direct/P4057,KK029-040----
http://www.wikidata.org/entity/Q126919152,http://www.wikidata.org/prop/direct/P11693,12015634751
http://www.wikidata.org/entity/Q126919273,http://www.wikidata.org/prop/direct/P17,http://www.wikidata.org/entity/Q27
http://www.wikidata.org/entity/Q126919273,http://www.wikidata.org/prop/direct/P31,http://www.wikidata.org/entity/Q124714
http://www.wikidata.org/entity/Q126919273,http://www.wikidata.org/prop/direct/P31,http://www.wikidata.org/entity/Q1371047
http://www.wikidata.org/entity/Q126919273,http://www.wikidata.org/prop/direct/P31,http://www.wikidata.org/entity/Q126443332
http://www.wikidata.org/entity/Q126919273,http://www.wikidata.org/prop/direct/P131,http://www.wikidata.org/entity/Q180231
http://www.wikidata.org/entity/Q126919273,http://www.wikidata.org/prop/direct/P131,http://www.wikidata.org/entity/Q104264804
http://www.wikidata.org/entity/Q126919273,http://www.wikidata.org/prop/direct/P138,http://www.wikidata.org/entity/Q548320
http://www.wikidata.org/entity/Q126919273,http://www.wikidata.org/prop/direct/P195,http://www.wikidata.org/entity/Q126875543
http://www.wikidata.org/entity/Q126919273,http://www.wikidata.org/prop/direct/P195,http://www.wikidata.org/entity/Q132817615
http://www.wikidata.org/entity/Q122304728,http://www.wikidata.org/prop/direct/P17,http://www.wikidata.org/entity/Q27
http://www.wikidata.org/entity/Q122304728,http://www.wikidata.org/prop/direct/P31,http://www.wikidata.org/entity/Q1371047
http://www.wikidata.org/entity/Q122304728,http://www.wikidata.org/prop/direct/P31,http://www.wikidata.org/entity/Q126443332
http://www.wikidata.org/entity/Q122304728,http://www.wikidata.org/prop/direct/P131,http://www.wikidata.org/entity/Q180231
http://www.wikidata.org/entity/Q122304728,http://www.wikidata.org/prop/direct/P131,http://www.wikidata.org/entity/Q60556298
http://www.wikidata.org/entity/Q122304728,http://www.wikidata.org/prop/direct/P138,http://www.wikidata.org/entity/Q10884
http://www.wikidata.org/entity/Q122304728,http://www.wikidata.org/prop/direct/P195,http://www.wikidata.org/entity/Q126875543
http://www.wikidata.org/entity/Q122304728,http://www.wikidata.org/prop/direct/P195,http://www.wikidata.org/entity/Q132817615
http://www.wikidata.org/entity/Q122304728,http://www.wikidata.org/prop/direct/P217,83
http://www.wikidata.org/entity/Q122304728,http://www.wikidata.org/prop/direct/P217,KHW075
http://www.wikidata.org/entity/Q122304728,http://www.wikidata.org/prop/direct/P625,Point(-6.9935724 52.5918795)
http://www.wikidata.org/entity/Q122304728,http://www.wikidata.org/prop/direct/P708,http://www.wikidata.org/entity/Q873607
http://www.wikidata.org/entity/Q122304728,http://www.wikidata.org/prop/direct/P1343,http://www.wikidata.org/entity/Q120966194
http://www.wikidata.org/entity/Q122304728,http://www.wikidata.org/prop/direct/P1343,http://www.wikidata.org/entity/Q126374601
http://www.wikidata.org/entity/Q122304728,http://www.wikidata.org/prop/direct/P1343,http://www.wikidata.org/entity/Q126528008
http://www.wikidata.org/entity/Q122304728,http://www.wikidata.org/prop/direct/P1343,http://www.wikidata.org/entity/Q126540348
http://www.wikidata.org/entity/Q122304728,http://www.wikidata.org/prop/direct/P1343,http://www.wikidata.org/entity/Q126555558
http://www.wikidata.org/entity/Q122304728,http://www.wikidata.org/prop/direct/P1343,http://www.wikidata.org/entity/Q126871352
http://www.wikidata.org/entity/Q122304728,http://www.wikidata.org/prop/direct/P1343,http://www.wikidata.org/entity/Q126875543
http://www.wikidata.org/entity/Q122304728,http://www.wikidata.org/prop/direct/P1343,http://www.wikidata.org/entity/Q130284129
http://www.wikidata.org/entity/Q122304728,http://www.wikidata.org/prop/direct/P1343,http://www.wikidata.org/entity/Q132817615
http://www.wikidata.org/entity/Q122304728,http://www.wikidata.org/prop/direct/P2186,IE-KK-0323
http://www.wikidata.org/entity/Q122304728,http://www.wikidata.org/prop/direct/P4057,KK025-021----
http://www.wikidata.org/entity/Q122304728,http://www.wikidata.org/prop/direct/P11693,9560932446
http://www.wikidata.org/entity/Q122306022,http://www.wikidata.org/prop/direct/P17,http://www.wikidata.org/entity/Q27
http://www.wikidata.org/entity/Q122306022,http://www.wikidata.org/prop/direct/P31,http://www.wikidata.org/entity/Q1371047
http://www.wikidata.org/entity/Q122306022,http://www.wikidata.org/prop/direct/P31,http://www.wikidata.org/entity/Q126443332
http://www.wikidata.org/entity/Q122306022,http://www.wikidata.org/prop/direct/P131,http://www.wikidata.org/entity/Q180231
http://www.wikidata.org/entity/Q122306022,http://www.wikidata.org/prop/direct/P131,http://www.wikidata.org/entity/Q60555010
http://www.wikidata.org/entity/Q122306022,http://www.wikidata.org/prop/direct/P131,http://www.wikidata.org/entity/Q104264685
http://www.wikidata.org/entity/Q122306022,http://www.wikidata.org/prop/direct/P138,http://www.wikidata.org/entity/Q7401926
http://www.wikidata.org/entity/Q122306022,http://www.wikidata.org/prop/direct/P195,http://www.wikidata.org/entity/Q126875543
http://www.wikidata.org/entity/Q122306022,http://www.wikidata.org/prop/direct/P195,http://www.wikidata.org/entity/Q132817615
http://www.wikidata.org/entity/Q122306022,http://www.wikidata.org/prop/direct/P217,131
http://www.wikidata.org/entity/Q122306022,http://www.wikidata.org/prop/direct/P217,KHW066
http://www.wikidata.org/entity/Q122306022,http://www.wikidata.org/prop/direct/P625,Point(-7.41438 52.5837967)
http://www.wikidata.org/entity/Q122306022,http://www.wikidata.org/prop/direct/P708,http://www.wikidata.org/entity/Q873607
http://www.wikidata.org/entity/Q122306022,http://www.wikidata.org/prop/direct/P1343,http://www.wikidata.org/entity/Q120966194
http://www.wikidata.org/entity/Q122306022,http://www.wikidata.org/prop/direct/P1343,http://www.wikidata.org/entity/Q126374601
http://www.wikidata.org/entity/Q122306022,http://www.wikidata.org/prop/direct/P1343,http://www.wikidata.org/entity/Q126393245
http://www.wikidata.org/entity/Q122306022,http://www.wikidata.org/prop/direct/P1343,http://www.wikidata.org/entity/Q126454465
http://www.wikidata.org/entity/Q122306022,http://www.wikidata.org/prop/direct/P1343,http://www.wikidata.org/entity/Q126473056
http://www.wikidata.org/entity/Q122306022,http://www.wikidata.org/prop/direct/P1343,http://www.wikidata.org/entity/Q126474972
http://www.wikidata.org/entity/Q122306022,http://www.wikidata.org/prop/direct/P1343,http://www.wikidata.org/entity/Q126528008
http://www.wikidata.org/entity/Q122306022,http://www.wikidata.org/prop/direct/P1343,http://www.wikidata.org/entity/Q126540348
http://www.wikidata.org/entity/Q122306022,http://www.wikidata.org/prop/direct/P1343,http://www.wikidata.org/entity/Q126875543
http://www.wikidata.org/entity/Q122306022,http://www.wikidata.org/prop/direct/P1343,http://www.wikidata.org/entity/Q130284129
http://www.wikidata.org/entity/Q122306022,http://www.wikidata.org/prop/direct/P1343,http://www.wikidata.org/entity/Q130308814
http://www.wikidata.org/entity/Q122306022,http://www.wikidata.org/prop/direct/P1343,http://www.wikidata.org/entity/Q130386655
http://www.wikidata.org/entity/Q122306022,http://www.wikidata.org/prop/direct/P1343,http://www.wikidata.org/entity/Q130458689
http://www.wikidata.org/entity/Q122306022,http://www.wikidata.org/prop/direct/P1343,http://www.wikidata.org/entity/Q132817615
http://www.wikidata.org/entity/Q122306022,http://www.wikidata.org/prop/direct/P2186,IE-KK-0324
http://www.wikidata.org/entity/Q122306022,http://www.wikidata.org/prop/direct/P4057,KK022-017001-
http://www.wikidata.org/entity/Q122306022,http://www.wikidata.org/prop/direct/P11693,11124626340
http://www.wikidata.org/entity/Q122306366,http://www.wikidata.org/prop/direct/P17,http://www.wikidata.org/entity/Q27
http://www.wikidata.org/entity/Q122306366,http://www.wikidata.org/prop/direct/P31,http://www.wikidata.org/entity/Q1371047
http://www.wikidata.org/entity/Q122306366,http://www.wikidata.org/prop/direct/P31,http://www.wikidata.org/entity/Q126443332
http://www.wikidata.org/entity/Q122306366,http://www.wikidata.org/prop/direct/P131,http://www.wikidata.org/entity/Q180231
http://www.wikidata.org/entity/Q122306366,http://www.wikidata.org/prop/direct/P131,http://www.wikidata.org/entity/Q60557179
http://www.wikidata.org/entity/Q122306366,http://www.wikidata.org/prop/direct/P131,http://www.wikidata.org/entity/Q104264600
http://www.wikidata.org/entity/Q122306366,http://www.wikidata.org/prop/direct/P138,http://www.wikidata.org/entity/Q345
http://www.wikidata.org/entity/Q122306366,http://www.wikidata.org/prop/direct/P195,http://www.wikidata.org/entity/Q126875543
http://www.wikidata.org/entity/Q122306366,http://www.wikidata.org/prop/direct/P195,http://www.wikidata.org/entity/Q132817615
http://www.wikidata.org/entity/Q122306366,http://www.wikidata.org/prop/direct/P217,180
http://www.wikidata.org/entity/Q122306366,http://www.wikidata.org/prop/direct/P217,KHW085
http://www.wikidata.org/entity/Q122306366,http://www.wikidata.org/prop/direct/P625,Point(-7.4339556 52.6592494)
http://www.wikidata.org/entity/Q122306366,http://www.wikidata.org/prop/direct/P708,http://www.wikidata.org/entity/Q873607
http://www.wikidata.org/entity/Q122306366,http://www.wikidata.org/prop/direct/P1343,http://www.wikidata.org/entity/Q120966194
http://www.wikidata.org/entity/Q122306366,http://www.wikidata.org/prop/direct/P1343,http://www.wikidata.org/entity/Q126374601
http://www.wikidata.org/entity/Q122306366,http://www.wikidata.org/prop/direct/P1343,http://www.wikidata.org/entity/Q126393245
http://www.wikidata.org/entity/Q122306366,http://www.wikidata.org/prop/direct/P1343,http://www.wikidata.org/entity/Q126454465
http://www.wikidata.org/entity/Q122306366,http://www.wikidata.org/prop/direct/P1343,http://www.wikidata.org/entity/Q126474972
http://www.wikidata.org/entity/Q122306366,http://www.wikidata.org/prop/direct/P1343,http://www.wikidata.org/entity/Q126528008
http://www.wikidata.org/entity/Q122306366,http://www.wikidata.org/prop/direct/P1343,http://www.wikidata.org/entity/Q126540348
http://www.wikidata.org/entity/Q122306366,http://www.wikidata.org/prop/direct/P1343,http://www.wikidata.org/entity/Q126875543
http://www.wikidata.org/entity/Q122306366,http://www.wikidata.org/prop/direct/P1343,http://www.wikidata.org/entity/Q129086114
http://www.wikidata.org/entity/Q122306366,http://www.wikidata.org/prop/direct/P1343,http://www.wikidata.org/entity/Q130284129
http://www.wikidata.org/entity/Q122306366,http://www.wikidata.org/prop/direct/P1343,http://www.wikidata.org/entity/Q130308814
http://www.wikidata.org/entity/Q126476470,http://www.wikidata.org/prop/direct/P17,http://www.wikidata.org/entity/Q27
http://www.wikidata.org/entity/Q126476470,http://www.wikidata.org/prop/direct/P31,http://www.wikidata.org/entity/Q1371047
http://www.wikidata.org/entity/Q126476470,http://www.wikidata.org/prop/direct/P31,http://www.wikidata.org/entity/Q126443332
http://www.wikidata.org/entity/Q126476470,http://www.wikidata.org/prop/direct/P131,http://www.wikidata.org/entity/Q180231
http://www.wikidata.org/entity/Q126476470,http://www.wikidata.org/prop/direct/P131,http://www.wikidata.org/entity/Q60556421
http://www.wikidata.org/entity/Q126476470,http://www.wikidata.org/prop/direct/P131,http://www.wikidata.org/entity/Q104266239
http://www.wikidata.org/entity/Q126476470,http://www.wikidata.org/prop/direct/P138,http://www.wikidata.org/entity/Q345
http://www.wikidata.org/entity/Q126476470,http://www.wikidata.org/prop/direct/P195,http://www.wikidata.org/entity/Q126875543
http://www.wikidata.org/entity/Q126476470,http://www.wikidata.org/prop/direct/P195,http://www.wikidata.org/entity/Q132817615
http://www.wikidata.org/entity/Q126476470,http://www.wikidata.org/prop/direct/P217,124
http://www.wikidata.org/entity/Q126476470,http://www.wikidata.org/prop/direct/P217,KHW026
http://www.wikidata.org/entity/Q126476470,http://www.wikidata.org/prop/direct/P625,Point(-7.0740663 52.2757005)
http://www.wikidata.org/entity/Q126476470,http://www.wikidata.org/prop/direct/P708,http://www.wikidata.org/entity/Q873607
http://www.wikidata.org/entity/Q126476470,http://www.wikidata.org/prop/direct/P1343,http://www.wikidata.org/entity/Q120966194
http://www.wikidata.org/entity/Q126476470,http://www.wikidata.org/prop/direct/P1343,http://www.wikidata.org/entity/Q126374601
http://www.wikidata.org/entity/Q126476470,http://www.wikidata.org/prop/direct/P1343,http://www.wikidata.org/entity/Q126393245
http://www.wikidata.org/entity/Q126476470,http://www.wikidata.org/prop/direct/P1343,http://www.wikidata.org/entity/Q126456421
http://www.wikidata.org/entity/Q126476470,http://www.wikidata.org/prop/direct/P1343,http://www.wikidata.org/entity/Q126474972
http://www.wikidata.org/entity/Q126476470,http://www.wikidata.org/prop/direct/P1343,http://www.wikidata.org/entity/Q126528008
http://www.wikidata.org/entity/Q126476470,http://www.wikidata.org/prop/direct/P1343,http://www.wikidata.org/entity/Q126540348
http://www.wikidata.org/entity/Q126476470,http://www.wikidata.org/prop/direct/P1343,http://www.wikidata.org/entity/Q126555558
http://www.wikidata.org/entity/Q126476470,http://www.wikidata.org/prop/direct/P1343,http://www.wikidata.org/entity/Q126875543
http://www.wikidata.org/entity/Q126476470,http://www.wikidata.org/prop/direct/P1343,http://www.wikidata.org/entity/Q130138050
http://www.wikidata.org/entity/Q126476470,http://www.wikidata.org/prop/direct/P1343,http://www.wikidata.org/entity/Q130284129
http://www.wikidata.org/entity/Q126476470,http://www.wikidata.org/prop/direct/P1343,http://www.wikidata.org/entity/Q130386158
http://www.wikidata.org/entity/Q126476470,http://www.wikidata.org/prop/direct/P1343,http://www.wikidata.org/entity/Q132817615
http://www.wikidata.org/entity/Q126476470,http://www.wikidata.org/prop/direct/P1343,http://www.wikidata.org/entity/Q133520241
http://www.wikidata.org/entity/Q126476470,http://www.wikidata.org/prop/direct/P4057,KK043-037001-
http://www.wikidata.org/entity/Q126476470,http://www.wikidata.org/prop/direct/P11693,5874254292
http://www.wikidata.org/entity/Q126476487,http://www.wikidata.org/prop/direct/P17,http://www.wikidata.org/entity/Q27
http://www.wikidata.org/entity/Q126476487,http://www.wikidata.org/prop/direct/P31,http://www.wikidata.org/entity/Q1371047
http://www.wikidata.org/entity/Q126476487,http://www.wikidata.org/prop/direct/P31,http://www.wikidata.org/entity/Q126443332
http://www.wikidata.org/entity/Q126476487,http://www.wikidata.org/prop/direct/P131,http://www.wikidata.org/entity/Q109092
http://www.wikidata.org/entity/Q126476487,http://www.wikidata.org/prop/direct/P131,http://www.wikidata.org/entity/Q180231
http://www.wikidata.org/entity/Q126476487,http://www.wikidata.org/prop/direct/P131,http://www.wikidata.org/entity/Q104265371
http://www.wikidata.org/entity/Q126476487,http://www.wikidata.org/prop/direct/P138,http://www.wikidata.org/entity/Q7386467
http://www.wikidata.org/entity/Q126476487,http://www.wikidata.org/prop/direct/P195,http://www.wikidata.org/entity/Q126875543
http://www.wikidata.org/entity/Q126476487,http://www.wikidata.org/prop/direct/P195,http://www.wikidata.org/entity/Q132817615
http://www.wikidata.org/entity/Q126476487,http://www.wikidata.org/prop/direct/P217,92
http://www.wikidata.org/entity/Q126476487,http://www.wikidata.org/prop/direct/P217,KHW110
http://www.wikidata.org/entity/Q122306366,http://www.wikidata.org/prop/direct/P1343,http://www.wikidata.org/entity/Q132817615
http://www.wikidata.org/entity/Q122306366,http://www.wikidata.org/prop/direct/P1343,http://www.wikidata.org/entity/Q133258128
http://www.wikidata.org/entity/Q122306366,http://www.wikidata.org/prop/direct/P2186,IE-KK-0325
http://www.wikidata.org/entity/Q122306366,http://www.wikidata.org/prop/direct/P4057,KK018-031----
http://www.wikidata.org/entity/Q122306366,http://www.wikidata.org/prop/direct/P11693,8515624782
http://www.wikidata.org/entity/Q122307282,http://www.wikidata.org/prop/direct/P17,http://www.wikidata.org/entity/Q27
http://www.wikidata.org/entity/Q122307282,http://www.wikidata.org/prop/direct/P18,http://commons.wikimedia.org/wiki/Special:FilePath/Angel%27s%20Well%20near%20the%20Black%20Abbey.jpg
http://www.wikidata.org/entity/Q122307282,http://www.wikidata.org/prop/direct/P31,http://www.wikidata.org/entity/Q1371047
http://www.wikidata.org/entity/Q122307282,http://www.wikidata.org/prop/direct/P31,http://www.wikidata.org/entity/Q105889895
http://www.wikidata.org/entity/Q122307282,http://www.wikidata.org/prop/direct/P31,http://www.wikidata.org/entity/Q126443332
http://www.wikidata.org/entity/Q122307282,http://www.wikidata.org/prop/direct/P131,http://www.wikidata.org/entity/Q180231
http://www.wikidata.org/entity/Q122307282,http://www.wikidata.org/prop/direct/P131,http://www.wikidata.org/entity/Q60556627
http://www.wikidata.org/entity/Q122307282,http://www.wikidata.org/prop/direct/P138,http://www.wikidata.org/entity/Q45581
http://www.wikidata.org/entity/Q122307282,http://www.wikidata.org/prop/direct/P195,http://www.wikidata.org/entity/Q126875543
http://www.wikidata.org/entity/Q122307282,http://www.wikidata.org/prop/direct/P195,http://www.wikidata.org/entity/Q132817615
http://www.wikidata.org/entity/Q122307282,http://www.wikidata.org/prop/direct/P217,74
http://www.wikidata.org/entity/Q122307282,http://www.wikidata.org/prop/direct/P217,KHW108
http://www.wikidata.org/entity/Q122307282,http://www.wikidata.org/prop/direct/P373,"Angel's Well, Kilkenny"
http://www.wikidata.org/entity/Q122307282,http://www.wikidata.org/prop/direct/P625,Point(-7.2569636 52.6542782)
http://www.wikidata.org/entity/Q122307282,http://www.wikidata.org/prop/direct/P708,http://www.wikidata.org/entity/Q873607
http://www.wikidata.org/entity/Q122307282,http://www.wikidata.org/prop/direct/P973,https://irelandsholywells.blogspot.com/2013/02/angels-well-black-abbey-kilkenny.html
http://www.wikidata.org/entity/Q122307282,http://www.wikidata.org/prop/direct/P973,https://kilkennyarchaeologicalsociety.ie/reputed-holy-wells-of-the-city-of-kilkenny/
http://www.wikidata.org/entity/Q122307282,http://www.wikidata.org/prop/direct/P1343,http://www.wikidata.org/entity/Q120966194
http://www.wikidata.org/entity/Q122307282,http://www.wikidata.org/prop/direct/P1343,http://www.wikidata.org/entity/Q126393245
http://www.wikidata.org/entity/Q122307282,http://www.wikidata.org/prop/direct/P1343,http://www.wikidata.org/entity/Q126875543
http://www.wikidata.org/entity/Q122307282,http://www.wikidata.org/prop/direct/P1343,http://www.wikidata.org/entity/Q127278616
http://www.wikidata.org/entity/Q122307282,http://www.wikidata.org/prop/direct/P1343,http://www.wikidata.org/entity/Q127524368
http://www.wikidata.org/entity/Q122307282,http://www.wikidata.org/prop/direct/P1343,http://www.wikidata.org/entity/Q127619817
http://www.wikidata.org/entity/Q122307282,http://www.wikidata.org/prop/direct/P1343,http://www.wikidata.org/entity/Q130308814
http://www.wikidata.org/entity/Q122307282,http://www.wikidata.org/prop/direct/P1343,http://www.wikidata.org/entity/Q130362725
http://www.wikidata.org/entity/Q122307282,http://www.wikidata.org/prop/direct/P1343,http://www.wikidata.org/entity/Q130471945
http://www.wikidata.org/entity/Q122307282,http://www.wikidata.org/prop/direct/P1343,http://www.wikidata.org/entity/Q132817615
http://www.wikidata.org/entity/Q122307282,http://www.wikidata.org/prop/direct/P1343,http://www.wikidata.org/entity/Q133575033
http://www.wikidata.org/entity/Q122307282,http://www.wikidata.org/prop/direct/P2186,IE-KK-0326
http://www.wikidata.org/entity/Q122307282,http://www.wikidata.org/prop/direct/P4057,KK019-026022-
http://www.wikidata.org/entity/Q122307282,http://www.wikidata.org/prop/direct/P11693,5343898433
http://www.wikidata.org/entity/Q135428482,http://www.wikidata.org/prop/direct/P17,http://www.wikidata.org/entity/Q43
http://www.wikidata.org/entity/Q135428482,http://www.wikidata.org/prop/direct/P31,http://www.wikidata.org/entity/Q1371047
http://www.wikidata.org/entity/Q135428482,http://www.wikidata.org/prop/direct/P131,http://www.wikidata.org/entity/Q197095
http://www.wikidata.org/entity/Q135428482,http://www.wikidata.org/prop/direct/P625,Point(28.9178333 40.9945335)
http://www.wikidata.org/entity/Q135428482,http://www.wikidata.org/prop/direct/P706,http://www.wikidata.org/entity/Q155583
http://www.wikidata.org/entity/Q135428482,http://www.wikidata.org/prop/direct/P11729,272273
http://www.wikidata.org/entity/Q135428483,http://www.wikidata.org/prop/direct/P17,http://www.wikidata.org/entity/Q43
http://www.wikidata.org/entity/Q135428483,http://www.wikidata.org/prop/direct/P31,http://www.wikidata.org/entity/Q1371047
http://www.wikidata.org/entity/Q135428483,http://www.wikidata.org/prop/direct/P131,http://www.wikidata.org/entity/Q732923
http://www.wikidata.org/entity/Q135428483,http://www.wikidata.org/prop/direct/P625,Point(28.924528539 41.000384487)
http://www.wikidata.org/entity/Q135428483,http://www.wikidata.org/prop/direct/P706,http://www.wikidata.org/entity/Q155583
http://www.wikidata.org/entity/Q135428483,http://www.wikidata.org/prop/direct/P11729,271307
http://www.wikidata.org/entity/Q135428484,http://www.wikidata.org/prop/direct/P17,http://www.wikidata.org/entity/Q43
http://www.wikidata.org/entity/Q135428484,http://www.wikidata.org/prop/direct/P31,http://www.wikidata.org/entity/Q1371047
http://www.wikidata.org/entity/Q135428484,http://www.wikidata.org/prop/direct/P131,http://www.wikidata.org/entity/Q732923
http://www.wikidata.org/entity/Q135428484,http://www.wikidata.org/prop/direct/P625,Point(28.9330692 41.0020218)
http://www.wikidata.org/entity/Q135428484,http://www.wikidata.org/prop/direct/P706,http://www.wikidata.org/entity/Q155583
http://www.wikidata.org/entity/Q135428484,http://www.wikidata.org/prop/direct/P11729,258586
http://www.wikidata.org/entity/Q135428485,http://www.wikidata.org/prop/direct/P17,http://www.wikidata.org/entity/Q43
http://www.wikidata.org/entity/Q135428485,http://www.wikidata.org/prop/direct/P31,http://www.wikidata.org/entity/Q1371047
http://www.wikidata.org/entity/Q135428485,http://www.wikidata.org/prop/direct/P131,http://www.wikidata.org/entity/Q732923
http://www.wikidata.org/entity/Q135428485,http://www.wikidata.org/prop/direct/P625,Point(28.9320869 41.0005608)
http://www.wikidata.org/entity/Q135428485,http://www.wikidata.org/prop/direct/P706,http://www.wikidata.org/entity/Q155583
http://www.wikidata.org/entity/Q135428485,http://www.wikidata.org/prop/direct/P11729,258583
http://www.wikidata.org/entity/Q135428486,http://www.wikidata.org/prop/direct/P17,http://www.wikidata.org/entity/Q43
http://www.wikidata.org/entity/Q135428486,http://www.wikidata.org/prop/direct/P31,http://www.wikidata.org/entity/Q1371047
http://www.wikidata.org/entity/Q135428486,http://www.wikidata.org/prop/direct/P131,http://www.wikidata.org/entity/Q732923
http://www.wikidata.org/entity/Q135428486,http://www.wikidata.org/prop/direct/P625,Point(28.9334278 41.0007515)
http://www.wikidata.org/entity/Q135428486,http://www.wikidata.org/prop/direct/P706,http://www.wikidata.org/entity/Q155583
http://www.wikidata.org/entity/Q135428486,http://www.wikidata.org/prop/direct/P11729,258580
http://www.wikidata.org/entity/Q126458702,http://www.wikidata.org/prop/direct/P1343,http://www.wikidata.org/entity/Q126540348
http://www.wikidata.org/entity/Q126458702,http://www.wikidata.org/prop/direct/P1343,http://www.wikidata.org/entity/Q126555558
http://www.wikidata.org/entity/Q126458702,http://www.wikidata.org/prop/direct/P1343,http://www.wikidata.org/entity/Q126871352
http://www.wikidata.org/entity/Q126458702,http://www.wikidata.org/prop/direct/P1343,http://www.wikidata.org/entity/Q126875543
http://www.wikidata.org/entity/Q126458702,http://www.wikidata.org/prop/direct/P1343,http://www.wikidata.org/entity/Q130245242
http://www.wikidata.org/entity/Q126458702,http://www.wikidata.org/prop/direct/P1343,http://www.wikidata.org/entity/Q130284129
http://www.wikidata.org/entity/Q126458702,http://www.wikidata.org/prop/direct/P1343,http://www.wikidata.org/entity/Q132817615
http://www.wikidata.org/entity/Q126458702,http://www.wikidata.org/prop/direct/P1343,http://www.wikidata.org/entity/Q133861840
http://www.wikidata.org/entity/Q126458702,http://www.wikidata.org/prop/direct/P4057,KK030-008007-
http://www.wikidata.org/entity/Q126458702,http://www.wikidata.org/prop/direct/P11693,6167966637
http://www.wikidata.org/entity/Q126459109,http://www.wikidata.org/prop/direct/P17,http://www.wikidata.org/entity/Q27
http://www.wikidata.org/entity/Q126459109,http://www.wikidata.org/prop/direct/P31,http://www.wikidata.org/entity/Q43483
http://www.wikidata.org/entity/Q126459109,http://www.wikidata.org/prop/direct/P31,http://www.wikidata.org/entity/Q1371047
http://www.wikidata.org/entity/Q126459109,http://www.wikidata.org/prop/direct/P31,http://www.wikidata.org/entity/Q126443332
http://www.wikidata.org/entity/Q126459109,http://www.wikidata.org/prop/direct/P131,http://www.wikidata.org/entity/Q180231
http://www.wikidata.org/entity/Q126459109,http://www.wikidata.org/prop/direct/P131,http://www.wikidata.org/entity/Q60555011
http://www.wikidata.org/entity/Q126459109,http://www.wikidata.org/prop/direct/P131,http://www.wikidata.org/entity/Q104264678
http://www.wikidata.org/entity/Q126459109,http://www.wikidata.org/prop/direct/P138,http://www.wikidata.org/entity/Q13147
http://www.wikidata.org/entity/Q126459109,http://www.wikidata.org/prop/direct/P138,http://www.wikidata.org/entity/Q1723890
http://www.wikidata.org/entity/Q126459109,http://www.wikidata.org/prop/direct/P195,http://www.wikidata.org/entity/Q126875543
http://www.wikidata.org/entity/Q126459109,http://www.wikidata.org/prop/direct/P195,http://www.wikidata.org/entity/Q132817615
http://www.wikidata.org/entity/Q126459109,http://www.wikidata.org/prop/direct/P217,126
http://www.wikidata.org/entity/Q126459109,http://www.wikidata.org/prop/direct/P217,KHW012
http://www.wikidata.org/entity/Q126459109,http://www.wikidata.org/prop/direct/P625,Point(-7.408839 52.4410859)
http://www.wikidata.org/entity/Q126459109,http://www.wikidata.org/prop/direct/P708,http://www.wikidata.org/entity/Q873607
http://www.wikidata.org/entity/Q126459109,http://www.wikidata.org/prop/direct/P1343,http://www.wikidata.org/entity/Q120966194
http://www.wikidata.org/entity/Q126459109,http://www.wikidata.org/prop/direct/P1343,http://www.wikidata.org/entity/Q126374601
http://www.wikidata.org/entity/Q126459109,http://www.wikidata.org/prop/direct/P1343,http://www.wikidata.org/entity/Q126528008
http://www.wikidata.org/entity/Q126459109,http://www.wikidata.org/prop/direct/P1343,http://www.wikidata.org/entity/Q126555558
http://www.wikidata.org/entity/Q126459109,http://www.wikidata.org/prop/direct/P1343,http://www.wikidata.org/entity/Q126871352
http://www.wikidata.org/entity/Q126459109,http://www.wikidata.org/prop/direct/P1343,http://www.wikidata.org/entity/Q126875543
http://www.wikidata.org/entity/Q126459109,http://www.wikidata.org/prop/direct/P1343,http://www.wikidata.org/entity/Q130245242
http://www.wikidata.org/entity/Q126459109,http://www.wikidata.org/prop/direct/P1343,http://www.wikidata.org/entity/Q130284129
http://www.wikidata.org/entity/Q126459109,http://www.wikidata.org/prop/direct/P1343,http://www.wikidata.org/entity/Q132817615
http://www.wikidata.org/entity/Q126459109,http://www.wikidata.org/prop/direct/P4057,KK034-003----
http://www.wikidata.org/entity/Q126459109,http://www.wikidata.org/prop/direct/P11693,8278980341
http://www.wikidata.org/entity/Q126474583,http://www.wikidata.org/prop/direct/P17,http://www.wikidata.org/entity/Q27
http://www.wikidata.org/entity/Q126474583,http://www.wikidata.org/prop/direct/P18,http://commons.wikimedia.org/wiki/Special:FilePath/St%20catherine%27s%20Well%20site.png
http://www.wikidata.org/entity/Q126474583,http://www.wikidata.org/prop/direct/P31,http://www.wikidata.org/entity/Q1371047
http://www.wikidata.org/entity/Q126474583,http://www.wikidata.org/prop/direct/P31,http://www.wikidata.org/entity/Q126443332
http://www.wikidata.org/entity/Q126474583,http://www.wikidata.org/prop/direct/P131,http://www.wikidata.org/entity/Q180231
http://www.wikidata.org/entity/Q126474583,http://www.wikidata.org/prop/direct/P131,http://www.wikidata.org/entity/Q60556343
http://www.wikidata.org/entity/Q126474583,http://www.wikidata.org/prop/direct/P131,http://www.wikidata.org/entity/Q104264941
http://www.wikidata.org/entity/Q126474583,http://www.wikidata.org/prop/direct/P138,http://www.wikidata.org/entity/Q179718
http://www.wikidata.org/entity/Q126474583,http://www.wikidata.org/prop/direct/P195,http://www.wikidata.org/entity/Q126875543
http://www.wikidata.org/entity/Q126474583,http://www.wikidata.org/prop/direct/P195,http://www.wikidata.org/entity/Q132817615
http://www.wikidata.org/entity/Q126474583,http://www.wikidata.org/prop/direct/P217,153
http://www.wikidata.org/entity/Q126474583,http://www.wikidata.org/prop/direct/P217,KHW105
http://www.wikidata.org/entity/Q126474583,http://www.wikidata.org/prop/direct/P373,"St. Catherine's Well, Rathbeagh"
http://www.wikidata.org/entity/Q126474583,http://www.wikidata.org/prop/direct/P625,Point(-7.3454855 52.7536764)
http://www.wikidata.org/entity/Q126474583,http://www.wikidata.org/prop/direct/P708,http://www.wikidata.org/entity/Q873607
http://www.wikidata.org/entity/Q126474583,http://www.wikidata.org/prop/direct/P841,http://www.wikidata.org/entity/Q2665
http://www.wikidata.org/entity/Q126474583,http://www.wikidata.org/prop/direct/P973,https://kilkennygraveyards.blogspot.com/2019/01/rathbeagh-parish-of-lisdowneycounty.html
http://www.wikidata.org/entity/Q126474583,http://www.wikidata.org/prop/direct/P1343,http://www.wikidata.org/entity/Q64077931
http://www.wikidata.org/entity/Q126474583,http://www.wikidata.org/prop/direct/P1343,http://www.wikidata.org/entity/Q116166792
http://www.wikidata.org/entity/Q126474583,http://www.wikidata.org/prop/direct/P1343,http://www.wikidata.org/entity/Q120966194
http://www.wikidata.org/entity/Q126474583,http://www.wikidata.org/prop/direct/P1343,http://www.wikidata.org/entity/Q126374601
http://www.wikidata.org/entity/Q126474583,http://www.wikidata.org/prop/direct/P1343,http://www.wikidata.org/entity/Q126474972
http://www.wikidata.org/entity/Q126474583,http://www.wikidata.org/prop/direct/P1343,http://www.wikidata.org/entity/Q126528008
http://www.wikidata.org/entity/Q126474583,http://www.wikidata.org/prop/direct/P1343,http://www.wikidata.org/entity/Q126540348
http://www.wikidata.org/entity/Q126474583,http://www.wikidata.org/prop/direct/P1343,http://www.wikidata.org/entity/Q126555558
http://www.wikidata.org/entity/Q126474583,http://www.wikidata.org/prop/direct/P1343,http://www.wikidata.org/entity/Q126875543
http://www.wikidata.org/entity/Q126474583,http://www.wikidata.org/prop/direct/P1343,http://www.wikidata.org/entity/Q129571698
http://www.wikidata.org/entity/Q126474583,http://www.wikidata.org/prop/direct/P1343,http://www.wikidata.org/entity/Q130284129
http://www.wikidata.org/entity/Q126474583,http://www.wikidata.org/prop/direct/P1343,http://www.wikidata.org/entity/Q130308814
http://www.wikidata.org/entity/Q126474583,http://www.wikidata.org/prop/direct/P1343,http://www.wikidata.org/entity/Q132817615
http://www.wikidata.org/entity/Q126474583,http://www.wikidata.org/prop/direct/P4057,KK009-049----
http://www.wikidata.org/entity/Q126474583,http://www.wikidata.org/prop/direct/P11693,8514900868
http://www.wikidata.org/entity/Q126474774,http://www.wikidata.org/prop/direct/P17,http://www.wikidata.org/entity/Q27
http://www.wikidata.org/entity/Q126474774,http://www.wikidata.org/prop/direct/P18,http://commons.wikimedia.org/wiki/Special:FilePath/Johnswell%20-%20St%20John%27s%20Well%20-%2020230901144641.jpg
http://www.wikidata.org/entity/Q126474774,http://www.wikidata.org/prop/direct/P31,http://www.wikidata.org/entity/Q1371047
http://www.wikidata.org/entity/Q126474774,http://www.wikidata.org/prop/direct/P31,http://www.wikidata.org/entity/Q126443332
http://www.wikidata.org/entity/Q126474774,http://www.wikidata.org/prop/direct/P110,http://www.wikidata.org/entity/Q56986634
http://www.wikidata.org/entity/Q126474774,http://www.wikidata.org/prop/direct/P131,http://www.wikidata.org/entity/Q180231
http://www.wikidata.org/entity/Q126474774,http://www.wikidata.org/prop/direct/P131,http://www.wikidata.org/entity/Q60556356
http://www.wikidata.org/entity/Q126474774,http://www.wikidata.org/prop/direct/P131,http://www.wikidata.org/entity/Q104265878
http://www.wikidata.org/entity/Q126474774,http://www.wikidata.org/prop/direct/P138,http://www.wikidata.org/entity/Q40662
http://www.wikidata.org/entity/Q126474774,http://www.wikidata.org/prop/direct/P195,http://www.wikidata.org/entity/Q126875543
http://www.wikidata.org/entity/Q126474774,http://www.wikidata.org/prop/direct/P195,http://www.wikidata.org/entity/Q132817615
http://www.wikidata.org/entity/Q126474774,http://www.wikidata.org/prop/direct/P217,94
http://www.wikidata.org/entity/Q126474774,http://www.wikidata.org/prop/direct/P217,KHW082
http://www.wikidata.org/entity/Q126473306,http://www.wikidata.org/prop/direct/P17,http://www.wikidata.org/entity/Q27
http://www.wikidata.org/entity/Q126473306,http://www.wikidata.org/prop/direct/P31,http://www.wikidata.org/entity/Q1371047
http://www.wikidata.org/entity/Q126473306,http://www.wikidata.org/prop/direct/P31,http://www.wikidata.org/entity/Q126443332
http://www.wikidata.org/entity/Q126473306,http://www.wikidata.org/prop/direct/P131,http://www.wikidata.org/entity/Q180231
http://www.wikidata.org/entity/Q126473306,http://www.wikidata.org/prop/direct/P131,http://www.wikidata.org/entity/Q60556298
http://www.wikidata.org/entity/Q126473306,http://www.wikidata.org/prop/direct/P131,http://www.wikidata.org/entity/Q104264338
http://www.wikidata.org/entity/Q126473306,http://www.wikidata.org/prop/direct/P138,http://www.wikidata.org/entity/Q953927
http://www.wikidata.org/entity/Q126473306,http://www.wikidata.org/prop/direct/P195,http://www.wikidata.org/entity/Q126875543
http://www.wikidata.org/entity/Q126473306,http://www.wikidata.org/prop/direct/P195,http://www.wikidata.org/entity/Q132817615
http://www.wikidata.org/entity/Q126473306,http://www.wikidata.org/prop/direct/P217,6
http://www.wikidata.org/entity/Q126473306,http://www.wikidata.org/prop/direct/P217,KHW078
http://www.wikidata.org/entity/Q126473306,http://www.wikidata.org/prop/direct/P625,Point(-6.986868 52.579222)
http://www.wikidata.org/entity/Q126473306,http://www.wikidata.org/prop/direct/P708,http://www.wikidata.org/entity/Q873607
http://www.wikidata.org/entity/Q126473306,http://www.wikidata.org/prop/direct/P1343,http://www.wikidata.org/entity/Q120966194
http://www.wikidata.org/entity/Q126473306,http://www.wikidata.org/prop/direct/P1343,http://www.wikidata.org/entity/Q126473440
http://www.wikidata.org/entity/Q126473306,http://www.wikidata.org/prop/direct/P1343,http://www.wikidata.org/entity/Q126875543
http://www.wikidata.org/entity/Q126473306,http://www.wikidata.org/prop/direct/P1343,http://www.wikidata.org/entity/Q128234462
http://www.wikidata.org/entity/Q126473306,http://www.wikidata.org/prop/direct/P1343,http://www.wikidata.org/entity/Q130393656
http://www.wikidata.org/entity/Q126473306,http://www.wikidata.org/prop/direct/P1343,http://www.wikidata.org/entity/Q132817615
http://www.wikidata.org/entity/Q126473306,http://www.wikidata.org/prop/direct/P4057,KK025-035002-
http://www.wikidata.org/entity/Q126473306,http://www.wikidata.org/prop/direct/P11693,11126368482
http://www.wikidata.org/entity/Q126473935,http://www.wikidata.org/prop/direct/P17,http://www.wikidata.org/entity/Q27
http://www.wikidata.org/entity/Q126473935,http://www.wikidata.org/prop/direct/P31,http://www.wikidata.org/entity/Q1371047
http://www.wikidata.org/entity/Q126473935,http://www.wikidata.org/prop/direct/P31,http://www.wikidata.org/entity/Q126443332
http://www.wikidata.org/entity/Q126473935,http://www.wikidata.org/prop/direct/P131,http://www.wikidata.org/entity/Q180231
http://www.wikidata.org/entity/Q126473935,http://www.wikidata.org/prop/direct/P131,http://www.wikidata.org/entity/Q28224604
http://www.wikidata.org/entity/Q126473935,http://www.wikidata.org/prop/direct/P131,http://www.wikidata.org/entity/Q60556298
http://www.wikidata.org/entity/Q126473935,http://www.wikidata.org/prop/direct/P131,http://www.wikidata.org/entity/Q104266457
http://www.wikidata.org/entity/Q126473935,http://www.wikidata.org/prop/direct/P138,http://www.wikidata.org/entity/Q16970
http://www.wikidata.org/entity/Q126473935,http://www.wikidata.org/prop/direct/P195,http://www.wikidata.org/entity/Q126875543
http://www.wikidata.org/entity/Q126473935,http://www.wikidata.org/prop/direct/P195,http://www.wikidata.org/entity/Q132817615
http://www.wikidata.org/entity/Q126473935,http://www.wikidata.org/prop/direct/P217,149
http://www.wikidata.org/entity/Q126473935,http://www.wikidata.org/prop/direct/P217,KHW076
http://www.wikidata.org/entity/Q126473935,http://www.wikidata.org/prop/direct/P625,Point(-6.9785474 52.5958102)
http://www.wikidata.org/entity/Q126473935,http://www.wikidata.org/prop/direct/P708,http://www.wikidata.org/entity/Q873607
http://www.wikidata.org/entity/Q126473935,http://www.wikidata.org/prop/direct/P1343,http://www.wikidata.org/entity/Q120966194
http://www.wikidata.org/entity/Q126473935,http://www.wikidata.org/prop/direct/P1343,http://www.wikidata.org/entity/Q126374601
http://www.wikidata.org/entity/Q126473935,http://www.wikidata.org/prop/direct/P1343,http://www.wikidata.org/entity/Q126528008
http://www.wikidata.org/entity/Q126473935,http://www.wikidata.org/prop/direct/P1343,http://www.wikidata.org/entity/Q126540348
http://www.wikidata.org/entity/Q126473935,http://www.wikidata.org/prop/direct/P1343,http://www.wikidata.org/entity/Q126875543
http://www.wikidata.org/entity/Q126473935,http://www.wikidata.org/prop/direct/P1343,http://www.wikidata.org/entity/Q130284129
http://www.wikidata.org/entity/Q126473935,http://www.wikidata.org/prop/direct/P1343,http://www.wikidata.org/entity/Q132817615
http://www.wikidata.org/entity/Q126473935,http://www.wikidata.org/prop/direct/P4057,KK025-026----
http://www.wikidata.org/entity/Q126473935,http://www.wikidata.org/prop/direct/P11693,11126382864
http://www.wikidata.org/entity/Q32263869,http://www.wikidata.org/prop/direct/P2186,IE-WX-0016
http://www.wikidata.org/entity/Q32263869,http://www.wikidata.org/prop/direct/P4057,WX032-019002-
http://www.wikidata.org/entity/Q32263869,http://www.wikidata.org/prop/direct/P7959,http://www.wikidata.org/entity/Q184599
http://www.wikidata.org/entity/Q32263891,http://www.wikidata.org/prop/direct/P17,http://www.wikidata.org/entity/Q27
http://www.wikidata.org/entity/Q32263891,http://www.wikidata.org/prop/direct/P18,http://commons.wikimedia.org/wiki/Special:FilePath/County%20Wexford%20-%20St%20Brigids%20Well-Brideswell%20Big%20-%2020131027091819.jpg
http://www.wikidata.org/entity/Q32263891,http://www.wikidata.org/prop/direct/P31,http://www.wikidata.org/entity/Q1371047
http://www.wikidata.org/entity/Q32263891,http://www.wikidata.org/prop/direct/P131,http://www.wikidata.org/entity/Q104280119
http://www.wikidata.org/entity/Q32263891,http://www.wikidata.org/prop/direct/P625,Point(-6.445556 52.687222)
http://www.wikidata.org/entity/Q32263891,http://www.wikidata.org/prop/direct/P2186,IE-WX-0017
http://www.wikidata.org/entity/Q32263891,http://www.wikidata.org/prop/direct/P7959,http://www.wikidata.org/entity/Q184599
http://www.wikidata.org/entity/Q32786157,http://www.wikidata.org/prop/direct/P17,http://www.wikidata.org/entity/Q27
http://www.wikidata.org/entity/Q32786157,http://www.wikidata.org/prop/direct/P18,http://commons.wikimedia.org/wiki/Special:FilePath/St.%20Brigid%27s%20Well%20Cullion%20Westmeath.JPG
http://www.wikidata.org/entity/Q32786157,http://www.wikidata.org/prop/direct/P31,http://www.wikidata.org/entity/Q1371047
http://www.wikidata.org/entity/Q32786157,http://www.wikidata.org/prop/direct/P131,http://www.wikidata.org/entity/Q182633
http://www.wikidata.org/entity/Q32786157,http://www.wikidata.org/prop/direct/P625,Point(-7.352222 53.549444)
http://www.wikidata.org/entity/Q32786157,http://www.wikidata.org/prop/direct/P2186,IE-WH-0008
http://www.wikidata.org/entity/Q32786157,http://www.wikidata.org/prop/direct/P7959,http://www.wikidata.org/entity/Q182633
http://www.wikidata.org/entity/Q32786160,http://www.wikidata.org/prop/direct/P17,http://www.wikidata.org/entity/Q27
http://www.wikidata.org/entity/Q32786160,http://www.wikidata.org/prop/direct/P18,http://commons.wikimedia.org/wiki/Special:FilePath/St.%20Brigids%20Well%2C%20Killare%2C%20Co.%20Westmeath.JPG
http://www.wikidata.org/entity/Q32786160,http://www.wikidata.org/prop/direct/P31,http://www.wikidata.org/entity/Q1371047
http://www.wikidata.org/entity/Q32786160,http://www.wikidata.org/prop/direct/P131,http://www.wikidata.org/entity/Q182633
http://www.wikidata.org/entity/Q32786160,http://www.wikidata.org/prop/direct/P625,Point(-7.582778 53.485)
http://www.wikidata.org/entity/Q32786160,http://www.wikidata.org/prop/direct/P2186,IE-WH-0009
http://www.wikidata.org/entity/Q32786160,http://www.wikidata.org/prop/direct/P7959,http://www.wikidata.org/entity/Q182633
http://www.wikidata.org/entity/Q32824168,http://www.wikidata.org/prop/direct/P17,http://www.wikidata.org/entity/Q27
http://www.wikidata.org/entity/Q32824168,http://www.wikidata.org/prop/direct/P31,http://www.wikidata.org/entity/Q1371047
http://www.wikidata.org/entity/Q32824168,http://www.wikidata.org/prop/direct/P131,http://www.wikidata.org/entity/Q184594
http://www.wikidata.org/entity/Q32824168,http://www.wikidata.org/prop/direct/P625,Point(-7.540833 52.181667)
http://www.wikidata.org/entity/Q32824168,http://www.wikidata.org/prop/direct/P2186,IE-WD-0014
http://www.wikidata.org/entity/Q32824168,http://www.wikidata.org/prop/direct/P7959,http://www.wikidata.org/entity/Q184594
http://www.wikidata.org/entity/Q33093096,http://www.wikidata.org/prop/direct/P17,http://www.wikidata.org/entity/Q27
http://www.wikidata.org/entity/Q33093096,http://www.wikidata.org/prop/direct/P18,http://commons.wikimedia.org/wiki/Special:FilePath/St%20Attracta%27s%20Well.%20-%20geograph.org.uk%20-%20291822.jpg
http://www.wikidata.org/entity/Q33093096,http://www.wikidata.org/prop/direct/P31,http://www.wikidata.org/entity/Q1371047
http://www.wikidata.org/entity/Q33093096,http://www.wikidata.org/prop/direct/P131,http://www.wikidata.org/entity/Q179325
http://www.wikidata.org/entity/Q122303248,http://www.wikidata.org/prop/direct/P17,http://www.wikidata.org/entity/Q27
http://www.wikidata.org/entity/Q122303248,http://www.wikidata.org/prop/direct/P18,http://commons.wikimedia.org/wiki/Special:FilePath/Church%20Well%20with%20Church%20ruin.jpg
http://www.wikidata.org/entity/Q122303248,http://www.wikidata.org/prop/direct/P18,http://commons.wikimedia.org/wiki/Special:FilePath/Church%20Well%20in%20April.jpg
http://www.wikidata.org/entity/Q122303248,http://www.wikidata.org/prop/direct/P31,http://www.wikidata.org/entity/Q1371047
http://www.wikidata.org/entity/Q122303248,http://www.wikidata.org/prop/direct/P31,http://www.wikidata.org/entity/Q126443332
http://www.wikidata.org/entity/Q122303248,http://www.wikidata.org/prop/direct/P131,http://www.wikidata.org/entity/Q180231
http://www.wikidata.org/entity/Q122303248,http://www.wikidata.org/prop/direct/P131,http://www.wikidata.org/entity/Q60555011
http://www.wikidata.org/entity/Q122303248,http://www.wikidata.org/prop/direct/P131,http://www.wikidata.org/entity/Q104264555
http://www.wikidata.org/entity/Q122303248,http://www.wikidata.org/prop/direct/P138,http://www.wikidata.org/entity/Q16970
http://www.wikidata.org/entity/Q122303248,http://www.wikidata.org/prop/direct/P138,http://www.wikidata.org/entity/Q43999
http://www.wikidata.org/entity/Q122303248,http://www.wikidata.org/prop/direct/P195,http://www.wikidata.org/entity/Q126875543
http://www.wikidata.org/entity/Q122303248,http://www.wikidata.org/prop/direct/P195,http://www.wikidata.org/entity/Q132817615
http://www.wikidata.org/entity/Q122303248,http://www.wikidata.org/prop/direct/P217,143
http://www.wikidata.org/entity/Q122303248,http://www.wikidata.org/prop/direct/P217,KHW017
http://www.wikidata.org/entity/Q122303248,http://www.wikidata.org/prop/direct/P373,"Church Well, Oldcastle Lower"
http://www.wikidata.org/entity/Q122303248,http://www.wikidata.org/prop/direct/P625,Point(-7.4021043 52.4419089)
http://www.wikidata.org/entity/Q122303248,http://www.wikidata.org/prop/direct/P708,http://www.wikidata.org/entity/Q873607
http://www.wikidata.org/entity/Q122303248,http://www.wikidata.org/prop/direct/P973,http://www.traceyclann.com/files/Kiltrassy%20Kilkenny.htm
http://www.wikidata.org/entity/Q122303248,http://www.wikidata.org/prop/direct/P1325,https://sketchfab.com/3d-models/oldcastle-kiltrassy-holy-well-5af06c35320644ef88746ee2554f02fe
http://www.wikidata.org/entity/Q122303248,http://www.wikidata.org/prop/direct/P1343,http://www.wikidata.org/entity/Q120966194
http://www.wikidata.org/entity/Q122303248,http://www.wikidata.org/prop/direct/P1343,http://www.wikidata.org/entity/Q126374601
http://www.wikidata.org/entity/Q122303248,http://www.wikidata.org/prop/direct/P1343,http://www.wikidata.org/entity/Q126393245
http://www.wikidata.org/entity/Q122303248,http://www.wikidata.org/prop/direct/P1343,http://www.wikidata.org/entity/Q126456421
http://www.wikidata.org/entity/Q122303248,http://www.wikidata.org/prop/direct/P1343,http://www.wikidata.org/entity/Q126875543
http://www.wikidata.org/entity/Q122303248,http://www.wikidata.org/prop/direct/P1343,http://www.wikidata.org/entity/Q130245242
http://www.wikidata.org/entity/Q122303248,http://www.wikidata.org/prop/direct/P1343,http://www.wikidata.org/entity/Q130284129
http://www.wikidata.org/entity/Q122303248,http://www.wikidata.org/prop/direct/P1343,http://www.wikidata.org/entity/Q130308814
http://www.wikidata.org/entity/Q122303248,http://www.wikidata.org/prop/direct/P1343,http://www.wikidata.org/entity/Q132817615
http://www.wikidata.org/entity/Q122303248,http://www.wikidata.org/prop/direct/P2186,IE-KK-0320
http://www.wikidata.org/entity/Q122303248,http://www.wikidata.org/prop/direct/P4057,KK034-004003-
http://www.wikidata.org/entity/Q122303248,http://www.wikidata.org/prop/direct/P6375,Mrs. Davis's field in Mealoughmore
http://www.wikidata.org/entity/Q122303248,http://www.wikidata.org/prop/direct/P11693,8278980324
http://www.wikidata.org/entity/Q122303936,http://www.wikidata.org/prop/direct/P17,http://www.wikidata.org/entity/Q27
http://www.wikidata.org/entity/Q122303936,http://www.wikidata.org/prop/direct/P18,http://commons.wikimedia.org/wiki/Special:FilePath/Location%20of%20Saint%20Luke%27s%20Well.jpg
http://www.wikidata.org/entity/Q122303936,http://www.wikidata.org/prop/direct/P31,http://www.wikidata.org/entity/Q1371047
http://www.wikidata.org/entity/Q122303936,http://www.wikidata.org/prop/direct/P31,http://www.wikidata.org/entity/Q126443332
http://www.wikidata.org/entity/Q122303936,http://www.wikidata.org/prop/direct/P131,http://www.wikidata.org/entity/Q180231
http://www.wikidata.org/entity/Q122303936,http://www.wikidata.org/prop/direct/P131,http://www.wikidata.org/entity/Q60554958
http://www.wikidata.org/entity/Q122303936,http://www.wikidata.org/prop/direct/P138,http://www.wikidata.org/entity/Q4927045
http://www.wikidata.org/entity/Q122303936,http://www.wikidata.org/prop/direct/P195,http://www.wikidata.org/entity/Q126875543
http://www.wikidata.org/entity/Q122303936,http://www.wikidata.org/prop/direct/P195,http://www.wikidata.org/entity/Q132817615
http://www.wikidata.org/entity/Q122303936,http://www.wikidata.org/prop/direct/P217,127
http://www.wikidata.org/entity/Q122303936,http://www.wikidata.org/prop/direct/P217,KHW031
http://www.wikidata.org/entity/Q122309962,http://www.wikidata.org/prop/direct/P17,http://www.wikidata.org/entity/Q27
http://www.wikidata.org/entity/Q122309962,http://www.wikidata.org/prop/direct/P31,http://www.wikidata.org/entity/Q1371047
http://www.wikidata.org/entity/Q122309962,http://www.wikidata.org/prop/direct/P131,http://www.wikidata.org/entity/Q169923
http://www.wikidata.org/entity/Q122309962,http://www.wikidata.org/prop/direct/P625,Point(-8.4000953 53.3332055)
http://www.wikidata.org/entity/Q122309962,http://www.wikidata.org/prop/direct/P2186,IE-G-0423
http://www.wikidata.org/entity/Q122309962,http://www.wikidata.org/prop/direct/P4057,GA086-001002
http://www.wikidata.org/entity/Q122310018,http://www.wikidata.org/prop/direct/P17,http://www.wikidata.org/entity/Q27
http://www.wikidata.org/entity/Q122310018,http://www.wikidata.org/prop/direct/P31,http://www.wikidata.org/entity/Q1371047
http://www.wikidata.org/entity/Q122310018,http://www.wikidata.org/prop/direct/P131,http://www.wikidata.org/entity/Q183544
http://www.wikidata.org/entity/Q122310018,http://www.wikidata.org/prop/direct/P625,Point(-6.4485079 53.7028993)
http://www.wikidata.org/entity/Q122310018,http://www.wikidata.org/prop/direct/P2186,IE-MH-0176
http://www.wikidata.org/entity/Q122310018,http://www.wikidata.org/prop/direct/P4057,ME020-016003
http://www.wikidata.org/entity/Q122310124,http://www.wikidata.org/prop/direct/P17,http://www.wikidata.org/entity/Q27
http://www.wikidata.org/entity/Q122310124,http://www.wikidata.org/prop/direct/P31,http://www.wikidata.org/entity/Q1371047
http://www.wikidata.org/entity/Q122310124,http://www.wikidata.org/prop/direct/P131,http://www.wikidata.org/entity/Q183544
http://www.wikidata.org/entity/Q122310124,http://www.wikidata.org/prop/direct/P625,Point(-6.5432123 53.7172692)
http://www.wikidata.org/entity/Q122310124,http://www.wikidata.org/prop/direct/P2186,IE-MH-0177
http://www.wikidata.org/entity/Q122310124,http://www.wikidata.org/prop/direct/P4057,ME019-060018
http://www.wikidata.org/entity/Q122331680,http://www.wikidata.org/prop/direct/P17,http://www.wikidata.org/entity/Q27
http://www.wikidata.org/entity/Q122331680,http://www.wikidata.org/prop/direct/P31,http://www.wikidata.org/entity/Q1371047
http://www.wikidata.org/entity/Q122331680,http://www.wikidata.org/prop/direct/P131,http://www.wikidata.org/entity/Q184618
http://www.wikidata.org/entity/Q122331680,http://www.wikidata.org/prop/direct/P625,Point(-7.7796507 52.4465432)
http://www.wikidata.org/entity/Q122331680,http://www.wikidata.org/prop/direct/P2186,IE-TA-0356
http://www.wikidata.org/entity/Q122331680,http://www.wikidata.org/prop/direct/P4057,TS069-060002
http://www.wikidata.org/entity/Q122331692,http://www.wikidata.org/prop/direct/P17,http://www.wikidata.org/entity/Q27
http://www.wikidata.org/entity/Q122331692,http://www.wikidata.org/prop/direct/P31,http://www.wikidata.org/entity/Q1371047
http://www.wikidata.org/entity/Q122331692,http://www.wikidata.org/prop/direct/P131,http://www.wikidata.org/entity/Q184618
http://www.wikidata.org/entity/Q122331692,http://www.wikidata.org/prop/direct/P361,http://www.wikidata.org/entity/Q28195906
http://www.wikidata.org/entity/Q122331692,http://www.wikidata.org/prop/direct/P625,Point(-8.0747344 52.4096078)
http://www.wikidata.org/entity/Q122331692,http://www.wikidata.org/prop/direct/P2186,IE-TA-0357
http://www.wikidata.org/entity/Q122331692,http://www.wikidata.org/prop/direct/P4057,TS074-011
http://www.wikidata.org/entity/Q126472950,http://www.wikidata.org/prop/direct/P625,Point(-7.2321166 52.3893989)
http://www.wikidata.org/entity/Q126472950,http://www.wikidata.org/prop/direct/P708,http://www.wikidata.org/entity/Q873607
http://www.wikidata.org/entity/Q126472950,http://www.wikidata.org/prop/direct/P841,http://www.wikidata.org/entity/Q2927
http://www.wikidata.org/entity/Q126472950,http://www.wikidata.org/prop/direct/P1343,http://www.wikidata.org/entity/Q120966194
http://www.wikidata.org/entity/Q126472950,http://www.wikidata.org/prop/direct/P1343,http://www.wikidata.org/entity/Q126374601
http://www.wikidata.org/entity/Q126472950,http://www.wikidata.org/prop/direct/P1343,http://www.wikidata.org/entity/Q126456421
http://www.wikidata.org/entity/Q126472950,http://www.wikidata.org/prop/direct/P1343,http://www.wikidata.org/entity/Q126540348
http://www.wikidata.org/entity/Q126472950,http://www.wikidata.org/prop/direct/P1343,http://www.wikidata.org/entity/Q126555558
http://www.wikidata.org/entity/Q126472950,http://www.wikidata.org/prop/direct/P1343,http://www.wikidata.org/entity/Q126875543
http://www.wikidata.org/entity/Q126472950,http://www.wikidata.org/prop/direct/P1343,http://www.wikidata.org/entity/Q130223793
http://www.wikidata.org/entity/Q126472950,http://www.wikidata.org/prop/direct/P1343,http://www.wikidata.org/entity/Q130284129
http://www.wikidata.org/entity/Q126472950,http://www.wikidata.org/prop/direct/P1343,http://www.wikidata.org/entity/Q130308814
http://www.wikidata.org/entity/Q126472950,http://www.wikidata.org/prop/direct/P1343,http://www.wikidata.org/entity/Q132817615
http://www.wikidata.org/entity/Q126472950,http://www.wikidata.org/prop/direct/P1343,http://www.wikidata.org/entity/Q133263165
http://www.wikidata.org/entity/Q126472950,http://www.wikidata.org/prop/direct/P1343,http://www.wikidata.org/entity/Q133385130
http://www.wikidata.org/entity/Q126472950,http://www.wikidata.org/prop/direct/P2175,http://www.wikidata.org/entity/Q12204
http://www.wikidata.org/entity/Q126472950,http://www.wikidata.org/prop/direct/P2175,http://www.wikidata.org/entity/Q35805
http://www.wikidata.org/entity/Q126472950,http://www.wikidata.org/prop/direct/P4057,KK039-010----
http://www.wikidata.org/entity/Q126472950,http://www.wikidata.org/prop/direct/P6375,a hundred yards [Northeast] from the church in Davis' field
http://www.wikidata.org/entity/Q126472950,http://www.wikidata.org/prop/direct/P11693,6109974993
http://www.wikidata.org/entity/Q126472968,http://www.wikidata.org/prop/direct/P17,http://www.wikidata.org/entity/Q27
http://www.wikidata.org/entity/Q126472968,http://www.wikidata.org/prop/direct/P31,http://www.wikidata.org/entity/Q1371047
http://www.wikidata.org/entity/Q126472968,http://www.wikidata.org/prop/direct/P31,http://www.wikidata.org/entity/Q126443332
http://www.wikidata.org/entity/Q126472968,http://www.wikidata.org/prop/direct/P131,http://www.wikidata.org/entity/Q180231
http://www.wikidata.org/entity/Q126472968,http://www.wikidata.org/prop/direct/P131,http://www.wikidata.org/entity/Q60556096
http://www.wikidata.org/entity/Q126472968,http://www.wikidata.org/prop/direct/P195,http://www.wikidata.org/entity/Q126875543
http://www.wikidata.org/entity/Q126472968,http://www.wikidata.org/prop/direct/P195,http://www.wikidata.org/entity/Q132817615
http://www.wikidata.org/entity/Q126472968,http://www.wikidata.org/prop/direct/P217,136
http://www.wikidata.org/entity/Q126472968,http://www.wikidata.org/prop/direct/P217,KHW032
http://www.wikidata.org/entity/Q126472968,http://www.wikidata.org/prop/direct/P625,Point(-7.2510033 52.3958311)
http://www.wikidata.org/entity/Q126472968,http://www.wikidata.org/prop/direct/P708,http://www.wikidata.org/entity/Q873607
http://www.wikidata.org/entity/Q126472968,http://www.wikidata.org/prop/direct/P1343,http://www.wikidata.org/entity/Q120966194
http://www.wikidata.org/entity/Q126472968,http://www.wikidata.org/prop/direct/P1343,http://www.wikidata.org/entity/Q126374601
http://www.wikidata.org/entity/Q126472968,http://www.wikidata.org/prop/direct/P1343,http://www.wikidata.org/entity/Q126393245
http://www.wikidata.org/entity/Q126472968,http://www.wikidata.org/prop/direct/P1343,http://www.wikidata.org/entity/Q126456421
http://www.wikidata.org/entity/Q126472968,http://www.wikidata.org/prop/direct/P1343,http://www.wikidata.org/entity/Q126474972
http://www.wikidata.org/entity/Q126472968,http://www.wikidata.org/prop/direct/P1343,http://www.wikidata.org/entity/Q126540348
http://www.wikidata.org/entity/Q126472968,http://www.wikidata.org/prop/direct/P1343,http://www.wikidata.org/entity/Q126875543
http://www.wikidata.org/entity/Q126472968,http://www.wikidata.org/prop/direct/P1343,http://www.wikidata.org/entity/Q130284129
http://www.wikidata.org/entity/Q126472968,http://www.wikidata.org/prop/direct/P1343,http://www.wikidata.org/entity/Q132817615
http://www.wikidata.org/entity/Q126472968,http://www.wikidata.org/prop/direct/P1343,http://www.wikidata.org/entity/Q133263165
http://www.wikidata.org/entity/Q126472968,http://www.wikidata.org/prop/direct/P1343,http://www.wikidata.org/entity/Q133385130
http://www.wikidata.org/entity/Q126472968,http://www.wikidata.org/prop/direct/P2175,http://www.wikidata.org/entity/Q21077147
http://www.wikidata.org/entity/Q126472968,http://www.wikidata.org/prop/direct/P4057,KK035-058----
http://www.wikidata.org/entity/Q126472968,http://www.wikidata.org/prop/direct/P6375,at Miltown [...] beside a mound
http://www.wikidata.org/entity/Q126472968,http://www.wikidata.org/prop/direct/P11693,5163419079
http://www.wikidata.org/entity/Q122302328,http://www.wikidata.org/prop/direct/P1343,http://www.wikidata.org/entity/Q120966194
http://www.wikidata.org/entity/Q122302328,http://www.wikidata.org/prop/direct/P1343,http://www.wikidata.org/entity/Q126374601
http://www.wikidata.org/entity/Q122302328,http://www.wikidata.org/prop/direct/P1343,http://www.wikidata.org/entity/Q126393245
http://www.wikidata.org/entity/Q122302328,http://www.wikidata.org/prop/direct/P1343,http://www.wikidata.org/entity/Q126456421
http://www.wikidata.org/entity/Q122302328,http://www.wikidata.org/prop/direct/P1343,http://www.wikidata.org/entity/Q126875543
http://www.wikidata.org/entity/Q122302328,http://www.wikidata.org/prop/direct/P1343,http://www.wikidata.org/entity/Q130284129
http://www.wikidata.org/entity/Q122302328,http://www.wikidata.org/prop/direct/P1343,http://www.wikidata.org/entity/Q130308814
http://www.wikidata.org/entity/Q122302328,http://www.wikidata.org/prop/direct/P1343,http://www.wikidata.org/entity/Q132817615
http://www.wikidata.org/entity/Q122302328,http://www.wikidata.org/prop/direct/P1343,http://www.wikidata.org/entity/Q133263165
http://www.wikidata.org/entity/Q122302328,http://www.wikidata.org/prop/direct/P1343,http://www.wikidata.org/entity/Q133385130
http://www.wikidata.org/entity/Q122302328,http://www.wikidata.org/prop/direct/P2186,IE-KK-0317
http://www.wikidata.org/entity/Q122302328,http://www.wikidata.org/prop/direct/P4057,KK038-001----
http://www.wikidata.org/entity/Q122302328,http://www.wikidata.org/prop/direct/P6375,at Cregg bridge
http://www.wikidata.org/entity/Q122302328,http://www.wikidata.org/prop/direct/P6375,"""to the west of the site of the old church"""
http://www.wikidata.org/entity/Q122302328,http://www.wikidata.org/prop/direct/P6375,not far from the bridge [bridge over L5106 towards Faugheen]
http://www.wikidata.org/entity/Q122302328,http://www.wikidata.org/prop/direct/P11693,11134643496
http://www.wikidata.org/entity/Q122302608,http://www.wikidata.org/prop/direct/P17,http://www.wikidata.org/entity/Q27
http://www.wikidata.org/entity/Q122302608,http://www.wikidata.org/prop/direct/P18,http://commons.wikimedia.org/wiki/Special:FilePath/St%20Kieran%27s%20Well.jpg
http://www.wikidata.org/entity/Q122302608,http://www.wikidata.org/prop/direct/P31,http://www.wikidata.org/entity/Q43483
http://www.wikidata.org/entity/Q122302608,http://www.wikidata.org/prop/direct/P31,http://www.wikidata.org/entity/Q1371047
http://www.wikidata.org/entity/Q122302608,http://www.wikidata.org/prop/direct/P31,http://www.wikidata.org/entity/Q126443332
http://www.wikidata.org/entity/Q122302608,http://www.wikidata.org/prop/direct/P131,http://www.wikidata.org/entity/Q180231
http://www.wikidata.org/entity/Q122302608,http://www.wikidata.org/prop/direct/P131,http://www.wikidata.org/entity/Q60557241
http://www.wikidata.org/entity/Q122302608,http://www.wikidata.org/prop/direct/P131,http://www.wikidata.org/entity/Q104264818
http://www.wikidata.org/entity/Q122302608,http://www.wikidata.org/prop/direct/P138,http://www.wikidata.org/entity/Q738988
http://www.wikidata.org/entity/Q122302608,http://www.wikidata.org/prop/direct/P138,http://www.wikidata.org/entity/Q2280421
http://www.wikidata.org/entity/Q122302608,http://www.wikidata.org/prop/direct/P195,http://www.wikidata.org/entity/Q126875543
http://www.wikidata.org/entity/Q122302608,http://www.wikidata.org/prop/direct/P195,http://www.wikidata.org/entity/Q132817615
http://www.wikidata.org/entity/Q122302608,http://www.wikidata.org/prop/direct/P217,41
http://www.wikidata.org/entity/Q122302608,http://www.wikidata.org/prop/direct/P217,KHW001
http://www.wikidata.org/entity/Q122302608,http://www.wikidata.org/prop/direct/P373,"St. Kieran’s Well, Whitechurch"
http://www.wikidata.org/entity/Q122302608,http://www.wikidata.org/prop/direct/P625,Point(-7.3800887 52.3975027)
http://www.wikidata.org/entity/Q122302608,http://www.wikidata.org/prop/direct/P708,http://www.wikidata.org/entity/Q873607
http://www.wikidata.org/entity/Q122302608,http://www.wikidata.org/prop/direct/P1050,http://www.wikidata.org/entity/Q86
http://www.wikidata.org/entity/Q122302608,http://www.wikidata.org/prop/direct/P1050,http://www.wikidata.org/entity/Q21077147
http://www.wikidata.org/entity/Q122302608,http://www.wikidata.org/prop/direct/P1325,https://sketchfab.com/3d-models/whitechurch-kilkieran-st-kierans-well-8cdea3b21315408e8b7b69faca418d76
http://www.wikidata.org/entity/Q122302608,http://www.wikidata.org/prop/direct/P1343,http://www.wikidata.org/entity/Q120966194
http://www.wikidata.org/entity/Q122302608,http://www.wikidata.org/prop/direct/P1343,http://www.wikidata.org/entity/Q126374601
http://www.wikidata.org/entity/Q122302608,http://www.wikidata.org/prop/direct/P1343,http://www.wikidata.org/entity/Q126393245
http://www.wikidata.org/entity/Q122302608,http://www.wikidata.org/prop/direct/P1343,http://www.wikidata.org/entity/Q126456421
http://www.wikidata.org/entity/Q122302608,http://www.wikidata.org/prop/direct/P1343,http://www.wikidata.org/entity/Q126540348
http://www.wikidata.org/entity/Q122302608,http://www.wikidata.org/prop/direct/P1343,http://www.wikidata.org/entity/Q126875543
http://www.wikidata.org/entity/Q122302608,http://www.wikidata.org/prop/direct/P1343,http://www.wikidata.org/entity/Q130245242
http://www.wikidata.org/entity/Q122302608,http://www.wikidata.org/prop/direct/P1343,http://www.wikidata.org/entity/Q130265580
http://www.wikidata.org/entity/Q122302608,http://www.wikidata.org/prop/direct/P1343,http://www.wikidata.org/entity/Q130284129
http://www.wikidata.org/entity/Q122302608,http://www.wikidata.org/prop/direct/P1343,http://www.wikidata.org/entity/Q131144233
http://www.wikidata.org/entity/Q122302608,http://www.wikidata.org/prop/direct/P1343,http://www.wikidata.org/entity/Q132817615
http://www.wikidata.org/entity/Q122302608,http://www.wikidata.org/prop/direct/P1343,http://www.wikidata.org/entity/Q133263165
http://www.wikidata.org/entity/Q122302608,http://www.wikidata.org/prop/direct/P1343,http://www.wikidata.org/entity/Q133385130
http://www.wikidata.org/entity/Q122302608,http://www.wikidata.org/prop/direct/P2186,IE-KK-0318
http://www.wikidata.org/entity/Q122302608,http://www.wikidata.org/prop/direct/P4057,KK034-032007-
http://www.wikidata.org/entity/Q122302608,http://www.wikidata.org/prop/direct/P11693,10544065862
http://www.wikidata.org/entity/Q20595916,http://www.wikidata.org/prop/direct/P7938,http://www.wikidata.org/entity/Q750661
http://www.wikidata.org/entity/Q20595916,http://www.wikidata.org/prop/direct/P7959,http://www.wikidata.org/entity/Q67283698
http://www.wikidata.org/entity/Q20595916,http://www.wikidata.org/prop/direct/P12749,Q114778
http://www.wikidata.org/entity/Q22996337,http://www.wikidata.org/prop/direct/P17,http://www.wikidata.org/entity/Q142
http://www.wikidata.org/entity/Q22996337,http://www.wikidata.org/prop/direct/P18,http://commons.wikimedia.org/wiki/Special:FilePath/Saint-Urbain%20%2829%29%20Chapelle%20de%20Tr%C3%A9varn%2002.JPG
http://www.wikidata.org/entity/Q22996337,http://www.wikidata.org/prop/direct/P31,http://www.wikidata.org/entity/Q371752
http://www.wikidata.org/entity/Q22996337,http://www.wikidata.org/prop/direct/P31,http://www.wikidata.org/entity/Q1371047
http://www.wikidata.org/entity/Q22996337,http://www.wikidata.org/prop/direct/P131,http://www.wikidata.org/entity/Q214428
http://www.wikidata.org/entity/Q22996337,http://www.wikidata.org/prop/direct/P373,Ensemble cultuel de Trévarn
http://www.wikidata.org/entity/Q22996337,http://www.wikidata.org/prop/direct/P380,PA29000036
http://www.wikidata.org/entity/Q22996337,http://www.wikidata.org/prop/direct/P527,http://www.wikidata.org/entity/Q56447868
http://www.wikidata.org/entity/Q22996337,http://www.wikidata.org/prop/direct/P625,Point(-4.246763 48.382945)
http://www.wikidata.org/entity/Q22996337,http://www.wikidata.org/prop/direct/P1435,http://www.wikidata.org/entity/Q10387575
http://www.wikidata.org/entity/Q24060304,http://www.wikidata.org/prop/direct/P17,http://www.wikidata.org/entity/Q145
http://www.wikidata.org/entity/Q24060304,http://www.wikidata.org/prop/direct/P18,http://commons.wikimedia.org/wiki/Special:FilePath/Monks%20Well%2C%20Wavertree%20-%20geograph.org.uk%20-%2064742.jpg
http://www.wikidata.org/entity/Q24060304,http://www.wikidata.org/prop/direct/P31,http://www.wikidata.org/entity/Q1371047
http://www.wikidata.org/entity/Q24060304,http://www.wikidata.org/prop/direct/P131,http://www.wikidata.org/entity/Q21665571
http://www.wikidata.org/entity/Q24060304,http://www.wikidata.org/prop/direct/P276,http://www.wikidata.org/entity/Q2070986
http://www.wikidata.org/entity/Q24060304,http://www.wikidata.org/prop/direct/P373,"Monks' Well, Wavertree"
http://www.wikidata.org/entity/Q24060304,http://www.wikidata.org/prop/direct/P613,SJ3927789594
http://www.wikidata.org/entity/Q24060304,http://www.wikidata.org/prop/direct/P625,Point(-2.914728 53.399665)
http://www.wikidata.org/entity/Q24060304,http://www.wikidata.org/prop/direct/P1216,1208270
http://www.wikidata.org/entity/Q24060304,http://www.wikidata.org/prop/direct/P1435,http://www.wikidata.org/entity/Q15700834
http://www.wikidata.org/entity/Q24060304,http://www.wikidata.org/prop/direct/P2671,/g/11cn8xmcch
http://www.wikidata.org/entity/Q24060304,http://www.wikidata.org/prop/direct/P7959,http://www.wikidata.org/entity/Q67311452
http://www.wikidata.org/entity/Q24060304,http://www.wikidata.org/prop/direct/P11693,9173393676
http://www.wikidata.org/entity/Q24060304,http://www.wikidata.org/prop/direct/P12485,101208270
http://www.wikidata.org/entity/Q24082348,http://www.wikidata.org/prop/direct/P17,http://www.wikidata.org/entity/Q142
http://www.wikidata.org/entity/Q24082348,http://www.wikidata.org/prop/direct/P31,http://www.wikidata.org/entity/Q1371047
http://www.wikidata.org/entity/Q24082348,http://www.wikidata.org/prop/direct/P131,http://www.wikidata.org/entity/Q21440
http://www.wikidata.org/entity/Q24082348,http://www.wikidata.org/prop/direct/P380,PA67000097
http://www.wikidata.org/entity/Q24082348,http://www.wikidata.org/prop/direct/P625,Point(7.415375 48.284221)
http://www.wikidata.org/entity/Q24082348,http://www.wikidata.org/prop/direct/P1435,http://www.wikidata.org/entity/Q10387575
http://www.wikidata.org/entity/Q24082348,http://www.wikidata.org/prop/direct/P2671,/g/11cn9nlh5k
http://www.wikidata.org/entity/Q126917635,http://www.wikidata.org/prop/direct/P17,http://www.wikidata.org/entity/Q27
http://www.wikidata.org/entity/Q126917635,http://www.wikidata.org/prop/direct/P31,http://www.wikidata.org/entity/Q1371047
http://www.wikidata.org/entity/Q126917635,http://www.wikidata.org/prop/direct/P31,http://www.wikidata.org/entity/Q10713454
http://www.wikidata.org/entity/Q126917635,http://www.wikidata.org/prop/direct/P31,http://www.wikidata.org/entity/Q126443332
http://www.wikidata.org/entity/Q126917635,http://www.wikidata.org/prop/direct/P131,http://www.wikidata.org/entity/Q180231
http://www.wikidata.org/entity/Q126917635,http://www.wikidata.org/prop/direct/P131,http://www.wikidata.org/entity/Q60557162
http://www.wikidata.org/entity/Q126917635,http://www.wikidata.org/prop/direct/P131,http://www.wikidata.org/entity/Q104264454
http://www.wikidata.org/entity/Q126917635,http://www.wikidata.org/prop/direct/P138,http://www.wikidata.org/entity/Q170028
http://www.wikidata.org/entity/Q126917635,http://www.wikidata.org/prop/direct/P195,http://www.wikidata.org/entity/Q126875543
http://www.wikidata.org/entity/Q126917635,http://www.wikidata.org/prop/direct/P217,105
http://www.wikidata.org/entity/Q126917635,http://www.wikidata.org/prop/direct/P625,Point(-7.5044923 52.6894079)
http://www.wikidata.org/entity/Q126917635,http://www.wikidata.org/prop/direct/P708,http://www.wikidata.org/entity/Q873607
http://www.wikidata.org/entity/Q126917635,http://www.wikidata.org/prop/direct/P1343,http://www.wikidata.org/entity/Q116166792
http://www.wikidata.org/entity/Q126917635,http://www.wikidata.org/prop/direct/P1343,http://www.wikidata.org/entity/Q126374601
http://www.wikidata.org/entity/Q126917635,http://www.wikidata.org/prop/direct/P1343,http://www.wikidata.org/entity/Q126875543
http://www.wikidata.org/entity/Q126917635,http://www.wikidata.org/prop/direct/P1343,http://www.wikidata.org/entity/Q126917639
http://www.wikidata.org/entity/Q126917635,http://www.wikidata.org/prop/direct/P1343,http://www.wikidata.org/entity/Q130284129
http://www.wikidata.org/entity/Q126917635,http://www.wikidata.org/prop/direct/P4057,KK012-059004-
http://www.wikidata.org/entity/Q126917635,http://www.wikidata.org/prop/direct/P11693,8515581253
http://www.wikidata.org/entity/Q126918872,http://www.wikidata.org/prop/direct/P17,http://www.wikidata.org/entity/Q27
http://www.wikidata.org/entity/Q126918872,http://www.wikidata.org/prop/direct/P31,http://www.wikidata.org/entity/Q1371047
http://www.wikidata.org/entity/Q126918872,http://www.wikidata.org/prop/direct/P31,http://www.wikidata.org/entity/Q126443332
http://www.wikidata.org/entity/Q126918872,http://www.wikidata.org/prop/direct/P131,http://www.wikidata.org/entity/Q180231
http://www.wikidata.org/entity/Q126918872,http://www.wikidata.org/prop/direct/P131,http://www.wikidata.org/entity/Q60554707
http://www.wikidata.org/entity/Q126918872,http://www.wikidata.org/prop/direct/P138,http://www.wikidata.org/entity/Q2151232
http://www.wikidata.org/entity/Q126918872,http://www.wikidata.org/prop/direct/P195,http://www.wikidata.org/entity/Q126875543
http://www.wikidata.org/entity/Q126918872,http://www.wikidata.org/prop/direct/P195,http://www.wikidata.org/entity/Q132817615
http://www.wikidata.org/entity/Q126918872,http://www.wikidata.org/prop/direct/P217,106
http://www.wikidata.org/entity/Q126918872,http://www.wikidata.org/prop/direct/P217,KHW2-6
http://www.wikidata.org/entity/Q126918872,http://www.wikidata.org/prop/direct/P625,Point(-7.1191416 52.547041)
http://www.wikidata.org/entity/Q126918872,http://www.wikidata.org/prop/direct/P708,http://www.wikidata.org/entity/Q873607
http://www.wikidata.org/entity/Q126918872,http://www.wikidata.org/prop/direct/P841,http://www.wikidata.org/entity/Q2150
http://www.wikidata.org/entity/Q126918872,http://www.wikidata.org/prop/direct/P1343,http://www.wikidata.org/entity/Q120968926
http://www.wikidata.org/entity/Q126918872,http://www.wikidata.org/prop/direct/P1343,http://www.wikidata.org/entity/Q126528008
http://www.wikidata.org/entity/Q126918872,http://www.wikidata.org/prop/direct/P1343,http://www.wikidata.org/entity/Q126875543
http://www.wikidata.org/entity/Q126918872,http://www.wikidata.org/prop/direct/P1343,http://www.wikidata.org/entity/Q130284129
http://www.wikidata.org/entity/Q126918872,http://www.wikidata.org/prop/direct/P1343,http://www.wikidata.org/entity/Q132817615
http://www.wikidata.org/entity/Q126918872,http://www.wikidata.org/prop/direct/P1343,http://www.wikidata.org/entity/Q133263165
http://www.wikidata.org/entity/Q126918872,http://www.wikidata.org/prop/direct/P6375,"""south of Kilfane House"" (Egan's Kilkenny Guide)"
http://www.wikidata.org/entity/Q126918872,http://www.wikidata.org/prop/direct/P6375,"""To the south of Kilfane House is a well with a very ancient cross"""
http://www.wikidata.org/entity/Q126918993,http://www.wikidata.org/prop/direct/P10,http://commons.wikimedia.org/wiki/Special:FilePath/Kilkeasy%20Holy%20Well.webm
http://www.wikidata.org/entity/Q126918993,http://www.wikidata.org/prop/direct/P17,http://www.wikidata.org/entity/Q27
http://www.wikidata.org/entity/Q126918993,http://www.wikidata.org/prop/direct/P18,http://commons.wikimedia.org/wiki/Special:FilePath/Kilkeasy%20Holy%20Well.jpg
http://www.wikidata.org/entity/Q126918993,http://www.wikidata.org/prop/direct/P31,http://www.wikidata.org/entity/Q1371047
http://www.wikidata.org/entity/Q126918993,http://www.wikidata.org/prop/direct/P31,http://www.wikidata.org/entity/Q126443332
http://www.wikidata.org/entity/Q133260965,http://www.wikidata.org/prop/direct/P17,http://www.wikidata.org/entity/Q27
http://www.wikidata.org/entity/Q133260965,http://www.wikidata.org/prop/direct/P18,http://commons.wikimedia.org/wiki/Special:FilePath/Canal%20Walk%20Well%20Kilkenny.png
http://www.wikidata.org/entity/Q133260965,http://www.wikidata.org/prop/direct/P31,http://www.wikidata.org/entity/Q1371047
http://www.wikidata.org/entity/Q133260965,http://www.wikidata.org/prop/direct/P31,http://www.wikidata.org/entity/Q126443332
http://www.wikidata.org/entity/Q133260965,http://www.wikidata.org/prop/direct/P131,http://www.wikidata.org/entity/Q180231
http://www.wikidata.org/entity/Q133260965,http://www.wikidata.org/prop/direct/P131,http://www.wikidata.org/entity/Q59719871
http://www.wikidata.org/entity/Q133260965,http://www.wikidata.org/prop/direct/P131,http://www.wikidata.org/entity/Q104264320
http://www.wikidata.org/entity/Q133260965,http://www.wikidata.org/prop/direct/P195,http://www.wikidata.org/entity/Q132817615
http://www.wikidata.org/entity/Q133260965,http://www.wikidata.org/prop/direct/P217,KHW114
http://www.wikidata.org/entity/Q133260965,http://www.wikidata.org/prop/direct/P625,Point(-7.2388642 52.6496987)
http://www.wikidata.org/entity/Q133260965,http://www.wikidata.org/prop/direct/P973,https://new.keepkilkennybeautiful.com/?p=3910
http://www.wikidata.org/entity/Q133260965,http://www.wikidata.org/prop/direct/P1325,https://sketchfab.com/3d-models/kilkenny-canal-walk-holy-well-low-poly-ba7d7273ebbe41f4a974673dce5affac
http://www.wikidata.org/entity/Q133260965,http://www.wikidata.org/prop/direct/P1343,http://www.wikidata.org/entity/Q126528008
http://www.wikidata.org/entity/Q133260965,http://www.wikidata.org/prop/direct/P1343,http://www.wikidata.org/entity/Q126540348
http://www.wikidata.org/entity/Q133260965,http://www.wikidata.org/prop/direct/P1343,http://www.wikidata.org/entity/Q132817615
http://www.wikidata.org/entity/Q133260965,http://www.wikidata.org/prop/direct/P1343,http://www.wikidata.org/entity/Q133575033
http://www.wikidata.org/entity/Q133260965,http://www.wikidata.org/prop/direct/P11693,7072623328
http://www.wikidata.org/entity/Q133455066,http://www.wikidata.org/prop/direct/P17,http://www.wikidata.org/entity/Q27
http://www.wikidata.org/entity/Q133455066,http://www.wikidata.org/prop/direct/P31,http://www.wikidata.org/entity/Q1371047
http://www.wikidata.org/entity/Q133455066,http://www.wikidata.org/prop/direct/P31,http://www.wikidata.org/entity/Q126443332
http://www.wikidata.org/entity/Q133455066,http://www.wikidata.org/prop/direct/P131,http://www.wikidata.org/entity/Q180231
http://www.wikidata.org/entity/Q133455066,http://www.wikidata.org/prop/direct/P131,http://www.wikidata.org/entity/Q59719801
http://www.wikidata.org/entity/Q133455066,http://www.wikidata.org/prop/direct/P131,http://www.wikidata.org/entity/Q104265225
http://www.wikidata.org/entity/Q133455066,http://www.wikidata.org/prop/direct/P195,http://www.wikidata.org/entity/Q132817615
http://www.wikidata.org/entity/Q133455066,http://www.wikidata.org/prop/direct/P217,KHW2-33
http://www.wikidata.org/entity/Q133455066,http://www.wikidata.org/prop/direct/P708,http://www.wikidata.org/entity/Q873607
http://www.wikidata.org/entity/Q133455066,http://www.wikidata.org/prop/direct/P1343,http://www.wikidata.org/entity/Q133385130
http://www.wikidata.org/entity/Q133567306,http://www.wikidata.org/prop/direct/P17,http://www.wikidata.org/entity/Q27
http://www.wikidata.org/entity/Q133567306,http://www.wikidata.org/prop/direct/P31,http://www.wikidata.org/entity/Q1371047
http://www.wikidata.org/entity/Q133567306,http://www.wikidata.org/prop/direct/P31,http://www.wikidata.org/entity/Q126443332
http://www.wikidata.org/entity/Q133567306,http://www.wikidata.org/prop/direct/P131,http://www.wikidata.org/entity/Q180231
http://www.wikidata.org/entity/Q133567306,http://www.wikidata.org/prop/direct/P138,http://www.wikidata.org/entity/Q107257053
http://www.wikidata.org/entity/Q133567306,http://www.wikidata.org/prop/direct/P625,Point(-7.1579263 52.6484644)
http://www.wikidata.org/entity/Q133567306,http://www.wikidata.org/prop/direct/P708,http://www.wikidata.org/entity/Q873607
http://www.wikidata.org/entity/Q133567306,http://www.wikidata.org/prop/direct/P1343,http://www.wikidata.org/entity/Q116690389
http://www.wikidata.org/entity/Q133567306,http://www.wikidata.org/prop/direct/P1343,http://www.wikidata.org/entity/Q126374601
http://www.wikidata.org/entity/Q133567306,http://www.wikidata.org/prop/direct/P1343,http://www.wikidata.org/entity/Q126528008
http://www.wikidata.org/entity/Q133567306,http://www.wikidata.org/prop/direct/P1343,http://www.wikidata.org/entity/Q126540348
http://www.wikidata.org/entity/Q133567306,http://www.wikidata.org/prop/direct/P1343,http://www.wikidata.org/entity/Q130284129
http://www.wikidata.org/entity/Q133567306,http://www.wikidata.org/prop/direct/P11693,6965012129
http://www.wikidata.org/entity/Q26452916,http://www.wikidata.org/prop/direct/P1216,1159189
http://www.wikidata.org/entity/Q26452916,http://www.wikidata.org/prop/direct/P1435,http://www.wikidata.org/entity/Q15700834
http://www.wikidata.org/entity/Q26452916,http://www.wikidata.org/prop/direct/P7959,http://www.wikidata.org/entity/Q23148
http://www.wikidata.org/entity/Q26452916,http://www.wikidata.org/prop/direct/P12485,101159189
http://www.wikidata.org/entity/Q26453810,http://www.wikidata.org/prop/direct/P17,http://www.wikidata.org/entity/Q145
http://www.wikidata.org/entity/Q26453810,http://www.wikidata.org/prop/direct/P31,http://www.wikidata.org/entity/Q1371047
http://www.wikidata.org/entity/Q26453810,http://www.wikidata.org/prop/direct/P131,http://www.wikidata.org/entity/Q1762721
http://www.wikidata.org/entity/Q26453810,http://www.wikidata.org/prop/direct/P613,SX2039051055
http://www.wikidata.org/entity/Q26453810,http://www.wikidata.org/prop/direct/P625,Point(-4.525024 50.331976)
http://www.wikidata.org/entity/Q26453810,http://www.wikidata.org/prop/direct/P1216,1160144
http://www.wikidata.org/entity/Q26453810,http://www.wikidata.org/prop/direct/P1435,http://www.wikidata.org/entity/Q15700834
http://www.wikidata.org/entity/Q26453810,http://www.wikidata.org/prop/direct/P7959,http://www.wikidata.org/entity/Q23148
http://www.wikidata.org/entity/Q26453810,http://www.wikidata.org/prop/direct/P12485,101160144
http://www.wikidata.org/entity/Q26490516,http://www.wikidata.org/prop/direct/P17,http://www.wikidata.org/entity/Q145
http://www.wikidata.org/entity/Q26490516,http://www.wikidata.org/prop/direct/P31,http://www.wikidata.org/entity/Q1371047
http://www.wikidata.org/entity/Q26490516,http://www.wikidata.org/prop/direct/P131,http://www.wikidata.org/entity/Q287590
http://www.wikidata.org/entity/Q26490516,http://www.wikidata.org/prop/direct/P613,SX3200385668
http://www.wikidata.org/entity/Q26490516,http://www.wikidata.org/prop/direct/P625,Point(-4.377568 50.646418)
http://www.wikidata.org/entity/Q26490516,http://www.wikidata.org/prop/direct/P1216,1195957
http://www.wikidata.org/entity/Q26490516,http://www.wikidata.org/prop/direct/P1435,http://www.wikidata.org/entity/Q15700834
http://www.wikidata.org/entity/Q26490516,http://www.wikidata.org/prop/direct/P7959,http://www.wikidata.org/entity/Q23148
http://www.wikidata.org/entity/Q26490516,http://www.wikidata.org/prop/direct/P12485,101195957
http://www.wikidata.org/entity/Q26497179,http://www.wikidata.org/prop/direct/P17,http://www.wikidata.org/entity/Q145
http://www.wikidata.org/entity/Q26497179,http://www.wikidata.org/prop/direct/P31,http://www.wikidata.org/entity/Q1371047
http://www.wikidata.org/entity/Q26497179,http://www.wikidata.org/prop/direct/P131,http://www.wikidata.org/entity/Q180803
http://www.wikidata.org/entity/Q26497179,http://www.wikidata.org/prop/direct/P613,SW8195045845
http://www.wikidata.org/entity/Q26497179,http://www.wikidata.org/prop/direct/P625,Point(-5.061383 50.272217)
http://www.wikidata.org/entity/Q26497179,http://www.wikidata.org/prop/direct/P1216,1201463
http://www.wikidata.org/entity/Q26497179,http://www.wikidata.org/prop/direct/P1435,http://www.wikidata.org/entity/Q15700834
http://www.wikidata.org/entity/Q26497179,http://www.wikidata.org/prop/direct/P7959,http://www.wikidata.org/entity/Q23148
http://www.wikidata.org/entity/Q26497179,http://www.wikidata.org/prop/direct/P12485,101201463
http://www.wikidata.org/entity/Q26498691,http://www.wikidata.org/prop/direct/P17,http://www.wikidata.org/entity/Q145
http://www.wikidata.org/entity/Q26498691,http://www.wikidata.org/prop/direct/P31,http://www.wikidata.org/entity/Q1371047
http://www.wikidata.org/entity/Q26498691,http://www.wikidata.org/prop/direct/P131,http://www.wikidata.org/entity/Q2019908
http://www.wikidata.org/entity/Q26498691,http://www.wikidata.org/prop/direct/P613,SX2382164753
http://www.wikidata.org/entity/Q26498691,http://www.wikidata.org/prop/direct/P625,Point(-4.483287 50.456091)
http://www.wikidata.org/entity/Q126919511,http://www.wikidata.org/prop/direct/P708,http://www.wikidata.org/entity/Q873607
http://www.wikidata.org/entity/Q126919511,http://www.wikidata.org/prop/direct/P1343,http://www.wikidata.org/entity/Q126374601
http://www.wikidata.org/entity/Q126919511,http://www.wikidata.org/prop/direct/P1343,http://www.wikidata.org/entity/Q126456421
http://www.wikidata.org/entity/Q126919511,http://www.wikidata.org/prop/direct/P1343,http://www.wikidata.org/entity/Q126528008
http://www.wikidata.org/entity/Q126919511,http://www.wikidata.org/prop/direct/P1343,http://www.wikidata.org/entity/Q126875543
http://www.wikidata.org/entity/Q126919579,http://www.wikidata.org/prop/direct/P17,http://www.wikidata.org/entity/Q27
http://www.wikidata.org/entity/Q126919579,http://www.wikidata.org/prop/direct/P18,http://commons.wikimedia.org/wiki/Special:FilePath/Site%20of%20St.%20Mogarra%E2%80%99s%20Well.jpg
http://www.wikidata.org/entity/Q126919579,http://www.wikidata.org/prop/direct/P18,http://commons.wikimedia.org/wiki/Special:FilePath/St.%20Mogarra%E2%80%99s%20Well.jpg
http://www.wikidata.org/entity/Q126919579,http://www.wikidata.org/prop/direct/P31,http://www.wikidata.org/entity/Q124714
http://www.wikidata.org/entity/Q126919579,http://www.wikidata.org/prop/direct/P31,http://www.wikidata.org/entity/Q1371047
http://www.wikidata.org/entity/Q126919579,http://www.wikidata.org/prop/direct/P31,http://www.wikidata.org/entity/Q126443332
http://www.wikidata.org/entity/Q126919579,http://www.wikidata.org/prop/direct/P131,http://www.wikidata.org/entity/Q180231
http://www.wikidata.org/entity/Q126919579,http://www.wikidata.org/prop/direct/P131,http://www.wikidata.org/entity/Q4222952
http://www.wikidata.org/entity/Q126919579,http://www.wikidata.org/prop/direct/P131,http://www.wikidata.org/entity/Q60553754
http://www.wikidata.org/entity/Q126919579,http://www.wikidata.org/prop/direct/P131,http://www.wikidata.org/entity/Q104265893
http://www.wikidata.org/entity/Q126919579,http://www.wikidata.org/prop/direct/P195,http://www.wikidata.org/entity/Q126875543
http://www.wikidata.org/entity/Q126919579,http://www.wikidata.org/prop/direct/P195,http://www.wikidata.org/entity/Q132817615
http://www.wikidata.org/entity/Q126919579,http://www.wikidata.org/prop/direct/P217,119
http://www.wikidata.org/entity/Q126919579,http://www.wikidata.org/prop/direct/P217,KHW2-24
http://www.wikidata.org/entity/Q126919579,http://www.wikidata.org/prop/direct/P373,"Saint Mogarra's Well, Kilmagar"
http://www.wikidata.org/entity/Q126919579,http://www.wikidata.org/prop/direct/P625,Point(-7.149174 52.6724766)
http://www.wikidata.org/entity/Q126919579,http://www.wikidata.org/prop/direct/P708,http://www.wikidata.org/entity/Q873607
http://www.wikidata.org/entity/Q126919579,http://www.wikidata.org/prop/direct/P1325,https://sketchfab.com/3d-models/kilmagar-st-mogarras-well-c4b4d9af367245b198efd8bd6accacf5
http://www.wikidata.org/entity/Q126919579,http://www.wikidata.org/prop/direct/P1343,http://www.wikidata.org/entity/Q126393245
http://www.wikidata.org/entity/Q126919579,http://www.wikidata.org/prop/direct/P1343,http://www.wikidata.org/entity/Q126528008
http://www.wikidata.org/entity/Q126919579,http://www.wikidata.org/prop/direct/P1343,http://www.wikidata.org/entity/Q126875543
http://www.wikidata.org/entity/Q126919579,http://www.wikidata.org/prop/direct/P1343,http://www.wikidata.org/entity/Q129423431
http://www.wikidata.org/entity/Q126919579,http://www.wikidata.org/prop/direct/P1343,http://www.wikidata.org/entity/Q132817615
http://www.wikidata.org/entity/Q126919579,http://www.wikidata.org/prop/direct/P11693,12015913450
http://www.wikidata.org/entity/Q126923120,http://www.wikidata.org/prop/direct/P17,http://www.wikidata.org/entity/Q27
http://www.wikidata.org/entity/Q126923120,http://www.wikidata.org/prop/direct/P31,http://www.wikidata.org/entity/Q1371047
http://www.wikidata.org/entity/Q126923120,http://www.wikidata.org/prop/direct/P31,http://www.wikidata.org/entity/Q126443332
http://www.wikidata.org/entity/Q126923120,http://www.wikidata.org/prop/direct/P131,http://www.wikidata.org/entity/Q180231
http://www.wikidata.org/entity/Q126923120,http://www.wikidata.org/prop/direct/P131,http://www.wikidata.org/entity/Q60553962
http://www.wikidata.org/entity/Q126923120,http://www.wikidata.org/prop/direct/P131,http://www.wikidata.org/entity/Q104265331
http://www.wikidata.org/entity/Q126923120,http://www.wikidata.org/prop/direct/P138,http://www.wikidata.org/entity/Q548320
http://www.wikidata.org/entity/Q126923120,http://www.wikidata.org/prop/direct/P138,http://www.wikidata.org/entity/Q2151232
http://www.wikidata.org/entity/Q126923120,http://www.wikidata.org/prop/direct/P195,http://www.wikidata.org/entity/Q126875543
http://www.wikidata.org/entity/Q126923120,http://www.wikidata.org/prop/direct/P195,http://www.wikidata.org/entity/Q132817615
http://www.wikidata.org/entity/Q126923120,http://www.wikidata.org/prop/direct/P217,121
http://www.wikidata.org/entity/Q126923120,http://www.wikidata.org/prop/direct/P217,KHW131
http://www.wikidata.org/entity/Q24082348,http://www.wikidata.org/prop/direct/P6375,chemin Rural-du-Meisenbergweg
http://www.wikidata.org/entity/Q24116880,http://www.wikidata.org/prop/direct/P17,http://www.wikidata.org/entity/Q145
http://www.wikidata.org/entity/Q24116880,http://www.wikidata.org/prop/direct/P18,http://commons.wikimedia.org/wiki/Special:FilePath/St%20Gwenfaens%20Well%20%28geograph%204585281%29.jpg
http://www.wikidata.org/entity/Q24116880,http://www.wikidata.org/prop/direct/P31,http://www.wikidata.org/entity/Q1371047
http://www.wikidata.org/entity/Q24116880,http://www.wikidata.org/prop/direct/P131,http://www.wikidata.org/entity/Q3401042
http://www.wikidata.org/entity/Q24116880,http://www.wikidata.org/prop/direct/P138,http://www.wikidata.org/entity/Q18535665
http://www.wikidata.org/entity/Q24116880,http://www.wikidata.org/prop/direct/P276,http://www.wikidata.org/entity/Q3401042
http://www.wikidata.org/entity/Q24116880,http://www.wikidata.org/prop/direct/P361,http://www.wikidata.org/entity/Q16933606
http://www.wikidata.org/entity/Q24116880,http://www.wikidata.org/prop/direct/P373,St Gwenfaen's Well
http://www.wikidata.org/entity/Q24116880,http://www.wikidata.org/prop/direct/P417,http://www.wikidata.org/entity/Q18535665
http://www.wikidata.org/entity/Q24116880,http://www.wikidata.org/prop/direct/P443,http://commons.wikimedia.org/wiki/Special:FilePath/LL-Q9309%20%28cym%29-RandomWilliams1908-Ffynnon%20Wenfaen%20%28Q24116880%29.wav
http://www.wikidata.org/entity/Q24116880,http://www.wikidata.org/prop/direct/P613,SH25957544
http://www.wikidata.org/entity/Q24116880,http://www.wikidata.org/prop/direct/P625,Point(-4.61 53.247)
http://www.wikidata.org/entity/Q24116880,http://www.wikidata.org/prop/direct/P1435,http://www.wikidata.org/entity/Q219538
http://www.wikidata.org/entity/Q24116880,http://www.wikidata.org/prop/direct/P1435,http://www.wikidata.org/entity/Q15700834
http://www.wikidata.org/entity/Q24116880,http://www.wikidata.org/prop/direct/P1435,http://www.wikidata.org/entity/Q128791689
http://www.wikidata.org/entity/Q24116880,http://www.wikidata.org/prop/direct/P1459,5328
http://www.wikidata.org/entity/Q24116880,http://www.wikidata.org/prop/direct/P2044,35
http://www.wikidata.org/entity/Q24116880,http://www.wikidata.org/prop/direct/P2671,/g/11cn9hhbqm
http://www.wikidata.org/entity/Q24116880,http://www.wikidata.org/prop/direct/P3007,AN055
http://www.wikidata.org/entity/Q24116880,http://www.wikidata.org/prop/direct/P4658,32172
http://www.wikidata.org/entity/Q24116880,http://www.wikidata.org/prop/direct/P7959,http://www.wikidata.org/entity/Q67283698
http://www.wikidata.org/entity/Q24116880,http://www.wikidata.org/prop/direct/P10689,471739894
http://www.wikidata.org/entity/Q24116880,http://www.wikidata.org/prop/direct/P12485,300005328
http://www.wikidata.org/entity/Q24116880,http://www.wikidata.org/prop/direct/P12749,Q20717
http://www.wikidata.org/entity/Q26281312,http://www.wikidata.org/prop/direct/P17,http://www.wikidata.org/entity/Q145
http://www.wikidata.org/entity/Q26281312,http://www.wikidata.org/prop/direct/P31,http://www.wikidata.org/entity/Q1371047
http://www.wikidata.org/entity/Q26281312,http://www.wikidata.org/prop/direct/P131,http://www.wikidata.org/entity/Q2062021
http://www.wikidata.org/entity/Q26281312,http://www.wikidata.org/prop/direct/P613,SU9560759488
http://www.wikidata.org/entity/Q26281312,http://www.wikidata.org/prop/direct/P625,Point(-0.62923251 51.32646991)
http://www.wikidata.org/entity/Q26281312,http://www.wikidata.org/prop/direct/P1216,1030066
http://www.wikidata.org/entity/Q26281312,http://www.wikidata.org/prop/direct/P1435,http://www.wikidata.org/entity/Q15700834
http://www.wikidata.org/entity/Q26281312,http://www.wikidata.org/prop/direct/P7959,http://www.wikidata.org/entity/Q67443130
http://www.wikidata.org/entity/Q26281312,http://www.wikidata.org/prop/direct/P12485,101030066
http://www.wikidata.org/entity/Q126478389,http://www.wikidata.org/prop/direct/P17,http://www.wikidata.org/entity/Q27
http://www.wikidata.org/entity/Q126478389,http://www.wikidata.org/prop/direct/P31,http://www.wikidata.org/entity/Q1371047
http://www.wikidata.org/entity/Q126478389,http://www.wikidata.org/prop/direct/P31,http://www.wikidata.org/entity/Q10713454
http://www.wikidata.org/entity/Q126478389,http://www.wikidata.org/prop/direct/P31,http://www.wikidata.org/entity/Q126443332
http://www.wikidata.org/entity/Q126478389,http://www.wikidata.org/prop/direct/P131,http://www.wikidata.org/entity/Q180231
http://www.wikidata.org/entity/Q126478389,http://www.wikidata.org/prop/direct/P138,http://www.wikidata.org/entity/Q345
http://www.wikidata.org/entity/Q126478389,http://www.wikidata.org/prop/direct/P195,http://www.wikidata.org/entity/Q126875543
http://www.wikidata.org/entity/Q126478389,http://www.wikidata.org/prop/direct/P195,http://www.wikidata.org/entity/Q132817615
http://www.wikidata.org/entity/Q126478389,http://www.wikidata.org/prop/direct/P217,104
http://www.wikidata.org/entity/Q126478389,http://www.wikidata.org/prop/direct/P217,KHW090
http://www.wikidata.org/entity/Q126478389,http://www.wikidata.org/prop/direct/P625,Point(-7.492627 52.685886)
http://www.wikidata.org/entity/Q126478389,http://www.wikidata.org/prop/direct/P708,http://www.wikidata.org/entity/Q873607
http://www.wikidata.org/entity/Q126478389,http://www.wikidata.org/prop/direct/P1343,http://www.wikidata.org/entity/Q116166792
http://www.wikidata.org/entity/Q126478389,http://www.wikidata.org/prop/direct/P1343,http://www.wikidata.org/entity/Q120966194
http://www.wikidata.org/entity/Q126478389,http://www.wikidata.org/prop/direct/P1343,http://www.wikidata.org/entity/Q126374601
http://www.wikidata.org/entity/Q126478389,http://www.wikidata.org/prop/direct/P1343,http://www.wikidata.org/entity/Q126528008
http://www.wikidata.org/entity/Q126478389,http://www.wikidata.org/prop/direct/P1343,http://www.wikidata.org/entity/Q126540348
http://www.wikidata.org/entity/Q126478389,http://www.wikidata.org/prop/direct/P1343,http://www.wikidata.org/entity/Q126875543
http://www.wikidata.org/entity/Q126478389,http://www.wikidata.org/prop/direct/P1343,http://www.wikidata.org/entity/Q130284129
http://www.wikidata.org/entity/Q126478389,http://www.wikidata.org/prop/direct/P1343,http://www.wikidata.org/entity/Q130308814
http://www.wikidata.org/entity/Q126478389,http://www.wikidata.org/prop/direct/P1343,http://www.wikidata.org/entity/Q132817615
http://www.wikidata.org/entity/Q126478389,http://www.wikidata.org/prop/direct/P4057,KK012-066----
http://www.wikidata.org/entity/Q126478427,http://www.wikidata.org/prop/direct/P17,http://www.wikidata.org/entity/Q27
http://www.wikidata.org/entity/Q126478427,http://www.wikidata.org/prop/direct/P31,http://www.wikidata.org/entity/Q1371047
http://www.wikidata.org/entity/Q126478427,http://www.wikidata.org/prop/direct/P31,http://www.wikidata.org/entity/Q126443332
http://www.wikidata.org/entity/Q126478427,http://www.wikidata.org/prop/direct/P131,http://www.wikidata.org/entity/Q180231
http://www.wikidata.org/entity/Q126478427,http://www.wikidata.org/prop/direct/P131,http://www.wikidata.org/entity/Q60557159
http://www.wikidata.org/entity/Q126478427,http://www.wikidata.org/prop/direct/P138,http://www.wikidata.org/entity/Q2151232
http://www.wikidata.org/entity/Q126478427,http://www.wikidata.org/prop/direct/P195,http://www.wikidata.org/entity/Q126875543
http://www.wikidata.org/entity/Q126478427,http://www.wikidata.org/prop/direct/P195,http://www.wikidata.org/entity/Q132817615
http://www.wikidata.org/entity/Q126478427,http://www.wikidata.org/prop/direct/P217,176
http://www.wikidata.org/entity/Q126478427,http://www.wikidata.org/prop/direct/P217,KHW004
http://www.wikidata.org/entity/Q126478427,http://www.wikidata.org/prop/direct/P625,Point(-7.2425353 52.3392014)
http://www.wikidata.org/entity/Q126478427,http://www.wikidata.org/prop/direct/P708,http://www.wikidata.org/entity/Q873607
http://www.wikidata.org/entity/Q126478427,http://www.wikidata.org/prop/direct/P1343,http://www.wikidata.org/entity/Q120966194
http://www.wikidata.org/entity/Q126478427,http://www.wikidata.org/prop/direct/P1343,http://www.wikidata.org/entity/Q126374601
http://www.wikidata.org/entity/Q126478427,http://www.wikidata.org/prop/direct/P1343,http://www.wikidata.org/entity/Q126393245
http://www.wikidata.org/entity/Q126478427,http://www.wikidata.org/prop/direct/P1343,http://www.wikidata.org/entity/Q126456421
http://www.wikidata.org/entity/Q126478427,http://www.wikidata.org/prop/direct/P1343,http://www.wikidata.org/entity/Q126474972
http://www.wikidata.org/entity/Q126478427,http://www.wikidata.org/prop/direct/P1343,http://www.wikidata.org/entity/Q126528008
http://www.wikidata.org/entity/Q126478427,http://www.wikidata.org/prop/direct/P1343,http://www.wikidata.org/entity/Q126540348
http://www.wikidata.org/entity/Q126478427,http://www.wikidata.org/prop/direct/P1343,http://www.wikidata.org/entity/Q126555558
http://www.wikidata.org/entity/Q126478427,http://www.wikidata.org/prop/direct/P1343,http://www.wikidata.org/entity/Q126871352
http://www.wikidata.org/entity/Q126478427,http://www.wikidata.org/prop/direct/P1343,http://www.wikidata.org/entity/Q126875543
http://www.wikidata.org/entity/Q126478427,http://www.wikidata.org/prop/direct/P1343,http://www.wikidata.org/entity/Q130284129
http://www.wikidata.org/entity/Q126478427,http://www.wikidata.org/prop/direct/P1343,http://www.wikidata.org/entity/Q132817615
http://www.wikidata.org/entity/Q126473028,http://www.wikidata.org/prop/direct/P625,Point(-7.2406982 52.2763108)
http://www.wikidata.org/entity/Q126473028,http://www.wikidata.org/prop/direct/P708,http://www.wikidata.org/entity/Q873607
http://www.wikidata.org/entity/Q126473028,http://www.wikidata.org/prop/direct/P1343,http://www.wikidata.org/entity/Q120966194
http://www.wikidata.org/entity/Q126473028,http://www.wikidata.org/prop/direct/P1343,http://www.wikidata.org/entity/Q126374601
http://www.wikidata.org/entity/Q126473028,http://www.wikidata.org/prop/direct/P1343,http://www.wikidata.org/entity/Q126528008
http://www.wikidata.org/entity/Q126473028,http://www.wikidata.org/prop/direct/P1343,http://www.wikidata.org/entity/Q130284129
http://www.wikidata.org/entity/Q126473028,http://www.wikidata.org/prop/direct/P1343,http://www.wikidata.org/entity/Q132817615
http://www.wikidata.org/entity/Q126473028,http://www.wikidata.org/prop/direct/P4057,KK042-035----
http://www.wikidata.org/entity/Q126473028,http://www.wikidata.org/prop/direct/P11693,11121622331
http://www.wikidata.org/entity/Q126473043,http://www.wikidata.org/prop/direct/P17,http://www.wikidata.org/entity/Q27
http://www.wikidata.org/entity/Q126473043,http://www.wikidata.org/prop/direct/P31,http://www.wikidata.org/entity/Q1371047
http://www.wikidata.org/entity/Q126473043,http://www.wikidata.org/prop/direct/P31,http://www.wikidata.org/entity/Q126443332
http://www.wikidata.org/entity/Q126473043,http://www.wikidata.org/prop/direct/P131,http://www.wikidata.org/entity/Q180231
http://www.wikidata.org/entity/Q126473043,http://www.wikidata.org/prop/direct/P131,http://www.wikidata.org/entity/Q60555245
http://www.wikidata.org/entity/Q126473043,http://www.wikidata.org/prop/direct/P131,http://www.wikidata.org/entity/Q104264540
http://www.wikidata.org/entity/Q126473043,http://www.wikidata.org/prop/direct/P138,http://www.wikidata.org/entity/Q3053971
http://www.wikidata.org/entity/Q126473043,http://www.wikidata.org/prop/direct/P138,http://www.wikidata.org/entity/Q130535826
http://www.wikidata.org/entity/Q126473043,http://www.wikidata.org/prop/direct/P195,http://www.wikidata.org/entity/Q126875543
http://www.wikidata.org/entity/Q126473043,http://www.wikidata.org/prop/direct/P195,http://www.wikidata.org/entity/Q132817615
http://www.wikidata.org/entity/Q126473043,http://www.wikidata.org/prop/direct/P217,151
http://www.wikidata.org/entity/Q126473043,http://www.wikidata.org/prop/direct/P217,KHW065
http://www.wikidata.org/entity/Q126473043,http://www.wikidata.org/prop/direct/P625,Point(-7.4356623 52.619884)
http://www.wikidata.org/entity/Q126473043,http://www.wikidata.org/prop/direct/P708,http://www.wikidata.org/entity/Q873607
http://www.wikidata.org/entity/Q126473043,http://www.wikidata.org/prop/direct/P1343,http://www.wikidata.org/entity/Q120966194
http://www.wikidata.org/entity/Q126473043,http://www.wikidata.org/prop/direct/P1343,http://www.wikidata.org/entity/Q126374601
http://www.wikidata.org/entity/Q126473043,http://www.wikidata.org/prop/direct/P1343,http://www.wikidata.org/entity/Q126454465
http://www.wikidata.org/entity/Q126473043,http://www.wikidata.org/prop/direct/P1343,http://www.wikidata.org/entity/Q126473056
http://www.wikidata.org/entity/Q126473043,http://www.wikidata.org/prop/direct/P1343,http://www.wikidata.org/entity/Q126528008
http://www.wikidata.org/entity/Q126473043,http://www.wikidata.org/prop/direct/P1343,http://www.wikidata.org/entity/Q126540348
http://www.wikidata.org/entity/Q126473043,http://www.wikidata.org/prop/direct/P1343,http://www.wikidata.org/entity/Q126871352
http://www.wikidata.org/entity/Q126473043,http://www.wikidata.org/prop/direct/P1343,http://www.wikidata.org/entity/Q126875543
http://www.wikidata.org/entity/Q126473043,http://www.wikidata.org/prop/direct/P1343,http://www.wikidata.org/entity/Q130284129
http://www.wikidata.org/entity/Q126473043,http://www.wikidata.org/prop/direct/P1343,http://www.wikidata.org/entity/Q130308814
http://www.wikidata.org/entity/Q126473043,http://www.wikidata.org/prop/direct/P1343,http://www.wikidata.org/entity/Q130458689
http://www.wikidata.org/entity/Q126473043,http://www.wikidata.org/prop/direct/P1343,http://www.wikidata.org/entity/Q132817615
http://www.wikidata.org/entity/Q126473043,http://www.wikidata.org/prop/direct/P4057,KK022-004----
http://www.wikidata.org/entity/Q126473043,http://www.wikidata.org/prop/direct/P11693,6545440502
http://www.wikidata.org/entity/Q122303936,http://www.wikidata.org/prop/direct/P625,Point(-7.1857032 52.396613)
http://www.wikidata.org/entity/Q122303936,http://www.wikidata.org/prop/direct/P708,http://www.wikidata.org/entity/Q873607
http://www.wikidata.org/entity/Q122303936,http://www.wikidata.org/prop/direct/P841,http://www.wikidata.org/entity/Q2720
http://www.wikidata.org/entity/Q122303936,http://www.wikidata.org/prop/direct/P1343,http://www.wikidata.org/entity/Q126374601
http://www.wikidata.org/entity/Q122303936,http://www.wikidata.org/prop/direct/P1343,http://www.wikidata.org/entity/Q126393245
http://www.wikidata.org/entity/Q122303936,http://www.wikidata.org/prop/direct/P1343,http://www.wikidata.org/entity/Q126456421
http://www.wikidata.org/entity/Q122303936,http://www.wikidata.org/prop/direct/P1343,http://www.wikidata.org/entity/Q126528008
http://www.wikidata.org/entity/Q122303936,http://www.wikidata.org/prop/direct/P1343,http://www.wikidata.org/entity/Q126540348
http://www.wikidata.org/entity/Q122303936,http://www.wikidata.org/prop/direct/P1343,http://www.wikidata.org/entity/Q126871352
http://www.wikidata.org/entity/Q122303936,http://www.wikidata.org/prop/direct/P1343,http://www.wikidata.org/entity/Q126875543
http://www.wikidata.org/entity/Q122303936,http://www.wikidata.org/prop/direct/P1343,http://www.wikidata.org/entity/Q130284129
http://www.wikidata.org/entity/Q122303936,http://www.wikidata.org/prop/direct/P1343,http://www.wikidata.org/entity/Q130308814
http://www.wikidata.org/entity/Q122303936,http://www.wikidata.org/prop/direct/P1343,http://www.wikidata.org/entity/Q132817615
http://www.wikidata.org/entity/Q122303936,http://www.wikidata.org/prop/direct/P2186,IE-KK-0321
http://www.wikidata.org/entity/Q122303936,http://www.wikidata.org/prop/direct/P4057,KK036-030----
http://www.wikidata.org/entity/Q122303936,http://www.wikidata.org/prop/direct/P11693,8526425065
http://www.wikidata.org/entity/Q122304309,http://www.wikidata.org/prop/direct/P10,http://commons.wikimedia.org/wiki/Special:FilePath/St%20Moling%27s%20Well%20Mullinakill.webm
http://www.wikidata.org/entity/Q122304309,http://www.wikidata.org/prop/direct/P17,http://www.wikidata.org/entity/Q27
http://www.wikidata.org/entity/Q122304309,http://www.wikidata.org/prop/direct/P18,http://commons.wikimedia.org/wiki/Special:FilePath/St%20Molin%27s%20Well%2C%20Mullennakill%2C%20Co.Kilkenny%20-%20geograph.org.uk%20-%20213492.jpg
http://www.wikidata.org/entity/Q122304309,http://www.wikidata.org/prop/direct/P31,http://www.wikidata.org/entity/Q1371047
http://www.wikidata.org/entity/Q122304309,http://www.wikidata.org/prop/direct/P31,http://www.wikidata.org/entity/Q105889895
http://www.wikidata.org/entity/Q122304309,http://www.wikidata.org/prop/direct/P31,http://www.wikidata.org/entity/Q126443332
http://www.wikidata.org/entity/Q122304309,http://www.wikidata.org/prop/direct/P131,http://www.wikidata.org/entity/Q180231
http://www.wikidata.org/entity/Q122304309,http://www.wikidata.org/prop/direct/P131,http://www.wikidata.org/entity/Q60554520
http://www.wikidata.org/entity/Q122304309,http://www.wikidata.org/prop/direct/P131,http://www.wikidata.org/entity/Q104266023
http://www.wikidata.org/entity/Q122304309,http://www.wikidata.org/prop/direct/P138,http://www.wikidata.org/entity/Q4300418
http://www.wikidata.org/entity/Q122304309,http://www.wikidata.org/prop/direct/P195,http://www.wikidata.org/entity/Q126875543
http://www.wikidata.org/entity/Q122304309,http://www.wikidata.org/prop/direct/P195,http://www.wikidata.org/entity/Q132817615
http://www.wikidata.org/entity/Q122304309,http://www.wikidata.org/prop/direct/P217,140
http://www.wikidata.org/entity/Q122304309,http://www.wikidata.org/prop/direct/P217,KHW020
http://www.wikidata.org/entity/Q122304309,http://www.wikidata.org/prop/direct/P373,"St Molin's Well, Mullennakill"
http://www.wikidata.org/entity/Q122304309,http://www.wikidata.org/prop/direct/P625,Point(-7.11584 52.4307541)
http://www.wikidata.org/entity/Q122304309,http://www.wikidata.org/prop/direct/P708,http://www.wikidata.org/entity/Q873607
http://www.wikidata.org/entity/Q122304309,http://www.wikidata.org/prop/direct/P973,https://curiousireland.ie/st-molins-well/
http://www.wikidata.org/entity/Q122304309,http://www.wikidata.org/prop/direct/P973,https://irelandsholywells.blogspot.com/2011/09/saint-molings-well-county-kilkenny.html
http://www.wikidata.org/entity/Q122304309,http://www.wikidata.org/prop/direct/P1325,https://sketchfab.com/3d-models/st-molings-well-low-poly-dcfaff49b2f34d348d5cade4f889ad33
http://www.wikidata.org/entity/Q122304309,http://www.wikidata.org/prop/direct/P1343,http://www.wikidata.org/entity/Q130294561
http://www.wikidata.org/entity/Q122304309,http://www.wikidata.org/prop/direct/P2186,IE-KK-0322
http://www.wikidata.org/entity/Q122304309,http://www.wikidata.org/prop/direct/P4057,KK036-012001-
http://www.wikidata.org/entity/Q122304309,http://www.wikidata.org/prop/direct/P11693,8526433151
http://www.wikidata.org/entity/Q26436110,http://www.wikidata.org/prop/direct/P17,http://www.wikidata.org/entity/Q145
http://www.wikidata.org/entity/Q26436110,http://www.wikidata.org/prop/direct/P18,http://commons.wikimedia.org/wiki/Special:FilePath/St%20Ia%27s%20well.jpg
http://www.wikidata.org/entity/Q26436110,http://www.wikidata.org/prop/direct/P31,http://www.wikidata.org/entity/Q1371047
http://www.wikidata.org/entity/Q26436110,http://www.wikidata.org/prop/direct/P131,http://www.wikidata.org/entity/Q724182
http://www.wikidata.org/entity/Q26436110,http://www.wikidata.org/prop/direct/P613,SW5150040738
http://www.wikidata.org/entity/Q26436110,http://www.wikidata.org/prop/direct/P625,Point(-5.484563 50.214337)
http://www.wikidata.org/entity/Q26436110,http://www.wikidata.org/prop/direct/P1216,1143328
http://www.wikidata.org/entity/Q26436110,http://www.wikidata.org/prop/direct/P1435,http://www.wikidata.org/entity/Q15700834
http://www.wikidata.org/entity/Q26436110,http://www.wikidata.org/prop/direct/P7959,http://www.wikidata.org/entity/Q23148
http://www.wikidata.org/entity/Q26436110,http://www.wikidata.org/prop/direct/P12485,101143328
http://www.wikidata.org/entity/Q26436679,http://www.wikidata.org/prop/direct/P17,http://www.wikidata.org/entity/Q145
http://www.wikidata.org/entity/Q26436679,http://www.wikidata.org/prop/direct/P31,http://www.wikidata.org/entity/Q1371047
http://www.wikidata.org/entity/Q26436679,http://www.wikidata.org/prop/direct/P131,http://www.wikidata.org/entity/Q752502
http://www.wikidata.org/entity/Q26436679,http://www.wikidata.org/prop/direct/P361,http://www.wikidata.org/entity/Q17677197
http://www.wikidata.org/entity/Q26436679,http://www.wikidata.org/prop/direct/P613,SW4178329286
http://www.wikidata.org/entity/Q26436679,http://www.wikidata.org/prop/direct/P625,Point(-5.612713 50.107393)
http://www.wikidata.org/entity/Q26436679,http://www.wikidata.org/prop/direct/P1216,1143827
http://www.wikidata.org/entity/Q26436679,http://www.wikidata.org/prop/direct/P1435,http://www.wikidata.org/entity/Q15700834
http://www.wikidata.org/entity/Q26436679,http://www.wikidata.org/prop/direct/P7959,http://www.wikidata.org/entity/Q23148
http://www.wikidata.org/entity/Q26436679,http://www.wikidata.org/prop/direct/P12485,101143827
http://www.wikidata.org/entity/Q26437072,http://www.wikidata.org/prop/direct/P17,http://www.wikidata.org/entity/Q145
http://www.wikidata.org/entity/Q26437072,http://www.wikidata.org/prop/direct/P18,http://commons.wikimedia.org/wiki/Special:FilePath/Holy%20Well%2C%20St%20Sampson%E2%80%99s%20Church%2C%20Golant.jpg
http://www.wikidata.org/entity/Q26437072,http://www.wikidata.org/prop/direct/P31,http://www.wikidata.org/entity/Q1371047
http://www.wikidata.org/entity/Q26437072,http://www.wikidata.org/prop/direct/P131,http://www.wikidata.org/entity/Q7595444
http://www.wikidata.org/entity/Q26437072,http://www.wikidata.org/prop/direct/P613,SX1205055156
http://www.wikidata.org/entity/Q26437072,http://www.wikidata.org/prop/direct/P625,Point(-4.644117 50.366217)
http://www.wikidata.org/entity/Q26437072,http://www.wikidata.org/prop/direct/P1216,1144167
http://www.wikidata.org/entity/Q26437072,http://www.wikidata.org/prop/direct/P1435,http://www.wikidata.org/entity/Q15700834
http://www.wikidata.org/entity/Q26437072,http://www.wikidata.org/prop/direct/P7959,http://www.wikidata.org/entity/Q23148
http://www.wikidata.org/entity/Q26437072,http://www.wikidata.org/prop/direct/P12485,101144167
http://www.wikidata.org/entity/Q26452916,http://www.wikidata.org/prop/direct/P17,http://www.wikidata.org/entity/Q145
http://www.wikidata.org/entity/Q26452916,http://www.wikidata.org/prop/direct/P31,http://www.wikidata.org/entity/Q1371047
http://www.wikidata.org/entity/Q26452916,http://www.wikidata.org/prop/direct/P131,http://www.wikidata.org/entity/Q2901467
http://www.wikidata.org/entity/Q26452916,http://www.wikidata.org/prop/direct/P613,SX2291483883
http://www.wikidata.org/entity/Q26452916,http://www.wikidata.org/prop/direct/P625,Point(-4.505142 50.627687)
http://www.wikidata.org/entity/Q126476522,http://www.wikidata.org/prop/direct/P217,KHW041
http://www.wikidata.org/entity/Q126476522,http://www.wikidata.org/prop/direct/P625,Point(-7.1867466 52.6540968)
http://www.wikidata.org/entity/Q126476522,http://www.wikidata.org/prop/direct/P708,http://www.wikidata.org/entity/Q873607
http://www.wikidata.org/entity/Q126476522,http://www.wikidata.org/prop/direct/P973,https://kilkennyobserver.ie/fr-willie-joins-with-community-for-templemartin-graveyard-mass/
http://www.wikidata.org/entity/Q126476522,http://www.wikidata.org/prop/direct/P1343,http://www.wikidata.org/entity/Q120966194
http://www.wikidata.org/entity/Q126476522,http://www.wikidata.org/prop/direct/P1343,http://www.wikidata.org/entity/Q126374601
http://www.wikidata.org/entity/Q126476522,http://www.wikidata.org/prop/direct/P1343,http://www.wikidata.org/entity/Q126393245
http://www.wikidata.org/entity/Q126476522,http://www.wikidata.org/prop/direct/P1343,http://www.wikidata.org/entity/Q126454465
http://www.wikidata.org/entity/Q126476522,http://www.wikidata.org/prop/direct/P1343,http://www.wikidata.org/entity/Q126474972
http://www.wikidata.org/entity/Q126476522,http://www.wikidata.org/prop/direct/P1343,http://www.wikidata.org/entity/Q126528008
http://www.wikidata.org/entity/Q126476522,http://www.wikidata.org/prop/direct/P1343,http://www.wikidata.org/entity/Q126540348
http://www.wikidata.org/entity/Q126476522,http://www.wikidata.org/prop/direct/P1343,http://www.wikidata.org/entity/Q126555558
http://www.wikidata.org/entity/Q126476522,http://www.wikidata.org/prop/direct/P1343,http://www.wikidata.org/entity/Q126871352
http://www.wikidata.org/entity/Q126476522,http://www.wikidata.org/prop/direct/P1343,http://www.wikidata.org/entity/Q126875543
http://www.wikidata.org/entity/Q126476522,http://www.wikidata.org/prop/direct/P1343,http://www.wikidata.org/entity/Q130284129
http://www.wikidata.org/entity/Q126476522,http://www.wikidata.org/prop/direct/P1343,http://www.wikidata.org/entity/Q130308814
http://www.wikidata.org/entity/Q126476522,http://www.wikidata.org/prop/direct/P1343,http://www.wikidata.org/entity/Q132817615
http://www.wikidata.org/entity/Q126476522,http://www.wikidata.org/prop/direct/P4057,KK020-010----
http://www.wikidata.org/entity/Q126476522,http://www.wikidata.org/prop/direct/P6375,"""in a bog about two hundred yards to the north of the Church"""
http://www.wikidata.org/entity/Q126476522,http://www.wikidata.org/prop/direct/P11693,8490582674
http://www.wikidata.org/entity/Q126476536,http://www.wikidata.org/prop/direct/P17,http://www.wikidata.org/entity/Q27
http://www.wikidata.org/entity/Q126476536,http://www.wikidata.org/prop/direct/P31,http://www.wikidata.org/entity/Q124714
http://www.wikidata.org/entity/Q126476536,http://www.wikidata.org/prop/direct/P31,http://www.wikidata.org/entity/Q1371047
http://www.wikidata.org/entity/Q126476536,http://www.wikidata.org/prop/direct/P31,http://www.wikidata.org/entity/Q47524436
http://www.wikidata.org/entity/Q126476536,http://www.wikidata.org/prop/direct/P31,http://www.wikidata.org/entity/Q126443332
http://www.wikidata.org/entity/Q126476536,http://www.wikidata.org/prop/direct/P131,http://www.wikidata.org/entity/Q180231
http://www.wikidata.org/entity/Q126476536,http://www.wikidata.org/prop/direct/P131,http://www.wikidata.org/entity/Q60556627
http://www.wikidata.org/entity/Q126476536,http://www.wikidata.org/prop/direct/P131,http://www.wikidata.org/entity/Q104265497
http://www.wikidata.org/entity/Q126476536,http://www.wikidata.org/prop/direct/P138,http://www.wikidata.org/entity/Q676555
http://www.wikidata.org/entity/Q126476536,http://www.wikidata.org/prop/direct/P195,http://www.wikidata.org/entity/Q126875543
http://www.wikidata.org/entity/Q126476536,http://www.wikidata.org/prop/direct/P195,http://www.wikidata.org/entity/Q132817615
http://www.wikidata.org/entity/Q126476536,http://www.wikidata.org/prop/direct/P217,76
http://www.wikidata.org/entity/Q126476536,http://www.wikidata.org/prop/direct/P217,KHW111
http://www.wikidata.org/entity/Q126476536,http://www.wikidata.org/prop/direct/P403,http://www.wikidata.org/entity/Q1048506
http://www.wikidata.org/entity/Q126476536,http://www.wikidata.org/prop/direct/P625,Point(-7.2529393 52.6559448)
http://www.wikidata.org/entity/Q126476536,http://www.wikidata.org/prop/direct/P708,http://www.wikidata.org/entity/Q873607
http://www.wikidata.org/entity/Q126476536,http://www.wikidata.org/prop/direct/P973,https://kilkennyarchaeologicalsociety.ie/reputed-holy-wells-of-the-city-of-kilkenny/
http://www.wikidata.org/entity/Q126476536,http://www.wikidata.org/prop/direct/P1343,http://www.wikidata.org/entity/Q120966194
http://www.wikidata.org/entity/Q126476536,http://www.wikidata.org/prop/direct/P1343,http://www.wikidata.org/entity/Q120968926
http://www.wikidata.org/entity/Q126476536,http://www.wikidata.org/prop/direct/P1343,http://www.wikidata.org/entity/Q126454465
http://www.wikidata.org/entity/Q126476536,http://www.wikidata.org/prop/direct/P1343,http://www.wikidata.org/entity/Q126540348
http://www.wikidata.org/entity/Q126476536,http://www.wikidata.org/prop/direct/P1343,http://www.wikidata.org/entity/Q126871352
http://www.wikidata.org/entity/Q126476536,http://www.wikidata.org/prop/direct/P1343,http://www.wikidata.org/entity/Q126875543
http://www.wikidata.org/entity/Q126476536,http://www.wikidata.org/prop/direct/P1343,http://www.wikidata.org/entity/Q127524368
http://www.wikidata.org/entity/Q122307310,http://www.wikidata.org/prop/direct/P10,http://commons.wikimedia.org/wiki/Special:FilePath/Rathlogan%20Tobar%20na%20S%C3%BAl.webm
http://www.wikidata.org/entity/Q122307310,http://www.wikidata.org/prop/direct/P17,http://www.wikidata.org/entity/Q27
http://www.wikidata.org/entity/Q122307310,http://www.wikidata.org/prop/direct/P18,http://commons.wikimedia.org/wiki/Special:FilePath/Tobar%20na%20s%C3%BAl.jpg
http://www.wikidata.org/entity/Q122307310,http://www.wikidata.org/prop/direct/P18,http://commons.wikimedia.org/wiki/Special:FilePath/Access%20point%20into%20Tobar%20na%20s%C3%BAl.jpg
http://www.wikidata.org/entity/Q122307310,http://www.wikidata.org/prop/direct/P18,http://commons.wikimedia.org/wiki/Special:FilePath/Rag%20tree%20at%20Tobar%20na%20s%C3%BAl.jpg
http://www.wikidata.org/entity/Q122307310,http://www.wikidata.org/prop/direct/P31,http://www.wikidata.org/entity/Q1371047
http://www.wikidata.org/entity/Q122307310,http://www.wikidata.org/prop/direct/P31,http://www.wikidata.org/entity/Q126443332
http://www.wikidata.org/entity/Q122307310,http://www.wikidata.org/prop/direct/P131,http://www.wikidata.org/entity/Q180231
http://www.wikidata.org/entity/Q122307310,http://www.wikidata.org/prop/direct/P131,http://www.wikidata.org/entity/Q60553357
http://www.wikidata.org/entity/Q122307310,http://www.wikidata.org/prop/direct/P131,http://www.wikidata.org/entity/Q104264421
http://www.wikidata.org/entity/Q122307310,http://www.wikidata.org/prop/direct/P138,http://www.wikidata.org/entity/Q7364
http://www.wikidata.org/entity/Q122307310,http://www.wikidata.org/prop/direct/P195,http://www.wikidata.org/entity/Q126875543
http://www.wikidata.org/entity/Q122307310,http://www.wikidata.org/prop/direct/P195,http://www.wikidata.org/entity/Q132817615
http://www.wikidata.org/entity/Q122307310,http://www.wikidata.org/prop/direct/P217,84
http://www.wikidata.org/entity/Q122307310,http://www.wikidata.org/prop/direct/P217,KHW096
http://www.wikidata.org/entity/Q122307310,http://www.wikidata.org/prop/direct/P373,"Tobar na súl, Rathlogan"
http://www.wikidata.org/entity/Q122307310,http://www.wikidata.org/prop/direct/P625,Point(-7.5009061 52.77438)
http://www.wikidata.org/entity/Q122307310,http://www.wikidata.org/prop/direct/P708,http://www.wikidata.org/entity/Q873607
http://www.wikidata.org/entity/Q122307310,http://www.wikidata.org/prop/direct/P1343,http://www.wikidata.org/entity/Q116166792
http://www.wikidata.org/entity/Q122307310,http://www.wikidata.org/prop/direct/P1343,http://www.wikidata.org/entity/Q120966194
http://www.wikidata.org/entity/Q122307310,http://www.wikidata.org/prop/direct/P1343,http://www.wikidata.org/entity/Q126374601
http://www.wikidata.org/entity/Q122307310,http://www.wikidata.org/prop/direct/P1343,http://www.wikidata.org/entity/Q126393245
http://www.wikidata.org/entity/Q122307310,http://www.wikidata.org/prop/direct/P1343,http://www.wikidata.org/entity/Q126474972
http://www.wikidata.org/entity/Q122307310,http://www.wikidata.org/prop/direct/P1343,http://www.wikidata.org/entity/Q126875543
http://www.wikidata.org/entity/Q122307310,http://www.wikidata.org/prop/direct/P1343,http://www.wikidata.org/entity/Q127619817
http://www.wikidata.org/entity/Q122307310,http://www.wikidata.org/prop/direct/P1343,http://www.wikidata.org/entity/Q129333352
http://www.wikidata.org/entity/Q122307310,http://www.wikidata.org/prop/direct/P1343,http://www.wikidata.org/entity/Q129998019
http://www.wikidata.org/entity/Q122307310,http://www.wikidata.org/prop/direct/P1343,http://www.wikidata.org/entity/Q130308814
http://www.wikidata.org/entity/Q122307310,http://www.wikidata.org/prop/direct/P1343,http://www.wikidata.org/entity/Q130378388
http://www.wikidata.org/entity/Q122307310,http://www.wikidata.org/prop/direct/P1343,http://www.wikidata.org/entity/Q132817615
http://www.wikidata.org/entity/Q122307310,http://www.wikidata.org/prop/direct/P2186,IE-KK-0327
http://www.wikidata.org/entity/Q122307310,http://www.wikidata.org/prop/direct/P4057,KK008-133----
http://www.wikidata.org/entity/Q122307310,http://www.wikidata.org/prop/direct/P6375,"""a quarter of a mile east of the Church"""
http://www.wikidata.org/entity/Q122307310,http://www.wikidata.org/prop/direct/P11693,8530298594
http://www.wikidata.org/entity/Q122307327,http://www.wikidata.org/prop/direct/P17,http://www.wikidata.org/entity/Q27
http://www.wikidata.org/entity/Q122307327,http://www.wikidata.org/prop/direct/P18,http://commons.wikimedia.org/wiki/Special:FilePath/St.%20Monchin%E2%80%99s%20Well.jpg
http://www.wikidata.org/entity/Q122307327,http://www.wikidata.org/prop/direct/P31,http://www.wikidata.org/entity/Q1371047
http://www.wikidata.org/entity/Q122307327,http://www.wikidata.org/prop/direct/P31,http://www.wikidata.org/entity/Q126443332
http://www.wikidata.org/entity/Q122307327,http://www.wikidata.org/prop/direct/P131,http://www.wikidata.org/entity/Q180231
http://www.wikidata.org/entity/Q122307327,http://www.wikidata.org/prop/direct/P131,http://www.wikidata.org/entity/Q60553893
http://www.wikidata.org/entity/Q122307327,http://www.wikidata.org/prop/direct/P195,http://www.wikidata.org/entity/Q126875543
http://www.wikidata.org/entity/Q122307327,http://www.wikidata.org/prop/direct/P195,http://www.wikidata.org/entity/Q132817615
http://www.wikidata.org/entity/Q122307327,http://www.wikidata.org/prop/direct/P217,55
http://www.wikidata.org/entity/Q122307327,http://www.wikidata.org/prop/direct/P217,KHW097
http://www.wikidata.org/entity/Q122307327,http://www.wikidata.org/prop/direct/P373,"St. Monchin’s Well, Coolcashin"
http://www.wikidata.org/entity/Q122307327,http://www.wikidata.org/prop/direct/P625,Point(-7.4661385 52.7712689)
http://www.wikidata.org/entity/Q122307327,http://www.wikidata.org/prop/direct/P708,http://www.wikidata.org/entity/Q873607
http://www.wikidata.org/entity/Q122307327,http://www.wikidata.org/prop/direct/P1325,https://sketchfab.com/3d-models/coolcashin-holy-well-0b9871be582942e7a0339ca1f02ff70d
http://www.wikidata.org/entity/Q122307327,http://www.wikidata.org/prop/direct/P1343,http://www.wikidata.org/entity/Q126875543
http://www.wikidata.org/entity/Q122307327,http://www.wikidata.org/prop/direct/P2186,IE-KK-0328
http://www.wikidata.org/entity/Q122307327,http://www.wikidata.org/prop/direct/P4057,KK009-019007-
http://www.wikidata.org/entity/Q122307327,http://www.wikidata.org/prop/direct/P6375,"""twenty yards west of [the chuch]"" (OS Letters)"
http://www.wikidata.org/entity/Q122307327,http://www.wikidata.org/prop/direct/P11693,6551627967
http://www.wikidata.org/entity/Q122307353,http://www.wikidata.org/prop/direct/P10,http://commons.wikimedia.org/wiki/Special:FilePath/Stonecarthy%20Saint%20Kieran%27s%20well.webm
http://www.wikidata.org/entity/Q122307353,http://www.wikidata.org/prop/direct/P17,http://www.wikidata.org/entity/Q27
http://www.wikidata.org/entity/Q122307353,http://www.wikidata.org/prop/direct/P18,http://commons.wikimedia.org/wiki/Special:FilePath/Saint%20Kieran%27s%20Well.jpg
http://www.wikidata.org/entity/Q122307353,http://www.wikidata.org/prop/direct/P31,http://www.wikidata.org/entity/Q1371047
http://www.wikidata.org/entity/Q122307353,http://www.wikidata.org/prop/direct/P31,http://www.wikidata.org/entity/Q126443332
http://www.wikidata.org/entity/Q122307353,http://www.wikidata.org/prop/direct/P131,http://www.wikidata.org/entity/Q180231
http://www.wikidata.org/entity/Q122307353,http://www.wikidata.org/prop/direct/P138,http://www.wikidata.org/entity/Q2280421
http://www.wikidata.org/entity/Q122307353,http://www.wikidata.org/prop/direct/P195,http://www.wikidata.org/entity/Q126875543
http://www.wikidata.org/entity/Q122307353,http://www.wikidata.org/prop/direct/P195,http://www.wikidata.org/entity/Q132817615
http://www.wikidata.org/entity/Q122307353,http://www.wikidata.org/prop/direct/P217,167
http://www.wikidata.org/entity/Q122307353,http://www.wikidata.org/prop/direct/P217,KHW040
http://www.wikidata.org/entity/Q122307353,http://www.wikidata.org/prop/direct/P373,"Saint Kieran's Well, Stonecarthy West"
http://www.wikidata.org/entity/Q122307353,http://www.wikidata.org/prop/direct/P625,Point(-7.2376 52.524191)
http://www.wikidata.org/entity/Q122307353,http://www.wikidata.org/prop/direct/P708,http://www.wikidata.org/entity/Q873607
http://www.wikidata.org/entity/Q122307353,http://www.wikidata.org/prop/direct/P1343,http://www.wikidata.org/entity/Q120966194
http://www.wikidata.org/entity/Q122307353,http://www.wikidata.org/prop/direct/P1343,http://www.wikidata.org/entity/Q126374601
http://www.wikidata.org/entity/Q122307353,http://www.wikidata.org/prop/direct/P1343,http://www.wikidata.org/entity/Q126474972
http://www.wikidata.org/entity/Q122307353,http://www.wikidata.org/prop/direct/P1343,http://www.wikidata.org/entity/Q126528008
http://www.wikidata.org/entity/Q122307353,http://www.wikidata.org/prop/direct/P1343,http://www.wikidata.org/entity/Q126540348
http://www.wikidata.org/entity/Q122307353,http://www.wikidata.org/prop/direct/P1343,http://www.wikidata.org/entity/Q126875543
http://www.wikidata.org/entity/Q122307353,http://www.wikidata.org/prop/direct/P1343,http://www.wikidata.org/entity/Q127619817
http://www.wikidata.org/entity/Q122307353,http://www.wikidata.org/prop/direct/P1343,http://www.wikidata.org/entity/Q130284129
http://www.wikidata.org/entity/Q122307353,http://www.wikidata.org/prop/direct/P1343,http://www.wikidata.org/entity/Q132817615
http://www.wikidata.org/entity/Q122307353,http://www.wikidata.org/prop/direct/P1651,B6CSGieeHpY
http://www.wikidata.org/entity/Q122307353,http://www.wikidata.org/prop/direct/P2186,IE-KK-0329
http://www.wikidata.org/entity/Q122307353,http://www.wikidata.org/prop/direct/P4057,KK027-045----
http://www.wikidata.org/entity/Q122307353,http://www.wikidata.org/prop/direct/P11693,6499760794
http://www.wikidata.org/entity/Q30247877,http://www.wikidata.org/prop/direct/P17,http://www.wikidata.org/entity/Q35
http://www.wikidata.org/entity/Q30247877,http://www.wikidata.org/prop/direct/P31,http://www.wikidata.org/entity/Q1371047
http://www.wikidata.org/entity/Q30247877,http://www.wikidata.org/prop/direct/P131,http://www.wikidata.org/entity/Q494827
http://www.wikidata.org/entity/Q30247877,http://www.wikidata.org/prop/direct/P625,Point(12.36916763 56.034982535)
http://www.wikidata.org/entity/Q30247877,http://www.wikidata.org/prop/direct/P1435,http://www.wikidata.org/entity/Q12312385
http://www.wikidata.org/entity/Q30247877,http://www.wikidata.org/prop/direct/P3596,194930
http://www.wikidata.org/entity/Q30248176,http://www.wikidata.org/prop/direct/P17,http://www.wikidata.org/entity/Q35
http://www.wikidata.org/entity/Q30248176,http://www.wikidata.org/prop/direct/P31,http://www.wikidata.org/entity/Q1371047
http://www.wikidata.org/entity/Q30248176,http://www.wikidata.org/prop/direct/P131,http://www.wikidata.org/entity/Q512581
http://www.wikidata.org/entity/Q30248176,http://www.wikidata.org/prop/direct/P625,Point(10.53121232 56.213234778)
http://www.wikidata.org/entity/Q30248176,http://www.wikidata.org/prop/direct/P1435,http://www.wikidata.org/entity/Q12312385
http://www.wikidata.org/entity/Q30248176,http://www.wikidata.org/prop/direct/P3596,201311
http://www.wikidata.org/entity/Q31101502,http://www.wikidata.org/prop/direct/P17,http://www.wikidata.org/entity/Q27
http://www.wikidata.org/entity/Q31101502,http://www.wikidata.org/prop/direct/P31,http://www.wikidata.org/entity/Q1371047
http://www.wikidata.org/entity/Q31101502,http://www.wikidata.org/prop/direct/P131,http://www.wikidata.org/entity/Q186220
http://www.wikidata.org/entity/Q31101502,http://www.wikidata.org/prop/direct/P625,Point(-7.648889 53.601944)
http://www.wikidata.org/entity/Q31101502,http://www.wikidata.org/prop/direct/P2186,IE-LD-0021
http://www.wikidata.org/entity/Q31101502,http://www.wikidata.org/prop/direct/P7959,http://www.wikidata.org/entity/Q186220
http://www.wikidata.org/entity/Q31358936,http://www.wikidata.org/prop/direct/P17,http://www.wikidata.org/entity/Q145
http://www.wikidata.org/entity/Q31358936,http://www.wikidata.org/prop/direct/P31,http://www.wikidata.org/entity/Q1371047
http://www.wikidata.org/entity/Q31358936,http://www.wikidata.org/prop/direct/P131,http://www.wikidata.org/entity/Q42617191
http://www.wikidata.org/entity/Q31358936,http://www.wikidata.org/prop/direct/P276,http://www.wikidata.org/entity/Q3397276
http://www.wikidata.org/entity/Q31358936,http://www.wikidata.org/prop/direct/P625,Point(-4.2559383 53.33852)
http://www.wikidata.org/entity/Q31358936,http://www.wikidata.org/prop/direct/P1435,http://www.wikidata.org/entity/Q219538
http://www.wikidata.org/entity/Q31358936,http://www.wikidata.org/prop/direct/P1435,http://www.wikidata.org/entity/Q128791689
http://www.wikidata.org/entity/Q31358936,http://www.wikidata.org/prop/direct/P3007,AN068
http://www.wikidata.org/entity/Q31358936,http://www.wikidata.org/prop/direct/P4658,32151
http://www.wikidata.org/entity/Q31358936,http://www.wikidata.org/prop/direct/P7959,http://www.wikidata.org/entity/Q67283698
http://www.wikidata.org/entity/Q31358936,http://www.wikidata.org/prop/direct/P12749,Q115000
http://www.wikidata.org/entity/Q32263869,http://www.wikidata.org/prop/direct/P17,http://www.wikidata.org/entity/Q27
http://www.wikidata.org/entity/Q32263869,http://www.wikidata.org/prop/direct/P31,http://www.wikidata.org/entity/Q1371047
http://www.wikidata.org/entity/Q32263869,http://www.wikidata.org/prop/direct/P131,http://www.wikidata.org/entity/Q184599
http://www.wikidata.org/entity/Q32263869,http://www.wikidata.org/prop/direct/P625,Point(-6.531667 52.410278)
http://www.wikidata.org/entity/Q126946657,http://www.wikidata.org/prop/direct/P17,http://www.wikidata.org/entity/Q27
http://www.wikidata.org/entity/Q126946657,http://www.wikidata.org/prop/direct/P31,http://www.wikidata.org/entity/Q124714
http://www.wikidata.org/entity/Q126946657,http://www.wikidata.org/prop/direct/P31,http://www.wikidata.org/entity/Q1371047
http://www.wikidata.org/entity/Q126946657,http://www.wikidata.org/prop/direct/P31,http://www.wikidata.org/entity/Q126443332
http://www.wikidata.org/entity/Q126946657,http://www.wikidata.org/prop/direct/P131,http://www.wikidata.org/entity/Q180231
http://www.wikidata.org/entity/Q126946657,http://www.wikidata.org/prop/direct/P131,http://www.wikidata.org/entity/Q60553592
http://www.wikidata.org/entity/Q126946657,http://www.wikidata.org/prop/direct/P131,http://www.wikidata.org/entity/Q104265836
http://www.wikidata.org/entity/Q126946657,http://www.wikidata.org/prop/direct/P138,http://www.wikidata.org/entity/Q466428
http://www.wikidata.org/entity/Q126946657,http://www.wikidata.org/prop/direct/P195,http://www.wikidata.org/entity/Q126875543
http://www.wikidata.org/entity/Q126946657,http://www.wikidata.org/prop/direct/P195,http://www.wikidata.org/entity/Q132817615
http://www.wikidata.org/entity/Q126946657,http://www.wikidata.org/prop/direct/P217,154
http://www.wikidata.org/entity/Q126946657,http://www.wikidata.org/prop/direct/P217,KHW2-25
http://www.wikidata.org/entity/Q126946657,http://www.wikidata.org/prop/direct/P625,Point(-7.1356135 52.641325)
http://www.wikidata.org/entity/Q126946657,http://www.wikidata.org/prop/direct/P708,http://www.wikidata.org/entity/Q873607
http://www.wikidata.org/entity/Q126946657,http://www.wikidata.org/prop/direct/P1343,http://www.wikidata.org/entity/Q126393245
http://www.wikidata.org/entity/Q126946657,http://www.wikidata.org/prop/direct/P1343,http://www.wikidata.org/entity/Q126528008
http://www.wikidata.org/entity/Q126946657,http://www.wikidata.org/prop/direct/P1343,http://www.wikidata.org/entity/Q126875543
http://www.wikidata.org/entity/Q126946657,http://www.wikidata.org/prop/direct/P1343,http://www.wikidata.org/entity/Q130284129
http://www.wikidata.org/entity/Q126946657,http://www.wikidata.org/prop/direct/P1343,http://www.wikidata.org/entity/Q132817615
http://www.wikidata.org/entity/Q126949259,http://www.wikidata.org/prop/direct/P17,http://www.wikidata.org/entity/Q27
http://www.wikidata.org/entity/Q126949259,http://www.wikidata.org/prop/direct/P31,http://www.wikidata.org/entity/Q1371047
http://www.wikidata.org/entity/Q126949259,http://www.wikidata.org/prop/direct/P31,http://www.wikidata.org/entity/Q126443332
http://www.wikidata.org/entity/Q126949259,http://www.wikidata.org/prop/direct/P131,http://www.wikidata.org/entity/Q180231
http://www.wikidata.org/entity/Q126949259,http://www.wikidata.org/prop/direct/P131,http://www.wikidata.org/entity/Q60556394
http://www.wikidata.org/entity/Q126949259,http://www.wikidata.org/prop/direct/P131,http://www.wikidata.org/entity/Q104264421
http://www.wikidata.org/entity/Q126949259,http://www.wikidata.org/prop/direct/P195,http://www.wikidata.org/entity/Q126875543
http://www.wikidata.org/entity/Q126949259,http://www.wikidata.org/prop/direct/P217,157
http://www.wikidata.org/entity/Q126949259,http://www.wikidata.org/prop/direct/P1343,http://www.wikidata.org/entity/Q126875543
http://www.wikidata.org/entity/Q126949259,http://www.wikidata.org/prop/direct/P1343,http://www.wikidata.org/entity/Q129998019
http://www.wikidata.org/entity/Q126949628,http://www.wikidata.org/prop/direct/P17,http://www.wikidata.org/entity/Q27
http://www.wikidata.org/entity/Q126949628,http://www.wikidata.org/prop/direct/P31,http://www.wikidata.org/entity/Q1371047
http://www.wikidata.org/entity/Q126949628,http://www.wikidata.org/prop/direct/P31,http://www.wikidata.org/entity/Q126443332
http://www.wikidata.org/entity/Q126949628,http://www.wikidata.org/prop/direct/P131,http://www.wikidata.org/entity/Q180231
http://www.wikidata.org/entity/Q126949628,http://www.wikidata.org/prop/direct/P131,http://www.wikidata.org/entity/Q60553962
http://www.wikidata.org/entity/Q126949628,http://www.wikidata.org/prop/direct/P131,http://www.wikidata.org/entity/Q104264933
http://www.wikidata.org/entity/Q126949628,http://www.wikidata.org/prop/direct/P195,http://www.wikidata.org/entity/Q126875543
http://www.wikidata.org/entity/Q126949628,http://www.wikidata.org/prop/direct/P195,http://www.wikidata.org/entity/Q132817615
http://www.wikidata.org/entity/Q126949628,http://www.wikidata.org/prop/direct/P217,161
http://www.wikidata.org/entity/Q126949628,http://www.wikidata.org/prop/direct/P217,KHW130
http://www.wikidata.org/entity/Q126923120,http://www.wikidata.org/prop/direct/P625,Point(-7.265683 52.60868)
http://www.wikidata.org/entity/Q126923120,http://www.wikidata.org/prop/direct/P708,http://www.wikidata.org/entity/Q873607
http://www.wikidata.org/entity/Q126923120,http://www.wikidata.org/prop/direct/P1343,http://www.wikidata.org/entity/Q120966194
http://www.wikidata.org/entity/Q126923120,http://www.wikidata.org/prop/direct/P1343,http://www.wikidata.org/entity/Q126374601
http://www.wikidata.org/entity/Q126923120,http://www.wikidata.org/prop/direct/P1343,http://www.wikidata.org/entity/Q126875543
http://www.wikidata.org/entity/Q126923120,http://www.wikidata.org/prop/direct/P1343,http://www.wikidata.org/entity/Q132817615
http://www.wikidata.org/entity/Q126923120,http://www.wikidata.org/prop/direct/P4057,KK023-009005-
http://www.wikidata.org/entity/Q126923120,http://www.wikidata.org/prop/direct/P6375,"""Tom Kearney's Field"" (O'Kelly)"
http://www.wikidata.org/entity/Q126923187,http://www.wikidata.org/prop/direct/P17,http://www.wikidata.org/entity/Q27
http://www.wikidata.org/entity/Q126923187,http://www.wikidata.org/prop/direct/P31,http://www.wikidata.org/entity/Q43483
http://www.wikidata.org/entity/Q126923187,http://www.wikidata.org/prop/direct/P31,http://www.wikidata.org/entity/Q1371047
http://www.wikidata.org/entity/Q126923187,http://www.wikidata.org/prop/direct/P31,http://www.wikidata.org/entity/Q126443332
http://www.wikidata.org/entity/Q126923187,http://www.wikidata.org/prop/direct/P131,http://www.wikidata.org/entity/Q180231
http://www.wikidata.org/entity/Q126923187,http://www.wikidata.org/prop/direct/P138,http://www.wikidata.org/entity/Q2151232
http://www.wikidata.org/entity/Q126923187,http://www.wikidata.org/prop/direct/P195,http://www.wikidata.org/entity/Q126875543
http://www.wikidata.org/entity/Q126923187,http://www.wikidata.org/prop/direct/P195,http://www.wikidata.org/entity/Q132817615
http://www.wikidata.org/entity/Q126923187,http://www.wikidata.org/prop/direct/P217,122
http://www.wikidata.org/entity/Q126923187,http://www.wikidata.org/prop/direct/P217,KHW142
http://www.wikidata.org/entity/Q126923187,http://www.wikidata.org/prop/direct/P708,http://www.wikidata.org/entity/Q873607
http://www.wikidata.org/entity/Q126923187,http://www.wikidata.org/prop/direct/P1343,http://www.wikidata.org/entity/Q120966194
http://www.wikidata.org/entity/Q126923187,http://www.wikidata.org/prop/direct/P1343,http://www.wikidata.org/entity/Q126875543
http://www.wikidata.org/entity/Q126923187,http://www.wikidata.org/prop/direct/P1343,http://www.wikidata.org/entity/Q130308814
http://www.wikidata.org/entity/Q126923187,http://www.wikidata.org/prop/direct/P1343,http://www.wikidata.org/entity/Q132817615
http://www.wikidata.org/entity/Q126923187,http://www.wikidata.org/prop/direct/P1343,http://www.wikidata.org/entity/Q133263165
http://www.wikidata.org/entity/Q126923187,http://www.wikidata.org/prop/direct/P4057,KK035-086001-
http://www.wikidata.org/entity/Q126923572,http://www.wikidata.org/prop/direct/P17,http://www.wikidata.org/entity/Q27
http://www.wikidata.org/entity/Q126923572,http://www.wikidata.org/prop/direct/P31,http://www.wikidata.org/entity/Q1371047
http://www.wikidata.org/entity/Q126923572,http://www.wikidata.org/prop/direct/P31,http://www.wikidata.org/entity/Q15135589
http://www.wikidata.org/entity/Q126923572,http://www.wikidata.org/prop/direct/P31,http://www.wikidata.org/entity/Q126443332
http://www.wikidata.org/entity/Q126923572,http://www.wikidata.org/prop/direct/P131,http://www.wikidata.org/entity/Q180231
http://www.wikidata.org/entity/Q126923572,http://www.wikidata.org/prop/direct/P195,http://www.wikidata.org/entity/Q126875543
http://www.wikidata.org/entity/Q126923572,http://www.wikidata.org/prop/direct/P217,134
http://www.wikidata.org/entity/Q126923572,http://www.wikidata.org/prop/direct/P625,Point(-7.2543803 52.7734159)
http://www.wikidata.org/entity/Q126923572,http://www.wikidata.org/prop/direct/P1343,http://www.wikidata.org/entity/Q126875543
http://www.wikidata.org/entity/Q126923572,http://www.wikidata.org/prop/direct/P1343,http://www.wikidata.org/entity/Q129333352
http://www.wikidata.org/entity/Q126923572,http://www.wikidata.org/prop/direct/P1343,http://www.wikidata.org/entity/Q130284129
http://www.wikidata.org/entity/Q126478219,http://www.wikidata.org/prop/direct/P17,http://www.wikidata.org/entity/Q27
http://www.wikidata.org/entity/Q126478219,http://www.wikidata.org/prop/direct/P18,http://commons.wikimedia.org/wiki/Special:FilePath/Covered%20Lady%27s%20Well%20in%20Thomastown%202.jpg
http://www.wikidata.org/entity/Q126478219,http://www.wikidata.org/prop/direct/P31,http://www.wikidata.org/entity/Q1371047
http://www.wikidata.org/entity/Q126478219,http://www.wikidata.org/prop/direct/P31,http://www.wikidata.org/entity/Q126443332
http://www.wikidata.org/entity/Q126478219,http://www.wikidata.org/prop/direct/P131,http://www.wikidata.org/entity/Q180231
http://www.wikidata.org/entity/Q126478219,http://www.wikidata.org/prop/direct/P131,http://www.wikidata.org/entity/Q59719966
http://www.wikidata.org/entity/Q126478219,http://www.wikidata.org/prop/direct/P138,http://www.wikidata.org/entity/Q345
http://www.wikidata.org/entity/Q126478219,http://www.wikidata.org/prop/direct/P195,http://www.wikidata.org/entity/Q126875543
http://www.wikidata.org/entity/Q126478219,http://www.wikidata.org/prop/direct/P195,http://www.wikidata.org/entity/Q132817615
http://www.wikidata.org/entity/Q126478219,http://www.wikidata.org/prop/direct/P217,141
http://www.wikidata.org/entity/Q126478219,http://www.wikidata.org/prop/direct/P217,KHW050
http://www.wikidata.org/entity/Q126478219,http://www.wikidata.org/prop/direct/P373,"Lady's Well, Thomastown, Co. Kilkenny"
http://www.wikidata.org/entity/Q126478219,http://www.wikidata.org/prop/direct/P625,Point(-7.1419103 52.5283924)
http://www.wikidata.org/entity/Q126478219,http://www.wikidata.org/prop/direct/P708,http://www.wikidata.org/entity/Q873607
http://www.wikidata.org/entity/Q126478219,http://www.wikidata.org/prop/direct/P973,https://www.irishstones.org/place.aspx?p=989
http://www.wikidata.org/entity/Q126478219,http://www.wikidata.org/prop/direct/P973,https://consult.kilkenny.ie/en/system/files/materials/2866/Report%202%20-%20Ladyswell%20Archaeological%20Impact%20Assessment.pdf
http://www.wikidata.org/entity/Q126478219,http://www.wikidata.org/prop/direct/P1343,http://www.wikidata.org/entity/Q120966194
http://www.wikidata.org/entity/Q126478219,http://www.wikidata.org/prop/direct/P1343,http://www.wikidata.org/entity/Q126374601
http://www.wikidata.org/entity/Q126478219,http://www.wikidata.org/prop/direct/P1343,http://www.wikidata.org/entity/Q126393245
http://www.wikidata.org/entity/Q126478219,http://www.wikidata.org/prop/direct/P1343,http://www.wikidata.org/entity/Q126456421
http://www.wikidata.org/entity/Q126478219,http://www.wikidata.org/prop/direct/P1343,http://www.wikidata.org/entity/Q126474972
http://www.wikidata.org/entity/Q126478219,http://www.wikidata.org/prop/direct/P1343,http://www.wikidata.org/entity/Q126528008
http://www.wikidata.org/entity/Q126478219,http://www.wikidata.org/prop/direct/P1343,http://www.wikidata.org/entity/Q126540348
http://www.wikidata.org/entity/Q126478219,http://www.wikidata.org/prop/direct/P1343,http://www.wikidata.org/entity/Q126555558
http://www.wikidata.org/entity/Q126478219,http://www.wikidata.org/prop/direct/P1343,http://www.wikidata.org/entity/Q126875543
http://www.wikidata.org/entity/Q126478219,http://www.wikidata.org/prop/direct/P1343,http://www.wikidata.org/entity/Q130284129
http://www.wikidata.org/entity/Q126478219,http://www.wikidata.org/prop/direct/P1343,http://www.wikidata.org/entity/Q130308814
http://www.wikidata.org/entity/Q126478219,http://www.wikidata.org/prop/direct/P1343,http://www.wikidata.org/entity/Q132817615
http://www.wikidata.org/entity/Q126478219,http://www.wikidata.org/prop/direct/P1651,pQLgDng3t3E
http://www.wikidata.org/entity/Q126478219,http://www.wikidata.org/prop/direct/P4057,KK028-039----
http://www.wikidata.org/entity/Q126478219,http://www.wikidata.org/prop/direct/P11693,8513520174
http://www.wikidata.org/entity/Q126478257,http://www.wikidata.org/prop/direct/P17,http://www.wikidata.org/entity/Q27
http://www.wikidata.org/entity/Q126478257,http://www.wikidata.org/prop/direct/P31,http://www.wikidata.org/entity/Q124714
http://www.wikidata.org/entity/Q126478257,http://www.wikidata.org/prop/direct/P31,http://www.wikidata.org/entity/Q1371047
http://www.wikidata.org/entity/Q126478257,http://www.wikidata.org/prop/direct/P31,http://www.wikidata.org/entity/Q126443332
http://www.wikidata.org/entity/Q126478257,http://www.wikidata.org/prop/direct/P131,http://www.wikidata.org/entity/Q180231
http://www.wikidata.org/entity/Q126478257,http://www.wikidata.org/prop/direct/P131,http://www.wikidata.org/entity/Q22909518
http://www.wikidata.org/entity/Q126478257,http://www.wikidata.org/prop/direct/P131,http://www.wikidata.org/entity/Q104264885
http://www.wikidata.org/entity/Q126478257,http://www.wikidata.org/prop/direct/P138,http://www.wikidata.org/entity/Q7401223
http://www.wikidata.org/entity/Q126478257,http://www.wikidata.org/prop/direct/P195,http://www.wikidata.org/entity/Q126875543
http://www.wikidata.org/entity/Q126478257,http://www.wikidata.org/prop/direct/P195,http://www.wikidata.org/entity/Q132817615
http://www.wikidata.org/entity/Q126478257,http://www.wikidata.org/prop/direct/P217,169
http://www.wikidata.org/entity/Q126478257,http://www.wikidata.org/prop/direct/P217,KHW003
http://www.wikidata.org/entity/Q126478471,http://www.wikidata.org/prop/direct/P11693,8513601451
http://www.wikidata.org/entity/Q126478483,http://www.wikidata.org/prop/direct/P17,http://www.wikidata.org/entity/Q27
http://www.wikidata.org/entity/Q126478483,http://www.wikidata.org/prop/direct/P18,http://commons.wikimedia.org/wiki/Special:FilePath/Tobernamonine%20with%20ranging%20rod.jpg
http://www.wikidata.org/entity/Q126478483,http://www.wikidata.org/prop/direct/P31,http://www.wikidata.org/entity/Q1371047
http://www.wikidata.org/entity/Q126478483,http://www.wikidata.org/prop/direct/P31,http://www.wikidata.org/entity/Q15135589
http://www.wikidata.org/entity/Q126478483,http://www.wikidata.org/prop/direct/P31,http://www.wikidata.org/entity/Q126443332
http://www.wikidata.org/entity/Q126478483,http://www.wikidata.org/prop/direct/P131,http://www.wikidata.org/entity/Q180231
http://www.wikidata.org/entity/Q126478483,http://www.wikidata.org/prop/direct/P131,http://www.wikidata.org/entity/Q60557176
http://www.wikidata.org/entity/Q126478483,http://www.wikidata.org/prop/direct/P131,http://www.wikidata.org/entity/Q104264803
http://www.wikidata.org/entity/Q126478483,http://www.wikidata.org/prop/direct/P138,http://www.wikidata.org/entity/Q4301754
http://www.wikidata.org/entity/Q126478483,http://www.wikidata.org/prop/direct/P195,http://www.wikidata.org/entity/Q126875543
http://www.wikidata.org/entity/Q126478483,http://www.wikidata.org/prop/direct/P195,http://www.wikidata.org/entity/Q132817615
http://www.wikidata.org/entity/Q126478483,http://www.wikidata.org/prop/direct/P217,81
http://www.wikidata.org/entity/Q126478483,http://www.wikidata.org/prop/direct/P217,KHW015
http://www.wikidata.org/entity/Q126478483,http://www.wikidata.org/prop/direct/P373,"St Moninna's Well, Glencommaun"
http://www.wikidata.org/entity/Q126478483,http://www.wikidata.org/prop/direct/P625,Point(-7.3551267 52.4041519)
http://www.wikidata.org/entity/Q126478483,http://www.wikidata.org/prop/direct/P708,http://www.wikidata.org/entity/Q873607
http://www.wikidata.org/entity/Q126478483,http://www.wikidata.org/prop/direct/P841,http://www.wikidata.org/entity/Q2695
http://www.wikidata.org/entity/Q126478483,http://www.wikidata.org/prop/direct/P1343,http://www.wikidata.org/entity/Q120966194
http://www.wikidata.org/entity/Q126478483,http://www.wikidata.org/prop/direct/P1343,http://www.wikidata.org/entity/Q126374601
http://www.wikidata.org/entity/Q126478483,http://www.wikidata.org/prop/direct/P1343,http://www.wikidata.org/entity/Q126393245
http://www.wikidata.org/entity/Q126478483,http://www.wikidata.org/prop/direct/P1343,http://www.wikidata.org/entity/Q126456421
http://www.wikidata.org/entity/Q126478483,http://www.wikidata.org/prop/direct/P1343,http://www.wikidata.org/entity/Q126528008
http://www.wikidata.org/entity/Q126478483,http://www.wikidata.org/prop/direct/P1343,http://www.wikidata.org/entity/Q126540348
http://www.wikidata.org/entity/Q126478483,http://www.wikidata.org/prop/direct/P1343,http://www.wikidata.org/entity/Q126555558
http://www.wikidata.org/entity/Q126478483,http://www.wikidata.org/prop/direct/P1343,http://www.wikidata.org/entity/Q126875543
http://www.wikidata.org/entity/Q126478483,http://www.wikidata.org/prop/direct/P1343,http://www.wikidata.org/entity/Q130284129
http://www.wikidata.org/entity/Q126478483,http://www.wikidata.org/prop/direct/P1343,http://www.wikidata.org/entity/Q130486611
http://www.wikidata.org/entity/Q126478483,http://www.wikidata.org/prop/direct/P1343,http://www.wikidata.org/entity/Q132817615
http://www.wikidata.org/entity/Q126478483,http://www.wikidata.org/prop/direct/P4057,KK034-034----
http://www.wikidata.org/entity/Q126478483,http://www.wikidata.org/prop/direct/P11693,8522349429
http://www.wikidata.org/entity/Q30246729,http://www.wikidata.org/prop/direct/P31,http://www.wikidata.org/entity/Q1371047
http://www.wikidata.org/entity/Q30246729,http://www.wikidata.org/prop/direct/P131,http://www.wikidata.org/entity/Q107397
http://www.wikidata.org/entity/Q30246729,http://www.wikidata.org/prop/direct/P625,Point(-8.375244 54.464064)
http://www.wikidata.org/entity/Q30246729,http://www.wikidata.org/prop/direct/P2186,IE-LM-0005
http://www.wikidata.org/entity/Q30246729,http://www.wikidata.org/prop/direct/P7959,http://www.wikidata.org/entity/Q107397
http://www.wikidata.org/entity/Q30247001,http://www.wikidata.org/prop/direct/P17,http://www.wikidata.org/entity/Q27
http://www.wikidata.org/entity/Q30247001,http://www.wikidata.org/prop/direct/P18,http://commons.wikimedia.org/wiki/Special:FilePath/County%20Kildare%20-%20Tobar%20Bride-St%20Brigids%20Well%20-%2020180928195527.jpg
http://www.wikidata.org/entity/Q30247001,http://www.wikidata.org/prop/direct/P31,http://www.wikidata.org/entity/Q1371047
http://www.wikidata.org/entity/Q30247001,http://www.wikidata.org/prop/direct/P131,http://www.wikidata.org/entity/Q173332
http://www.wikidata.org/entity/Q30247001,http://www.wikidata.org/prop/direct/P373,"St Brigid's Well, Brideswell Big"
http://www.wikidata.org/entity/Q30247001,http://www.wikidata.org/prop/direct/P625,Point(-6.91155 53.158047)
http://www.wikidata.org/entity/Q30247001,http://www.wikidata.org/prop/direct/P2186,IE-KE-0022
http://www.wikidata.org/entity/Q30247001,http://www.wikidata.org/prop/direct/P7959,http://www.wikidata.org/entity/Q173332
http://www.wikidata.org/entity/Q30247273,http://www.wikidata.org/prop/direct/P17,http://www.wikidata.org/entity/Q27
http://www.wikidata.org/entity/Q30247273,http://www.wikidata.org/prop/direct/P18,http://commons.wikimedia.org/wiki/Special:FilePath/Tobairin%20Domhnach%20-%20geograph.org.uk%20-%20529082.jpg
http://www.wikidata.org/entity/Q30247273,http://www.wikidata.org/prop/direct/P31,http://www.wikidata.org/entity/Q1371047
http://www.wikidata.org/entity/Q30247273,http://www.wikidata.org/prop/direct/P131,http://www.wikidata.org/entity/Q184469
http://www.wikidata.org/entity/Q30247273,http://www.wikidata.org/prop/direct/P625,Point(-10.373889 51.858611)
http://www.wikidata.org/entity/Q30247273,http://www.wikidata.org/prop/direct/P2186,IE-KY-0137
http://www.wikidata.org/entity/Q30247273,http://www.wikidata.org/prop/direct/P7959,http://www.wikidata.org/entity/Q184469
http://www.wikidata.org/entity/Q30247277,http://www.wikidata.org/prop/direct/P17,http://www.wikidata.org/entity/Q27
http://www.wikidata.org/entity/Q30247277,http://www.wikidata.org/prop/direct/P18,http://commons.wikimedia.org/wiki/Special:FilePath/St%20Johns%20Well.jpg
http://www.wikidata.org/entity/Q30247277,http://www.wikidata.org/prop/direct/P31,http://www.wikidata.org/entity/Q1371047
http://www.wikidata.org/entity/Q30247277,http://www.wikidata.org/prop/direct/P131,http://www.wikidata.org/entity/Q184469
http://www.wikidata.org/entity/Q30247277,http://www.wikidata.org/prop/direct/P625,Point(-10.111944 52.125278)
http://www.wikidata.org/entity/Q30247277,http://www.wikidata.org/prop/direct/P2186,IE-KY-0140
http://www.wikidata.org/entity/Q30247277,http://www.wikidata.org/prop/direct/P7959,http://www.wikidata.org/entity/Q184469
http://www.wikidata.org/entity/Q30247322,http://www.wikidata.org/prop/direct/P17,http://www.wikidata.org/entity/Q27
http://www.wikidata.org/entity/Q30247322,http://www.wikidata.org/prop/direct/P18,http://commons.wikimedia.org/wiki/Special:FilePath/St%20Endas%20Monastery.JPG
http://www.wikidata.org/entity/Q30247322,http://www.wikidata.org/prop/direct/P31,http://www.wikidata.org/entity/Q44613
http://www.wikidata.org/entity/Q30247322,http://www.wikidata.org/prop/direct/P31,http://www.wikidata.org/entity/Q1371047
http://www.wikidata.org/entity/Q30247322,http://www.wikidata.org/prop/direct/P131,http://www.wikidata.org/entity/Q169923
http://www.wikidata.org/entity/Q30247322,http://www.wikidata.org/prop/direct/P625,Point(-9.664019 53.103352)
http://www.wikidata.org/entity/Q30247322,http://www.wikidata.org/prop/direct/P1435,http://www.wikidata.org/entity/Q893802
http://www.wikidata.org/entity/Q30247322,http://www.wikidata.org/prop/direct/P2186,IE-G-0017
http://www.wikidata.org/entity/Q30247322,http://www.wikidata.org/prop/direct/P4057,GA119-006001-
http://www.wikidata.org/entity/Q30247322,http://www.wikidata.org/prop/direct/P4059,43
http://www.wikidata.org/entity/Q126474220,http://www.wikidata.org/prop/direct/P17,http://www.wikidata.org/entity/Q27
http://www.wikidata.org/entity/Q126474220,http://www.wikidata.org/prop/direct/P31,http://www.wikidata.org/entity/Q1371047
http://www.wikidata.org/entity/Q126474220,http://www.wikidata.org/prop/direct/P31,http://www.wikidata.org/entity/Q126443332
http://www.wikidata.org/entity/Q126474220,http://www.wikidata.org/prop/direct/P131,http://www.wikidata.org/entity/Q180231
http://www.wikidata.org/entity/Q126474220,http://www.wikidata.org/prop/direct/P131,http://www.wikidata.org/entity/Q60556298
http://www.wikidata.org/entity/Q126474220,http://www.wikidata.org/prop/direct/P131,http://www.wikidata.org/entity/Q104266457
http://www.wikidata.org/entity/Q126474220,http://www.wikidata.org/prop/direct/P138,http://www.wikidata.org/entity/Q47521
http://www.wikidata.org/entity/Q126474220,http://www.wikidata.org/prop/direct/P195,http://www.wikidata.org/entity/Q126875543
http://www.wikidata.org/entity/Q126474220,http://www.wikidata.org/prop/direct/P195,http://www.wikidata.org/entity/Q132817615
http://www.wikidata.org/entity/Q126474220,http://www.wikidata.org/prop/direct/P217,150
http://www.wikidata.org/entity/Q126474220,http://www.wikidata.org/prop/direct/P217,KHW077
http://www.wikidata.org/entity/Q126474220,http://www.wikidata.org/prop/direct/P625,Point(-6.972305 52.601909)
http://www.wikidata.org/entity/Q126474220,http://www.wikidata.org/prop/direct/P708,http://www.wikidata.org/entity/Q873607
http://www.wikidata.org/entity/Q126474220,http://www.wikidata.org/prop/direct/P1343,http://www.wikidata.org/entity/Q120966194
http://www.wikidata.org/entity/Q126474220,http://www.wikidata.org/prop/direct/P1343,http://www.wikidata.org/entity/Q126374601
http://www.wikidata.org/entity/Q126474220,http://www.wikidata.org/prop/direct/P1343,http://www.wikidata.org/entity/Q126528008
http://www.wikidata.org/entity/Q126474220,http://www.wikidata.org/prop/direct/P1343,http://www.wikidata.org/entity/Q126540348
http://www.wikidata.org/entity/Q126474220,http://www.wikidata.org/prop/direct/P1343,http://www.wikidata.org/entity/Q126871352
http://www.wikidata.org/entity/Q126474220,http://www.wikidata.org/prop/direct/P1343,http://www.wikidata.org/entity/Q126875543
http://www.wikidata.org/entity/Q126474220,http://www.wikidata.org/prop/direct/P1343,http://www.wikidata.org/entity/Q130284129
http://www.wikidata.org/entity/Q126474220,http://www.wikidata.org/prop/direct/P1343,http://www.wikidata.org/entity/Q132817615
http://www.wikidata.org/entity/Q126474220,http://www.wikidata.org/prop/direct/P4057,KK025-028----
http://www.wikidata.org/entity/Q126474220,http://www.wikidata.org/prop/direct/P11693,11126382876
http://www.wikidata.org/entity/Q126474430,http://www.wikidata.org/prop/direct/P17,http://www.wikidata.org/entity/Q27
http://www.wikidata.org/entity/Q126474430,http://www.wikidata.org/prop/direct/P31,http://www.wikidata.org/entity/Q43483
http://www.wikidata.org/entity/Q126474430,http://www.wikidata.org/prop/direct/P31,http://www.wikidata.org/entity/Q1371047
http://www.wikidata.org/entity/Q126474430,http://www.wikidata.org/prop/direct/P31,http://www.wikidata.org/entity/Q126443332
http://www.wikidata.org/entity/Q126474430,http://www.wikidata.org/prop/direct/P131,http://www.wikidata.org/entity/Q180231
http://www.wikidata.org/entity/Q126474430,http://www.wikidata.org/prop/direct/P131,http://www.wikidata.org/entity/Q104266457
http://www.wikidata.org/entity/Q126474430,http://www.wikidata.org/prop/direct/P625,Point(-6.971132 52.600542)
http://www.wikidata.org/entity/Q126474430,http://www.wikidata.org/prop/direct/P708,http://www.wikidata.org/entity/Q873607
http://www.wikidata.org/entity/Q126474430,http://www.wikidata.org/prop/direct/P1343,http://www.wikidata.org/entity/Q126374601
http://www.wikidata.org/entity/Q126474430,http://www.wikidata.org/prop/direct/P1343,http://www.wikidata.org/entity/Q126528008
http://www.wikidata.org/entity/Q126474430,http://www.wikidata.org/prop/direct/P1343,http://www.wikidata.org/entity/Q126540348
http://www.wikidata.org/entity/Q126474430,http://www.wikidata.org/prop/direct/P1343,http://www.wikidata.org/entity/Q130284129
http://www.wikidata.org/entity/Q126474430,http://www.wikidata.org/prop/direct/P11693,11126382877
http://www.wikidata.org/entity/Q126476500,http://www.wikidata.org/prop/direct/P11693,8517860574
http://www.wikidata.org/entity/Q126476510,http://www.wikidata.org/prop/direct/P17,http://www.wikidata.org/entity/Q27
http://www.wikidata.org/entity/Q126476510,http://www.wikidata.org/prop/direct/P31,http://www.wikidata.org/entity/Q124714
http://www.wikidata.org/entity/Q126476510,http://www.wikidata.org/prop/direct/P31,http://www.wikidata.org/entity/Q1371047
http://www.wikidata.org/entity/Q126476510,http://www.wikidata.org/prop/direct/P31,http://www.wikidata.org/entity/Q126443332
http://www.wikidata.org/entity/Q126476510,http://www.wikidata.org/prop/direct/P131,http://www.wikidata.org/entity/Q109092
http://www.wikidata.org/entity/Q126476510,http://www.wikidata.org/prop/direct/P131,http://www.wikidata.org/entity/Q180231
http://www.wikidata.org/entity/Q126476510,http://www.wikidata.org/prop/direct/P131,http://www.wikidata.org/entity/Q60556542
http://www.wikidata.org/entity/Q126476510,http://www.wikidata.org/prop/direct/P138,http://www.wikidata.org/entity/Q345
http://www.wikidata.org/entity/Q126476510,http://www.wikidata.org/prop/direct/P195,http://www.wikidata.org/entity/Q126875543
http://www.wikidata.org/entity/Q126476510,http://www.wikidata.org/prop/direct/P195,http://www.wikidata.org/entity/Q132817615
http://www.wikidata.org/entity/Q126476510,http://www.wikidata.org/prop/direct/P217,78
http://www.wikidata.org/entity/Q126476510,http://www.wikidata.org/prop/direct/P217,KHW112
http://www.wikidata.org/entity/Q126476510,http://www.wikidata.org/prop/direct/P625,Point(-7.251557 52.651964)
http://www.wikidata.org/entity/Q126476510,http://www.wikidata.org/prop/direct/P708,http://www.wikidata.org/entity/Q873607
http://www.wikidata.org/entity/Q126476510,http://www.wikidata.org/prop/direct/P973,https://kilkennyarchaeologicalsociety.ie/reputed-holy-wells-of-the-city-of-kilkenny/
http://www.wikidata.org/entity/Q126476510,http://www.wikidata.org/prop/direct/P1343,http://www.wikidata.org/entity/Q120966194
http://www.wikidata.org/entity/Q126476510,http://www.wikidata.org/prop/direct/P1343,http://www.wikidata.org/entity/Q126875543
http://www.wikidata.org/entity/Q126476510,http://www.wikidata.org/prop/direct/P1343,http://www.wikidata.org/entity/Q126903104
http://www.wikidata.org/entity/Q126476510,http://www.wikidata.org/prop/direct/P1343,http://www.wikidata.org/entity/Q127278616
http://www.wikidata.org/entity/Q126476510,http://www.wikidata.org/prop/direct/P1343,http://www.wikidata.org/entity/Q127619817
http://www.wikidata.org/entity/Q126476510,http://www.wikidata.org/prop/direct/P1343,http://www.wikidata.org/entity/Q129994261
http://www.wikidata.org/entity/Q126476510,http://www.wikidata.org/prop/direct/P1343,http://www.wikidata.org/entity/Q130362725
http://www.wikidata.org/entity/Q126476510,http://www.wikidata.org/prop/direct/P1343,http://www.wikidata.org/entity/Q130471945
http://www.wikidata.org/entity/Q126476510,http://www.wikidata.org/prop/direct/P1343,http://www.wikidata.org/entity/Q131153110
http://www.wikidata.org/entity/Q126476510,http://www.wikidata.org/prop/direct/P1343,http://www.wikidata.org/entity/Q132817615
http://www.wikidata.org/entity/Q126476510,http://www.wikidata.org/prop/direct/P4057,KK019-026108-
http://www.wikidata.org/entity/Q126476510,http://www.wikidata.org/prop/direct/P6375,"""at the rere of the new leather-store in King-street [Kieran Street]"""
http://www.wikidata.org/entity/Q126476522,http://www.wikidata.org/prop/direct/P17,http://www.wikidata.org/entity/Q27
http://www.wikidata.org/entity/Q126476522,http://www.wikidata.org/prop/direct/P18,http://commons.wikimedia.org/wiki/Special:FilePath/Site%20of%20St.%20Martin%27s%20Well.jpg
http://www.wikidata.org/entity/Q126476522,http://www.wikidata.org/prop/direct/P31,http://www.wikidata.org/entity/Q1371047
http://www.wikidata.org/entity/Q126476522,http://www.wikidata.org/prop/direct/P31,http://www.wikidata.org/entity/Q126443332
http://www.wikidata.org/entity/Q126476522,http://www.wikidata.org/prop/direct/P131,http://www.wikidata.org/entity/Q180231
http://www.wikidata.org/entity/Q126476522,http://www.wikidata.org/prop/direct/P131,http://www.wikidata.org/entity/Q60556572
http://www.wikidata.org/entity/Q126476522,http://www.wikidata.org/prop/direct/P138,http://www.wikidata.org/entity/Q133704
http://www.wikidata.org/entity/Q126476522,http://www.wikidata.org/prop/direct/P195,http://www.wikidata.org/entity/Q126875543
http://www.wikidata.org/entity/Q126476522,http://www.wikidata.org/prop/direct/P195,http://www.wikidata.org/entity/Q132817615
http://www.wikidata.org/entity/Q126476522,http://www.wikidata.org/prop/direct/P217,168
http://www.wikidata.org/entity/Q126919273,http://www.wikidata.org/prop/direct/P217,111
http://www.wikidata.org/entity/Q126919273,http://www.wikidata.org/prop/direct/P217,KHW2-8
http://www.wikidata.org/entity/Q126919273,http://www.wikidata.org/prop/direct/P625,Point(-7.395456 52.367945)
http://www.wikidata.org/entity/Q126919273,http://www.wikidata.org/prop/direct/P708,http://www.wikidata.org/entity/Q873607
http://www.wikidata.org/entity/Q126919273,http://www.wikidata.org/prop/direct/P1343,http://www.wikidata.org/entity/Q126374601
http://www.wikidata.org/entity/Q126919273,http://www.wikidata.org/prop/direct/P1343,http://www.wikidata.org/entity/Q126393245
http://www.wikidata.org/entity/Q126919273,http://www.wikidata.org/prop/direct/P1343,http://www.wikidata.org/entity/Q126456421
http://www.wikidata.org/entity/Q126919273,http://www.wikidata.org/prop/direct/P1343,http://www.wikidata.org/entity/Q126875543
http://www.wikidata.org/entity/Q126919273,http://www.wikidata.org/prop/direct/P1343,http://www.wikidata.org/entity/Q132817615
http://www.wikidata.org/entity/Q126919273,http://www.wikidata.org/prop/direct/P1343,http://www.wikidata.org/entity/Q133263165
http://www.wikidata.org/entity/Q126919273,http://www.wikidata.org/prop/direct/P1343,http://www.wikidata.org/entity/Q133385130
http://www.wikidata.org/entity/Q126919343,http://www.wikidata.org/prop/direct/P17,http://www.wikidata.org/entity/Q27
http://www.wikidata.org/entity/Q126919343,http://www.wikidata.org/prop/direct/P31,http://www.wikidata.org/entity/Q124714
http://www.wikidata.org/entity/Q126919343,http://www.wikidata.org/prop/direct/P31,http://www.wikidata.org/entity/Q1371047
http://www.wikidata.org/entity/Q126919343,http://www.wikidata.org/prop/direct/P31,http://www.wikidata.org/entity/Q126443332
http://www.wikidata.org/entity/Q126919343,http://www.wikidata.org/prop/direct/P131,http://www.wikidata.org/entity/Q180231
http://www.wikidata.org/entity/Q126919343,http://www.wikidata.org/prop/direct/P131,http://www.wikidata.org/entity/Q104264857
http://www.wikidata.org/entity/Q126919343,http://www.wikidata.org/prop/direct/P138,http://www.wikidata.org/entity/Q80979
http://www.wikidata.org/entity/Q126919343,http://www.wikidata.org/prop/direct/P195,http://www.wikidata.org/entity/Q126875543
http://www.wikidata.org/entity/Q126919343,http://www.wikidata.org/prop/direct/P195,http://www.wikidata.org/entity/Q132817615
http://www.wikidata.org/entity/Q126919343,http://www.wikidata.org/prop/direct/P217,114
http://www.wikidata.org/entity/Q126919343,http://www.wikidata.org/prop/direct/P217,KHW2-20
http://www.wikidata.org/entity/Q126919343,http://www.wikidata.org/prop/direct/P625,Point(-7.371152 52.414575)
http://www.wikidata.org/entity/Q126919343,http://www.wikidata.org/prop/direct/P1343,http://www.wikidata.org/entity/Q126393245
http://www.wikidata.org/entity/Q126919343,http://www.wikidata.org/prop/direct/P1343,http://www.wikidata.org/entity/Q126875543
http://www.wikidata.org/entity/Q126919343,http://www.wikidata.org/prop/direct/P1343,http://www.wikidata.org/entity/Q130284129
http://www.wikidata.org/entity/Q126919343,http://www.wikidata.org/prop/direct/P1343,http://www.wikidata.org/entity/Q132817615
http://www.wikidata.org/entity/Q126919343,http://www.wikidata.org/prop/direct/P11693,8522351158
http://www.wikidata.org/entity/Q126919511,http://www.wikidata.org/prop/direct/P17,http://www.wikidata.org/entity/Q27
http://www.wikidata.org/entity/Q126919511,http://www.wikidata.org/prop/direct/P31,http://www.wikidata.org/entity/Q124714
http://www.wikidata.org/entity/Q126919511,http://www.wikidata.org/prop/direct/P31,http://www.wikidata.org/entity/Q1371047
http://www.wikidata.org/entity/Q126919511,http://www.wikidata.org/prop/direct/P31,http://www.wikidata.org/entity/Q126443332
http://www.wikidata.org/entity/Q126919511,http://www.wikidata.org/prop/direct/P131,http://www.wikidata.org/entity/Q180231
http://www.wikidata.org/entity/Q126919511,http://www.wikidata.org/prop/direct/P131,http://www.wikidata.org/entity/Q60554507
http://www.wikidata.org/entity/Q126919511,http://www.wikidata.org/prop/direct/P131,http://www.wikidata.org/entity/Q104266184
http://www.wikidata.org/entity/Q126919511,http://www.wikidata.org/prop/direct/P138,http://www.wikidata.org/entity/Q10884
http://www.wikidata.org/entity/Q126919511,http://www.wikidata.org/prop/direct/P195,http://www.wikidata.org/entity/Q126875543
http://www.wikidata.org/entity/Q126919511,http://www.wikidata.org/prop/direct/P195,http://www.wikidata.org/entity/Q132817615
http://www.wikidata.org/entity/Q126919511,http://www.wikidata.org/prop/direct/P217,117
http://www.wikidata.org/entity/Q126919511,http://www.wikidata.org/prop/direct/P217,KHW2-23
http://www.wikidata.org/entity/Q126476487,http://www.wikidata.org/prop/direct/P625,Point(-7.2573876 52.6491293)
http://www.wikidata.org/entity/Q126476487,http://www.wikidata.org/prop/direct/P708,http://www.wikidata.org/entity/Q873607
http://www.wikidata.org/entity/Q126476487,http://www.wikidata.org/prop/direct/P841,http://www.wikidata.org/entity/Q20830799
http://www.wikidata.org/entity/Q126476487,http://www.wikidata.org/prop/direct/P973,https://kilkennyarchaeologicalsociety.ie/reputed-holy-wells-of-the-city-of-kilkenny/
http://www.wikidata.org/entity/Q126476487,http://www.wikidata.org/prop/direct/P1343,http://www.wikidata.org/entity/Q15753377
http://www.wikidata.org/entity/Q126476487,http://www.wikidata.org/prop/direct/P1343,http://www.wikidata.org/entity/Q120966194
http://www.wikidata.org/entity/Q126476487,http://www.wikidata.org/prop/direct/P1343,http://www.wikidata.org/entity/Q126393245
http://www.wikidata.org/entity/Q126476487,http://www.wikidata.org/prop/direct/P1343,http://www.wikidata.org/entity/Q126454465
http://www.wikidata.org/entity/Q126476487,http://www.wikidata.org/prop/direct/P1343,http://www.wikidata.org/entity/Q126473089
http://www.wikidata.org/entity/Q126476487,http://www.wikidata.org/prop/direct/P1343,http://www.wikidata.org/entity/Q126485974
http://www.wikidata.org/entity/Q126476487,http://www.wikidata.org/prop/direct/P1343,http://www.wikidata.org/entity/Q126875543
http://www.wikidata.org/entity/Q126476487,http://www.wikidata.org/prop/direct/P1343,http://www.wikidata.org/entity/Q127278616
http://www.wikidata.org/entity/Q126476487,http://www.wikidata.org/prop/direct/P1343,http://www.wikidata.org/entity/Q127606032
http://www.wikidata.org/entity/Q126476487,http://www.wikidata.org/prop/direct/P1343,http://www.wikidata.org/entity/Q127619817
http://www.wikidata.org/entity/Q126476487,http://www.wikidata.org/prop/direct/P1343,http://www.wikidata.org/entity/Q130139598
http://www.wikidata.org/entity/Q126476487,http://www.wikidata.org/prop/direct/P1343,http://www.wikidata.org/entity/Q130308814
http://www.wikidata.org/entity/Q126476487,http://www.wikidata.org/prop/direct/P1343,http://www.wikidata.org/entity/Q130362725
http://www.wikidata.org/entity/Q126476487,http://www.wikidata.org/prop/direct/P1343,http://www.wikidata.org/entity/Q130471945
http://www.wikidata.org/entity/Q126476487,http://www.wikidata.org/prop/direct/P1343,http://www.wikidata.org/entity/Q132817615
http://www.wikidata.org/entity/Q126476487,http://www.wikidata.org/prop/direct/P4057,KK019-025003-
http://www.wikidata.org/entity/Q126476487,http://www.wikidata.org/prop/direct/P6375,immediately inside the Fair Green Wall
http://www.wikidata.org/entity/Q126476487,http://www.wikidata.org/prop/direct/P11693,11124665752
http://www.wikidata.org/entity/Q126476500,http://www.wikidata.org/prop/direct/P17,http://www.wikidata.org/entity/Q27
http://www.wikidata.org/entity/Q126476500,http://www.wikidata.org/prop/direct/P31,http://www.wikidata.org/entity/Q1371047
http://www.wikidata.org/entity/Q126476500,http://www.wikidata.org/prop/direct/P31,http://www.wikidata.org/entity/Q126443332
http://www.wikidata.org/entity/Q126476500,http://www.wikidata.org/prop/direct/P131,http://www.wikidata.org/entity/Q180231
http://www.wikidata.org/entity/Q126476500,http://www.wikidata.org/prop/direct/P131,http://www.wikidata.org/entity/Q60556526
http://www.wikidata.org/entity/Q126476500,http://www.wikidata.org/prop/direct/P131,http://www.wikidata.org/entity/Q104265253
http://www.wikidata.org/entity/Q126476500,http://www.wikidata.org/prop/direct/P138,http://www.wikidata.org/entity/Q10884
http://www.wikidata.org/entity/Q126476500,http://www.wikidata.org/prop/direct/P138,http://www.wikidata.org/entity/Q250370
http://www.wikidata.org/entity/Q126476500,http://www.wikidata.org/prop/direct/P195,http://www.wikidata.org/entity/Q126875543
http://www.wikidata.org/entity/Q126476500,http://www.wikidata.org/prop/direct/P195,http://www.wikidata.org/entity/Q132817615
http://www.wikidata.org/entity/Q126476500,http://www.wikidata.org/prop/direct/P217,175
http://www.wikidata.org/entity/Q126476500,http://www.wikidata.org/prop/direct/P217,KHW081
http://www.wikidata.org/entity/Q126476500,http://www.wikidata.org/prop/direct/P625,Point(-7.2904568 52.6897792)
http://www.wikidata.org/entity/Q126476500,http://www.wikidata.org/prop/direct/P708,http://www.wikidata.org/entity/Q873607
http://www.wikidata.org/entity/Q126476500,http://www.wikidata.org/prop/direct/P1343,http://www.wikidata.org/entity/Q120966194
http://www.wikidata.org/entity/Q126476500,http://www.wikidata.org/prop/direct/P1343,http://www.wikidata.org/entity/Q126374601
http://www.wikidata.org/entity/Q126476500,http://www.wikidata.org/prop/direct/P1343,http://www.wikidata.org/entity/Q126393245
http://www.wikidata.org/entity/Q126476500,http://www.wikidata.org/prop/direct/P1343,http://www.wikidata.org/entity/Q126454465
http://www.wikidata.org/entity/Q126476500,http://www.wikidata.org/prop/direct/P1343,http://www.wikidata.org/entity/Q126474972
http://www.wikidata.org/entity/Q126476500,http://www.wikidata.org/prop/direct/P1343,http://www.wikidata.org/entity/Q126528008
http://www.wikidata.org/entity/Q126476500,http://www.wikidata.org/prop/direct/P1343,http://www.wikidata.org/entity/Q126540348
http://www.wikidata.org/entity/Q126476500,http://www.wikidata.org/prop/direct/P1343,http://www.wikidata.org/entity/Q126875543
http://www.wikidata.org/entity/Q126476500,http://www.wikidata.org/prop/direct/P1343,http://www.wikidata.org/entity/Q129181072
http://www.wikidata.org/entity/Q126476500,http://www.wikidata.org/prop/direct/P1343,http://www.wikidata.org/entity/Q130284129
http://www.wikidata.org/entity/Q126476500,http://www.wikidata.org/prop/direct/P1343,http://www.wikidata.org/entity/Q132817615
http://www.wikidata.org/entity/Q126476500,http://www.wikidata.org/prop/direct/P4057,KK014-055----
http://www.wikidata.org/entity/Q126923572,http://www.wikidata.org/prop/direct/P4057,KK010-195----
http://www.wikidata.org/entity/Q126923720,http://www.wikidata.org/prop/direct/P17,http://www.wikidata.org/entity/Q27
http://www.wikidata.org/entity/Q126923720,http://www.wikidata.org/prop/direct/P31,http://www.wikidata.org/entity/Q1371047
http://www.wikidata.org/entity/Q126923720,http://www.wikidata.org/prop/direct/P31,http://www.wikidata.org/entity/Q126443332
http://www.wikidata.org/entity/Q126923720,http://www.wikidata.org/prop/direct/P131,http://www.wikidata.org/entity/Q180231
http://www.wikidata.org/entity/Q126923720,http://www.wikidata.org/prop/direct/P131,http://www.wikidata.org/entity/Q60556096
http://www.wikidata.org/entity/Q126923720,http://www.wikidata.org/prop/direct/P131,http://www.wikidata.org/entity/Q104265623
http://www.wikidata.org/entity/Q126923720,http://www.wikidata.org/prop/direct/P195,http://www.wikidata.org/entity/Q126875543
http://www.wikidata.org/entity/Q126923720,http://www.wikidata.org/prop/direct/P195,http://www.wikidata.org/entity/Q132817615
http://www.wikidata.org/entity/Q126923720,http://www.wikidata.org/prop/direct/P217,139
http://www.wikidata.org/entity/Q126923720,http://www.wikidata.org/prop/direct/P217,KHW123
http://www.wikidata.org/entity/Q126923720,http://www.wikidata.org/prop/direct/P1343,http://www.wikidata.org/entity/Q126374601
http://www.wikidata.org/entity/Q126923720,http://www.wikidata.org/prop/direct/P1343,http://www.wikidata.org/entity/Q126454465
http://www.wikidata.org/entity/Q126923720,http://www.wikidata.org/prop/direct/P1343,http://www.wikidata.org/entity/Q126875543
http://www.wikidata.org/entity/Q126923720,http://www.wikidata.org/prop/direct/P1343,http://www.wikidata.org/entity/Q130308814
http://www.wikidata.org/entity/Q126923720,http://www.wikidata.org/prop/direct/P1343,http://www.wikidata.org/entity/Q132817615
http://www.wikidata.org/entity/Q126923720,http://www.wikidata.org/prop/direct/P4057,KK010-106----
http://www.wikidata.org/entity/Q126923720,http://www.wikidata.org/prop/direct/P6375,"in Mr. Hunt's ""Faugha"", a couple of fields north-east of the church"
http://www.wikidata.org/entity/Q126928234,http://www.wikidata.org/prop/direct/P17,http://www.wikidata.org/entity/Q27
http://www.wikidata.org/entity/Q126928234,http://www.wikidata.org/prop/direct/P31,http://www.wikidata.org/entity/Q1371047
http://www.wikidata.org/entity/Q126928234,http://www.wikidata.org/prop/direct/P31,http://www.wikidata.org/entity/Q126443332
http://www.wikidata.org/entity/Q126928234,http://www.wikidata.org/prop/direct/P131,http://www.wikidata.org/entity/Q180231
http://www.wikidata.org/entity/Q126928234,http://www.wikidata.org/prop/direct/P131,http://www.wikidata.org/entity/Q104265256
http://www.wikidata.org/entity/Q126928234,http://www.wikidata.org/prop/direct/P138,http://www.wikidata.org/entity/Q2151232
http://www.wikidata.org/entity/Q126928234,http://www.wikidata.org/prop/direct/P195,http://www.wikidata.org/entity/Q126875543
http://www.wikidata.org/entity/Q126928234,http://www.wikidata.org/prop/direct/P195,http://www.wikidata.org/entity/Q132817615
http://www.wikidata.org/entity/Q126928234,http://www.wikidata.org/prop/direct/P217,144
http://www.wikidata.org/entity/Q126928234,http://www.wikidata.org/prop/direct/P217,KHW147
http://www.wikidata.org/entity/Q126928234,http://www.wikidata.org/prop/direct/P625,Point(-7.2967513 52.3815366)
http://www.wikidata.org/entity/Q126928234,http://www.wikidata.org/prop/direct/P708,http://www.wikidata.org/entity/Q873607
http://www.wikidata.org/entity/Q126928234,http://www.wikidata.org/prop/direct/P841,http://www.wikidata.org/entity/Q2956
http://www.wikidata.org/entity/Q126928234,http://www.wikidata.org/prop/direct/P1343,http://www.wikidata.org/entity/Q126456421
http://www.wikidata.org/entity/Q126928234,http://www.wikidata.org/prop/direct/P1343,http://www.wikidata.org/entity/Q126875543
http://www.wikidata.org/entity/Q126928234,http://www.wikidata.org/prop/direct/P1343,http://www.wikidata.org/entity/Q128304747
http://www.wikidata.org/entity/Q126928234,http://www.wikidata.org/prop/direct/P1343,http://www.wikidata.org/entity/Q130284129
http://www.wikidata.org/entity/Q126928234,http://www.wikidata.org/prop/direct/P1343,http://www.wikidata.org/entity/Q130308814
http://www.wikidata.org/entity/Q126928234,http://www.wikidata.org/prop/direct/P1343,http://www.wikidata.org/entity/Q132817615
http://www.wikidata.org/entity/Q126928234,http://www.wikidata.org/prop/direct/P1343,http://www.wikidata.org/entity/Q133263165
http://www.wikidata.org/entity/Q126928234,http://www.wikidata.org/prop/direct/P1343,http://www.wikidata.org/entity/Q133385130
http://www.wikidata.org/entity/Q126928234,http://www.wikidata.org/prop/direct/P4057,KK039-005004-
http://www.wikidata.org/entity/Q126928234,http://www.wikidata.org/prop/direct/P6375,"""sited roughly some hundred of yards west of Walsh's large house, whose back looks out onto the Church field"""
http://www.wikidata.org/entity/Q126928234,http://www.wikidata.org/prop/direct/P6375,Hart's field
http://www.wikidata.org/entity/Q126928234,http://www.wikidata.org/prop/direct/P11693,12088854196
http://www.wikidata.org/entity/Q26390528,http://www.wikidata.org/prop/direct/P17,http://www.wikidata.org/entity/Q145
http://www.wikidata.org/entity/Q26390528,http://www.wikidata.org/prop/direct/P31,http://www.wikidata.org/entity/Q1371047
http://www.wikidata.org/entity/Q26390528,http://www.wikidata.org/prop/direct/P131,http://www.wikidata.org/entity/Q21515020
http://www.wikidata.org/entity/Q26390528,http://www.wikidata.org/prop/direct/P613,SS9915700976
http://www.wikidata.org/entity/Q26390528,http://www.wikidata.org/prop/direct/P625,Point(-3.4317 50.798869)
http://www.wikidata.org/entity/Q26390528,http://www.wikidata.org/prop/direct/P1216,1098346
http://www.wikidata.org/entity/Q26390528,http://www.wikidata.org/prop/direct/P1435,http://www.wikidata.org/entity/Q15700834
http://www.wikidata.org/entity/Q26390528,http://www.wikidata.org/prop/direct/P7959,http://www.wikidata.org/entity/Q67393660
http://www.wikidata.org/entity/Q26390528,http://www.wikidata.org/prop/direct/P12485,101098346
http://www.wikidata.org/entity/Q26400016,http://www.wikidata.org/prop/direct/P17,http://www.wikidata.org/entity/Q145
http://www.wikidata.org/entity/Q26400016,http://www.wikidata.org/prop/direct/P18,http://commons.wikimedia.org/wiki/Special:FilePath/Belstone%20Holy%20Well.jpg
http://www.wikidata.org/entity/Q26400016,http://www.wikidata.org/prop/direct/P31,http://www.wikidata.org/entity/Q1371047
http://www.wikidata.org/entity/Q26400016,http://www.wikidata.org/prop/direct/P131,http://www.wikidata.org/entity/Q2327622
http://www.wikidata.org/entity/Q26400016,http://www.wikidata.org/prop/direct/P373,Belstone spring
http://www.wikidata.org/entity/Q26400016,http://www.wikidata.org/prop/direct/P613,SX6202393468
http://www.wikidata.org/entity/Q26400016,http://www.wikidata.org/prop/direct/P625,Point(-3.956161 50.724409)
http://www.wikidata.org/entity/Q26400016,http://www.wikidata.org/prop/direct/P1216,1106122
http://www.wikidata.org/entity/Q26400016,http://www.wikidata.org/prop/direct/P1435,http://www.wikidata.org/entity/Q15700834
http://www.wikidata.org/entity/Q26400016,http://www.wikidata.org/prop/direct/P7959,http://www.wikidata.org/entity/Q67393660
http://www.wikidata.org/entity/Q26400016,http://www.wikidata.org/prop/direct/P12485,101106122
http://www.wikidata.org/entity/Q26432959,http://www.wikidata.org/prop/direct/P17,http://www.wikidata.org/entity/Q145
http://www.wikidata.org/entity/Q26432959,http://www.wikidata.org/prop/direct/P31,http://www.wikidata.org/entity/Q1371047
http://www.wikidata.org/entity/Q26432959,http://www.wikidata.org/prop/direct/P131,http://www.wikidata.org/entity/Q259607
http://www.wikidata.org/entity/Q26432959,http://www.wikidata.org/prop/direct/P613,SX4181365913
http://www.wikidata.org/entity/Q26432959,http://www.wikidata.org/prop/direct/P625,Point(-4.230523 50.471647)
http://www.wikidata.org/entity/Q26432959,http://www.wikidata.org/prop/direct/P1216,1140164
http://www.wikidata.org/entity/Q26432959,http://www.wikidata.org/prop/direct/P1435,http://www.wikidata.org/entity/Q15700834
http://www.wikidata.org/entity/Q26432959,http://www.wikidata.org/prop/direct/P7959,http://www.wikidata.org/entity/Q23148
http://www.wikidata.org/entity/Q26432959,http://www.wikidata.org/prop/direct/P12485,101140164
http://www.wikidata.org/entity/Q26433850,http://www.wikidata.org/prop/direct/P17,http://www.wikidata.org/entity/Q145
http://www.wikidata.org/entity/Q26433850,http://www.wikidata.org/prop/direct/P31,http://www.wikidata.org/entity/Q1371047
http://www.wikidata.org/entity/Q26433850,http://www.wikidata.org/prop/direct/P131,http://www.wikidata.org/entity/Q7247073
http://www.wikidata.org/entity/Q26433850,http://www.wikidata.org/prop/direct/P613,SW9015449399
http://www.wikidata.org/entity/Q26433850,http://www.wikidata.org/prop/direct/P625,Point(-4.948387 50.30711)
http://www.wikidata.org/entity/Q26433850,http://www.wikidata.org/prop/direct/P1216,1141105
http://www.wikidata.org/entity/Q26433850,http://www.wikidata.org/prop/direct/P1435,http://www.wikidata.org/entity/Q15700834
http://www.wikidata.org/entity/Q26433850,http://www.wikidata.org/prop/direct/P7959,http://www.wikidata.org/entity/Q23148
http://www.wikidata.org/entity/Q26433850,http://www.wikidata.org/prop/direct/P12485,101141105
http://www.wikidata.org/entity/Q135428525,http://www.wikidata.org/prop/direct/P17,http://www.wikidata.org/entity/Q43
http://www.wikidata.org/entity/Q135428525,http://www.wikidata.org/prop/direct/P31,http://www.wikidata.org/entity/Q1371047
http://www.wikidata.org/entity/Q135428525,http://www.wikidata.org/prop/direct/P131,http://www.wikidata.org/entity/Q732923
http://www.wikidata.org/entity/Q135428525,http://www.wikidata.org/prop/direct/P625,Point(28.9401588 41.0371132)
http://www.wikidata.org/entity/Q135428525,http://www.wikidata.org/prop/direct/P706,http://www.wikidata.org/entity/Q155583
http://www.wikidata.org/entity/Q135428525,http://www.wikidata.org/prop/direct/P11729,239033
http://www.wikidata.org/entity/Q135428526,http://www.wikidata.org/prop/direct/P17,http://www.wikidata.org/entity/Q43
http://www.wikidata.org/entity/Q135428526,http://www.wikidata.org/prop/direct/P31,http://www.wikidata.org/entity/Q1371047
http://www.wikidata.org/entity/Q135428526,http://www.wikidata.org/prop/direct/P131,http://www.wikidata.org/entity/Q1020668
http://www.wikidata.org/entity/Q135428526,http://www.wikidata.org/prop/direct/P625,Point(29.0479317 40.9057312)
http://www.wikidata.org/entity/Q135428526,http://www.wikidata.org/prop/direct/P706,http://www.wikidata.org/entity/Q155583
http://www.wikidata.org/entity/Q135428526,http://www.wikidata.org/prop/direct/P11729,235737
http://www.wikidata.org/entity/Q135428527,http://www.wikidata.org/prop/direct/P17,http://www.wikidata.org/entity/Q43
http://www.wikidata.org/entity/Q135428527,http://www.wikidata.org/prop/direct/P31,http://www.wikidata.org/entity/Q1371047
http://www.wikidata.org/entity/Q135428527,http://www.wikidata.org/prop/direct/P131,http://www.wikidata.org/entity/Q857107
http://www.wikidata.org/entity/Q135428527,http://www.wikidata.org/prop/direct/P625,Point(29.0509319 41.1380463)
http://www.wikidata.org/entity/Q135428527,http://www.wikidata.org/prop/direct/P706,http://www.wikidata.org/entity/Q155583
http://www.wikidata.org/entity/Q135428527,http://www.wikidata.org/prop/direct/P11729,231558
http://www.wikidata.org/entity/Q135428529,http://www.wikidata.org/prop/direct/P17,http://www.wikidata.org/entity/Q43
http://www.wikidata.org/entity/Q135428529,http://www.wikidata.org/prop/direct/P31,http://www.wikidata.org/entity/Q1371047
http://www.wikidata.org/entity/Q135428529,http://www.wikidata.org/prop/direct/P131,http://www.wikidata.org/entity/Q857107
http://www.wikidata.org/entity/Q135428529,http://www.wikidata.org/prop/direct/P625,Point(29.0447214 41.1342709)
http://www.wikidata.org/entity/Q135428529,http://www.wikidata.org/prop/direct/P706,http://www.wikidata.org/entity/Q155583
http://www.wikidata.org/entity/Q135428529,http://www.wikidata.org/prop/direct/P11729,231549
http://www.wikidata.org/entity/Q135428530,http://www.wikidata.org/prop/direct/P17,http://www.wikidata.org/entity/Q43
http://www.wikidata.org/entity/Q135428530,http://www.wikidata.org/prop/direct/P31,http://www.wikidata.org/entity/Q1371047
http://www.wikidata.org/entity/Q135428530,http://www.wikidata.org/prop/direct/P131,http://www.wikidata.org/entity/Q857107
http://www.wikidata.org/entity/Q135428530,http://www.wikidata.org/prop/direct/P625,Point(29.05126 41.1386223)
http://www.wikidata.org/entity/Q135428530,http://www.wikidata.org/prop/direct/P706,http://www.wikidata.org/entity/Q155583
http://www.wikidata.org/entity/Q135428530,http://www.wikidata.org/prop/direct/P11729,230886
http://www.wikidata.org/entity/Q26566134,http://www.wikidata.org/prop/direct/P613,NZ0766837881
http://www.wikidata.org/entity/Q26566134,http://www.wikidata.org/prop/direct/P625,Point(-1.882434 54.735851)
http://www.wikidata.org/entity/Q26566134,http://www.wikidata.org/prop/direct/P1216,1276636
http://www.wikidata.org/entity/Q26566134,http://www.wikidata.org/prop/direct/P1435,http://www.wikidata.org/entity/Q15700834
http://www.wikidata.org/entity/Q26566134,http://www.wikidata.org/prop/direct/P5775,http://commons.wikimedia.org/wiki/Special:FilePath/Interior%20of%20holy%20well%20well%20house%2C%20near%20Wolsingham%2C%20Co.%20Durham.jpg
http://www.wikidata.org/entity/Q26566134,http://www.wikidata.org/prop/direct/P7959,http://www.wikidata.org/entity/Q67300436
http://www.wikidata.org/entity/Q26566134,http://www.wikidata.org/prop/direct/P11693,7714700355
http://www.wikidata.org/entity/Q26566134,http://www.wikidata.org/prop/direct/P12485,101276636
http://www.wikidata.org/entity/Q26596830,http://www.wikidata.org/prop/direct/P17,http://www.wikidata.org/entity/Q145
http://www.wikidata.org/entity/Q26596830,http://www.wikidata.org/prop/direct/P31,http://www.wikidata.org/entity/Q1371047
http://www.wikidata.org/entity/Q26596830,http://www.wikidata.org/prop/direct/P131,http://www.wikidata.org/entity/Q7247073
http://www.wikidata.org/entity/Q26596830,http://www.wikidata.org/prop/direct/P613,SW8842446855
http://www.wikidata.org/entity/Q26596830,http://www.wikidata.org/prop/direct/P625,Point(-4.971227 50.283641)
http://www.wikidata.org/entity/Q26596830,http://www.wikidata.org/prop/direct/P1216,1310401
http://www.wikidata.org/entity/Q26596830,http://www.wikidata.org/prop/direct/P1435,http://www.wikidata.org/entity/Q15700834
http://www.wikidata.org/entity/Q26596830,http://www.wikidata.org/prop/direct/P7959,http://www.wikidata.org/entity/Q23148
http://www.wikidata.org/entity/Q26596830,http://www.wikidata.org/prop/direct/P12485,101310401
http://www.wikidata.org/entity/Q26598177,http://www.wikidata.org/prop/direct/P17,http://www.wikidata.org/entity/Q145
http://www.wikidata.org/entity/Q26598177,http://www.wikidata.org/prop/direct/P31,http://www.wikidata.org/entity/Q1371047
http://www.wikidata.org/entity/Q26598177,http://www.wikidata.org/prop/direct/P131,http://www.wikidata.org/entity/Q3311045
http://www.wikidata.org/entity/Q26598177,http://www.wikidata.org/prop/direct/P613,SX0838863651
http://www.wikidata.org/entity/Q26598177,http://www.wikidata.org/prop/direct/P625,Point(-4.699882 50.441344)
http://www.wikidata.org/entity/Q26598177,http://www.wikidata.org/prop/direct/P1216,1311676
http://www.wikidata.org/entity/Q26598177,http://www.wikidata.org/prop/direct/P1435,http://www.wikidata.org/entity/Q15700834
http://www.wikidata.org/entity/Q26598177,http://www.wikidata.org/prop/direct/P7959,http://www.wikidata.org/entity/Q23148
http://www.wikidata.org/entity/Q26598177,http://www.wikidata.org/prop/direct/P12485,101311676
http://www.wikidata.org/entity/Q26598766,http://www.wikidata.org/prop/direct/P17,http://www.wikidata.org/entity/Q145
http://www.wikidata.org/entity/Q26598766,http://www.wikidata.org/prop/direct/P31,http://www.wikidata.org/entity/Q1371047
http://www.wikidata.org/entity/Q26598766,http://www.wikidata.org/prop/direct/P131,http://www.wikidata.org/entity/Q652930
http://www.wikidata.org/entity/Q26598766,http://www.wikidata.org/prop/direct/P613,SW3929125135
http://www.wikidata.org/entity/Q26598766,http://www.wikidata.org/prop/direct/P625,Point(-5.644662 50.069043)
http://www.wikidata.org/entity/Q26598766,http://www.wikidata.org/prop/direct/P1216,1312267
http://www.wikidata.org/entity/Q26598766,http://www.wikidata.org/prop/direct/P1435,http://www.wikidata.org/entity/Q15700834
http://www.wikidata.org/entity/Q26598766,http://www.wikidata.org/prop/direct/P7959,http://www.wikidata.org/entity/Q23148
http://www.wikidata.org/entity/Q26598766,http://www.wikidata.org/prop/direct/P12485,101312267
http://www.wikidata.org/entity/Q135428493,http://www.wikidata.org/prop/direct/P625,Point(28.9399529 41.0366287)
http://www.wikidata.org/entity/Q135428493,http://www.wikidata.org/prop/direct/P706,http://www.wikidata.org/entity/Q155583
http://www.wikidata.org/entity/Q135428493,http://www.wikidata.org/prop/direct/P11729,258553
http://www.wikidata.org/entity/Q135428494,http://www.wikidata.org/prop/direct/P17,http://www.wikidata.org/entity/Q43
http://www.wikidata.org/entity/Q135428494,http://www.wikidata.org/prop/direct/P31,http://www.wikidata.org/entity/Q1371047
http://www.wikidata.org/entity/Q135428494,http://www.wikidata.org/prop/direct/P131,http://www.wikidata.org/entity/Q459495
http://www.wikidata.org/entity/Q135428494,http://www.wikidata.org/prop/direct/P625,Point(29.00947 41.0427475)
http://www.wikidata.org/entity/Q135428494,http://www.wikidata.org/prop/direct/P706,http://www.wikidata.org/entity/Q155583
http://www.wikidata.org/entity/Q135428494,http://www.wikidata.org/prop/direct/P11729,258550
http://www.wikidata.org/entity/Q135428495,http://www.wikidata.org/prop/direct/P17,http://www.wikidata.org/entity/Q43
http://www.wikidata.org/entity/Q135428495,http://www.wikidata.org/prop/direct/P31,http://www.wikidata.org/entity/Q1371047
http://www.wikidata.org/entity/Q135428495,http://www.wikidata.org/prop/direct/P131,http://www.wikidata.org/entity/Q459495
http://www.wikidata.org/entity/Q135428495,http://www.wikidata.org/prop/direct/P625,Point(29.0351639 41.0611725)
http://www.wikidata.org/entity/Q135428495,http://www.wikidata.org/prop/direct/P706,http://www.wikidata.org/entity/Q155583
http://www.wikidata.org/entity/Q135428495,http://www.wikidata.org/prop/direct/P11729,258547
http://www.wikidata.org/entity/Q135428496,http://www.wikidata.org/prop/direct/P17,http://www.wikidata.org/entity/Q43
http://www.wikidata.org/entity/Q135428496,http://www.wikidata.org/prop/direct/P31,http://www.wikidata.org/entity/Q1371047
http://www.wikidata.org/entity/Q135428496,http://www.wikidata.org/prop/direct/P131,http://www.wikidata.org/entity/Q459495
http://www.wikidata.org/entity/Q135428496,http://www.wikidata.org/prop/direct/P625,Point(29.0402107 41.0632019)
http://www.wikidata.org/entity/Q135428496,http://www.wikidata.org/prop/direct/P706,http://www.wikidata.org/entity/Q155583
http://www.wikidata.org/entity/Q135428496,http://www.wikidata.org/prop/direct/P11729,258544
http://www.wikidata.org/entity/Q135428497,http://www.wikidata.org/prop/direct/P17,http://www.wikidata.org/entity/Q43
http://www.wikidata.org/entity/Q135428497,http://www.wikidata.org/prop/direct/P31,http://www.wikidata.org/entity/Q1371047
http://www.wikidata.org/entity/Q135428497,http://www.wikidata.org/prop/direct/P131,http://www.wikidata.org/entity/Q732923
http://www.wikidata.org/entity/Q135428497,http://www.wikidata.org/prop/direct/P625,Point(28.9394608 41.0300789)
http://www.wikidata.org/entity/Q135428497,http://www.wikidata.org/prop/direct/P706,http://www.wikidata.org/entity/Q155583
http://www.wikidata.org/entity/Q135428497,http://www.wikidata.org/prop/direct/P11729,258538
http://www.wikidata.org/entity/Q135428498,http://www.wikidata.org/prop/direct/P17,http://www.wikidata.org/entity/Q43
http://www.wikidata.org/entity/Q135428498,http://www.wikidata.org/prop/direct/P31,http://www.wikidata.org/entity/Q1371047
http://www.wikidata.org/entity/Q135428498,http://www.wikidata.org/prop/direct/P131,http://www.wikidata.org/entity/Q732923
http://www.wikidata.org/entity/Q135428498,http://www.wikidata.org/prop/direct/P625,Point(28.9450607 41.0319214)
http://www.wikidata.org/entity/Q135428498,http://www.wikidata.org/prop/direct/P706,http://www.wikidata.org/entity/Q155583
http://www.wikidata.org/entity/Q122309441,http://www.wikidata.org/prop/direct/P17,http://www.wikidata.org/entity/Q27
http://www.wikidata.org/entity/Q122309441,http://www.wikidata.org/prop/direct/P31,http://www.wikidata.org/entity/Q1371047
http://www.wikidata.org/entity/Q122309441,http://www.wikidata.org/prop/direct/P131,http://www.wikidata.org/entity/Q55299
http://www.wikidata.org/entity/Q122309441,http://www.wikidata.org/prop/direct/P625,Point(-7.4074593 53.1355989)
http://www.wikidata.org/entity/Q122309441,http://www.wikidata.org/prop/direct/P2186,IE-LS-0153
http://www.wikidata.org/entity/Q122309441,http://www.wikidata.org/prop/direct/P4057,LA003-016004
http://www.wikidata.org/entity/Q122309455,http://www.wikidata.org/prop/direct/P17,http://www.wikidata.org/entity/Q27
http://www.wikidata.org/entity/Q122309455,http://www.wikidata.org/prop/direct/P31,http://www.wikidata.org/entity/Q1371047
http://www.wikidata.org/entity/Q122309455,http://www.wikidata.org/prop/direct/P131,http://www.wikidata.org/entity/Q162475
http://www.wikidata.org/entity/Q122309455,http://www.wikidata.org/prop/direct/P625,Point(-8.2033217 52.1084721)
http://www.wikidata.org/entity/Q122309455,http://www.wikidata.org/prop/direct/P2186,IE-CO-0747
http://www.wikidata.org/entity/Q122309455,http://www.wikidata.org/prop/direct/P4057,CO036-019005
http://www.wikidata.org/entity/Q122309468,http://www.wikidata.org/prop/direct/P17,http://www.wikidata.org/entity/Q27
http://www.wikidata.org/entity/Q122309468,http://www.wikidata.org/prop/direct/P31,http://www.wikidata.org/entity/Q1371047
http://www.wikidata.org/entity/Q122309468,http://www.wikidata.org/prop/direct/P131,http://www.wikidata.org/entity/Q162475
http://www.wikidata.org/entity/Q122309468,http://www.wikidata.org/prop/direct/P625,Point(-8.9408782 52.3169562)
http://www.wikidata.org/entity/Q122309468,http://www.wikidata.org/prop/direct/P2186,IE-CO-0748
http://www.wikidata.org/entity/Q122309468,http://www.wikidata.org/prop/direct/P4057,CO006-006002
http://www.wikidata.org/entity/Q122309479,http://www.wikidata.org/prop/direct/P17,http://www.wikidata.org/entity/Q27
http://www.wikidata.org/entity/Q122309479,http://www.wikidata.org/prop/direct/P31,http://www.wikidata.org/entity/Q1371047
http://www.wikidata.org/entity/Q122309479,http://www.wikidata.org/prop/direct/P131,http://www.wikidata.org/entity/Q169923
http://www.wikidata.org/entity/Q122309479,http://www.wikidata.org/prop/direct/P625,Point(-9.7774619 53.1455895)
http://www.wikidata.org/entity/Q122309479,http://www.wikidata.org/prop/direct/P2186,IE-G-0416
http://www.wikidata.org/entity/Q122309479,http://www.wikidata.org/prop/direct/P4057,GA110-023006
http://www.wikidata.org/entity/Q122309490,http://www.wikidata.org/prop/direct/P17,http://www.wikidata.org/entity/Q27
http://www.wikidata.org/entity/Q122309490,http://www.wikidata.org/prop/direct/P31,http://www.wikidata.org/entity/Q1371047
http://www.wikidata.org/entity/Q122309490,http://www.wikidata.org/prop/direct/P131,http://www.wikidata.org/entity/Q169923
http://www.wikidata.org/entity/Q122309490,http://www.wikidata.org/prop/direct/P625,Point(-9.7158318 53.1296443)
http://www.wikidata.org/entity/Q122309490,http://www.wikidata.org/prop/direct/P2186,IE-G-0417
http://www.wikidata.org/entity/Q122309490,http://www.wikidata.org/prop/direct/P4057,GA110-086003
http://www.wikidata.org/entity/Q122331699,http://www.wikidata.org/prop/direct/P17,http://www.wikidata.org/entity/Q27
http://www.wikidata.org/entity/Q122331699,http://www.wikidata.org/prop/direct/P31,http://www.wikidata.org/entity/Q1371047
http://www.wikidata.org/entity/Q122331699,http://www.wikidata.org/prop/direct/P131,http://www.wikidata.org/entity/Q184618
http://www.wikidata.org/entity/Q122331699,http://www.wikidata.org/prop/direct/P625,Point(-7.9953285 52.5306155)
http://www.wikidata.org/entity/Q122331699,http://www.wikidata.org/prop/direct/P2186,IE-TA-0358
http://www.wikidata.org/entity/Q122331699,http://www.wikidata.org/prop/direct/P4057,TS060-017002
http://www.wikidata.org/entity/Q122331714,http://www.wikidata.org/prop/direct/P17,http://www.wikidata.org/entity/Q27
http://www.wikidata.org/entity/Q122331714,http://www.wikidata.org/prop/direct/P31,http://www.wikidata.org/entity/Q1371047
http://www.wikidata.org/entity/Q122331714,http://www.wikidata.org/prop/direct/P131,http://www.wikidata.org/entity/Q187402
http://www.wikidata.org/entity/Q122331714,http://www.wikidata.org/prop/direct/P625,Point(-7.075941 53.8816216)
http://www.wikidata.org/entity/Q122331714,http://www.wikidata.org/prop/direct/P2186,IE-CN-0299
http://www.wikidata.org/entity/Q122331714,http://www.wikidata.org/prop/direct/P4057,CV033-016
http://www.wikidata.org/entity/Q122331727,http://www.wikidata.org/prop/direct/P17,http://www.wikidata.org/entity/Q27
http://www.wikidata.org/entity/Q122331727,http://www.wikidata.org/prop/direct/P31,http://www.wikidata.org/entity/Q1371047
http://www.wikidata.org/entity/Q122331727,http://www.wikidata.org/prop/direct/P131,http://www.wikidata.org/entity/Q187402
http://www.wikidata.org/entity/Q122331727,http://www.wikidata.org/prop/direct/P625,Point(-7.4146396 53.9790724)
http://www.wikidata.org/entity/Q122331727,http://www.wikidata.org/prop/direct/P2186,IE-CN-0301
http://www.wikidata.org/entity/Q122331727,http://www.wikidata.org/prop/direct/P4057,CV025-072
http://www.wikidata.org/entity/Q123519729,http://www.wikidata.org/prop/direct/P17,http://www.wikidata.org/entity/Q145
http://www.wikidata.org/entity/Q123519729,http://www.wikidata.org/prop/direct/P31,http://www.wikidata.org/entity/Q1371047
http://www.wikidata.org/entity/Q123519729,http://www.wikidata.org/prop/direct/P131,http://www.wikidata.org/entity/Q19609495
http://www.wikidata.org/entity/Q123519729,http://www.wikidata.org/prop/direct/P276,http://www.wikidata.org/entity/Q13129631
http://www.wikidata.org/entity/Q123519729,http://www.wikidata.org/prop/direct/P613,SH3510990497
http://www.wikidata.org/entity/Q123519729,http://www.wikidata.org/prop/direct/P625,Point(-4.4807647 53.385502)
http://www.wikidata.org/entity/Q123519729,http://www.wikidata.org/prop/direct/P1435,http://www.wikidata.org/entity/Q128791689
http://www.wikidata.org/entity/Q123519729,http://www.wikidata.org/prop/direct/P4658,32159
http://www.wikidata.org/entity/Q123519729,http://www.wikidata.org/prop/direct/P7959,http://www.wikidata.org/entity/Q67283698
http://www.wikidata.org/entity/Q123519729,http://www.wikidata.org/prop/direct/P12749,Q114958
http://www.wikidata.org/entity/Q123519730,http://www.wikidata.org/prop/direct/P17,http://www.wikidata.org/entity/Q145
http://www.wikidata.org/entity/Q123519730,http://www.wikidata.org/prop/direct/P31,http://www.wikidata.org/entity/Q1371047
http://www.wikidata.org/entity/Q123519730,http://www.wikidata.org/prop/direct/P131,http://www.wikidata.org/entity/Q844784
http://www.wikidata.org/entity/Q17741095,http://www.wikidata.org/prop/direct/P373,"St Seiriol's Well, Penmon"
http://www.wikidata.org/entity/Q17741095,http://www.wikidata.org/prop/direct/P443,http://commons.wikimedia.org/wiki/Special:FilePath/LL-Q9309%20%28cym%29-Calab22-Ffynnon%20Seiriol%20%28Q17741095%29.wav
http://www.wikidata.org/entity/Q17741095,http://www.wikidata.org/prop/direct/P625,Point(-4.0566224 53.306369)
http://www.wikidata.org/entity/Q17741095,http://www.wikidata.org/prop/direct/P625,Point(-4.05667 53.3064)
http://www.wikidata.org/entity/Q17741095,http://www.wikidata.org/prop/direct/P856,https://cadw.gov.wales/visit/places-to-visit/penmon-priory-cross-and-st-seiriols-well
http://www.wikidata.org/entity/Q17741095,http://www.wikidata.org/prop/direct/P1435,http://www.wikidata.org/entity/Q219538
http://www.wikidata.org/entity/Q17741095,http://www.wikidata.org/prop/direct/P1435,http://www.wikidata.org/entity/Q15700818
http://www.wikidata.org/entity/Q17741095,http://www.wikidata.org/prop/direct/P1435,http://www.wikidata.org/entity/Q128791689
http://www.wikidata.org/entity/Q17741095,http://www.wikidata.org/prop/direct/P1459,5437
http://www.wikidata.org/entity/Q17741095,http://www.wikidata.org/prop/direct/P2044,32.2
http://www.wikidata.org/entity/Q17741095,http://www.wikidata.org/prop/direct/P2671,/g/11dyzdf3x2
http://www.wikidata.org/entity/Q17741095,http://www.wikidata.org/prop/direct/P3007,AN062
http://www.wikidata.org/entity/Q17741095,http://www.wikidata.org/prop/direct/P4658,32173
http://www.wikidata.org/entity/Q17741095,http://www.wikidata.org/prop/direct/P7959,http://www.wikidata.org/entity/Q67283698
http://www.wikidata.org/entity/Q17741095,http://www.wikidata.org/prop/direct/P11693,477543986
http://www.wikidata.org/entity/Q17741095,http://www.wikidata.org/prop/direct/P12485,300005437
http://www.wikidata.org/entity/Q17741095,http://www.wikidata.org/prop/direct/P12749,Q17821
http://www.wikidata.org/entity/Q17743660,http://www.wikidata.org/prop/direct/P17,http://www.wikidata.org/entity/Q145
http://www.wikidata.org/entity/Q17743660,http://www.wikidata.org/prop/direct/P31,http://www.wikidata.org/entity/Q1371047
http://www.wikidata.org/entity/Q17743660,http://www.wikidata.org/prop/direct/P131,http://www.wikidata.org/entity/Q16897546
http://www.wikidata.org/entity/Q17743660,http://www.wikidata.org/prop/direct/P276,http://www.wikidata.org/entity/Q16897546
http://www.wikidata.org/entity/Q17743660,http://www.wikidata.org/prop/direct/P625,Point(-4.9574122 51.797008)
http://www.wikidata.org/entity/Q17743660,http://www.wikidata.org/prop/direct/P1435,http://www.wikidata.org/entity/Q219538
http://www.wikidata.org/entity/Q17743660,http://www.wikidata.org/prop/direct/P1435,http://www.wikidata.org/entity/Q15700831
http://www.wikidata.org/entity/Q17743660,http://www.wikidata.org/prop/direct/P1459,82964
http://www.wikidata.org/entity/Q17743660,http://www.wikidata.org/prop/direct/P2044,6.6
http://www.wikidata.org/entity/Q17743660,http://www.wikidata.org/prop/direct/P3007,PE430
http://www.wikidata.org/entity/Q17743660,http://www.wikidata.org/prop/direct/P7959,http://www.wikidata.org/entity/Q85631787
http://www.wikidata.org/entity/Q17743660,http://www.wikidata.org/prop/direct/P12485,300082964
http://www.wikidata.org/entity/Q17743660,http://www.wikidata.org/prop/direct/P12749,Q135978
http://www.wikidata.org/entity/Q20595916,http://www.wikidata.org/prop/direct/P17,http://www.wikidata.org/entity/Q145
http://www.wikidata.org/entity/Q20595916,http://www.wikidata.org/prop/direct/P18,http://commons.wikimedia.org/wiki/Special:FilePath/Ffynnon%20Eilian%20-%20geograph.org.uk%20-%203996849.jpg
http://www.wikidata.org/entity/Q20595916,http://www.wikidata.org/prop/direct/P31,http://www.wikidata.org/entity/Q1371047
http://www.wikidata.org/entity/Q20595916,http://www.wikidata.org/prop/direct/P31,http://www.wikidata.org/entity/Q79309768
http://www.wikidata.org/entity/Q20595916,http://www.wikidata.org/prop/direct/P131,http://www.wikidata.org/entity/Q42617191
http://www.wikidata.org/entity/Q20595916,http://www.wikidata.org/prop/direct/P625,Point(-4.3099583 53.414096)
http://www.wikidata.org/entity/Q20595916,http://www.wikidata.org/prop/direct/P1435,http://www.wikidata.org/entity/Q128791689
http://www.wikidata.org/entity/Q20595916,http://www.wikidata.org/prop/direct/P4658,302480
http://www.wikidata.org/entity/Q133806076,http://www.wikidata.org/prop/direct/P17,http://www.wikidata.org/entity/Q27
http://www.wikidata.org/entity/Q133806076,http://www.wikidata.org/prop/direct/P18,http://commons.wikimedia.org/wiki/Special:FilePath/St%20Longory%27s%20Well%20ensemble.jpg
http://www.wikidata.org/entity/Q133806076,http://www.wikidata.org/prop/direct/P31,http://www.wikidata.org/entity/Q1371047
http://www.wikidata.org/entity/Q133806076,http://www.wikidata.org/prop/direct/P31,http://www.wikidata.org/entity/Q126443332
http://www.wikidata.org/entity/Q133806076,http://www.wikidata.org/prop/direct/P131,http://www.wikidata.org/entity/Q55299
http://www.wikidata.org/entity/Q133806076,http://www.wikidata.org/prop/direct/P373,St. Longory's Well
http://www.wikidata.org/entity/Q133806076,http://www.wikidata.org/prop/direct/P625,Point(-7.1190579 52.8285683)
http://www.wikidata.org/entity/Q133806076,http://www.wikidata.org/prop/direct/P708,http://www.wikidata.org/entity/Q873607
http://www.wikidata.org/entity/Q133806076,http://www.wikidata.org/prop/direct/P1343,http://www.wikidata.org/entity/Q120966194
http://www.wikidata.org/entity/Q133806076,http://www.wikidata.org/prop/direct/P4057,LA036-002003-
http://www.wikidata.org/entity/Q133806076,http://www.wikidata.org/prop/direct/P11693,11973547846
http://www.wikidata.org/entity/Q135300974,http://www.wikidata.org/prop/direct/P17,http://www.wikidata.org/entity/Q27
http://www.wikidata.org/entity/Q135300974,http://www.wikidata.org/prop/direct/P18,http://commons.wikimedia.org/wiki/Special:FilePath/St%20Brigid%27s%20Well%20%2830653%29.jpg
http://www.wikidata.org/entity/Q135300974,http://www.wikidata.org/prop/direct/P31,http://www.wikidata.org/entity/Q1371047
http://www.wikidata.org/entity/Q135300974,http://www.wikidata.org/prop/direct/P131,http://www.wikidata.org/entity/Q55299
http://www.wikidata.org/entity/Q135300974,http://www.wikidata.org/prop/direct/P131,http://www.wikidata.org/entity/Q59720235
http://www.wikidata.org/entity/Q135300974,http://www.wikidata.org/prop/direct/P138,http://www.wikidata.org/entity/Q80979
http://www.wikidata.org/entity/Q135300974,http://www.wikidata.org/prop/direct/P625,Point(-7.0864664 52.9842674)
http://www.wikidata.org/entity/Q135300974,http://www.wikidata.org/prop/direct/P4057,LA019-014003-
http://www.wikidata.org/entity/Q135428480,http://www.wikidata.org/prop/direct/P17,http://www.wikidata.org/entity/Q43
http://www.wikidata.org/entity/Q135428480,http://www.wikidata.org/prop/direct/P31,http://www.wikidata.org/entity/Q1371047
http://www.wikidata.org/entity/Q135428480,http://www.wikidata.org/prop/direct/P131,http://www.wikidata.org/entity/Q932886
http://www.wikidata.org/entity/Q135428480,http://www.wikidata.org/prop/direct/P625,Point(29.022979554 40.999201815)
http://www.wikidata.org/entity/Q135428480,http://www.wikidata.org/prop/direct/P706,http://www.wikidata.org/entity/Q155583
http://www.wikidata.org/entity/Q135428480,http://www.wikidata.org/prop/direct/P11729,410035
http://www.wikidata.org/entity/Q135428481,http://www.wikidata.org/prop/direct/P17,http://www.wikidata.org/entity/Q43
http://www.wikidata.org/entity/Q135428481,http://www.wikidata.org/prop/direct/P31,http://www.wikidata.org/entity/Q1371047
http://www.wikidata.org/entity/Q135428481,http://www.wikidata.org/prop/direct/P131,http://www.wikidata.org/entity/Q739547
http://www.wikidata.org/entity/Q135428481,http://www.wikidata.org/prop/direct/P625,Point(29.1449909 40.9625244)
http://www.wikidata.org/entity/Q135428481,http://www.wikidata.org/prop/direct/P706,http://www.wikidata.org/entity/Q155583
http://www.wikidata.org/entity/Q135428481,http://www.wikidata.org/prop/direct/P11729,286036
http://www.wikidata.org/entity/Q135428504,http://www.wikidata.org/prop/direct/P17,http://www.wikidata.org/entity/Q43
http://www.wikidata.org/entity/Q135428504,http://www.wikidata.org/prop/direct/P31,http://www.wikidata.org/entity/Q1371047
http://www.wikidata.org/entity/Q135428504,http://www.wikidata.org/prop/direct/P131,http://www.wikidata.org/entity/Q732923
http://www.wikidata.org/entity/Q135428504,http://www.wikidata.org/prop/direct/P625,Point(28.9565697 41.0054016)
http://www.wikidata.org/entity/Q135428504,http://www.wikidata.org/prop/direct/P706,http://www.wikidata.org/entity/Q155583
http://www.wikidata.org/entity/Q135428504,http://www.wikidata.org/prop/direct/P11729,258454
http://www.wikidata.org/entity/Q135428505,http://www.wikidata.org/prop/direct/P17,http://www.wikidata.org/entity/Q43
http://www.wikidata.org/entity/Q135428505,http://www.wikidata.org/prop/direct/P31,http://www.wikidata.org/entity/Q1371047
http://www.wikidata.org/entity/Q135428505,http://www.wikidata.org/prop/direct/P131,http://www.wikidata.org/entity/Q732923
http://www.wikidata.org/entity/Q135428505,http://www.wikidata.org/prop/direct/P625,Point(28.928915 40.9958076)
http://www.wikidata.org/entity/Q135428505,http://www.wikidata.org/prop/direct/P706,http://www.wikidata.org/entity/Q155583
http://www.wikidata.org/entity/Q135428505,http://www.wikidata.org/prop/direct/P11729,258441
http://www.wikidata.org/entity/Q135428506,http://www.wikidata.org/prop/direct/P17,http://www.wikidata.org/entity/Q43
http://www.wikidata.org/entity/Q135428506,http://www.wikidata.org/prop/direct/P31,http://www.wikidata.org/entity/Q1371047
http://www.wikidata.org/entity/Q135428506,http://www.wikidata.org/prop/direct/P131,http://www.wikidata.org/entity/Q732923
http://www.wikidata.org/entity/Q135428506,http://www.wikidata.org/prop/direct/P625,Point(28.9274597 41.0223083)
http://www.wikidata.org/entity/Q135428506,http://www.wikidata.org/prop/direct/P706,http://www.wikidata.org/entity/Q155583
http://www.wikidata.org/entity/Q135428506,http://www.wikidata.org/prop/direct/P11729,258431
http://www.wikidata.org/entity/Q135428507,http://www.wikidata.org/prop/direct/P17,http://www.wikidata.org/entity/Q43
http://www.wikidata.org/entity/Q135428507,http://www.wikidata.org/prop/direct/P31,http://www.wikidata.org/entity/Q1371047
http://www.wikidata.org/entity/Q135428507,http://www.wikidata.org/prop/direct/P131,http://www.wikidata.org/entity/Q752528
http://www.wikidata.org/entity/Q135428507,http://www.wikidata.org/prop/direct/P625,Point(28.8213196 40.9569893)
http://www.wikidata.org/entity/Q135428507,http://www.wikidata.org/prop/direct/P706,http://www.wikidata.org/entity/Q155583
http://www.wikidata.org/entity/Q135428507,http://www.wikidata.org/prop/direct/P11729,258422
http://www.wikidata.org/entity/Q135428508,http://www.wikidata.org/prop/direct/P17,http://www.wikidata.org/entity/Q43
http://www.wikidata.org/entity/Q135428508,http://www.wikidata.org/prop/direct/P31,http://www.wikidata.org/entity/Q1371047
http://www.wikidata.org/entity/Q135428508,http://www.wikidata.org/prop/direct/P131,http://www.wikidata.org/entity/Q217411
http://www.wikidata.org/entity/Q135428508,http://www.wikidata.org/prop/direct/P625,Point(28.9789791 41.0251007)
http://www.wikidata.org/entity/Q135428508,http://www.wikidata.org/prop/direct/P706,http://www.wikidata.org/entity/Q155583
http://www.wikidata.org/entity/Q135428508,http://www.wikidata.org/prop/direct/P11729,258413
http://www.wikidata.org/entity/Q124664351,http://www.wikidata.org/prop/direct/P17,http://www.wikidata.org/entity/Q145
http://www.wikidata.org/entity/Q124664351,http://www.wikidata.org/prop/direct/P31,http://www.wikidata.org/entity/Q1371047
http://www.wikidata.org/entity/Q124664351,http://www.wikidata.org/prop/direct/P131,http://www.wikidata.org/entity/Q109128
http://www.wikidata.org/entity/Q124664351,http://www.wikidata.org/prop/direct/P613,SH39193752
http://www.wikidata.org/entity/Q124664351,http://www.wikidata.org/prop/direct/P625,Point(-4.39285 52.91097)
http://www.wikidata.org/entity/Q124664351,http://www.wikidata.org/prop/direct/P1435,http://www.wikidata.org/entity/Q128791689
http://www.wikidata.org/entity/Q124664351,http://www.wikidata.org/prop/direct/P4658,32194
http://www.wikidata.org/entity/Q124664351,http://www.wikidata.org/prop/direct/P7959,http://www.wikidata.org/entity/Q731669
http://www.wikidata.org/entity/Q124664351,http://www.wikidata.org/prop/direct/P12749,Q119138
http://www.wikidata.org/entity/Q124664352,http://www.wikidata.org/prop/direct/P17,http://www.wikidata.org/entity/Q145
http://www.wikidata.org/entity/Q124664352,http://www.wikidata.org/prop/direct/P31,http://www.wikidata.org/entity/Q1371047
http://www.wikidata.org/entity/Q124664352,http://www.wikidata.org/prop/direct/P131,http://www.wikidata.org/entity/Q843868
http://www.wikidata.org/entity/Q124664352,http://www.wikidata.org/prop/direct/P613,SJ36735784
http://www.wikidata.org/entity/Q124664352,http://www.wikidata.org/prop/direct/P625,Point(-2.9467 53.11397)
http://www.wikidata.org/entity/Q124664352,http://www.wikidata.org/prop/direct/P1435,http://www.wikidata.org/entity/Q128791689
http://www.wikidata.org/entity/Q124664352,http://www.wikidata.org/prop/direct/P4658,32299
http://www.wikidata.org/entity/Q124664352,http://www.wikidata.org/prop/direct/P7959,http://www.wikidata.org/entity/Q5256625
http://www.wikidata.org/entity/Q124664352,http://www.wikidata.org/prop/direct/P12749,Q123418
http://www.wikidata.org/entity/Q124664353,http://www.wikidata.org/prop/direct/P17,http://www.wikidata.org/entity/Q145
http://www.wikidata.org/entity/Q124664353,http://www.wikidata.org/prop/direct/P31,http://www.wikidata.org/entity/Q1371047
http://www.wikidata.org/entity/Q124664353,http://www.wikidata.org/prop/direct/P131,http://www.wikidata.org/entity/Q505610
http://www.wikidata.org/entity/Q124664353,http://www.wikidata.org/prop/direct/P613,SJ17436494
http://www.wikidata.org/entity/Q124664353,http://www.wikidata.org/prop/direct/P625,Point(-3.23681 53.17514)
http://www.wikidata.org/entity/Q124664353,http://www.wikidata.org/prop/direct/P1435,http://www.wikidata.org/entity/Q128791689
http://www.wikidata.org/entity/Q124664353,http://www.wikidata.org/prop/direct/P4658,32327
http://www.wikidata.org/entity/Q124664353,http://www.wikidata.org/prop/direct/P7959,http://www.wikidata.org/entity/Q684016
http://www.wikidata.org/entity/Q124664353,http://www.wikidata.org/prop/direct/P12749,Q118857
http://www.wikidata.org/entity/Q126002299,http://www.wikidata.org/prop/direct/P17,http://www.wikidata.org/entity/Q27
http://www.wikidata.org/entity/Q126002299,http://www.wikidata.org/prop/direct/P31,http://www.wikidata.org/entity/Q1371047
http://www.wikidata.org/entity/Q126002299,http://www.wikidata.org/prop/direct/P131,http://www.wikidata.org/entity/Q184618
http://www.wikidata.org/entity/Q126002299,http://www.wikidata.org/prop/direct/P131,http://www.wikidata.org/entity/Q104317112
http://www.wikidata.org/entity/Q26613610,http://www.wikidata.org/prop/direct/P17,http://www.wikidata.org/entity/Q145
http://www.wikidata.org/entity/Q26613610,http://www.wikidata.org/prop/direct/P31,http://www.wikidata.org/entity/Q1371047
http://www.wikidata.org/entity/Q26613610,http://www.wikidata.org/prop/direct/P131,http://www.wikidata.org/entity/Q7056929
http://www.wikidata.org/entity/Q26613610,http://www.wikidata.org/prop/direct/P613,SX3110097176
http://www.wikidata.org/entity/Q26613610,http://www.wikidata.org/prop/direct/P625,Point(-4.395589 50.749554)
http://www.wikidata.org/entity/Q26613610,http://www.wikidata.org/prop/direct/P1216,1328260
http://www.wikidata.org/entity/Q26613610,http://www.wikidata.org/prop/direct/P1435,http://www.wikidata.org/entity/Q15700834
http://www.wikidata.org/entity/Q26613610,http://www.wikidata.org/prop/direct/P7959,http://www.wikidata.org/entity/Q23148
http://www.wikidata.org/entity/Q26613610,http://www.wikidata.org/prop/direct/P12485,101328260
http://www.wikidata.org/entity/Q26613630,http://www.wikidata.org/prop/direct/P17,http://www.wikidata.org/entity/Q145
http://www.wikidata.org/entity/Q26613630,http://www.wikidata.org/prop/direct/P31,http://www.wikidata.org/entity/Q1371047
http://www.wikidata.org/entity/Q26613630,http://www.wikidata.org/prop/direct/P131,http://www.wikidata.org/entity/Q587647
http://www.wikidata.org/entity/Q26613630,http://www.wikidata.org/prop/direct/P613,SX0967273030
http://www.wikidata.org/entity/Q26613630,http://www.wikidata.org/prop/direct/P625,Point(-4.686603 50.526022)
http://www.wikidata.org/entity/Q26613630,http://www.wikidata.org/prop/direct/P1216,1328278
http://www.wikidata.org/entity/Q26613630,http://www.wikidata.org/prop/direct/P1435,http://www.wikidata.org/entity/Q15700834
http://www.wikidata.org/entity/Q26613630,http://www.wikidata.org/prop/direct/P7959,http://www.wikidata.org/entity/Q23148
http://www.wikidata.org/entity/Q26613630,http://www.wikidata.org/prop/direct/P12485,101328278
http://www.wikidata.org/entity/Q26613996,http://www.wikidata.org/prop/direct/P17,http://www.wikidata.org/entity/Q145
http://www.wikidata.org/entity/Q26613996,http://www.wikidata.org/prop/direct/P18,http://commons.wikimedia.org/wiki/Special:FilePath/St%20Piran%27s%20Well%20%283460515542%29.jpg
http://www.wikidata.org/entity/Q26613996,http://www.wikidata.org/prop/direct/P31,http://www.wikidata.org/entity/Q1371047
http://www.wikidata.org/entity/Q26613996,http://www.wikidata.org/prop/direct/P131,http://www.wikidata.org/entity/Q3997407
http://www.wikidata.org/entity/Q26613996,http://www.wikidata.org/prop/direct/P613,SW7789838760
http://www.wikidata.org/entity/Q26613996,http://www.wikidata.org/prop/direct/P625,Point(-5.113998 50.207086)
http://www.wikidata.org/entity/Q26613996,http://www.wikidata.org/prop/direct/P1216,1328665
http://www.wikidata.org/entity/Q26613996,http://www.wikidata.org/prop/direct/P1435,http://www.wikidata.org/entity/Q15700834
http://www.wikidata.org/entity/Q26613996,http://www.wikidata.org/prop/direct/P7959,http://www.wikidata.org/entity/Q23148
http://www.wikidata.org/entity/Q26613996,http://www.wikidata.org/prop/direct/P12485,101328665
http://www.wikidata.org/entity/Q26616409,http://www.wikidata.org/prop/direct/P17,http://www.wikidata.org/entity/Q145
http://www.wikidata.org/entity/Q26616409,http://www.wikidata.org/prop/direct/P31,http://www.wikidata.org/entity/Q1371047
http://www.wikidata.org/entity/Q26616409,http://www.wikidata.org/prop/direct/P131,http://www.wikidata.org/entity/Q12956645
http://www.wikidata.org/entity/Q26616409,http://www.wikidata.org/prop/direct/P613,TL1677898149
http://www.wikidata.org/entity/Q26616409,http://www.wikidata.org/prop/direct/P625,Point(-0.278566 52.568673)
http://www.wikidata.org/entity/Q26616409,http://www.wikidata.org/prop/direct/P1216,1331507
http://www.wikidata.org/entity/Q26616409,http://www.wikidata.org/prop/direct/P1435,http://www.wikidata.org/entity/Q15700834
http://www.wikidata.org/entity/Q26616409,http://www.wikidata.org/prop/direct/P7959,http://www.wikidata.org/entity/Q67311402
http://www.wikidata.org/entity/Q26616409,http://www.wikidata.org/prop/direct/P12485,101331507
http://www.wikidata.org/entity/Q126002299,http://www.wikidata.org/prop/direct/P373,Toberaheena Well
http://www.wikidata.org/entity/Q126002299,http://www.wikidata.org/prop/direct/P625,Point(-7.72388 52.35162)
http://www.wikidata.org/entity/Q126002299,http://www.wikidata.org/prop/direct/P1651,vdVdXv_Iz28
http://www.wikidata.org/entity/Q126002299,http://www.wikidata.org/prop/direct/P4057,TS083-014----
http://www.wikidata.org/entity/Q126203841,http://www.wikidata.org/prop/direct/P17,http://www.wikidata.org/entity/Q27
http://www.wikidata.org/entity/Q126203841,http://www.wikidata.org/prop/direct/P31,http://www.wikidata.org/entity/Q1371047
http://www.wikidata.org/entity/Q126203841,http://www.wikidata.org/prop/direct/P131,http://www.wikidata.org/entity/Q181882
http://www.wikidata.org/entity/Q126203841,http://www.wikidata.org/prop/direct/P625,Point(-6.954621 52.532345)
http://www.wikidata.org/entity/Q126203841,http://www.wikidata.org/prop/direct/P1343,http://www.wikidata.org/entity/Q130352573
http://www.wikidata.org/entity/Q126203841,http://www.wikidata.org/prop/direct/P1343,http://www.wikidata.org/entity/Q130634563
http://www.wikidata.org/entity/Q126203841,http://www.wikidata.org/prop/direct/P4057,CW024-028----
http://www.wikidata.org/entity/Q126374490,http://www.wikidata.org/prop/direct/P10,http://commons.wikimedia.org/wiki/Special:FilePath/Ballyrafton%20Trinity%20Well.webm
http://www.wikidata.org/entity/Q126374490,http://www.wikidata.org/prop/direct/P17,http://www.wikidata.org/entity/Q27
http://www.wikidata.org/entity/Q126374490,http://www.wikidata.org/prop/direct/P18,http://commons.wikimedia.org/wiki/Special:FilePath/Trinity%20Well%20at%20Ballyrafton.jpg
http://www.wikidata.org/entity/Q126374490,http://www.wikidata.org/prop/direct/P31,http://www.wikidata.org/entity/Q43483
http://www.wikidata.org/entity/Q126374490,http://www.wikidata.org/prop/direct/P31,http://www.wikidata.org/entity/Q124714
http://www.wikidata.org/entity/Q126374490,http://www.wikidata.org/prop/direct/P31,http://www.wikidata.org/entity/Q1371047
http://www.wikidata.org/entity/Q126374490,http://www.wikidata.org/prop/direct/P31,http://www.wikidata.org/entity/Q126443332
http://www.wikidata.org/entity/Q126374490,http://www.wikidata.org/prop/direct/P131,http://www.wikidata.org/entity/Q180231
http://www.wikidata.org/entity/Q126374490,http://www.wikidata.org/prop/direct/P131,http://www.wikidata.org/entity/Q60554184
http://www.wikidata.org/entity/Q126374490,http://www.wikidata.org/prop/direct/P131,http://www.wikidata.org/entity/Q104265337
http://www.wikidata.org/entity/Q126374490,http://www.wikidata.org/prop/direct/P138,http://www.wikidata.org/entity/Q37090
http://www.wikidata.org/entity/Q126374490,http://www.wikidata.org/prop/direct/P195,http://www.wikidata.org/entity/Q126875543
http://www.wikidata.org/entity/Q126374490,http://www.wikidata.org/prop/direct/P195,http://www.wikidata.org/entity/Q132817615
http://www.wikidata.org/entity/Q126374490,http://www.wikidata.org/prop/direct/P217,16
http://www.wikidata.org/entity/Q126374490,http://www.wikidata.org/prop/direct/P217,KHW2-1
http://www.wikidata.org/entity/Q126374490,http://www.wikidata.org/prop/direct/P373,"Trinity Well, Ballyrafton"
http://www.wikidata.org/entity/Q126374490,http://www.wikidata.org/prop/direct/P625,Point(-7.2710769 52.7262158)
http://www.wikidata.org/entity/Q126374490,http://www.wikidata.org/prop/direct/P708,http://www.wikidata.org/entity/Q873607
http://www.wikidata.org/entity/Q126374490,http://www.wikidata.org/prop/direct/P841,http://www.wikidata.org/entity/Q541946
http://www.wikidata.org/entity/Q126374490,http://www.wikidata.org/prop/direct/P1325,https://sketchfab.com/3d-models/ballyrafton-trinity-well-553073f9100040e789890d3edd3dc851
http://www.wikidata.org/entity/Q126374490,http://www.wikidata.org/prop/direct/P1343,http://www.wikidata.org/entity/Q126374601
http://www.wikidata.org/entity/Q126374490,http://www.wikidata.org/prop/direct/P1343,http://www.wikidata.org/entity/Q126393245
http://www.wikidata.org/entity/Q126374490,http://www.wikidata.org/prop/direct/P1343,http://www.wikidata.org/entity/Q126456421
http://www.wikidata.org/entity/Q126374490,http://www.wikidata.org/prop/direct/P1343,http://www.wikidata.org/entity/Q126528008
http://www.wikidata.org/entity/Q126374490,http://www.wikidata.org/prop/direct/P1343,http://www.wikidata.org/entity/Q126540348
http://www.wikidata.org/entity/Q126374490,http://www.wikidata.org/prop/direct/P1343,http://www.wikidata.org/entity/Q126555558
http://www.wikidata.org/entity/Q126374490,http://www.wikidata.org/prop/direct/P1343,http://www.wikidata.org/entity/Q126875543
http://www.wikidata.org/entity/Q126374490,http://www.wikidata.org/prop/direct/P1343,http://www.wikidata.org/entity/Q128033900
http://www.wikidata.org/entity/Q126374490,http://www.wikidata.org/prop/direct/P1343,http://www.wikidata.org/entity/Q130284129
http://www.wikidata.org/entity/Q126374490,http://www.wikidata.org/prop/direct/P1343,http://www.wikidata.org/entity/Q130308814
http://www.wikidata.org/entity/Q126374490,http://www.wikidata.org/prop/direct/P1343,http://www.wikidata.org/entity/Q132817615
http://www.wikidata.org/entity/Q126374490,http://www.wikidata.org/prop/direct/P1651,Zv4QKuz8hnU
http://www.wikidata.org/entity/Q126374490,http://www.wikidata.org/prop/direct/P11693,11942593399
http://www.wikidata.org/entity/Q135428487,http://www.wikidata.org/prop/direct/P17,http://www.wikidata.org/entity/Q43
http://www.wikidata.org/entity/Q135428487,http://www.wikidata.org/prop/direct/P31,http://www.wikidata.org/entity/Q1371047
http://www.wikidata.org/entity/Q135428487,http://www.wikidata.org/prop/direct/P131,http://www.wikidata.org/entity/Q732923
http://www.wikidata.org/entity/Q135428487,http://www.wikidata.org/prop/direct/P625,Point(28.9668407 41.0045204)
http://www.wikidata.org/entity/Q135428487,http://www.wikidata.org/prop/direct/P706,http://www.wikidata.org/entity/Q155583
http://www.wikidata.org/entity/Q135428487,http://www.wikidata.org/prop/direct/P11729,258577
http://www.wikidata.org/entity/Q135428489,http://www.wikidata.org/prop/direct/P17,http://www.wikidata.org/entity/Q43
http://www.wikidata.org/entity/Q135428489,http://www.wikidata.org/prop/direct/P31,http://www.wikidata.org/entity/Q1371047
http://www.wikidata.org/entity/Q135428489,http://www.wikidata.org/prop/direct/P131,http://www.wikidata.org/entity/Q732923
http://www.wikidata.org/entity/Q135428489,http://www.wikidata.org/prop/direct/P625,Point(28.9634018 41.0046654)
http://www.wikidata.org/entity/Q135428489,http://www.wikidata.org/prop/direct/P706,http://www.wikidata.org/entity/Q155583
http://www.wikidata.org/entity/Q135428489,http://www.wikidata.org/prop/direct/P11729,258571
http://www.wikidata.org/entity/Q135428490,http://www.wikidata.org/prop/direct/P17,http://www.wikidata.org/entity/Q43
http://www.wikidata.org/entity/Q135428490,http://www.wikidata.org/prop/direct/P31,http://www.wikidata.org/entity/Q1371047
http://www.wikidata.org/entity/Q135428490,http://www.wikidata.org/prop/direct/P131,http://www.wikidata.org/entity/Q732923
http://www.wikidata.org/entity/Q135428490,http://www.wikidata.org/prop/direct/P625,Point(28.952364 41.0281792)
http://www.wikidata.org/entity/Q135428490,http://www.wikidata.org/prop/direct/P706,http://www.wikidata.org/entity/Q155583
http://www.wikidata.org/entity/Q135428490,http://www.wikidata.org/prop/direct/P11729,258568
http://www.wikidata.org/entity/Q135428491,http://www.wikidata.org/prop/direct/P17,http://www.wikidata.org/entity/Q43
http://www.wikidata.org/entity/Q135428491,http://www.wikidata.org/prop/direct/P31,http://www.wikidata.org/entity/Q1371047
http://www.wikidata.org/entity/Q135428491,http://www.wikidata.org/prop/direct/P131,http://www.wikidata.org/entity/Q732923
http://www.wikidata.org/entity/Q135428491,http://www.wikidata.org/prop/direct/P625,Point(28.9488125 41.0296402)
http://www.wikidata.org/entity/Q135428491,http://www.wikidata.org/prop/direct/P706,http://www.wikidata.org/entity/Q155583
http://www.wikidata.org/entity/Q135428491,http://www.wikidata.org/prop/direct/P11729,258565
http://www.wikidata.org/entity/Q135428492,http://www.wikidata.org/prop/direct/P17,http://www.wikidata.org/entity/Q43
http://www.wikidata.org/entity/Q135428492,http://www.wikidata.org/prop/direct/P31,http://www.wikidata.org/entity/Q1371047
http://www.wikidata.org/entity/Q135428492,http://www.wikidata.org/prop/direct/P131,http://www.wikidata.org/entity/Q732923
http://www.wikidata.org/entity/Q135428492,http://www.wikidata.org/prop/direct/P625,Point(28.9494591 41.030674)
http://www.wikidata.org/entity/Q135428492,http://www.wikidata.org/prop/direct/P706,http://www.wikidata.org/entity/Q155583
http://www.wikidata.org/entity/Q135428492,http://www.wikidata.org/prop/direct/P11729,258561
http://www.wikidata.org/entity/Q135428493,http://www.wikidata.org/prop/direct/P17,http://www.wikidata.org/entity/Q43
http://www.wikidata.org/entity/Q135428493,http://www.wikidata.org/prop/direct/P31,http://www.wikidata.org/entity/Q1371047
http://www.wikidata.org/entity/Q135428493,http://www.wikidata.org/prop/direct/P131,http://www.wikidata.org/entity/Q732923
http://www.wikidata.org/entity/Q26822217,http://www.wikidata.org/prop/direct/P17,http://www.wikidata.org/entity/Q38
http://www.wikidata.org/entity/Q26822217,http://www.wikidata.org/prop/direct/P31,http://www.wikidata.org/entity/Q1371047
http://www.wikidata.org/entity/Q26822217,http://www.wikidata.org/prop/direct/P131,http://www.wikidata.org/entity/Q388616
http://www.wikidata.org/entity/Q26822217,http://www.wikidata.org/prop/direct/P625,Point(8.7022742 39.9992973)
http://www.wikidata.org/entity/Q26822217,http://www.wikidata.org/prop/direct/P2671,/g/11c52_s0vb
http://www.wikidata.org/entity/Q26822217,http://www.wikidata.org/prop/direct/P11693,3269333937
http://www.wikidata.org/entity/Q28232203,http://www.wikidata.org/prop/direct/P17,http://www.wikidata.org/entity/Q27
http://www.wikidata.org/entity/Q28232203,http://www.wikidata.org/prop/direct/P18,http://commons.wikimedia.org/wiki/Special:FilePath/Julianstown%20-%20Calliaghstown%20Well%20-%2020230902195853.jpg
http://www.wikidata.org/entity/Q28232203,http://www.wikidata.org/prop/direct/P31,http://www.wikidata.org/entity/Q1371047
http://www.wikidata.org/entity/Q28232203,http://www.wikidata.org/prop/direct/P131,http://www.wikidata.org/entity/Q392074
http://www.wikidata.org/entity/Q28232203,http://www.wikidata.org/prop/direct/P625,Point(-6.329396111 53.671491944)
http://www.wikidata.org/entity/Q28232203,http://www.wikidata.org/prop/direct/P1435,http://www.wikidata.org/entity/Q893802
http://www.wikidata.org/entity/Q28232203,http://www.wikidata.org/prop/direct/P2186,IE-MH-0023
http://www.wikidata.org/entity/Q28232203,http://www.wikidata.org/prop/direct/P2671,/g/11c1ns53p8
http://www.wikidata.org/entity/Q28232203,http://www.wikidata.org/prop/direct/P4057,ME027-011002-
http://www.wikidata.org/entity/Q28232203,http://www.wikidata.org/prop/direct/P4059,637
http://www.wikidata.org/entity/Q28232203,http://www.wikidata.org/prop/direct/P7959,http://www.wikidata.org/entity/Q183544
http://www.wikidata.org/entity/Q28232203,http://www.wikidata.org/prop/direct/P11693,10592180210
http://www.wikidata.org/entity/Q28232327,http://www.wikidata.org/prop/direct/P17,http://www.wikidata.org/entity/Q27
http://www.wikidata.org/entity/Q28232327,http://www.wikidata.org/prop/direct/P31,http://www.wikidata.org/entity/Q1371047
http://www.wikidata.org/entity/Q28232327,http://www.wikidata.org/prop/direct/P131,http://www.wikidata.org/entity/Q104324480
http://www.wikidata.org/entity/Q28232327,http://www.wikidata.org/prop/direct/P625,Point(-8.316109 53.415304)
http://www.wikidata.org/entity/Q28232327,http://www.wikidata.org/prop/direct/P1435,http://www.wikidata.org/entity/Q893802
http://www.wikidata.org/entity/Q28232327,http://www.wikidata.org/prop/direct/P2671,/g/11c5wmhsv_
http://www.wikidata.org/entity/Q28232327,http://www.wikidata.org/prop/direct/P4059,467
http://www.wikidata.org/entity/Q126380347,http://www.wikidata.org/prop/direct/P17,http://www.wikidata.org/entity/Q27
http://www.wikidata.org/entity/Q126380347,http://www.wikidata.org/prop/direct/P18,http://commons.wikimedia.org/wiki/Special:FilePath/Cruckny%20well%2001.jpg
http://www.wikidata.org/entity/Q126380347,http://www.wikidata.org/prop/direct/P31,http://www.wikidata.org/entity/Q1371047
http://www.wikidata.org/entity/Q126380347,http://www.wikidata.org/prop/direct/P31,http://www.wikidata.org/entity/Q15135589
http://www.wikidata.org/entity/Q126380347,http://www.wikidata.org/prop/direct/P31,http://www.wikidata.org/entity/Q105889895
http://www.wikidata.org/entity/Q126380347,http://www.wikidata.org/prop/direct/P31,http://www.wikidata.org/entity/Q126443332
http://www.wikidata.org/entity/Q126380347,http://www.wikidata.org/prop/direct/P131,http://www.wikidata.org/entity/Q180231
http://www.wikidata.org/entity/Q126380347,http://www.wikidata.org/prop/direct/P131,http://www.wikidata.org/entity/Q60553710
http://www.wikidata.org/entity/Q126380347,http://www.wikidata.org/prop/direct/P131,http://www.wikidata.org/entity/Q104265724
http://www.wikidata.org/entity/Q126380347,http://www.wikidata.org/prop/direct/P131,http://www.wikidata.org/entity/Q104265736
http://www.wikidata.org/entity/Q126380347,http://www.wikidata.org/prop/direct/P138,http://www.wikidata.org/entity/Q380356
http://www.wikidata.org/entity/Q126380347,http://www.wikidata.org/prop/direct/P195,http://www.wikidata.org/entity/Q126875543
http://www.wikidata.org/entity/Q126380347,http://www.wikidata.org/prop/direct/P195,http://www.wikidata.org/entity/Q132817615
http://www.wikidata.org/entity/Q126380347,http://www.wikidata.org/prop/direct/P217,63
http://www.wikidata.org/entity/Q126380347,http://www.wikidata.org/prop/direct/P217,KHW107
http://www.wikidata.org/entity/Q126380347,http://www.wikidata.org/prop/direct/P373,"Cruckny Well, Castlecomer"
http://www.wikidata.org/entity/Q126380347,http://www.wikidata.org/prop/direct/P625,Point(-7.1997242 52.8064471)
http://www.wikidata.org/entity/Q126380347,http://www.wikidata.org/prop/direct/P625,Point(-7.199663888 52.80658)
http://www.wikidata.org/entity/Q126380347,http://www.wikidata.org/prop/direct/P708,http://www.wikidata.org/entity/Q873607
http://www.wikidata.org/entity/Q126380347,http://www.wikidata.org/prop/direct/P1343,http://www.wikidata.org/entity/Q116166792
http://www.wikidata.org/entity/Q126380347,http://www.wikidata.org/prop/direct/P1343,http://www.wikidata.org/entity/Q120966194
http://www.wikidata.org/entity/Q126380347,http://www.wikidata.org/prop/direct/P1343,http://www.wikidata.org/entity/Q126374601
http://www.wikidata.org/entity/Q126380347,http://www.wikidata.org/prop/direct/P1343,http://www.wikidata.org/entity/Q126507417
http://www.wikidata.org/entity/Q126380347,http://www.wikidata.org/prop/direct/P1343,http://www.wikidata.org/entity/Q126540348
http://www.wikidata.org/entity/Q126380347,http://www.wikidata.org/prop/direct/P1343,http://www.wikidata.org/entity/Q126875543
http://www.wikidata.org/entity/Q126380347,http://www.wikidata.org/prop/direct/P1343,http://www.wikidata.org/entity/Q129333352
http://www.wikidata.org/entity/Q126380347,http://www.wikidata.org/prop/direct/P1343,http://www.wikidata.org/entity/Q130266736
http://www.wikidata.org/entity/Q126380347,http://www.wikidata.org/prop/direct/P1343,http://www.wikidata.org/entity/Q130284129
http://www.wikidata.org/entity/Q126380347,http://www.wikidata.org/prop/direct/P1343,http://www.wikidata.org/entity/Q132817615
http://www.wikidata.org/entity/Q126380347,http://www.wikidata.org/prop/direct/P4057,KK006-002----
http://www.wikidata.org/entity/Q126380347,http://www.wikidata.org/prop/direct/P11693,11121636597
http://www.wikidata.org/entity/Q126385950,http://www.wikidata.org/prop/direct/P17,http://www.wikidata.org/entity/Q27
http://www.wikidata.org/entity/Q126385950,http://www.wikidata.org/prop/direct/P18,http://commons.wikimedia.org/wiki/Special:FilePath/Lady%27s%20Well%20in%20Danesfort%20with%20shrine.jpg
http://www.wikidata.org/entity/Q126385950,http://www.wikidata.org/prop/direct/P31,http://www.wikidata.org/entity/Q1371047
http://www.wikidata.org/entity/Q126385950,http://www.wikidata.org/prop/direct/P31,http://www.wikidata.org/entity/Q10713454
http://www.wikidata.org/entity/Q122309499,http://www.wikidata.org/prop/direct/P17,http://www.wikidata.org/entity/Q27
http://www.wikidata.org/entity/Q122309499,http://www.wikidata.org/prop/direct/P31,http://www.wikidata.org/entity/Q1371047
http://www.wikidata.org/entity/Q122309499,http://www.wikidata.org/prop/direct/P131,http://www.wikidata.org/entity/Q169923
http://www.wikidata.org/entity/Q122309499,http://www.wikidata.org/prop/direct/P625,Point(-9.6859559 53.1319372)
http://www.wikidata.org/entity/Q122309499,http://www.wikidata.org/prop/direct/P2186,IE-G-0418
http://www.wikidata.org/entity/Q122309499,http://www.wikidata.org/prop/direct/P4057,GA111-002002
http://www.wikidata.org/entity/Q122309515,http://www.wikidata.org/prop/direct/P17,http://www.wikidata.org/entity/Q27
http://www.wikidata.org/entity/Q122309515,http://www.wikidata.org/prop/direct/P31,http://www.wikidata.org/entity/Q1371047
http://www.wikidata.org/entity/Q122309515,http://www.wikidata.org/prop/direct/P131,http://www.wikidata.org/entity/Q169923
http://www.wikidata.org/entity/Q122309515,http://www.wikidata.org/prop/direct/P625,Point(-9.6965396 53.1342029)
http://www.wikidata.org/entity/Q122309515,http://www.wikidata.org/prop/direct/P2186,IE-G-0419
http://www.wikidata.org/entity/Q122309515,http://www.wikidata.org/prop/direct/P4057,GA110-082001
http://www.wikidata.org/entity/Q122309534,http://www.wikidata.org/prop/direct/P17,http://www.wikidata.org/entity/Q27
http://www.wikidata.org/entity/Q122309534,http://www.wikidata.org/prop/direct/P31,http://www.wikidata.org/entity/Q893802
http://www.wikidata.org/entity/Q122309534,http://www.wikidata.org/prop/direct/P31,http://www.wikidata.org/entity/Q1371047
http://www.wikidata.org/entity/Q122309534,http://www.wikidata.org/prop/direct/P131,http://www.wikidata.org/entity/Q169923
http://www.wikidata.org/entity/Q122309534,http://www.wikidata.org/prop/direct/P625,Point(-8.8853256 53.0466481)
http://www.wikidata.org/entity/Q122309534,http://www.wikidata.org/prop/direct/P2186,IE-G-0420
http://www.wikidata.org/entity/Q122309534,http://www.wikidata.org/prop/direct/P4057,GA128-034010
http://www.wikidata.org/entity/Q122309534,http://www.wikidata.org/prop/direct/P4059,51
http://www.wikidata.org/entity/Q122309613,http://www.wikidata.org/prop/direct/P17,http://www.wikidata.org/entity/Q27
http://www.wikidata.org/entity/Q122309613,http://www.wikidata.org/prop/direct/P31,http://www.wikidata.org/entity/Q1371047
http://www.wikidata.org/entity/Q122309613,http://www.wikidata.org/prop/direct/P131,http://www.wikidata.org/entity/Q104321755
http://www.wikidata.org/entity/Q122309613,http://www.wikidata.org/prop/direct/P625,Point(-8.6782551 53.2808308)
http://www.wikidata.org/entity/Q122309613,http://www.wikidata.org/prop/direct/P2186,IE-G-0421
http://www.wikidata.org/entity/Q122309613,http://www.wikidata.org/prop/direct/P4057,GA096-174----
http://www.wikidata.org/entity/Q122309770,http://www.wikidata.org/prop/direct/P17,http://www.wikidata.org/entity/Q27
http://www.wikidata.org/entity/Q122309770,http://www.wikidata.org/prop/direct/P31,http://www.wikidata.org/entity/Q1371047
http://www.wikidata.org/entity/Q122309770,http://www.wikidata.org/prop/direct/P131,http://www.wikidata.org/entity/Q169923
http://www.wikidata.org/entity/Q122309770,http://www.wikidata.org/prop/direct/P625,Point(-8.4001368 53.3332648)
http://www.wikidata.org/entity/Q122309770,http://www.wikidata.org/prop/direct/P2186,IE-G-0422
http://www.wikidata.org/entity/Q122309770,http://www.wikidata.org/prop/direct/P4057,GA086-001001
http://www.wikidata.org/entity/Q133258302,http://www.wikidata.org/prop/direct/P4057,KK023-054----
http://www.wikidata.org/entity/Q126438084,http://www.wikidata.org/prop/direct/P217,KHW080
http://www.wikidata.org/entity/Q126438084,http://www.wikidata.org/prop/direct/P625,Point(-7.3757517 52.6860666)
http://www.wikidata.org/entity/Q126438084,http://www.wikidata.org/prop/direct/P708,http://www.wikidata.org/entity/Q873607
http://www.wikidata.org/entity/Q126438084,http://www.wikidata.org/prop/direct/P841,http://www.wikidata.org/entity/Q541946
http://www.wikidata.org/entity/Q126438084,http://www.wikidata.org/prop/direct/P1343,http://www.wikidata.org/entity/Q6407043
http://www.wikidata.org/entity/Q126438084,http://www.wikidata.org/prop/direct/P1343,http://www.wikidata.org/entity/Q116166792
http://www.wikidata.org/entity/Q126438084,http://www.wikidata.org/prop/direct/P1343,http://www.wikidata.org/entity/Q120966194
http://www.wikidata.org/entity/Q126438084,http://www.wikidata.org/prop/direct/P1343,http://www.wikidata.org/entity/Q126374601
http://www.wikidata.org/entity/Q126438084,http://www.wikidata.org/prop/direct/P1343,http://www.wikidata.org/entity/Q126393245
http://www.wikidata.org/entity/Q126438084,http://www.wikidata.org/prop/direct/P1343,http://www.wikidata.org/entity/Q126474972
http://www.wikidata.org/entity/Q126438084,http://www.wikidata.org/prop/direct/P1343,http://www.wikidata.org/entity/Q126528008
http://www.wikidata.org/entity/Q126438084,http://www.wikidata.org/prop/direct/P1343,http://www.wikidata.org/entity/Q126540348
http://www.wikidata.org/entity/Q126438084,http://www.wikidata.org/prop/direct/P1343,http://www.wikidata.org/entity/Q126555558
http://www.wikidata.org/entity/Q126438084,http://www.wikidata.org/prop/direct/P1343,http://www.wikidata.org/entity/Q126875543
http://www.wikidata.org/entity/Q126438084,http://www.wikidata.org/prop/direct/P1343,http://www.wikidata.org/entity/Q129181072
http://www.wikidata.org/entity/Q126438084,http://www.wikidata.org/prop/direct/P1343,http://www.wikidata.org/entity/Q130284129
http://www.wikidata.org/entity/Q126438084,http://www.wikidata.org/prop/direct/P1343,http://www.wikidata.org/entity/Q130308814
http://www.wikidata.org/entity/Q126438084,http://www.wikidata.org/prop/direct/P1343,http://www.wikidata.org/entity/Q132817615
http://www.wikidata.org/entity/Q126438084,http://www.wikidata.org/prop/direct/P4057,KK013-085----
http://www.wikidata.org/entity/Q126438084,http://www.wikidata.org/prop/direct/P6375,"""about 400 yards southeast of the graveyard"""
http://www.wikidata.org/entity/Q126438084,http://www.wikidata.org/prop/direct/P11693,8517739108
http://www.wikidata.org/entity/Q126442215,http://www.wikidata.org/prop/direct/P17,http://www.wikidata.org/entity/Q27
http://www.wikidata.org/entity/Q126442215,http://www.wikidata.org/prop/direct/P31,http://www.wikidata.org/entity/Q124714
http://www.wikidata.org/entity/Q126442215,http://www.wikidata.org/prop/direct/P31,http://www.wikidata.org/entity/Q1371047
http://www.wikidata.org/entity/Q126442215,http://www.wikidata.org/prop/direct/P31,http://www.wikidata.org/entity/Q126443332
http://www.wikidata.org/entity/Q126442215,http://www.wikidata.org/prop/direct/P131,http://www.wikidata.org/entity/Q180231
http://www.wikidata.org/entity/Q126442215,http://www.wikidata.org/prop/direct/P131,http://www.wikidata.org/entity/Q60553548
http://www.wikidata.org/entity/Q126442215,http://www.wikidata.org/prop/direct/P138,http://www.wikidata.org/entity/Q345
http://www.wikidata.org/entity/Q126442215,http://www.wikidata.org/prop/direct/P195,http://www.wikidata.org/entity/Q126875543
http://www.wikidata.org/entity/Q126442215,http://www.wikidata.org/prop/direct/P195,http://www.wikidata.org/entity/Q132817615
http://www.wikidata.org/entity/Q126442215,http://www.wikidata.org/prop/direct/P217,30
http://www.wikidata.org/entity/Q126442215,http://www.wikidata.org/prop/direct/P217,KHW071
http://www.wikidata.org/entity/Q126442215,http://www.wikidata.org/prop/direct/P625,Point(-7.337388 52.5205383)
http://www.wikidata.org/entity/Q126442215,http://www.wikidata.org/prop/direct/P708,http://www.wikidata.org/entity/Q873607
http://www.wikidata.org/entity/Q126442215,http://www.wikidata.org/prop/direct/P1343,http://www.wikidata.org/entity/Q120966194
http://www.wikidata.org/entity/Q126442215,http://www.wikidata.org/prop/direct/P1343,http://www.wikidata.org/entity/Q126374601
http://www.wikidata.org/entity/Q126442215,http://www.wikidata.org/prop/direct/P1343,http://www.wikidata.org/entity/Q126456421
http://www.wikidata.org/entity/Q126442215,http://www.wikidata.org/prop/direct/P1343,http://www.wikidata.org/entity/Q126875543
http://www.wikidata.org/entity/Q126442215,http://www.wikidata.org/prop/direct/P1343,http://www.wikidata.org/entity/Q130308814
http://www.wikidata.org/entity/Q126442215,http://www.wikidata.org/prop/direct/P1343,http://www.wikidata.org/entity/Q132817615
http://www.wikidata.org/entity/Q126442215,http://www.wikidata.org/prop/direct/P4057,KK027-071----
http://www.wikidata.org/entity/Q126442215,http://www.wikidata.org/prop/direct/P11693,11126390777
http://www.wikidata.org/entity/Q126385950,http://www.wikidata.org/prop/direct/P31,http://www.wikidata.org/entity/Q105889895
http://www.wikidata.org/entity/Q126385950,http://www.wikidata.org/prop/direct/P31,http://www.wikidata.org/entity/Q126443332
http://www.wikidata.org/entity/Q126385950,http://www.wikidata.org/prop/direct/P131,http://www.wikidata.org/entity/Q180231
http://www.wikidata.org/entity/Q126385950,http://www.wikidata.org/prop/direct/P131,http://www.wikidata.org/entity/Q60553962
http://www.wikidata.org/entity/Q126385950,http://www.wikidata.org/prop/direct/P138,http://www.wikidata.org/entity/Q345
http://www.wikidata.org/entity/Q126385950,http://www.wikidata.org/prop/direct/P195,http://www.wikidata.org/entity/Q126875543
http://www.wikidata.org/entity/Q126385950,http://www.wikidata.org/prop/direct/P195,http://www.wikidata.org/entity/Q132817615
http://www.wikidata.org/entity/Q126385950,http://www.wikidata.org/prop/direct/P217,11
http://www.wikidata.org/entity/Q126385950,http://www.wikidata.org/prop/direct/P217,KHW028
http://www.wikidata.org/entity/Q126385950,http://www.wikidata.org/prop/direct/P373,"Lady's Well, Danesfort"
http://www.wikidata.org/entity/Q126385950,http://www.wikidata.org/prop/direct/P625,Point(-7.24782 52.56623)
http://www.wikidata.org/entity/Q126385950,http://www.wikidata.org/prop/direct/P708,http://www.wikidata.org/entity/Q873607
http://www.wikidata.org/entity/Q126385950,http://www.wikidata.org/prop/direct/P1343,http://www.wikidata.org/entity/Q120966194
http://www.wikidata.org/entity/Q126385950,http://www.wikidata.org/prop/direct/P1343,http://www.wikidata.org/entity/Q126374601
http://www.wikidata.org/entity/Q126385950,http://www.wikidata.org/prop/direct/P1343,http://www.wikidata.org/entity/Q126393245
http://www.wikidata.org/entity/Q126385950,http://www.wikidata.org/prop/direct/P1343,http://www.wikidata.org/entity/Q126454465
http://www.wikidata.org/entity/Q126385950,http://www.wikidata.org/prop/direct/P1343,http://www.wikidata.org/entity/Q126474972
http://www.wikidata.org/entity/Q126385950,http://www.wikidata.org/prop/direct/P1343,http://www.wikidata.org/entity/Q126528008
http://www.wikidata.org/entity/Q126385950,http://www.wikidata.org/prop/direct/P1343,http://www.wikidata.org/entity/Q126540348
http://www.wikidata.org/entity/Q126385950,http://www.wikidata.org/prop/direct/P1343,http://www.wikidata.org/entity/Q126875543
http://www.wikidata.org/entity/Q126385950,http://www.wikidata.org/prop/direct/P1343,http://www.wikidata.org/entity/Q130284129
http://www.wikidata.org/entity/Q126385950,http://www.wikidata.org/prop/direct/P1343,http://www.wikidata.org/entity/Q130308814
http://www.wikidata.org/entity/Q126385950,http://www.wikidata.org/prop/direct/P1343,http://www.wikidata.org/entity/Q132817615
http://www.wikidata.org/entity/Q126385950,http://www.wikidata.org/prop/direct/P4057,KK023-075----
http://www.wikidata.org/entity/Q126385950,http://www.wikidata.org/prop/direct/P10689,1198474007
http://www.wikidata.org/entity/Q126388499,http://www.wikidata.org/prop/direct/P17,http://www.wikidata.org/entity/Q27
http://www.wikidata.org/entity/Q126388499,http://www.wikidata.org/prop/direct/P18,http://commons.wikimedia.org/wiki/Special:FilePath/Ladywell%20Castlemarket%20%283%29.jpg
http://www.wikidata.org/entity/Q126388499,http://www.wikidata.org/prop/direct/P31,http://www.wikidata.org/entity/Q1371047
http://www.wikidata.org/entity/Q126388499,http://www.wikidata.org/prop/direct/P31,http://www.wikidata.org/entity/Q126443332
http://www.wikidata.org/entity/Q126388499,http://www.wikidata.org/prop/direct/P131,http://www.wikidata.org/entity/Q180231
http://www.wikidata.org/entity/Q126388499,http://www.wikidata.org/prop/direct/P131,http://www.wikidata.org/entity/Q60553341
http://www.wikidata.org/entity/Q126388499,http://www.wikidata.org/prop/direct/P131,http://www.wikidata.org/entity/Q104265095
http://www.wikidata.org/entity/Q126388499,http://www.wikidata.org/prop/direct/P138,http://www.wikidata.org/entity/Q345
http://www.wikidata.org/entity/Q126388499,http://www.wikidata.org/prop/direct/P195,http://www.wikidata.org/entity/Q126875543
http://www.wikidata.org/entity/Q126388499,http://www.wikidata.org/prop/direct/P195,http://www.wikidata.org/entity/Q132817615
http://www.wikidata.org/entity/Q126388499,http://www.wikidata.org/prop/direct/P217,40
http://www.wikidata.org/entity/Q126388499,http://www.wikidata.org/prop/direct/P217,KHW101
http://www.wikidata.org/entity/Q126388499,http://www.wikidata.org/prop/direct/P373,"Ladywell, Ballyouskill"
http://www.wikidata.org/entity/Q126388499,http://www.wikidata.org/prop/direct/P625,Point(-7.3237367 52.859687)
http://www.wikidata.org/entity/Q126388499,http://www.wikidata.org/prop/direct/P708,http://www.wikidata.org/entity/Q873607
http://www.wikidata.org/entity/Q126388499,http://www.wikidata.org/prop/direct/P973,https://commons.wikimedia.org/wiki/File:Ladywell_in_Lisbigney.opus
http://www.wikidata.org/entity/Q126388499,http://www.wikidata.org/prop/direct/P973,https://laoiscyclist.blogspot.com/2022/02/The%20Holy%20Wells%20of%20Laois.html
http://www.wikidata.org/entity/Q126388499,http://www.wikidata.org/prop/direct/P973,https://www.kilkennypeople.ie/story-telling/north-kilkenny/1283082/pictures-kilkenny-crowds-turn-out-for-annual-mass-at-ladywell.html/8
http://www.wikidata.org/entity/Q126388499,http://www.wikidata.org/prop/direct/P1343,http://www.wikidata.org/entity/Q6407043
http://www.wikidata.org/entity/Q126388499,http://www.wikidata.org/prop/direct/P1343,http://www.wikidata.org/entity/Q116166792
http://www.wikidata.org/entity/Q126388499,http://www.wikidata.org/prop/direct/P1343,http://www.wikidata.org/entity/Q120966194
http://www.wikidata.org/entity/Q126388499,http://www.wikidata.org/prop/direct/P1343,http://www.wikidata.org/entity/Q126374601
http://www.wikidata.org/entity/Q126478257,http://www.wikidata.org/prop/direct/P625,Point(-7.354 52.3431182)
http://www.wikidata.org/entity/Q126478257,http://www.wikidata.org/prop/direct/P708,http://www.wikidata.org/entity/Q873607
http://www.wikidata.org/entity/Q126478257,http://www.wikidata.org/prop/direct/P841,http://www.wikidata.org/entity/Q2333
http://www.wikidata.org/entity/Q126478257,http://www.wikidata.org/prop/direct/P1343,http://www.wikidata.org/entity/Q120966194
http://www.wikidata.org/entity/Q126478257,http://www.wikidata.org/prop/direct/P1343,http://www.wikidata.org/entity/Q126374601
http://www.wikidata.org/entity/Q126478257,http://www.wikidata.org/prop/direct/P1343,http://www.wikidata.org/entity/Q126393245
http://www.wikidata.org/entity/Q126478257,http://www.wikidata.org/prop/direct/P1343,http://www.wikidata.org/entity/Q126456421
http://www.wikidata.org/entity/Q126478257,http://www.wikidata.org/prop/direct/P1343,http://www.wikidata.org/entity/Q126474972
http://www.wikidata.org/entity/Q126478257,http://www.wikidata.org/prop/direct/P1343,http://www.wikidata.org/entity/Q126528008
http://www.wikidata.org/entity/Q126478257,http://www.wikidata.org/prop/direct/P1343,http://www.wikidata.org/entity/Q126871352
http://www.wikidata.org/entity/Q126478257,http://www.wikidata.org/prop/direct/P1343,http://www.wikidata.org/entity/Q126875543
http://www.wikidata.org/entity/Q126478257,http://www.wikidata.org/prop/direct/P1343,http://www.wikidata.org/entity/Q128304747
http://www.wikidata.org/entity/Q126478257,http://www.wikidata.org/prop/direct/P1343,http://www.wikidata.org/entity/Q130284129
http://www.wikidata.org/entity/Q126478257,http://www.wikidata.org/prop/direct/P1343,http://www.wikidata.org/entity/Q130308814
http://www.wikidata.org/entity/Q126478257,http://www.wikidata.org/prop/direct/P1343,http://www.wikidata.org/entity/Q132817615
http://www.wikidata.org/entity/Q126478257,http://www.wikidata.org/prop/direct/P1343,http://www.wikidata.org/entity/Q133263165
http://www.wikidata.org/entity/Q126478257,http://www.wikidata.org/prop/direct/P1343,http://www.wikidata.org/entity/Q133385130
http://www.wikidata.org/entity/Q126478257,http://www.wikidata.org/prop/direct/P4057,KK038-013----
http://www.wikidata.org/entity/Q126478257,http://www.wikidata.org/prop/direct/P11693,8526280242
http://www.wikidata.org/entity/Q126478330,http://www.wikidata.org/prop/direct/P17,http://www.wikidata.org/entity/Q27
http://www.wikidata.org/entity/Q126478330,http://www.wikidata.org/prop/direct/P31,http://www.wikidata.org/entity/Q1371047
http://www.wikidata.org/entity/Q126478330,http://www.wikidata.org/prop/direct/P31,http://www.wikidata.org/entity/Q126443332
http://www.wikidata.org/entity/Q126478330,http://www.wikidata.org/prop/direct/P131,http://www.wikidata.org/entity/Q180231
http://www.wikidata.org/entity/Q126478330,http://www.wikidata.org/prop/direct/P131,http://www.wikidata.org/entity/Q16901766
http://www.wikidata.org/entity/Q126478330,http://www.wikidata.org/prop/direct/P131,http://www.wikidata.org/entity/Q104266052
http://www.wikidata.org/entity/Q126478330,http://www.wikidata.org/prop/direct/P138,http://www.wikidata.org/entity/Q29182
http://www.wikidata.org/entity/Q126478330,http://www.wikidata.org/prop/direct/P195,http://www.wikidata.org/entity/Q126875543
http://www.wikidata.org/entity/Q126478330,http://www.wikidata.org/prop/direct/P195,http://www.wikidata.org/entity/Q132817615
http://www.wikidata.org/entity/Q126478330,http://www.wikidata.org/prop/direct/P217,89
http://www.wikidata.org/entity/Q126478330,http://www.wikidata.org/prop/direct/P217,KHW043
http://www.wikidata.org/entity/Q126478330,http://www.wikidata.org/prop/direct/P625,Point(-7.1259568 52.6601663)
http://www.wikidata.org/entity/Q126478330,http://www.wikidata.org/prop/direct/P708,http://www.wikidata.org/entity/Q873607
http://www.wikidata.org/entity/Q126478330,http://www.wikidata.org/prop/direct/P1343,http://www.wikidata.org/entity/Q120966194
http://www.wikidata.org/entity/Q126478330,http://www.wikidata.org/prop/direct/P1343,http://www.wikidata.org/entity/Q126374601
http://www.wikidata.org/entity/Q126478330,http://www.wikidata.org/prop/direct/P1343,http://www.wikidata.org/entity/Q126393245
http://www.wikidata.org/entity/Q126478330,http://www.wikidata.org/prop/direct/P1343,http://www.wikidata.org/entity/Q126454465
http://www.wikidata.org/entity/Q126478330,http://www.wikidata.org/prop/direct/P1343,http://www.wikidata.org/entity/Q126528008
http://www.wikidata.org/entity/Q126478330,http://www.wikidata.org/prop/direct/P1343,http://www.wikidata.org/entity/Q126540348
http://www.wikidata.org/entity/Q126478330,http://www.wikidata.org/prop/direct/P1343,http://www.wikidata.org/entity/Q126871352
http://www.wikidata.org/entity/Q126478330,http://www.wikidata.org/prop/direct/P1343,http://www.wikidata.org/entity/Q126875543
http://www.wikidata.org/entity/Q126478330,http://www.wikidata.org/prop/direct/P1343,http://www.wikidata.org/entity/Q130284129
http://www.wikidata.org/entity/Q126478330,http://www.wikidata.org/prop/direct/P1343,http://www.wikidata.org/entity/Q132817615
http://www.wikidata.org/entity/Q126478330,http://www.wikidata.org/prop/direct/P4057,KK020-019----
http://www.wikidata.org/entity/Q126478330,http://www.wikidata.org/prop/direct/P11693,8275448045
http://www.wikidata.org/entity/Q135428498,http://www.wikidata.org/prop/direct/P11729,258530
http://www.wikidata.org/entity/Q135428499,http://www.wikidata.org/prop/direct/P17,http://www.wikidata.org/entity/Q43
http://www.wikidata.org/entity/Q135428499,http://www.wikidata.org/prop/direct/P31,http://www.wikidata.org/entity/Q1371047
http://www.wikidata.org/entity/Q135428499,http://www.wikidata.org/prop/direct/P131,http://www.wikidata.org/entity/Q732923
http://www.wikidata.org/entity/Q135428499,http://www.wikidata.org/prop/direct/P625,Point(28.945303 41.035759)
http://www.wikidata.org/entity/Q135428499,http://www.wikidata.org/prop/direct/P706,http://www.wikidata.org/entity/Q155583
http://www.wikidata.org/entity/Q135428499,http://www.wikidata.org/prop/direct/P11729,258509
http://www.wikidata.org/entity/Q135428500,http://www.wikidata.org/prop/direct/P17,http://www.wikidata.org/entity/Q43
http://www.wikidata.org/entity/Q135428500,http://www.wikidata.org/prop/direct/P31,http://www.wikidata.org/entity/Q1371047
http://www.wikidata.org/entity/Q135428500,http://www.wikidata.org/prop/direct/P131,http://www.wikidata.org/entity/Q732923
http://www.wikidata.org/entity/Q135428500,http://www.wikidata.org/prop/direct/P625,Point(28.946291 41.0291176)
http://www.wikidata.org/entity/Q135428500,http://www.wikidata.org/prop/direct/P706,http://www.wikidata.org/entity/Q155583
http://www.wikidata.org/entity/Q135428500,http://www.wikidata.org/prop/direct/P11729,258482
http://www.wikidata.org/entity/Q135428501,http://www.wikidata.org/prop/direct/P17,http://www.wikidata.org/entity/Q43
http://www.wikidata.org/entity/Q135428501,http://www.wikidata.org/prop/direct/P31,http://www.wikidata.org/entity/Q1371047
http://www.wikidata.org/entity/Q135428501,http://www.wikidata.org/prop/direct/P131,http://www.wikidata.org/entity/Q732923
http://www.wikidata.org/entity/Q135428501,http://www.wikidata.org/prop/direct/P625,Point(28.9471798 41.0282288)
http://www.wikidata.org/entity/Q135428501,http://www.wikidata.org/prop/direct/P706,http://www.wikidata.org/entity/Q155583
http://www.wikidata.org/entity/Q135428501,http://www.wikidata.org/prop/direct/P11729,258475
http://www.wikidata.org/entity/Q135428502,http://www.wikidata.org/prop/direct/P17,http://www.wikidata.org/entity/Q43
http://www.wikidata.org/entity/Q135428502,http://www.wikidata.org/prop/direct/P31,http://www.wikidata.org/entity/Q1371047
http://www.wikidata.org/entity/Q135428502,http://www.wikidata.org/prop/direct/P131,http://www.wikidata.org/entity/Q732923
http://www.wikidata.org/entity/Q135428502,http://www.wikidata.org/prop/direct/P625,Point(28.9784927 41.0120125)
http://www.wikidata.org/entity/Q135428502,http://www.wikidata.org/prop/direct/P706,http://www.wikidata.org/entity/Q155583
http://www.wikidata.org/entity/Q135428502,http://www.wikidata.org/prop/direct/P11729,258471
http://www.wikidata.org/entity/Q135428503,http://www.wikidata.org/prop/direct/P17,http://www.wikidata.org/entity/Q43
http://www.wikidata.org/entity/Q135428503,http://www.wikidata.org/prop/direct/P31,http://www.wikidata.org/entity/Q1371047
http://www.wikidata.org/entity/Q135428503,http://www.wikidata.org/prop/direct/P131,http://www.wikidata.org/entity/Q732923
http://www.wikidata.org/entity/Q135428503,http://www.wikidata.org/prop/direct/P625,Point(28.972038909 41.002724732)
http://www.wikidata.org/entity/Q135428503,http://www.wikidata.org/prop/direct/P706,http://www.wikidata.org/entity/Q155583
http://www.wikidata.org/entity/Q135428503,http://www.wikidata.org/prop/direct/P11729,258467
http://www.wikidata.org/entity/Q126478427,http://www.wikidata.org/prop/direct/P4057,KK039-031----
http://www.wikidata.org/entity/Q126478427,http://www.wikidata.org/prop/direct/P11693,11134745827
http://www.wikidata.org/entity/Q126478438,http://www.wikidata.org/prop/direct/P17,http://www.wikidata.org/entity/Q27
http://www.wikidata.org/entity/Q126478438,http://www.wikidata.org/prop/direct/P18,http://commons.wikimedia.org/wiki/Special:FilePath/Toberpatrick.jpg
http://www.wikidata.org/entity/Q126478438,http://www.wikidata.org/prop/direct/P31,http://www.wikidata.org/entity/Q1371047
http://www.wikidata.org/entity/Q126478438,http://www.wikidata.org/prop/direct/P31,http://www.wikidata.org/entity/Q126443332
http://www.wikidata.org/entity/Q126478438,http://www.wikidata.org/prop/direct/P131,http://www.wikidata.org/entity/Q180231
http://www.wikidata.org/entity/Q126478438,http://www.wikidata.org/prop/direct/P131,http://www.wikidata.org/entity/Q60557162
http://www.wikidata.org/entity/Q126478438,http://www.wikidata.org/prop/direct/P131,http://www.wikidata.org/entity/Q104264481
http://www.wikidata.org/entity/Q126478438,http://www.wikidata.org/prop/direct/P138,http://www.wikidata.org/entity/Q165479
http://www.wikidata.org/entity/Q126478438,http://www.wikidata.org/prop/direct/P195,http://www.wikidata.org/entity/Q126875543
http://www.wikidata.org/entity/Q126478438,http://www.wikidata.org/prop/direct/P195,http://www.wikidata.org/entity/Q132817615
http://www.wikidata.org/entity/Q126478438,http://www.wikidata.org/prop/direct/P217,177
http://www.wikidata.org/entity/Q126478438,http://www.wikidata.org/prop/direct/P217,KHW092
http://www.wikidata.org/entity/Q126478438,http://www.wikidata.org/prop/direct/P625,Point(-7.4804056 52.7132149)
http://www.wikidata.org/entity/Q126478438,http://www.wikidata.org/prop/direct/P708,http://www.wikidata.org/entity/Q873607
http://www.wikidata.org/entity/Q126478438,http://www.wikidata.org/prop/direct/P1343,http://www.wikidata.org/entity/Q116166792
http://www.wikidata.org/entity/Q126478438,http://www.wikidata.org/prop/direct/P1343,http://www.wikidata.org/entity/Q120966194
http://www.wikidata.org/entity/Q126478438,http://www.wikidata.org/prop/direct/P1343,http://www.wikidata.org/entity/Q126374601
http://www.wikidata.org/entity/Q126478438,http://www.wikidata.org/prop/direct/P1343,http://www.wikidata.org/entity/Q126393245
http://www.wikidata.org/entity/Q126478438,http://www.wikidata.org/prop/direct/P1343,http://www.wikidata.org/entity/Q126474972
http://www.wikidata.org/entity/Q126478438,http://www.wikidata.org/prop/direct/P1343,http://www.wikidata.org/entity/Q126528008
http://www.wikidata.org/entity/Q126478438,http://www.wikidata.org/prop/direct/P1343,http://www.wikidata.org/entity/Q126540348
http://www.wikidata.org/entity/Q126478438,http://www.wikidata.org/prop/direct/P1343,http://www.wikidata.org/entity/Q126875543
http://www.wikidata.org/entity/Q126478438,http://www.wikidata.org/prop/direct/P1343,http://www.wikidata.org/entity/Q128304583
http://www.wikidata.org/entity/Q126478438,http://www.wikidata.org/prop/direct/P1343,http://www.wikidata.org/entity/Q129410186
http://www.wikidata.org/entity/Q126478438,http://www.wikidata.org/prop/direct/P1343,http://www.wikidata.org/entity/Q129571698
http://www.wikidata.org/entity/Q126478438,http://www.wikidata.org/prop/direct/P1343,http://www.wikidata.org/entity/Q130235138
http://www.wikidata.org/entity/Q126478438,http://www.wikidata.org/prop/direct/P1343,http://www.wikidata.org/entity/Q130284129
http://www.wikidata.org/entity/Q126478438,http://www.wikidata.org/prop/direct/P1343,http://www.wikidata.org/entity/Q130308814
http://www.wikidata.org/entity/Q126478438,http://www.wikidata.org/prop/direct/P1343,http://www.wikidata.org/entity/Q132817615
http://www.wikidata.org/entity/Q126478438,http://www.wikidata.org/prop/direct/P4057,KK013-031----
http://www.wikidata.org/entity/Q126478438,http://www.wikidata.org/prop/direct/P11693,11124025160
http://www.wikidata.org/entity/Q126478185,http://www.wikidata.org/prop/direct/P17,http://www.wikidata.org/entity/Q27
http://www.wikidata.org/entity/Q126478185,http://www.wikidata.org/prop/direct/P18,http://commons.wikimedia.org/wiki/Special:FilePath/Hermit%27s%20Well%20in%20Clontubbrid.jpg
http://www.wikidata.org/entity/Q126478185,http://www.wikidata.org/prop/direct/P31,http://www.wikidata.org/entity/Q1371047
http://www.wikidata.org/entity/Q126478185,http://www.wikidata.org/prop/direct/P31,http://www.wikidata.org/entity/Q126443332
http://www.wikidata.org/entity/Q126478185,http://www.wikidata.org/prop/direct/P131,http://www.wikidata.org/entity/Q180231
http://www.wikidata.org/entity/Q126478185,http://www.wikidata.org/prop/direct/P131,http://www.wikidata.org/entity/Q60556696
http://www.wikidata.org/entity/Q126478185,http://www.wikidata.org/prop/direct/P131,http://www.wikidata.org/entity/Q104264699
http://www.wikidata.org/entity/Q126478185,http://www.wikidata.org/prop/direct/P138,http://www.wikidata.org/entity/Q953927
http://www.wikidata.org/entity/Q126478185,http://www.wikidata.org/prop/direct/P195,http://www.wikidata.org/entity/Q126875543
http://www.wikidata.org/entity/Q126478185,http://www.wikidata.org/prop/direct/P195,http://www.wikidata.org/entity/Q132817615
http://www.wikidata.org/entity/Q126478185,http://www.wikidata.org/prop/direct/P217,49
http://www.wikidata.org/entity/Q126478185,http://www.wikidata.org/prop/direct/P217,KHW098
http://www.wikidata.org/entity/Q126478185,http://www.wikidata.org/prop/direct/P373,"Hermit's Well, Clontubbrid"
http://www.wikidata.org/entity/Q126478185,http://www.wikidata.org/prop/direct/P417,http://www.wikidata.org/entity/Q953927
http://www.wikidata.org/entity/Q126478185,http://www.wikidata.org/prop/direct/P625,Point(-7.4031571 52.7578515)
http://www.wikidata.org/entity/Q126478185,http://www.wikidata.org/prop/direct/P708,http://www.wikidata.org/entity/Q873607
http://www.wikidata.org/entity/Q126478185,http://www.wikidata.org/prop/direct/P973,https://kilkennygraveyards.blogspot.com/2019/08/tifeaghna-co-kilkenny-in-barony-of.html
http://www.wikidata.org/entity/Q126478185,http://www.wikidata.org/prop/direct/P973,http://clontubrid.ie/index.php/projects/history-projects/clontubrid-holy-well/
http://www.wikidata.org/entity/Q126478185,http://www.wikidata.org/prop/direct/P1343,http://www.wikidata.org/entity/Q116166792
http://www.wikidata.org/entity/Q126478185,http://www.wikidata.org/prop/direct/P1343,http://www.wikidata.org/entity/Q120966194
http://www.wikidata.org/entity/Q126478185,http://www.wikidata.org/prop/direct/P1343,http://www.wikidata.org/entity/Q126374601
http://www.wikidata.org/entity/Q126478185,http://www.wikidata.org/prop/direct/P1343,http://www.wikidata.org/entity/Q126393245
http://www.wikidata.org/entity/Q126478185,http://www.wikidata.org/prop/direct/P1343,http://www.wikidata.org/entity/Q126474972
http://www.wikidata.org/entity/Q126478185,http://www.wikidata.org/prop/direct/P1343,http://www.wikidata.org/entity/Q126528008
http://www.wikidata.org/entity/Q126478185,http://www.wikidata.org/prop/direct/P1343,http://www.wikidata.org/entity/Q126540348
http://www.wikidata.org/entity/Q126478185,http://www.wikidata.org/prop/direct/P1343,http://www.wikidata.org/entity/Q126555558
http://www.wikidata.org/entity/Q126478185,http://www.wikidata.org/prop/direct/P1343,http://www.wikidata.org/entity/Q126871352
http://www.wikidata.org/entity/Q126478185,http://www.wikidata.org/prop/direct/P1343,http://www.wikidata.org/entity/Q126875543
http://www.wikidata.org/entity/Q126478185,http://www.wikidata.org/prop/direct/P1343,http://www.wikidata.org/entity/Q129570937
http://www.wikidata.org/entity/Q126478185,http://www.wikidata.org/prop/direct/P1343,http://www.wikidata.org/entity/Q129571698
http://www.wikidata.org/entity/Q126478185,http://www.wikidata.org/prop/direct/P1343,http://www.wikidata.org/entity/Q129833398
http://www.wikidata.org/entity/Q126478185,http://www.wikidata.org/prop/direct/P1343,http://www.wikidata.org/entity/Q129834572
http://www.wikidata.org/entity/Q126478185,http://www.wikidata.org/prop/direct/P1343,http://www.wikidata.org/entity/Q130235176
http://www.wikidata.org/entity/Q126478185,http://www.wikidata.org/prop/direct/P1343,http://www.wikidata.org/entity/Q130284129
http://www.wikidata.org/entity/Q126478185,http://www.wikidata.org/prop/direct/P1343,http://www.wikidata.org/entity/Q130308814
http://www.wikidata.org/entity/Q126478185,http://www.wikidata.org/prop/direct/P1343,http://www.wikidata.org/entity/Q130479296
http://www.wikidata.org/entity/Q126478185,http://www.wikidata.org/prop/direct/P1343,http://www.wikidata.org/entity/Q130536454
http://www.wikidata.org/entity/Q126478185,http://www.wikidata.org/prop/direct/P1343,http://www.wikidata.org/entity/Q132817615
http://www.wikidata.org/entity/Q126478185,http://www.wikidata.org/prop/direct/P4057,KK009-044004-
http://www.wikidata.org/entity/Q126478185,http://www.wikidata.org/prop/direct/P11693,8517893962
http://www.wikidata.org/entity/Q126487405,http://www.wikidata.org/prop/direct/P17,http://www.wikidata.org/entity/Q27
http://www.wikidata.org/entity/Q126487405,http://www.wikidata.org/prop/direct/P31,http://www.wikidata.org/entity/Q43483
http://www.wikidata.org/entity/Q126487405,http://www.wikidata.org/prop/direct/P31,http://www.wikidata.org/entity/Q1371047
http://www.wikidata.org/entity/Q126487405,http://www.wikidata.org/prop/direct/P31,http://www.wikidata.org/entity/Q126443332
http://www.wikidata.org/entity/Q126487405,http://www.wikidata.org/prop/direct/P131,http://www.wikidata.org/entity/Q180231
http://www.wikidata.org/entity/Q126487405,http://www.wikidata.org/prop/direct/P131,http://www.wikidata.org/entity/Q60556288
http://www.wikidata.org/entity/Q126487405,http://www.wikidata.org/prop/direct/P131,http://www.wikidata.org/entity/Q104265431
http://www.wikidata.org/entity/Q126487405,http://www.wikidata.org/prop/direct/P138,http://www.wikidata.org/entity/Q165479
http://www.wikidata.org/entity/Q126487405,http://www.wikidata.org/prop/direct/P195,http://www.wikidata.org/entity/Q126875543
http://www.wikidata.org/entity/Q126487405,http://www.wikidata.org/prop/direct/P195,http://www.wikidata.org/entity/Q132817615
http://www.wikidata.org/entity/Q126487405,http://www.wikidata.org/prop/direct/P217,2
http://www.wikidata.org/entity/Q126487405,http://www.wikidata.org/prop/direct/P217,KHW157
http://www.wikidata.org/entity/Q126487405,http://www.wikidata.org/prop/direct/P625,Point(-7.2534771 52.3211064)
http://www.wikidata.org/entity/Q126487405,http://www.wikidata.org/prop/direct/P708,http://www.wikidata.org/entity/Q873607
http://www.wikidata.org/entity/Q126487405,http://www.wikidata.org/prop/direct/P1343,http://www.wikidata.org/entity/Q126374601
http://www.wikidata.org/entity/Q126487405,http://www.wikidata.org/prop/direct/P1343,http://www.wikidata.org/entity/Q126456421
http://www.wikidata.org/entity/Q126487405,http://www.wikidata.org/prop/direct/P1343,http://www.wikidata.org/entity/Q126875543
http://www.wikidata.org/entity/Q126487405,http://www.wikidata.org/prop/direct/P1343,http://www.wikidata.org/entity/Q129088050
http://www.wikidata.org/entity/Q126487405,http://www.wikidata.org/prop/direct/P1343,http://www.wikidata.org/entity/Q130284129
http://www.wikidata.org/entity/Q126487405,http://www.wikidata.org/prop/direct/P1343,http://www.wikidata.org/entity/Q130308814
http://www.wikidata.org/entity/Q126487405,http://www.wikidata.org/prop/direct/P1343,http://www.wikidata.org/entity/Q132817615
http://www.wikidata.org/entity/Q126487405,http://www.wikidata.org/prop/direct/P4057,KK042-030----
http://www.wikidata.org/entity/Q126487405,http://www.wikidata.org/prop/direct/P6375,"""on the right of the avenue from Silverspring House to the lodge gate"""
http://www.wikidata.org/entity/Q126487405,http://www.wikidata.org/prop/direct/P11693,8519009298
http://www.wikidata.org/entity/Q126487430,http://www.wikidata.org/prop/direct/P17,http://www.wikidata.org/entity/Q27
http://www.wikidata.org/entity/Q126487430,http://www.wikidata.org/prop/direct/P18,http://commons.wikimedia.org/wiki/Special:FilePath/St%20Molings%20well%20Listerlin%2001.jpg
http://www.wikidata.org/entity/Q126487430,http://www.wikidata.org/prop/direct/P31,http://www.wikidata.org/entity/Q124714
http://www.wikidata.org/entity/Q126487430,http://www.wikidata.org/prop/direct/P31,http://www.wikidata.org/entity/Q1004210
http://www.wikidata.org/entity/Q126487430,http://www.wikidata.org/prop/direct/P31,http://www.wikidata.org/entity/Q1371047
http://www.wikidata.org/entity/Q126487430,http://www.wikidata.org/prop/direct/P31,http://www.wikidata.org/entity/Q126443332
http://www.wikidata.org/entity/Q126487430,http://www.wikidata.org/prop/direct/P131,http://www.wikidata.org/entity/Q180231
http://www.wikidata.org/entity/Q126487430,http://www.wikidata.org/prop/direct/P131,http://www.wikidata.org/entity/Q20624137
http://www.wikidata.org/entity/Q126487430,http://www.wikidata.org/prop/direct/P131,http://www.wikidata.org/entity/Q60555755
http://www.wikidata.org/entity/Q126487430,http://www.wikidata.org/prop/direct/P131,http://www.wikidata.org/entity/Q104264337
http://www.wikidata.org/entity/Q126487430,http://www.wikidata.org/prop/direct/P138,http://www.wikidata.org/entity/Q4300418
http://www.wikidata.org/entity/Q126487430,http://www.wikidata.org/prop/direct/P195,http://www.wikidata.org/entity/Q126875543
http://www.wikidata.org/entity/Q126487430,http://www.wikidata.org/prop/direct/P195,http://www.wikidata.org/entity/Q132817615
http://www.wikidata.org/entity/Q126487430,http://www.wikidata.org/prop/direct/P217,133
http://www.wikidata.org/entity/Q126487430,http://www.wikidata.org/prop/direct/P217,KHW144
http://www.wikidata.org/entity/Q126478503,http://www.wikidata.org/prop/direct/P17,http://www.wikidata.org/entity/Q27
http://www.wikidata.org/entity/Q126478503,http://www.wikidata.org/prop/direct/P18,http://commons.wikimedia.org/wiki/Special:FilePath/2024-11-27%20Tobermocuille%20site.jpg
http://www.wikidata.org/entity/Q126478503,http://www.wikidata.org/prop/direct/P31,http://www.wikidata.org/entity/Q1371047
http://www.wikidata.org/entity/Q126478503,http://www.wikidata.org/prop/direct/P31,http://www.wikidata.org/entity/Q126443332
http://www.wikidata.org/entity/Q126478503,http://www.wikidata.org/prop/direct/P131,http://www.wikidata.org/entity/Q180231
http://www.wikidata.org/entity/Q126478503,http://www.wikidata.org/prop/direct/P131,http://www.wikidata.org/entity/Q60557176
http://www.wikidata.org/entity/Q126478503,http://www.wikidata.org/prop/direct/P131,http://www.wikidata.org/entity/Q104264803
http://www.wikidata.org/entity/Q126478503,http://www.wikidata.org/prop/direct/P138,http://www.wikidata.org/entity/Q130531018
http://www.wikidata.org/entity/Q126478503,http://www.wikidata.org/prop/direct/P195,http://www.wikidata.org/entity/Q126875543
http://www.wikidata.org/entity/Q126478503,http://www.wikidata.org/prop/direct/P195,http://www.wikidata.org/entity/Q132817615
http://www.wikidata.org/entity/Q126478503,http://www.wikidata.org/prop/direct/P217,82
http://www.wikidata.org/entity/Q126478503,http://www.wikidata.org/prop/direct/P217,KHW016
http://www.wikidata.org/entity/Q126478503,http://www.wikidata.org/prop/direct/P625,Point(-7.3517775 52.4053673)
http://www.wikidata.org/entity/Q126478503,http://www.wikidata.org/prop/direct/P708,http://www.wikidata.org/entity/Q873607
http://www.wikidata.org/entity/Q126478503,http://www.wikidata.org/prop/direct/P1343,http://www.wikidata.org/entity/Q120966194
http://www.wikidata.org/entity/Q126478503,http://www.wikidata.org/prop/direct/P1343,http://www.wikidata.org/entity/Q126374601
http://www.wikidata.org/entity/Q126478503,http://www.wikidata.org/prop/direct/P1343,http://www.wikidata.org/entity/Q126393245
http://www.wikidata.org/entity/Q126478503,http://www.wikidata.org/prop/direct/P1343,http://www.wikidata.org/entity/Q126456421
http://www.wikidata.org/entity/Q126478503,http://www.wikidata.org/prop/direct/P1343,http://www.wikidata.org/entity/Q126528008
http://www.wikidata.org/entity/Q126478503,http://www.wikidata.org/prop/direct/P1343,http://www.wikidata.org/entity/Q126540348
http://www.wikidata.org/entity/Q126478503,http://www.wikidata.org/prop/direct/P1343,http://www.wikidata.org/entity/Q126875543
http://www.wikidata.org/entity/Q126478503,http://www.wikidata.org/prop/direct/P1343,http://www.wikidata.org/entity/Q130284129
http://www.wikidata.org/entity/Q126478503,http://www.wikidata.org/prop/direct/P1343,http://www.wikidata.org/entity/Q130308814
http://www.wikidata.org/entity/Q126478503,http://www.wikidata.org/prop/direct/P1343,http://www.wikidata.org/entity/Q130486611
http://www.wikidata.org/entity/Q126478503,http://www.wikidata.org/prop/direct/P1343,http://www.wikidata.org/entity/Q132817615
http://www.wikidata.org/entity/Q126478503,http://www.wikidata.org/prop/direct/P4057,KK034-035----
http://www.wikidata.org/entity/Q126478503,http://www.wikidata.org/prop/direct/P11693,8522349432
http://www.wikidata.org/entity/Q126478549,http://www.wikidata.org/prop/direct/P17,http://www.wikidata.org/entity/Q27
http://www.wikidata.org/entity/Q126478549,http://www.wikidata.org/prop/direct/P18,http://commons.wikimedia.org/wiki/Special:FilePath/Crowleys%27%20Field%20with%20spring%20enclosure.jpg
http://www.wikidata.org/entity/Q126478549,http://www.wikidata.org/prop/direct/P18,http://commons.wikimedia.org/wiki/Special:FilePath/Crokes%20Well.jpg
http://www.wikidata.org/entity/Q126478549,http://www.wikidata.org/prop/direct/P31,http://www.wikidata.org/entity/Q1371047
http://www.wikidata.org/entity/Q126478549,http://www.wikidata.org/prop/direct/P31,http://www.wikidata.org/entity/Q126443332
http://www.wikidata.org/entity/Q126478549,http://www.wikidata.org/prop/direct/P131,http://www.wikidata.org/entity/Q180231
http://www.wikidata.org/entity/Q126478549,http://www.wikidata.org/prop/direct/P131,http://www.wikidata.org/entity/Q60557176
http://www.wikidata.org/entity/Q126478549,http://www.wikidata.org/prop/direct/P131,http://www.wikidata.org/entity/Q104264857
http://www.wikidata.org/entity/Q126478549,http://www.wikidata.org/prop/direct/P138,http://www.wikidata.org/entity/Q345
http://www.wikidata.org/entity/Q126478549,http://www.wikidata.org/prop/direct/P195,http://www.wikidata.org/entity/Q126875543
http://www.wikidata.org/entity/Q126478549,http://www.wikidata.org/prop/direct/P195,http://www.wikidata.org/entity/Q132817615
http://www.wikidata.org/entity/Q126478549,http://www.wikidata.org/prop/direct/P217,113
http://www.wikidata.org/entity/Q126478549,http://www.wikidata.org/prop/direct/P217,KHW014
http://www.wikidata.org/entity/Q126478549,http://www.wikidata.org/prop/direct/P373,Crokes Well
http://www.wikidata.org/entity/Q126478549,http://www.wikidata.org/prop/direct/P625,Point(-7.366242 52.417549)
http://www.wikidata.org/entity/Q126478549,http://www.wikidata.org/prop/direct/P708,http://www.wikidata.org/entity/Q873607
http://www.wikidata.org/entity/Q126478549,http://www.wikidata.org/prop/direct/P1343,http://www.wikidata.org/entity/Q120966194
http://www.wikidata.org/entity/Q126476536,http://www.wikidata.org/prop/direct/P1343,http://www.wikidata.org/entity/Q127605912
http://www.wikidata.org/entity/Q126476536,http://www.wikidata.org/prop/direct/P1343,http://www.wikidata.org/entity/Q127619817
http://www.wikidata.org/entity/Q126476536,http://www.wikidata.org/prop/direct/P1343,http://www.wikidata.org/entity/Q127691937
http://www.wikidata.org/entity/Q126476536,http://www.wikidata.org/prop/direct/P1343,http://www.wikidata.org/entity/Q129421697
http://www.wikidata.org/entity/Q126476536,http://www.wikidata.org/prop/direct/P1343,http://www.wikidata.org/entity/Q129834133
http://www.wikidata.org/entity/Q126476536,http://www.wikidata.org/prop/direct/P1343,http://www.wikidata.org/entity/Q130308814
http://www.wikidata.org/entity/Q126476536,http://www.wikidata.org/prop/direct/P1343,http://www.wikidata.org/entity/Q130362725
http://www.wikidata.org/entity/Q126476536,http://www.wikidata.org/prop/direct/P1343,http://www.wikidata.org/entity/Q130485663
http://www.wikidata.org/entity/Q126476536,http://www.wikidata.org/prop/direct/P1343,http://www.wikidata.org/entity/Q131105676
http://www.wikidata.org/entity/Q126476536,http://www.wikidata.org/prop/direct/P1343,http://www.wikidata.org/entity/Q132817615
http://www.wikidata.org/entity/Q126476536,http://www.wikidata.org/prop/direct/P1343,http://www.wikidata.org/entity/Q133575033
http://www.wikidata.org/entity/Q126476536,http://www.wikidata.org/prop/direct/P4057,KK019-026189-
http://www.wikidata.org/entity/Q126476536,http://www.wikidata.org/prop/direct/P11693,8515355178
http://www.wikidata.org/entity/Q126478162,http://www.wikidata.org/prop/direct/P17,http://www.wikidata.org/entity/Q27
http://www.wikidata.org/entity/Q126478162,http://www.wikidata.org/prop/direct/P31,http://www.wikidata.org/entity/Q1371047
http://www.wikidata.org/entity/Q126478162,http://www.wikidata.org/prop/direct/P31,http://www.wikidata.org/entity/Q10713454
http://www.wikidata.org/entity/Q126478162,http://www.wikidata.org/prop/direct/P31,http://www.wikidata.org/entity/Q126443332
http://www.wikidata.org/entity/Q126478162,http://www.wikidata.org/prop/direct/P131,http://www.wikidata.org/entity/Q180231
http://www.wikidata.org/entity/Q126478162,http://www.wikidata.org/prop/direct/P131,http://www.wikidata.org/entity/Q60556683
http://www.wikidata.org/entity/Q126478162,http://www.wikidata.org/prop/direct/P131,http://www.wikidata.org/entity/Q104266435
http://www.wikidata.org/entity/Q126478162,http://www.wikidata.org/prop/direct/P138,http://www.wikidata.org/entity/Q3072671
http://www.wikidata.org/entity/Q126478162,http://www.wikidata.org/prop/direct/P195,http://www.wikidata.org/entity/Q126875543
http://www.wikidata.org/entity/Q126478162,http://www.wikidata.org/prop/direct/P195,http://www.wikidata.org/entity/Q132817615
http://www.wikidata.org/entity/Q126478162,http://www.wikidata.org/prop/direct/P217,165
http://www.wikidata.org/entity/Q126478162,http://www.wikidata.org/prop/direct/P217,KHW023
http://www.wikidata.org/entity/Q126478162,http://www.wikidata.org/prop/direct/P625,Point(-6.990694 52.3853719)
http://www.wikidata.org/entity/Q126478162,http://www.wikidata.org/prop/direct/P625,Point(-6.9847 52.38751)
http://www.wikidata.org/entity/Q126478162,http://www.wikidata.org/prop/direct/P708,http://www.wikidata.org/entity/Q873607
http://www.wikidata.org/entity/Q126478162,http://www.wikidata.org/prop/direct/P1343,http://www.wikidata.org/entity/Q120966194
http://www.wikidata.org/entity/Q126478162,http://www.wikidata.org/prop/direct/P1343,http://www.wikidata.org/entity/Q126374601
http://www.wikidata.org/entity/Q126478162,http://www.wikidata.org/prop/direct/P1343,http://www.wikidata.org/entity/Q126393245
http://www.wikidata.org/entity/Q126478162,http://www.wikidata.org/prop/direct/P1343,http://www.wikidata.org/entity/Q126456421
http://www.wikidata.org/entity/Q126478162,http://www.wikidata.org/prop/direct/P1343,http://www.wikidata.org/entity/Q126478162
http://www.wikidata.org/entity/Q126478162,http://www.wikidata.org/prop/direct/P1343,http://www.wikidata.org/entity/Q126875543
http://www.wikidata.org/entity/Q126478162,http://www.wikidata.org/prop/direct/P1343,http://www.wikidata.org/entity/Q130284129
http://www.wikidata.org/entity/Q126478162,http://www.wikidata.org/prop/direct/P1343,http://www.wikidata.org/entity/Q130308814
http://www.wikidata.org/entity/Q126478162,http://www.wikidata.org/prop/direct/P1343,http://www.wikidata.org/entity/Q132817615
http://www.wikidata.org/entity/Q126478162,http://www.wikidata.org/prop/direct/P4057,KK041-036----
http://www.wikidata.org/entity/Q126478162,http://www.wikidata.org/prop/direct/P6375,"""to the west of the church"""
http://www.wikidata.org/entity/Q126478162,http://www.wikidata.org/prop/direct/P6375,north or north-east of the church
http://www.wikidata.org/entity/Q126478162,http://www.wikidata.org/prop/direct/P11693,8512181825
http://www.wikidata.org/entity/Q126478455,http://www.wikidata.org/prop/direct/P17,http://www.wikidata.org/entity/Q27
http://www.wikidata.org/entity/Q126478455,http://www.wikidata.org/prop/direct/P31,http://www.wikidata.org/entity/Q124714
http://www.wikidata.org/entity/Q126478455,http://www.wikidata.org/prop/direct/P31,http://www.wikidata.org/entity/Q1371047
http://www.wikidata.org/entity/Q126478455,http://www.wikidata.org/prop/direct/P31,http://www.wikidata.org/entity/Q2245442
http://www.wikidata.org/entity/Q126478455,http://www.wikidata.org/prop/direct/P31,http://www.wikidata.org/entity/Q126443332
http://www.wikidata.org/entity/Q126478455,http://www.wikidata.org/prop/direct/P131,http://www.wikidata.org/entity/Q180231
http://www.wikidata.org/entity/Q126478455,http://www.wikidata.org/prop/direct/P131,http://www.wikidata.org/entity/Q60557167
http://www.wikidata.org/entity/Q126478455,http://www.wikidata.org/prop/direct/P131,http://www.wikidata.org/entity/Q104264971
http://www.wikidata.org/entity/Q126478455,http://www.wikidata.org/prop/direct/P138,http://www.wikidata.org/entity/Q4483352
http://www.wikidata.org/entity/Q126478455,http://www.wikidata.org/prop/direct/P195,http://www.wikidata.org/entity/Q126875543
http://www.wikidata.org/entity/Q126478455,http://www.wikidata.org/prop/direct/P195,http://www.wikidata.org/entity/Q132817615
http://www.wikidata.org/entity/Q126478455,http://www.wikidata.org/prop/direct/P217,60
http://www.wikidata.org/entity/Q126478455,http://www.wikidata.org/prop/direct/P217,KHW067
http://www.wikidata.org/entity/Q126478455,http://www.wikidata.org/prop/direct/P625,Point(-7.3553363 52.5784233)
http://www.wikidata.org/entity/Q126478455,http://www.wikidata.org/prop/direct/P708,http://www.wikidata.org/entity/Q873607
http://www.wikidata.org/entity/Q126478455,http://www.wikidata.org/prop/direct/P1343,http://www.wikidata.org/entity/Q120966194
http://www.wikidata.org/entity/Q126478455,http://www.wikidata.org/prop/direct/P1343,http://www.wikidata.org/entity/Q126374601
http://www.wikidata.org/entity/Q126478455,http://www.wikidata.org/prop/direct/P1343,http://www.wikidata.org/entity/Q126454465
http://www.wikidata.org/entity/Q126478455,http://www.wikidata.org/prop/direct/P1343,http://www.wikidata.org/entity/Q126875543
http://www.wikidata.org/entity/Q126478455,http://www.wikidata.org/prop/direct/P1343,http://www.wikidata.org/entity/Q132817615
http://www.wikidata.org/entity/Q126478455,http://www.wikidata.org/prop/direct/P4057,KK022-021004-
http://www.wikidata.org/entity/Q126478455,http://www.wikidata.org/prop/direct/P11693,8515253990
http://www.wikidata.org/entity/Q126478471,http://www.wikidata.org/prop/direct/P17,http://www.wikidata.org/entity/Q27
http://www.wikidata.org/entity/Q126478471,http://www.wikidata.org/prop/direct/P31,http://www.wikidata.org/entity/Q446013
http://www.wikidata.org/entity/Q126478471,http://www.wikidata.org/prop/direct/P31,http://www.wikidata.org/entity/Q1371047
http://www.wikidata.org/entity/Q126478471,http://www.wikidata.org/prop/direct/P31,http://www.wikidata.org/entity/Q105889895
http://www.wikidata.org/entity/Q126478471,http://www.wikidata.org/prop/direct/P31,http://www.wikidata.org/entity/Q126443332
http://www.wikidata.org/entity/Q126478471,http://www.wikidata.org/prop/direct/P131,http://www.wikidata.org/entity/Q180231
http://www.wikidata.org/entity/Q126478471,http://www.wikidata.org/prop/direct/P131,http://www.wikidata.org/entity/Q7852138
http://www.wikidata.org/entity/Q126478471,http://www.wikidata.org/prop/direct/P131,http://www.wikidata.org/entity/Q60557175
http://www.wikidata.org/entity/Q126478471,http://www.wikidata.org/prop/direct/P138,http://www.wikidata.org/entity/Q331697
http://www.wikidata.org/entity/Q126478471,http://www.wikidata.org/prop/direct/P195,http://www.wikidata.org/entity/Q126875543
http://www.wikidata.org/entity/Q126478471,http://www.wikidata.org/prop/direct/P195,http://www.wikidata.org/entity/Q132817615
http://www.wikidata.org/entity/Q126478471,http://www.wikidata.org/prop/direct/P217,178
http://www.wikidata.org/entity/Q126478471,http://www.wikidata.org/prop/direct/P217,KHW074
http://www.wikidata.org/entity/Q126478471,http://www.wikidata.org/prop/direct/P625,Point(-7.1019041 52.5801749)
http://www.wikidata.org/entity/Q126478471,http://www.wikidata.org/prop/direct/P708,http://www.wikidata.org/entity/Q873607
http://www.wikidata.org/entity/Q126478471,http://www.wikidata.org/prop/direct/P1343,http://www.wikidata.org/entity/Q55020794
http://www.wikidata.org/entity/Q126478471,http://www.wikidata.org/prop/direct/P1343,http://www.wikidata.org/entity/Q120966194
http://www.wikidata.org/entity/Q126478471,http://www.wikidata.org/prop/direct/P1343,http://www.wikidata.org/entity/Q126374601
http://www.wikidata.org/entity/Q126478471,http://www.wikidata.org/prop/direct/P1343,http://www.wikidata.org/entity/Q126454465
http://www.wikidata.org/entity/Q126478471,http://www.wikidata.org/prop/direct/P1343,http://www.wikidata.org/entity/Q126528008
http://www.wikidata.org/entity/Q126478471,http://www.wikidata.org/prop/direct/P1343,http://www.wikidata.org/entity/Q126540348
http://www.wikidata.org/entity/Q126478471,http://www.wikidata.org/prop/direct/P1343,http://www.wikidata.org/entity/Q126875543
http://www.wikidata.org/entity/Q126478471,http://www.wikidata.org/prop/direct/P1343,http://www.wikidata.org/entity/Q130284129
http://www.wikidata.org/entity/Q126478471,http://www.wikidata.org/prop/direct/P1343,http://www.wikidata.org/entity/Q130308814
http://www.wikidata.org/entity/Q126478471,http://www.wikidata.org/prop/direct/P1343,http://www.wikidata.org/entity/Q132817615
http://www.wikidata.org/entity/Q126478471,http://www.wikidata.org/prop/direct/P2186,IE-KK-0193
http://www.wikidata.org/entity/Q126478471,http://www.wikidata.org/prop/direct/P4057,KK024-072----
http://www.wikidata.org/entity/Q126478471,http://www.wikidata.org/prop/direct/P4088,12402408
http://www.wikidata.org/entity/Q126478471,http://www.wikidata.org/prop/direct/P7959,http://www.wikidata.org/entity/Q180231
http://www.wikidata.org/entity/Q126486229,http://www.wikidata.org/prop/direct/P17,http://www.wikidata.org/entity/Q27
http://www.wikidata.org/entity/Q126486229,http://www.wikidata.org/prop/direct/P31,http://www.wikidata.org/entity/Q1371047
http://www.wikidata.org/entity/Q126486229,http://www.wikidata.org/prop/direct/P31,http://www.wikidata.org/entity/Q126443332
http://www.wikidata.org/entity/Q126486229,http://www.wikidata.org/prop/direct/P131,http://www.wikidata.org/entity/Q180231
http://www.wikidata.org/entity/Q126486229,http://www.wikidata.org/prop/direct/P131,http://www.wikidata.org/entity/Q60552557
http://www.wikidata.org/entity/Q126486229,http://www.wikidata.org/prop/direct/P131,http://www.wikidata.org/entity/Q104265812
http://www.wikidata.org/entity/Q126486229,http://www.wikidata.org/prop/direct/P138,http://www.wikidata.org/entity/Q101971
http://www.wikidata.org/entity/Q126486229,http://www.wikidata.org/prop/direct/P1343,http://www.wikidata.org/entity/Q126393245
http://www.wikidata.org/entity/Q126486229,http://www.wikidata.org/prop/direct/P6375,Poulnamona (field name)
http://www.wikidata.org/entity/Q126486274,http://www.wikidata.org/prop/direct/P17,http://www.wikidata.org/entity/Q27
http://www.wikidata.org/entity/Q126486274,http://www.wikidata.org/prop/direct/P18,http://commons.wikimedia.org/wiki/Special:FilePath/Site%20of%20St.%20John%27s%20Well%20at%20Kildalton%20College.jpg
http://www.wikidata.org/entity/Q126486274,http://www.wikidata.org/prop/direct/P31,http://www.wikidata.org/entity/Q124714
http://www.wikidata.org/entity/Q126486274,http://www.wikidata.org/prop/direct/P31,http://www.wikidata.org/entity/Q1049799
http://www.wikidata.org/entity/Q126486274,http://www.wikidata.org/prop/direct/P31,http://www.wikidata.org/entity/Q1371047
http://www.wikidata.org/entity/Q126486274,http://www.wikidata.org/prop/direct/P31,http://www.wikidata.org/entity/Q126443332
http://www.wikidata.org/entity/Q126486274,http://www.wikidata.org/prop/direct/P131,http://www.wikidata.org/entity/Q180231
http://www.wikidata.org/entity/Q126486274,http://www.wikidata.org/prop/direct/P131,http://www.wikidata.org/entity/Q60554288
http://www.wikidata.org/entity/Q126486274,http://www.wikidata.org/prop/direct/P131,http://www.wikidata.org/entity/Q104265131
http://www.wikidata.org/entity/Q126486274,http://www.wikidata.org/prop/direct/P138,http://www.wikidata.org/entity/Q40662
http://www.wikidata.org/entity/Q126486274,http://www.wikidata.org/prop/direct/P195,http://www.wikidata.org/entity/Q126875543
http://www.wikidata.org/entity/Q126486274,http://www.wikidata.org/prop/direct/P195,http://www.wikidata.org/entity/Q132817615
http://www.wikidata.org/entity/Q126486274,http://www.wikidata.org/prop/direct/P217,103
http://www.wikidata.org/entity/Q126486274,http://www.wikidata.org/prop/direct/P217,KHW149
http://www.wikidata.org/entity/Q126486274,http://www.wikidata.org/prop/direct/P373,"Saint John's Well, Kildalton"
http://www.wikidata.org/entity/Q126486274,http://www.wikidata.org/prop/direct/P625,Point(-7.3193448 52.3538849)
http://www.wikidata.org/entity/Q126486274,http://www.wikidata.org/prop/direct/P708,http://www.wikidata.org/entity/Q873607
http://www.wikidata.org/entity/Q126486274,http://www.wikidata.org/prop/direct/P1343,http://www.wikidata.org/entity/Q126456421
http://www.wikidata.org/entity/Q126486274,http://www.wikidata.org/prop/direct/P1343,http://www.wikidata.org/entity/Q126540348
http://www.wikidata.org/entity/Q126486274,http://www.wikidata.org/prop/direct/P1343,http://www.wikidata.org/entity/Q126555558
http://www.wikidata.org/entity/Q126486274,http://www.wikidata.org/prop/direct/P1343,http://www.wikidata.org/entity/Q126875543
http://www.wikidata.org/entity/Q126486274,http://www.wikidata.org/prop/direct/P1343,http://www.wikidata.org/entity/Q128304747
http://www.wikidata.org/entity/Q126486274,http://www.wikidata.org/prop/direct/P1343,http://www.wikidata.org/entity/Q130284129
http://www.wikidata.org/entity/Q126486274,http://www.wikidata.org/prop/direct/P1343,http://www.wikidata.org/entity/Q132817615
http://www.wikidata.org/entity/Q126486274,http://www.wikidata.org/prop/direct/P4057,KK039-051----
http://www.wikidata.org/entity/Q126486274,http://www.wikidata.org/prop/direct/P11693,8539018118
http://www.wikidata.org/entity/Q123519730,http://www.wikidata.org/prop/direct/P276,http://www.wikidata.org/entity/Q7162500
http://www.wikidata.org/entity/Q123519730,http://www.wikidata.org/prop/direct/P613,ST0633075900
http://www.wikidata.org/entity/Q123519730,http://www.wikidata.org/prop/direct/P625,Point(-3.3500845 51.47428)
http://www.wikidata.org/entity/Q123519730,http://www.wikidata.org/prop/direct/P1435,http://www.wikidata.org/entity/Q128791689
http://www.wikidata.org/entity/Q123519730,http://www.wikidata.org/prop/direct/P4658,18663
http://www.wikidata.org/entity/Q123519730,http://www.wikidata.org/prop/direct/P7959,http://www.wikidata.org/entity/Q870815
http://www.wikidata.org/entity/Q123519730,http://www.wikidata.org/prop/direct/P12749,Q112305
http://www.wikidata.org/entity/Q123519732,http://www.wikidata.org/prop/direct/P17,http://www.wikidata.org/entity/Q145
http://www.wikidata.org/entity/Q123519732,http://www.wikidata.org/prop/direct/P31,http://www.wikidata.org/entity/Q1371047
http://www.wikidata.org/entity/Q123519732,http://www.wikidata.org/prop/direct/P131,http://www.wikidata.org/entity/Q156150
http://www.wikidata.org/entity/Q123519732,http://www.wikidata.org/prop/direct/P276,http://www.wikidata.org/entity/Q14702005
http://www.wikidata.org/entity/Q123519732,http://www.wikidata.org/prop/direct/P613,SH9830022000
http://www.wikidata.org/entity/Q123519732,http://www.wikidata.org/prop/direct/P625,Point(-3.5094099 52.785961)
http://www.wikidata.org/entity/Q123519732,http://www.wikidata.org/prop/direct/P1435,http://www.wikidata.org/entity/Q128791689
http://www.wikidata.org/entity/Q123519732,http://www.wikidata.org/prop/direct/P4658,32417
http://www.wikidata.org/entity/Q123519732,http://www.wikidata.org/prop/direct/P7959,http://www.wikidata.org/entity/Q38825
http://www.wikidata.org/entity/Q123519732,http://www.wikidata.org/prop/direct/P12749,Q107155
http://www.wikidata.org/entity/Q123519734,http://www.wikidata.org/prop/direct/P17,http://www.wikidata.org/entity/Q145
http://www.wikidata.org/entity/Q123519734,http://www.wikidata.org/prop/direct/P31,http://www.wikidata.org/entity/Q1371047
http://www.wikidata.org/entity/Q123519734,http://www.wikidata.org/prop/direct/P131,http://www.wikidata.org/entity/Q156150
http://www.wikidata.org/entity/Q123519734,http://www.wikidata.org/prop/direct/P276,http://www.wikidata.org/entity/Q6661359
http://www.wikidata.org/entity/Q123519734,http://www.wikidata.org/prop/direct/P613,SJ1925020100
http://www.wikidata.org/entity/Q123519734,http://www.wikidata.org/prop/direct/P625,Point(-3.1983856 52.772429)
http://www.wikidata.org/entity/Q123519734,http://www.wikidata.org/prop/direct/P1435,http://www.wikidata.org/entity/Q128791689
http://www.wikidata.org/entity/Q123519734,http://www.wikidata.org/prop/direct/P4658,32410
http://www.wikidata.org/entity/Q123519734,http://www.wikidata.org/prop/direct/P7959,http://www.wikidata.org/entity/Q38825
http://www.wikidata.org/entity/Q123519734,http://www.wikidata.org/prop/direct/P12749,Q107153
http://www.wikidata.org/entity/Q123520817,http://www.wikidata.org/prop/direct/P17,http://www.wikidata.org/entity/Q145
http://www.wikidata.org/entity/Q123520817,http://www.wikidata.org/prop/direct/P31,http://www.wikidata.org/entity/Q1371047
http://www.wikidata.org/entity/Q123520817,http://www.wikidata.org/prop/direct/P131,http://www.wikidata.org/entity/Q3306663
http://www.wikidata.org/entity/Q123520817,http://www.wikidata.org/prop/direct/P276,http://www.wikidata.org/entity/Q752762
http://www.wikidata.org/entity/Q123520817,http://www.wikidata.org/prop/direct/P613,SO0460006810
http://www.wikidata.org/entity/Q123520817,http://www.wikidata.org/prop/direct/P625,Point(-3.3834095 51.751831)
http://www.wikidata.org/entity/Q123520817,http://www.wikidata.org/prop/direct/P1435,http://www.wikidata.org/entity/Q128791689
http://www.wikidata.org/entity/Q123520817,http://www.wikidata.org/prop/direct/P4658,32364
http://www.wikidata.org/entity/Q123520817,http://www.wikidata.org/prop/direct/P5816,http://www.wikidata.org/entity/Q106959824
http://www.wikidata.org/entity/Q123520817,http://www.wikidata.org/prop/direct/P7959,http://www.wikidata.org/entity/Q870815
http://www.wikidata.org/entity/Q123520817,http://www.wikidata.org/prop/direct/P12749,Q112542
http://www.wikidata.org/entity/Q26607393,http://www.wikidata.org/prop/direct/P17,http://www.wikidata.org/entity/Q145
http://www.wikidata.org/entity/Q26607393,http://www.wikidata.org/prop/direct/P31,http://www.wikidata.org/entity/Q1371047
http://www.wikidata.org/entity/Q26607393,http://www.wikidata.org/prop/direct/P131,http://www.wikidata.org/entity/Q1520344
http://www.wikidata.org/entity/Q26607393,http://www.wikidata.org/prop/direct/P613,SP9906253656
http://www.wikidata.org/entity/Q26607393,http://www.wikidata.org/prop/direct/P625,Point(-0.552865 52.172286)
http://www.wikidata.org/entity/Q26607393,http://www.wikidata.org/prop/direct/P1216,1321493
http://www.wikidata.org/entity/Q26607393,http://www.wikidata.org/prop/direct/P1435,http://www.wikidata.org/entity/Q15700834
http://www.wikidata.org/entity/Q26607393,http://www.wikidata.org/prop/direct/P7959,http://www.wikidata.org/entity/Q67387552
http://www.wikidata.org/entity/Q26607393,http://www.wikidata.org/prop/direct/P12485,101321493
http://www.wikidata.org/entity/Q26611870,http://www.wikidata.org/prop/direct/P17,http://www.wikidata.org/entity/Q145
http://www.wikidata.org/entity/Q26611870,http://www.wikidata.org/prop/direct/P31,http://www.wikidata.org/entity/Q1371047
http://www.wikidata.org/entity/Q26611870,http://www.wikidata.org/prop/direct/P131,http://www.wikidata.org/entity/Q1957123
http://www.wikidata.org/entity/Q26611870,http://www.wikidata.org/prop/direct/P613,SX5607467630
http://www.wikidata.org/entity/Q26611870,http://www.wikidata.org/prop/direct/P625,Point(-4.030362 50.49075)
http://www.wikidata.org/entity/Q26611870,http://www.wikidata.org/prop/direct/P1216,1326392
http://www.wikidata.org/entity/Q26611870,http://www.wikidata.org/prop/direct/P1435,http://www.wikidata.org/entity/Q15700834
http://www.wikidata.org/entity/Q26611870,http://www.wikidata.org/prop/direct/P7959,http://www.wikidata.org/entity/Q67393660
http://www.wikidata.org/entity/Q26611870,http://www.wikidata.org/prop/direct/P12485,101326392
http://www.wikidata.org/entity/Q26613033,http://www.wikidata.org/prop/direct/P17,http://www.wikidata.org/entity/Q145
http://www.wikidata.org/entity/Q26613033,http://www.wikidata.org/prop/direct/P31,http://www.wikidata.org/entity/Q1371047
http://www.wikidata.org/entity/Q26613033,http://www.wikidata.org/prop/direct/P131,http://www.wikidata.org/entity/Q3506244
http://www.wikidata.org/entity/Q26613033,http://www.wikidata.org/prop/direct/P613,SX0857377892
http://www.wikidata.org/entity/Q26613033,http://www.wikidata.org/prop/direct/P625,Point(-4.704583 50.569332)
http://www.wikidata.org/entity/Q26613033,http://www.wikidata.org/prop/direct/P1216,1327665
http://www.wikidata.org/entity/Q26613033,http://www.wikidata.org/prop/direct/P1435,http://www.wikidata.org/entity/Q15700834
http://www.wikidata.org/entity/Q26613033,http://www.wikidata.org/prop/direct/P7959,http://www.wikidata.org/entity/Q23148
http://www.wikidata.org/entity/Q26613033,http://www.wikidata.org/prop/direct/P12485,101327665
http://www.wikidata.org/entity/Q26613604,http://www.wikidata.org/prop/direct/P17,http://www.wikidata.org/entity/Q145
http://www.wikidata.org/entity/Q26613604,http://www.wikidata.org/prop/direct/P31,http://www.wikidata.org/entity/Q1371047
http://www.wikidata.org/entity/Q26613604,http://www.wikidata.org/prop/direct/P131,http://www.wikidata.org/entity/Q1976224
http://www.wikidata.org/entity/Q26613604,http://www.wikidata.org/prop/direct/P613,SX1914696193
http://www.wikidata.org/entity/Q26613604,http://www.wikidata.org/prop/direct/P625,Point(-4.564389 50.737117)
http://www.wikidata.org/entity/Q26613604,http://www.wikidata.org/prop/direct/P1216,1328253
http://www.wikidata.org/entity/Q26613604,http://www.wikidata.org/prop/direct/P1435,http://www.wikidata.org/entity/Q15700834
http://www.wikidata.org/entity/Q26613604,http://www.wikidata.org/prop/direct/P7959,http://www.wikidata.org/entity/Q23148
http://www.wikidata.org/entity/Q26613604,http://www.wikidata.org/prop/direct/P12485,101328253
http://www.wikidata.org/entity/Q135479102,http://www.wikidata.org/prop/direct/P17,http://www.wikidata.org/entity/Q43
http://www.wikidata.org/entity/Q135479102,http://www.wikidata.org/prop/direct/P31,http://www.wikidata.org/entity/Q1371047
http://www.wikidata.org/entity/Q135479102,http://www.wikidata.org/prop/direct/P131,http://www.wikidata.org/entity/Q6074807
http://www.wikidata.org/entity/Q135479102,http://www.wikidata.org/prop/direct/P625,Point(28.770115291 40.990840912)
http://www.wikidata.org/entity/Q135479102,http://www.wikidata.org/prop/direct/P706,http://www.wikidata.org/entity/Q155583
http://www.wikidata.org/entity/Q135479102,http://www.wikidata.org/prop/direct/P5816,http://www.wikidata.org/entity/Q56557591
http://www.wikidata.org/entity/Q135479102,http://www.wikidata.org/prop/direct/P11729,292809
http://www.wikidata.org/entity/Q126946350,http://www.wikidata.org/prop/direct/P17,http://www.wikidata.org/entity/Q27
http://www.wikidata.org/entity/Q126946350,http://www.wikidata.org/prop/direct/P31,http://www.wikidata.org/entity/Q1371047
http://www.wikidata.org/entity/Q126946350,http://www.wikidata.org/prop/direct/P31,http://www.wikidata.org/entity/Q126443332
http://www.wikidata.org/entity/Q126946350,http://www.wikidata.org/prop/direct/P131,http://www.wikidata.org/entity/Q180231
http://www.wikidata.org/entity/Q126946350,http://www.wikidata.org/prop/direct/P131,http://www.wikidata.org/entity/Q104264985
http://www.wikidata.org/entity/Q126946350,http://www.wikidata.org/prop/direct/P138,http://www.wikidata.org/entity/Q345
http://www.wikidata.org/entity/Q126946350,http://www.wikidata.org/prop/direct/P195,http://www.wikidata.org/entity/Q126875543
http://www.wikidata.org/entity/Q126946350,http://www.wikidata.org/prop/direct/P217,146
http://www.wikidata.org/entity/Q126946350,http://www.wikidata.org/prop/direct/P625,Point(-7.3425816 52.3888851)
http://www.wikidata.org/entity/Q126946350,http://www.wikidata.org/prop/direct/P625,Point(-7.340568 52.388542)
http://www.wikidata.org/entity/Q126946350,http://www.wikidata.org/prop/direct/P708,http://www.wikidata.org/entity/Q873607
http://www.wikidata.org/entity/Q126946350,http://www.wikidata.org/prop/direct/P1343,http://www.wikidata.org/entity/Q126456421
http://www.wikidata.org/entity/Q126946350,http://www.wikidata.org/prop/direct/P1343,http://www.wikidata.org/entity/Q126528008
http://www.wikidata.org/entity/Q126946350,http://www.wikidata.org/prop/direct/P1343,http://www.wikidata.org/entity/Q126540348
http://www.wikidata.org/entity/Q126946350,http://www.wikidata.org/prop/direct/P1343,http://www.wikidata.org/entity/Q126555558
http://www.wikidata.org/entity/Q126946350,http://www.wikidata.org/prop/direct/P1343,http://www.wikidata.org/entity/Q126875543
http://www.wikidata.org/entity/Q126946350,http://www.wikidata.org/prop/direct/P1343,http://www.wikidata.org/entity/Q130284129
http://www.wikidata.org/entity/Q126946350,http://www.wikidata.org/prop/direct/P1343,http://www.wikidata.org/entity/Q132817615
http://www.wikidata.org/entity/Q126946350,http://www.wikidata.org/prop/direct/P1343,http://www.wikidata.org/entity/Q133263165
http://www.wikidata.org/entity/Q126946350,http://www.wikidata.org/prop/direct/P4057,KK039-002001-
http://www.wikidata.org/entity/Q126946350,http://www.wikidata.org/prop/direct/P11693,8526263532
http://www.wikidata.org/entity/Q126946514,http://www.wikidata.org/prop/direct/P17,http://www.wikidata.org/entity/Q27
http://www.wikidata.org/entity/Q126946514,http://www.wikidata.org/prop/direct/P31,http://www.wikidata.org/entity/Q22731
http://www.wikidata.org/entity/Q126946514,http://www.wikidata.org/prop/direct/P31,http://www.wikidata.org/entity/Q1371047
http://www.wikidata.org/entity/Q126946514,http://www.wikidata.org/prop/direct/P31,http://www.wikidata.org/entity/Q126443332
http://www.wikidata.org/entity/Q126946514,http://www.wikidata.org/prop/direct/P131,http://www.wikidata.org/entity/Q180231
http://www.wikidata.org/entity/Q126946514,http://www.wikidata.org/prop/direct/P195,http://www.wikidata.org/entity/Q126875543
http://www.wikidata.org/entity/Q126946514,http://www.wikidata.org/prop/direct/P217,148
http://www.wikidata.org/entity/Q126946514,http://www.wikidata.org/prop/direct/P625,Point(-6.984672 52.598915)
http://www.wikidata.org/entity/Q126946514,http://www.wikidata.org/prop/direct/P1343,http://www.wikidata.org/entity/Q120966194
http://www.wikidata.org/entity/Q126946514,http://www.wikidata.org/prop/direct/P1343,http://www.wikidata.org/entity/Q126528008
http://www.wikidata.org/entity/Q126946514,http://www.wikidata.org/prop/direct/P1343,http://www.wikidata.org/entity/Q126540348
http://www.wikidata.org/entity/Q126946514,http://www.wikidata.org/prop/direct/P1343,http://www.wikidata.org/entity/Q126555558
http://www.wikidata.org/entity/Q126946514,http://www.wikidata.org/prop/direct/P1343,http://www.wikidata.org/entity/Q126875543
http://www.wikidata.org/entity/Q126946514,http://www.wikidata.org/prop/direct/P1343,http://www.wikidata.org/entity/Q130284129
http://www.wikidata.org/entity/Q126946514,http://www.wikidata.org/prop/direct/P4057,KK025-025----
http://www.wikidata.org/entity/Q126388499,http://www.wikidata.org/prop/direct/P1343,http://www.wikidata.org/entity/Q126393245
http://www.wikidata.org/entity/Q126388499,http://www.wikidata.org/prop/direct/P1343,http://www.wikidata.org/entity/Q126474972
http://www.wikidata.org/entity/Q126388499,http://www.wikidata.org/prop/direct/P1343,http://www.wikidata.org/entity/Q126528008
http://www.wikidata.org/entity/Q126388499,http://www.wikidata.org/prop/direct/P1343,http://www.wikidata.org/entity/Q126540348
http://www.wikidata.org/entity/Q126388499,http://www.wikidata.org/prop/direct/P1343,http://www.wikidata.org/entity/Q126875543
http://www.wikidata.org/entity/Q126388499,http://www.wikidata.org/prop/direct/P1343,http://www.wikidata.org/entity/Q127869275
http://www.wikidata.org/entity/Q126388499,http://www.wikidata.org/prop/direct/P1343,http://www.wikidata.org/entity/Q128306212
http://www.wikidata.org/entity/Q126388499,http://www.wikidata.org/prop/direct/P1343,http://www.wikidata.org/entity/Q129333352
http://www.wikidata.org/entity/Q126388499,http://www.wikidata.org/prop/direct/P1343,http://www.wikidata.org/entity/Q130266782
http://www.wikidata.org/entity/Q126388499,http://www.wikidata.org/prop/direct/P1343,http://www.wikidata.org/entity/Q130266854
http://www.wikidata.org/entity/Q126388499,http://www.wikidata.org/prop/direct/P1343,http://www.wikidata.org/entity/Q130284129
http://www.wikidata.org/entity/Q126388499,http://www.wikidata.org/prop/direct/P1343,http://www.wikidata.org/entity/Q130308814
http://www.wikidata.org/entity/Q126388499,http://www.wikidata.org/prop/direct/P1343,http://www.wikidata.org/entity/Q132817615
http://www.wikidata.org/entity/Q126388499,http://www.wikidata.org/prop/direct/P1651,00r5g9NNVRg
http://www.wikidata.org/entity/Q126388499,http://www.wikidata.org/prop/direct/P1651,p5SYo7GYIiA
http://www.wikidata.org/entity/Q126388499,http://www.wikidata.org/prop/direct/P2186,IE-KK-0358
http://www.wikidata.org/entity/Q126388499,http://www.wikidata.org/prop/direct/P4057,KK001-003----
http://www.wikidata.org/entity/Q126388499,http://www.wikidata.org/prop/direct/P11693,10579420075
http://www.wikidata.org/entity/Q126435825,http://www.wikidata.org/prop/direct/P10,http://commons.wikimedia.org/wiki/Special:FilePath/Aghaviller%20St%20Brendan%27s%20Well.webm
http://www.wikidata.org/entity/Q126435825,http://www.wikidata.org/prop/direct/P17,http://www.wikidata.org/entity/Q27
http://www.wikidata.org/entity/Q126435825,http://www.wikidata.org/prop/direct/P18,http://commons.wikimedia.org/wiki/Special:FilePath/Saint%20Brendan%27s%20Well.jpg
http://www.wikidata.org/entity/Q126435825,http://www.wikidata.org/prop/direct/P31,http://www.wikidata.org/entity/Q1371047
http://www.wikidata.org/entity/Q126435825,http://www.wikidata.org/prop/direct/P31,http://www.wikidata.org/entity/Q126443332
http://www.wikidata.org/entity/Q126435825,http://www.wikidata.org/prop/direct/P131,http://www.wikidata.org/entity/Q180231
http://www.wikidata.org/entity/Q126435825,http://www.wikidata.org/prop/direct/P131,http://www.wikidata.org/entity/Q60552531
http://www.wikidata.org/entity/Q126435825,http://www.wikidata.org/prop/direct/P138,http://www.wikidata.org/entity/Q250370
http://www.wikidata.org/entity/Q126435825,http://www.wikidata.org/prop/direct/P195,http://www.wikidata.org/entity/Q126875543
http://www.wikidata.org/entity/Q126435825,http://www.wikidata.org/prop/direct/P195,http://www.wikidata.org/entity/Q132817615
http://www.wikidata.org/entity/Q126435825,http://www.wikidata.org/prop/direct/P217,3
http://www.wikidata.org/entity/Q126435825,http://www.wikidata.org/prop/direct/P217,KHW039
http://www.wikidata.org/entity/Q126435825,http://www.wikidata.org/prop/direct/P373,"Saint Brendan's Well, Aghaviller"
http://www.wikidata.org/entity/Q126435825,http://www.wikidata.org/prop/direct/P625,Point(-7.2707298 52.4669135)
http://www.wikidata.org/entity/Q126435825,http://www.wikidata.org/prop/direct/P708,http://www.wikidata.org/entity/Q873607
http://www.wikidata.org/entity/Q126435825,http://www.wikidata.org/prop/direct/P973,https://www.irishstones.org/place.aspx?p=165&i=4
http://www.wikidata.org/entity/Q126435825,http://www.wikidata.org/prop/direct/P973,http://www.megalithicireland.com/Aghaviller%20Round%20Tower.html
http://www.wikidata.org/entity/Q126435825,http://www.wikidata.org/prop/direct/P1343,http://www.wikidata.org/entity/Q120966194
http://www.wikidata.org/entity/Q126435825,http://www.wikidata.org/prop/direct/P1343,http://www.wikidata.org/entity/Q126374601
http://www.wikidata.org/entity/Q126435825,http://www.wikidata.org/prop/direct/P1343,http://www.wikidata.org/entity/Q126393245
http://www.wikidata.org/entity/Q126435825,http://www.wikidata.org/prop/direct/P1343,http://www.wikidata.org/entity/Q126456421
http://www.wikidata.org/entity/Q126435825,http://www.wikidata.org/prop/direct/P1343,http://www.wikidata.org/entity/Q126528008
http://www.wikidata.org/entity/Q126435825,http://www.wikidata.org/prop/direct/P1343,http://www.wikidata.org/entity/Q126540348
http://www.wikidata.org/entity/Q126435825,http://www.wikidata.org/prop/direct/P1343,http://www.wikidata.org/entity/Q126555558
http://www.wikidata.org/entity/Q126435825,http://www.wikidata.org/prop/direct/P1343,http://www.wikidata.org/entity/Q126875543
http://www.wikidata.org/entity/Q126949808,http://www.wikidata.org/prop/direct/P1343,http://www.wikidata.org/entity/Q126875543
http://www.wikidata.org/entity/Q126949808,http://www.wikidata.org/prop/direct/P1343,http://www.wikidata.org/entity/Q128694385
http://www.wikidata.org/entity/Q126949808,http://www.wikidata.org/prop/direct/P1343,http://www.wikidata.org/entity/Q132817615
http://www.wikidata.org/entity/Q126949808,http://www.wikidata.org/prop/direct/P4057,KK041-010005-
http://www.wikidata.org/entity/Q126949808,http://www.wikidata.org/prop/direct/P6375,"""northeast of the church"""
http://www.wikidata.org/entity/Q127043273,http://www.wikidata.org/prop/direct/P17,http://www.wikidata.org/entity/Q27
http://www.wikidata.org/entity/Q127043273,http://www.wikidata.org/prop/direct/P18,http://commons.wikimedia.org/wiki/Special:FilePath/St%20Fintan%27s%20Well.jpg
http://www.wikidata.org/entity/Q127043273,http://www.wikidata.org/prop/direct/P31,http://www.wikidata.org/entity/Q1371047
http://www.wikidata.org/entity/Q127043273,http://www.wikidata.org/prop/direct/P131,http://www.wikidata.org/entity/Q55299
http://www.wikidata.org/entity/Q127043273,http://www.wikidata.org/prop/direct/P131,http://www.wikidata.org/entity/Q104259307
http://www.wikidata.org/entity/Q127043273,http://www.wikidata.org/prop/direct/P138,http://www.wikidata.org/entity/Q3072671
http://www.wikidata.org/entity/Q127043273,http://www.wikidata.org/prop/direct/P373,"Saint Fintan's Well, Cromoge"
http://www.wikidata.org/entity/Q127043273,http://www.wikidata.org/prop/direct/P625,Point(-7.4148001 52.9574758)
http://www.wikidata.org/entity/Q127043273,http://www.wikidata.org/prop/direct/P841,http://www.wikidata.org/entity/Q2341
http://www.wikidata.org/entity/Q127043273,http://www.wikidata.org/prop/direct/P1343,http://www.wikidata.org/entity/Q120966194
http://www.wikidata.org/entity/Q127043273,http://www.wikidata.org/prop/direct/P1343,http://www.wikidata.org/entity/Q126393245
http://www.wikidata.org/entity/Q127043273,http://www.wikidata.org/prop/direct/P4057,LA017-013----
http://www.wikidata.org/entity/Q127043273,http://www.wikidata.org/prop/direct/P11693,869300099
http://www.wikidata.org/entity/Q127047665,http://www.wikidata.org/prop/direct/P17,http://www.wikidata.org/entity/Q27
http://www.wikidata.org/entity/Q127047665,http://www.wikidata.org/prop/direct/P31,http://www.wikidata.org/entity/Q124714
http://www.wikidata.org/entity/Q127047665,http://www.wikidata.org/prop/direct/P31,http://www.wikidata.org/entity/Q1371047
http://www.wikidata.org/entity/Q127047665,http://www.wikidata.org/prop/direct/P31,http://www.wikidata.org/entity/Q126443332
http://www.wikidata.org/entity/Q127047665,http://www.wikidata.org/prop/direct/P131,http://www.wikidata.org/entity/Q180231
http://www.wikidata.org/entity/Q127047665,http://www.wikidata.org/prop/direct/P131,http://www.wikidata.org/entity/Q60557099
http://www.wikidata.org/entity/Q127047665,http://www.wikidata.org/prop/direct/P131,http://www.wikidata.org/entity/Q104266524
http://www.wikidata.org/entity/Q127047665,http://www.wikidata.org/prop/direct/P138,http://www.wikidata.org/entity/Q2151232
http://www.wikidata.org/entity/Q127047665,http://www.wikidata.org/prop/direct/P195,http://www.wikidata.org/entity/Q132817615
http://www.wikidata.org/entity/Q127047665,http://www.wikidata.org/prop/direct/P217,KHW2-11
http://www.wikidata.org/entity/Q127047665,http://www.wikidata.org/prop/direct/P625,Point(-6.950603 52.453135)
http://www.wikidata.org/entity/Q127047665,http://www.wikidata.org/prop/direct/P1343,http://www.wikidata.org/entity/Q126393245
http://www.wikidata.org/entity/Q127047665,http://www.wikidata.org/prop/direct/P1343,http://www.wikidata.org/entity/Q130284129
http://www.wikidata.org/entity/Q127047665,http://www.wikidata.org/prop/direct/P1343,http://www.wikidata.org/entity/Q132817615
http://www.wikidata.org/entity/Q127047665,http://www.wikidata.org/prop/direct/P6375,"""in Mr. Keeffe's field"" (Schools' Collection)"
http://www.wikidata.org/entity/Q127048193,http://www.wikidata.org/prop/direct/P17,http://www.wikidata.org/entity/Q27
http://www.wikidata.org/entity/Q127048193,http://www.wikidata.org/prop/direct/P31,http://www.wikidata.org/entity/Q1371047
http://www.wikidata.org/entity/Q135428520,http://www.wikidata.org/prop/direct/P17,http://www.wikidata.org/entity/Q43
http://www.wikidata.org/entity/Q135428520,http://www.wikidata.org/prop/direct/P31,http://www.wikidata.org/entity/Q1371047
http://www.wikidata.org/entity/Q135428520,http://www.wikidata.org/prop/direct/P131,http://www.wikidata.org/entity/Q1020668
http://www.wikidata.org/entity/Q135428520,http://www.wikidata.org/prop/direct/P625,Point(29.1130104 40.8614197)
http://www.wikidata.org/entity/Q135428520,http://www.wikidata.org/prop/direct/P706,http://www.wikidata.org/entity/Q155583
http://www.wikidata.org/entity/Q135428520,http://www.wikidata.org/prop/direct/P11729,253083
http://www.wikidata.org/entity/Q135428521,http://www.wikidata.org/prop/direct/P17,http://www.wikidata.org/entity/Q43
http://www.wikidata.org/entity/Q135428521,http://www.wikidata.org/prop/direct/P31,http://www.wikidata.org/entity/Q1371047
http://www.wikidata.org/entity/Q135428521,http://www.wikidata.org/prop/direct/P131,http://www.wikidata.org/entity/Q326339
http://www.wikidata.org/entity/Q135428521,http://www.wikidata.org/prop/direct/P625,Point(29.0093307 41.0227089)
http://www.wikidata.org/entity/Q135428521,http://www.wikidata.org/prop/direct/P706,http://www.wikidata.org/entity/Q155583
http://www.wikidata.org/entity/Q135428521,http://www.wikidata.org/prop/direct/P11729,251309
http://www.wikidata.org/entity/Q135428522,http://www.wikidata.org/prop/direct/P17,http://www.wikidata.org/entity/Q43
http://www.wikidata.org/entity/Q135428522,http://www.wikidata.org/prop/direct/P31,http://www.wikidata.org/entity/Q1371047
http://www.wikidata.org/entity/Q135428522,http://www.wikidata.org/prop/direct/P131,http://www.wikidata.org/entity/Q1020668
http://www.wikidata.org/entity/Q135428522,http://www.wikidata.org/prop/direct/P625,Point(29.0991402 40.8776016)
http://www.wikidata.org/entity/Q135428522,http://www.wikidata.org/prop/direct/P706,http://www.wikidata.org/entity/Q155583
http://www.wikidata.org/entity/Q135428522,http://www.wikidata.org/prop/direct/P11729,248402
http://www.wikidata.org/entity/Q135428523,http://www.wikidata.org/prop/direct/P17,http://www.wikidata.org/entity/Q43
http://www.wikidata.org/entity/Q135428523,http://www.wikidata.org/prop/direct/P31,http://www.wikidata.org/entity/Q1371047
http://www.wikidata.org/entity/Q135428523,http://www.wikidata.org/prop/direct/P131,http://www.wikidata.org/entity/Q1020668
http://www.wikidata.org/entity/Q135428523,http://www.wikidata.org/prop/direct/P625,Point(29.1186543 40.8486137)
http://www.wikidata.org/entity/Q135428523,http://www.wikidata.org/prop/direct/P706,http://www.wikidata.org/entity/Q155583
http://www.wikidata.org/entity/Q135428523,http://www.wikidata.org/prop/direct/P11729,248263
http://www.wikidata.org/entity/Q135428524,http://www.wikidata.org/prop/direct/P17,http://www.wikidata.org/entity/Q43
http://www.wikidata.org/entity/Q135428524,http://www.wikidata.org/prop/direct/P31,http://www.wikidata.org/entity/Q1371047
http://www.wikidata.org/entity/Q135428524,http://www.wikidata.org/prop/direct/P131,http://www.wikidata.org/entity/Q459495
http://www.wikidata.org/entity/Q135428524,http://www.wikidata.org/prop/direct/P625,Point(29.0338001 41.0727615)
http://www.wikidata.org/entity/Q135428524,http://www.wikidata.org/prop/direct/P706,http://www.wikidata.org/entity/Q155583
http://www.wikidata.org/entity/Q135428524,http://www.wikidata.org/prop/direct/P11729,248248
http://www.wikidata.org/entity/Q126487430,http://www.wikidata.org/prop/direct/P373,"Saint Moling's Well, Listerlin"
http://www.wikidata.org/entity/Q126487430,http://www.wikidata.org/prop/direct/P625,Point(-7.0564867 52.4072876)
http://www.wikidata.org/entity/Q126487430,http://www.wikidata.org/prop/direct/P708,http://www.wikidata.org/entity/Q873607
http://www.wikidata.org/entity/Q126487430,http://www.wikidata.org/prop/direct/P1325,https://sketchfab.com/3d-models/listerlin-st-molings-well-5abe3269d11b453f96fbd7fb5ae07499/
http://www.wikidata.org/entity/Q126487430,http://www.wikidata.org/prop/direct/P1325,https://panoramax.openstreetmap.fr/#s=fp;s2;pc4bc3525-c735-45a0-b432-1879b6d02cce;c0.00/0.00/30;m17/52.407308/-7.056367;bs
http://www.wikidata.org/entity/Q126487430,http://www.wikidata.org/prop/direct/P1343,http://www.wikidata.org/entity/Q130294561
http://www.wikidata.org/entity/Q126487430,http://www.wikidata.org/prop/direct/P1343,http://www.wikidata.org/entity/Q132817615
http://www.wikidata.org/entity/Q126487430,http://www.wikidata.org/prop/direct/P4057,KK036-048001-
http://www.wikidata.org/entity/Q126487430,http://www.wikidata.org/prop/direct/P11693,8512090888
http://www.wikidata.org/entity/Q126489046,http://www.wikidata.org/prop/direct/P10,http://commons.wikimedia.org/wiki/Special:FilePath/The%20Spout%20Ballinvarry.webm
http://www.wikidata.org/entity/Q126489046,http://www.wikidata.org/prop/direct/P17,http://www.wikidata.org/entity/Q27
http://www.wikidata.org/entity/Q126489046,http://www.wikidata.org/prop/direct/P18,http://commons.wikimedia.org/wiki/Special:FilePath/The%20Spout.jpg
http://www.wikidata.org/entity/Q126489046,http://www.wikidata.org/prop/direct/P31,http://www.wikidata.org/entity/Q1371047
http://www.wikidata.org/entity/Q126489046,http://www.wikidata.org/prop/direct/P31,http://www.wikidata.org/entity/Q126443332
http://www.wikidata.org/entity/Q126489046,http://www.wikidata.org/prop/direct/P131,http://www.wikidata.org/entity/Q180231
http://www.wikidata.org/entity/Q126489046,http://www.wikidata.org/prop/direct/P131,http://www.wikidata.org/entity/Q60557099
http://www.wikidata.org/entity/Q126489046,http://www.wikidata.org/prop/direct/P138,http://www.wikidata.org/entity/Q4300418
http://www.wikidata.org/entity/Q126489046,http://www.wikidata.org/prop/direct/P138,http://www.wikidata.org/entity/Q107194475
http://www.wikidata.org/entity/Q126489046,http://www.wikidata.org/prop/direct/P195,http://www.wikidata.org/entity/Q132817615
http://www.wikidata.org/entity/Q126489046,http://www.wikidata.org/prop/direct/P217,KHW2-10
http://www.wikidata.org/entity/Q126489046,http://www.wikidata.org/prop/direct/P373,"The Spout, Ballinvarry"
http://www.wikidata.org/entity/Q126489046,http://www.wikidata.org/prop/direct/P625,Point(-6.9438284 52.4894269)
http://www.wikidata.org/entity/Q126489046,http://www.wikidata.org/prop/direct/P708,http://www.wikidata.org/entity/Q873607
http://www.wikidata.org/entity/Q126489046,http://www.wikidata.org/prop/direct/P1343,http://www.wikidata.org/entity/Q126393245
http://www.wikidata.org/entity/Q126489046,http://www.wikidata.org/prop/direct/P1343,http://www.wikidata.org/entity/Q126528008
http://www.wikidata.org/entity/Q126489046,http://www.wikidata.org/prop/direct/P1343,http://www.wikidata.org/entity/Q132817615
http://www.wikidata.org/entity/Q126489046,http://www.wikidata.org/prop/direct/P1651,DiRjs8tRopg
http://www.wikidata.org/entity/Q126489046,http://www.wikidata.org/prop/direct/P6375,beside the main road to Graignamanagh
http://www.wikidata.org/entity/Q126489046,http://www.wikidata.org/prop/direct/P6375,opposite the view point
http://www.wikidata.org/entity/Q126489046,http://www.wikidata.org/prop/direct/P11693,12083506839
http://www.wikidata.org/entity/Q126485868,http://www.wikidata.org/prop/direct/P138,http://www.wikidata.org/entity/Q179718
http://www.wikidata.org/entity/Q126485868,http://www.wikidata.org/prop/direct/P195,http://www.wikidata.org/entity/Q126875543
http://www.wikidata.org/entity/Q126485868,http://www.wikidata.org/prop/direct/P195,http://www.wikidata.org/entity/Q132817615
http://www.wikidata.org/entity/Q126485868,http://www.wikidata.org/prop/direct/P217,179
http://www.wikidata.org/entity/Q126485868,http://www.wikidata.org/prop/direct/P217,KHW068
http://www.wikidata.org/entity/Q126485868,http://www.wikidata.org/prop/direct/P625,Point(-7.3568852 52.5633242)
http://www.wikidata.org/entity/Q126485868,http://www.wikidata.org/prop/direct/P708,http://www.wikidata.org/entity/Q873607
http://www.wikidata.org/entity/Q126485868,http://www.wikidata.org/prop/direct/P841,http://www.wikidata.org/entity/Q2273
http://www.wikidata.org/entity/Q126485868,http://www.wikidata.org/prop/direct/P1343,http://www.wikidata.org/entity/Q120966194
http://www.wikidata.org/entity/Q126485868,http://www.wikidata.org/prop/direct/P1343,http://www.wikidata.org/entity/Q126374601
http://www.wikidata.org/entity/Q126485868,http://www.wikidata.org/prop/direct/P1343,http://www.wikidata.org/entity/Q126393245
http://www.wikidata.org/entity/Q126485868,http://www.wikidata.org/prop/direct/P1343,http://www.wikidata.org/entity/Q126454465
http://www.wikidata.org/entity/Q126485868,http://www.wikidata.org/prop/direct/P1343,http://www.wikidata.org/entity/Q126474972
http://www.wikidata.org/entity/Q126485868,http://www.wikidata.org/prop/direct/P1343,http://www.wikidata.org/entity/Q126528008
http://www.wikidata.org/entity/Q126485868,http://www.wikidata.org/prop/direct/P1343,http://www.wikidata.org/entity/Q126540348
http://www.wikidata.org/entity/Q126485868,http://www.wikidata.org/prop/direct/P1343,http://www.wikidata.org/entity/Q126875543
http://www.wikidata.org/entity/Q126485868,http://www.wikidata.org/prop/direct/P1343,http://www.wikidata.org/entity/Q128308754
http://www.wikidata.org/entity/Q126485868,http://www.wikidata.org/prop/direct/P1343,http://www.wikidata.org/entity/Q129907246
http://www.wikidata.org/entity/Q126485868,http://www.wikidata.org/prop/direct/P1343,http://www.wikidata.org/entity/Q130284129
http://www.wikidata.org/entity/Q126485868,http://www.wikidata.org/prop/direct/P1343,http://www.wikidata.org/entity/Q130308814
http://www.wikidata.org/entity/Q126485868,http://www.wikidata.org/prop/direct/P1343,http://www.wikidata.org/entity/Q132817615
http://www.wikidata.org/entity/Q126485868,http://www.wikidata.org/prop/direct/P1343,http://www.wikidata.org/entity/Q134720375
http://www.wikidata.org/entity/Q126485868,http://www.wikidata.org/prop/direct/P4057,KK022-027004-
http://www.wikidata.org/entity/Q126485868,http://www.wikidata.org/prop/direct/P6375,"""it is beside the stream on the opposite side to the Cemetery"""
http://www.wikidata.org/entity/Q126485868,http://www.wikidata.org/prop/direct/P11693,8515294364
http://www.wikidata.org/entity/Q126485951,http://www.wikidata.org/prop/direct/P17,http://www.wikidata.org/entity/Q27
http://www.wikidata.org/entity/Q126485951,http://www.wikidata.org/prop/direct/P31,http://www.wikidata.org/entity/Q1371047
http://www.wikidata.org/entity/Q126485951,http://www.wikidata.org/prop/direct/P31,http://www.wikidata.org/entity/Q126443332
http://www.wikidata.org/entity/Q126485951,http://www.wikidata.org/prop/direct/P131,http://www.wikidata.org/entity/Q180231
http://www.wikidata.org/entity/Q126485951,http://www.wikidata.org/prop/direct/P131,http://www.wikidata.org/entity/Q60557179
http://www.wikidata.org/entity/Q126485951,http://www.wikidata.org/prop/direct/P131,http://www.wikidata.org/entity/Q104264740
http://www.wikidata.org/entity/Q126485951,http://www.wikidata.org/prop/direct/P138,http://www.wikidata.org/entity/Q297742
http://www.wikidata.org/entity/Q126485951,http://www.wikidata.org/prop/direct/P195,http://www.wikidata.org/entity/Q126875543
http://www.wikidata.org/entity/Q126485951,http://www.wikidata.org/prop/direct/P195,http://www.wikidata.org/entity/Q132817615
http://www.wikidata.org/entity/Q126485951,http://www.wikidata.org/prop/direct/P217,26
http://www.wikidata.org/entity/Q126485951,http://www.wikidata.org/prop/direct/P217,KHW086
http://www.wikidata.org/entity/Q126485951,http://www.wikidata.org/prop/direct/P625,Point(-7.3980944 52.6582721)
http://www.wikidata.org/entity/Q126485951,http://www.wikidata.org/prop/direct/P708,http://www.wikidata.org/entity/Q873607
http://www.wikidata.org/entity/Q126485951,http://www.wikidata.org/prop/direct/P1343,http://www.wikidata.org/entity/Q120966194
http://www.wikidata.org/entity/Q126485951,http://www.wikidata.org/prop/direct/P1343,http://www.wikidata.org/entity/Q126374601
http://www.wikidata.org/entity/Q126485951,http://www.wikidata.org/prop/direct/P1343,http://www.wikidata.org/entity/Q126393245
http://www.wikidata.org/entity/Q126485951,http://www.wikidata.org/prop/direct/P1343,http://www.wikidata.org/entity/Q126454465
http://www.wikidata.org/entity/Q126485951,http://www.wikidata.org/prop/direct/P1343,http://www.wikidata.org/entity/Q126485966
http://www.wikidata.org/entity/Q126485951,http://www.wikidata.org/prop/direct/P1343,http://www.wikidata.org/entity/Q126528008
http://www.wikidata.org/entity/Q126485951,http://www.wikidata.org/prop/direct/P1343,http://www.wikidata.org/entity/Q126540348
http://www.wikidata.org/entity/Q126485951,http://www.wikidata.org/prop/direct/P1343,http://www.wikidata.org/entity/Q126555558
http://www.wikidata.org/entity/Q126485951,http://www.wikidata.org/prop/direct/P1343,http://www.wikidata.org/entity/Q126871352
http://www.wikidata.org/entity/Q126485951,http://www.wikidata.org/prop/direct/P1343,http://www.wikidata.org/entity/Q126875543
http://www.wikidata.org/entity/Q135428514,http://www.wikidata.org/prop/direct/P625,Point(29.0966892 41.1170197)
http://www.wikidata.org/entity/Q135428514,http://www.wikidata.org/prop/direct/P706,http://www.wikidata.org/entity/Q155583
http://www.wikidata.org/entity/Q135428514,http://www.wikidata.org/prop/direct/P11729,258283
http://www.wikidata.org/entity/Q135428515,http://www.wikidata.org/prop/direct/P17,http://www.wikidata.org/entity/Q43
http://www.wikidata.org/entity/Q135428515,http://www.wikidata.org/prop/direct/P31,http://www.wikidata.org/entity/Q1371047
http://www.wikidata.org/entity/Q135428515,http://www.wikidata.org/prop/direct/P131,http://www.wikidata.org/entity/Q857107
http://www.wikidata.org/entity/Q135428515,http://www.wikidata.org/prop/direct/P625,Point(29.0619202 41.1250305)
http://www.wikidata.org/entity/Q135428515,http://www.wikidata.org/prop/direct/P706,http://www.wikidata.org/entity/Q155583
http://www.wikidata.org/entity/Q135428515,http://www.wikidata.org/prop/direct/P11729,258263
http://www.wikidata.org/entity/Q135428516,http://www.wikidata.org/prop/direct/P17,http://www.wikidata.org/entity/Q43
http://www.wikidata.org/entity/Q135428516,http://www.wikidata.org/prop/direct/P31,http://www.wikidata.org/entity/Q1371047
http://www.wikidata.org/entity/Q135428516,http://www.wikidata.org/prop/direct/P131,http://www.wikidata.org/entity/Q857107
http://www.wikidata.org/entity/Q135428516,http://www.wikidata.org/prop/direct/P625,Point(29.0637646 41.1225395)
http://www.wikidata.org/entity/Q135428516,http://www.wikidata.org/prop/direct/P706,http://www.wikidata.org/entity/Q155583
http://www.wikidata.org/entity/Q135428516,http://www.wikidata.org/prop/direct/P11729,258259
http://www.wikidata.org/entity/Q135428517,http://www.wikidata.org/prop/direct/P17,http://www.wikidata.org/entity/Q43
http://www.wikidata.org/entity/Q135428517,http://www.wikidata.org/prop/direct/P31,http://www.wikidata.org/entity/Q1371047
http://www.wikidata.org/entity/Q135428517,http://www.wikidata.org/prop/direct/P131,http://www.wikidata.org/entity/Q732923
http://www.wikidata.org/entity/Q135428517,http://www.wikidata.org/prop/direct/P625,Point(28.9503098 41.029789)
http://www.wikidata.org/entity/Q135428517,http://www.wikidata.org/prop/direct/P706,http://www.wikidata.org/entity/Q155583
http://www.wikidata.org/entity/Q135428517,http://www.wikidata.org/prop/direct/P11729,258253
http://www.wikidata.org/entity/Q135428518,http://www.wikidata.org/prop/direct/P17,http://www.wikidata.org/entity/Q43
http://www.wikidata.org/entity/Q135428518,http://www.wikidata.org/prop/direct/P31,http://www.wikidata.org/entity/Q1371047
http://www.wikidata.org/entity/Q135428518,http://www.wikidata.org/prop/direct/P131,http://www.wikidata.org/entity/Q732923
http://www.wikidata.org/entity/Q135428518,http://www.wikidata.org/prop/direct/P625,Point(28.9589195 41.018074)
http://www.wikidata.org/entity/Q135428518,http://www.wikidata.org/prop/direct/P706,http://www.wikidata.org/entity/Q155583
http://www.wikidata.org/entity/Q135428518,http://www.wikidata.org/prop/direct/P11729,258249
http://www.wikidata.org/entity/Q135428519,http://www.wikidata.org/prop/direct/P17,http://www.wikidata.org/entity/Q43
http://www.wikidata.org/entity/Q135428519,http://www.wikidata.org/prop/direct/P31,http://www.wikidata.org/entity/Q1371047
http://www.wikidata.org/entity/Q135428519,http://www.wikidata.org/prop/direct/P131,http://www.wikidata.org/entity/Q326339
http://www.wikidata.org/entity/Q135428519,http://www.wikidata.org/prop/direct/P625,Point(29.02034 41.0309601)
http://www.wikidata.org/entity/Q135428519,http://www.wikidata.org/prop/direct/P706,http://www.wikidata.org/entity/Q155583
http://www.wikidata.org/entity/Q135428519,http://www.wikidata.org/prop/direct/P11729,257210
http://www.wikidata.org/entity/Q127048193,http://www.wikidata.org/prop/direct/P31,http://www.wikidata.org/entity/Q126443332
http://www.wikidata.org/entity/Q127048193,http://www.wikidata.org/prop/direct/P131,http://www.wikidata.org/entity/Q180231
http://www.wikidata.org/entity/Q127048193,http://www.wikidata.org/prop/direct/P138,http://www.wikidata.org/entity/Q2419830
http://www.wikidata.org/entity/Q127048193,http://www.wikidata.org/prop/direct/P195,http://www.wikidata.org/entity/Q126875543
http://www.wikidata.org/entity/Q127048193,http://www.wikidata.org/prop/direct/P195,http://www.wikidata.org/entity/Q132817615
http://www.wikidata.org/entity/Q127048193,http://www.wikidata.org/prop/direct/P217,7
http://www.wikidata.org/entity/Q127048193,http://www.wikidata.org/prop/direct/P217,KHW2-9
http://www.wikidata.org/entity/Q127048193,http://www.wikidata.org/prop/direct/P1343,http://www.wikidata.org/entity/Q126393245
http://www.wikidata.org/entity/Q127048193,http://www.wikidata.org/prop/direct/P1343,http://www.wikidata.org/entity/Q126875543
http://www.wikidata.org/entity/Q127048193,http://www.wikidata.org/prop/direct/P1343,http://www.wikidata.org/entity/Q132817615
http://www.wikidata.org/entity/Q127048193,http://www.wikidata.org/prop/direct/P6375,"""in Doyles field"" (Schools' Collection)"
http://www.wikidata.org/entity/Q127433772,http://www.wikidata.org/prop/direct/P17,http://www.wikidata.org/entity/Q27
http://www.wikidata.org/entity/Q127433772,http://www.wikidata.org/prop/direct/P31,http://www.wikidata.org/entity/Q1365924
http://www.wikidata.org/entity/Q127433772,http://www.wikidata.org/prop/direct/P31,http://www.wikidata.org/entity/Q1371047
http://www.wikidata.org/entity/Q127433772,http://www.wikidata.org/prop/direct/P31,http://www.wikidata.org/entity/Q126443332
http://www.wikidata.org/entity/Q127433772,http://www.wikidata.org/prop/direct/P131,http://www.wikidata.org/entity/Q180231
http://www.wikidata.org/entity/Q127433772,http://www.wikidata.org/prop/direct/P131,http://www.wikidata.org/entity/Q60553891
http://www.wikidata.org/entity/Q127433772,http://www.wikidata.org/prop/direct/P625,Point(-7.3666737 52.4791178)
http://www.wikidata.org/entity/Q127433772,http://www.wikidata.org/prop/direct/P708,http://www.wikidata.org/entity/Q873607
http://www.wikidata.org/entity/Q127433772,http://www.wikidata.org/prop/direct/P1343,http://www.wikidata.org/entity/Q126393245
http://www.wikidata.org/entity/Q127433772,http://www.wikidata.org/prop/direct/P1343,http://www.wikidata.org/entity/Q126528008
http://www.wikidata.org/entity/Q127433772,http://www.wikidata.org/prop/direct/P11693,12055105308
http://www.wikidata.org/entity/Q128144530,http://www.wikidata.org/prop/direct/P17,http://www.wikidata.org/entity/Q27
http://www.wikidata.org/entity/Q128144530,http://www.wikidata.org/prop/direct/P31,http://www.wikidata.org/entity/Q1371047
http://www.wikidata.org/entity/Q128144530,http://www.wikidata.org/prop/direct/P31,http://www.wikidata.org/entity/Q126443332
http://www.wikidata.org/entity/Q128144530,http://www.wikidata.org/prop/direct/P131,http://www.wikidata.org/entity/Q180231
http://www.wikidata.org/entity/Q128144530,http://www.wikidata.org/prop/direct/P1343,http://www.wikidata.org/entity/Q126393245
http://www.wikidata.org/entity/Q129263926,http://www.wikidata.org/prop/direct/P10,http://commons.wikimedia.org/wiki/Special:FilePath/Newtown%20Jerpoint%20St%20Nicholas%27%20Well.webm
http://www.wikidata.org/entity/Q129263926,http://www.wikidata.org/prop/direct/P17,http://www.wikidata.org/entity/Q27
http://www.wikidata.org/entity/Q129263926,http://www.wikidata.org/prop/direct/P18,http://commons.wikimedia.org/wiki/Special:FilePath/Saint%20Nicholas%27%20Well%20in%20Newtown%20Jerpoint.jpg
http://www.wikidata.org/entity/Q129263926,http://www.wikidata.org/prop/direct/P31,http://www.wikidata.org/entity/Q1371047
http://www.wikidata.org/entity/Q129263926,http://www.wikidata.org/prop/direct/P31,http://www.wikidata.org/entity/Q126443332
http://www.wikidata.org/entity/Q129263926,http://www.wikidata.org/prop/direct/P131,http://www.wikidata.org/entity/Q180231
http://www.wikidata.org/entity/Q129263926,http://www.wikidata.org/prop/direct/P131,http://www.wikidata.org/entity/Q60554519
http://www.wikidata.org/entity/Q129263926,http://www.wikidata.org/prop/direct/P131,http://www.wikidata.org/entity/Q104265826
http://www.wikidata.org/entity/Q129263926,http://www.wikidata.org/prop/direct/P138,http://www.wikidata.org/entity/Q44269
http://www.wikidata.org/entity/Q129263926,http://www.wikidata.org/prop/direct/P195,http://www.wikidata.org/entity/Q132817615
http://www.wikidata.org/entity/Q129263926,http://www.wikidata.org/prop/direct/P217,KHW2-27
http://www.wikidata.org/entity/Q135428531,http://www.wikidata.org/prop/direct/P17,http://www.wikidata.org/entity/Q43
http://www.wikidata.org/entity/Q135428531,http://www.wikidata.org/prop/direct/P31,http://www.wikidata.org/entity/Q1371047
http://www.wikidata.org/entity/Q135428531,http://www.wikidata.org/prop/direct/P131,http://www.wikidata.org/entity/Q732923
http://www.wikidata.org/entity/Q135428531,http://www.wikidata.org/prop/direct/P625,Point(28.9544353 41.006958)
http://www.wikidata.org/entity/Q135428531,http://www.wikidata.org/prop/direct/P706,http://www.wikidata.org/entity/Q155583
http://www.wikidata.org/entity/Q135428531,http://www.wikidata.org/prop/direct/P11729,229326
http://www.wikidata.org/entity/Q135428532,http://www.wikidata.org/prop/direct/P17,http://www.wikidata.org/entity/Q43
http://www.wikidata.org/entity/Q135428532,http://www.wikidata.org/prop/direct/P31,http://www.wikidata.org/entity/Q1371047
http://www.wikidata.org/entity/Q135428532,http://www.wikidata.org/prop/direct/P131,http://www.wikidata.org/entity/Q459495
http://www.wikidata.org/entity/Q135428532,http://www.wikidata.org/prop/direct/P625,Point(28.9988976 41.0407448)
http://www.wikidata.org/entity/Q135428532,http://www.wikidata.org/prop/direct/P706,http://www.wikidata.org/entity/Q155583
http://www.wikidata.org/entity/Q135428532,http://www.wikidata.org/prop/direct/P11729,217082
http://www.wikidata.org/entity/Q135428533,http://www.wikidata.org/prop/direct/P17,http://www.wikidata.org/entity/Q43
http://www.wikidata.org/entity/Q135428533,http://www.wikidata.org/prop/direct/P31,http://www.wikidata.org/entity/Q1371047
http://www.wikidata.org/entity/Q135428533,http://www.wikidata.org/prop/direct/P131,http://www.wikidata.org/entity/Q1020668
http://www.wikidata.org/entity/Q135428533,http://www.wikidata.org/prop/direct/P625,Point(29.099649924 40.877419226)
http://www.wikidata.org/entity/Q135428533,http://www.wikidata.org/prop/direct/P706,http://www.wikidata.org/entity/Q155583
http://www.wikidata.org/entity/Q135428533,http://www.wikidata.org/prop/direct/P11729,211346
http://www.wikidata.org/entity/Q135428534,http://www.wikidata.org/prop/direct/P17,http://www.wikidata.org/entity/Q43
http://www.wikidata.org/entity/Q135428534,http://www.wikidata.org/prop/direct/P31,http://www.wikidata.org/entity/Q1371047
http://www.wikidata.org/entity/Q135428534,http://www.wikidata.org/prop/direct/P131,http://www.wikidata.org/entity/Q1020668
http://www.wikidata.org/entity/Q135428534,http://www.wikidata.org/prop/direct/P625,Point(29.0950146 40.8820114)
http://www.wikidata.org/entity/Q135428534,http://www.wikidata.org/prop/direct/P706,http://www.wikidata.org/entity/Q155583
http://www.wikidata.org/entity/Q135428534,http://www.wikidata.org/prop/direct/P11729,211319
http://www.wikidata.org/entity/Q135428535,http://www.wikidata.org/prop/direct/P17,http://www.wikidata.org/entity/Q43
http://www.wikidata.org/entity/Q135428535,http://www.wikidata.org/prop/direct/P31,http://www.wikidata.org/entity/Q1371047
http://www.wikidata.org/entity/Q135428535,http://www.wikidata.org/prop/direct/P131,http://www.wikidata.org/entity/Q732923
http://www.wikidata.org/entity/Q135428535,http://www.wikidata.org/prop/direct/P625,Point(28.9568405 41.0275078)
http://www.wikidata.org/entity/Q135428535,http://www.wikidata.org/prop/direct/P706,http://www.wikidata.org/entity/Q155583
http://www.wikidata.org/entity/Q135428535,http://www.wikidata.org/prop/direct/P11729,207614
http://www.wikidata.org/entity/Q135428536,http://www.wikidata.org/prop/direct/P17,http://www.wikidata.org/entity/Q43
http://www.wikidata.org/entity/Q135428536,http://www.wikidata.org/prop/direct/P31,http://www.wikidata.org/entity/Q1371047
http://www.wikidata.org/entity/Q135428536,http://www.wikidata.org/prop/direct/P131,http://www.wikidata.org/entity/Q217411
http://www.wikidata.org/entity/Q131387526,http://www.wikidata.org/prop/direct/P138,http://www.wikidata.org/entity/Q4301754
http://www.wikidata.org/entity/Q131387526,http://www.wikidata.org/prop/direct/P625,Point(-6.57551 52.278431)
http://www.wikidata.org/entity/Q131387526,http://www.wikidata.org/prop/direct/P4057,WX042-022----
http://www.wikidata.org/entity/Q131396044,http://www.wikidata.org/prop/direct/P17,http://www.wikidata.org/entity/Q27
http://www.wikidata.org/entity/Q131396044,http://www.wikidata.org/prop/direct/P31,http://www.wikidata.org/entity/Q1371047
http://www.wikidata.org/entity/Q131396044,http://www.wikidata.org/prop/direct/P31,http://www.wikidata.org/entity/Q126443332
http://www.wikidata.org/entity/Q131396044,http://www.wikidata.org/prop/direct/P131,http://www.wikidata.org/entity/Q184469
http://www.wikidata.org/entity/Q131396044,http://www.wikidata.org/prop/direct/P138,http://www.wikidata.org/entity/Q4300418
http://www.wikidata.org/entity/Q131396044,http://www.wikidata.org/prop/direct/P625,Point(-9.2661977 52.3102686)
http://www.wikidata.org/entity/Q131396044,http://www.wikidata.org/prop/direct/P1343,http://www.wikidata.org/entity/Q131395980
http://www.wikidata.org/entity/Q131396044,http://www.wikidata.org/prop/direct/P4057,KE032-009----
http://www.wikidata.org/entity/Q131396044,http://www.wikidata.org/prop/direct/P11693,4630115448
http://www.wikidata.org/entity/Q131625906,http://www.wikidata.org/prop/direct/P17,http://www.wikidata.org/entity/Q26
http://www.wikidata.org/entity/Q131625906,http://www.wikidata.org/prop/direct/P31,http://www.wikidata.org/entity/Q124714
http://www.wikidata.org/entity/Q131625906,http://www.wikidata.org/prop/direct/P31,http://www.wikidata.org/entity/Q1371047
http://www.wikidata.org/entity/Q131625906,http://www.wikidata.org/prop/direct/P31,http://www.wikidata.org/entity/Q126443332
http://www.wikidata.org/entity/Q131625906,http://www.wikidata.org/prop/direct/P131,http://www.wikidata.org/entity/Q192208
http://www.wikidata.org/entity/Q131625906,http://www.wikidata.org/prop/direct/P625,Point(-6.8406725 55.0429992)
http://www.wikidata.org/entity/Q131625906,http://www.wikidata.org/prop/direct/P1343,http://www.wikidata.org/entity/Q131625819
http://www.wikidata.org/entity/Q131625906,http://www.wikidata.org/prop/direct/P7959,http://www.wikidata.org/entity/Q192208
http://www.wikidata.org/entity/Q131625906,http://www.wikidata.org/prop/direct/P11693,3489026773
http://www.wikidata.org/entity/Q131758630,http://www.wikidata.org/prop/direct/P17,http://www.wikidata.org/entity/Q145
http://www.wikidata.org/entity/Q131758630,http://www.wikidata.org/prop/direct/P31,http://www.wikidata.org/entity/Q1371047
http://www.wikidata.org/entity/Q131758630,http://www.wikidata.org/prop/direct/P131,http://www.wikidata.org/entity/Q110856407
http://www.wikidata.org/entity/Q131758630,http://www.wikidata.org/prop/direct/P613,SH 8607 7692
http://www.wikidata.org/entity/Q131758630,http://www.wikidata.org/prop/direct/P625,Point(-3.71018996 53.2770645)
http://www.wikidata.org/entity/Q131758630,http://www.wikidata.org/prop/direct/P1705,Ffynnon Elian
http://www.wikidata.org/entity/Q131758630,http://www.wikidata.org/prop/direct/P4658,32271
http://www.wikidata.org/entity/Q131758630,http://www.wikidata.org/prop/direct/P7959,http://www.wikidata.org/entity/Q5256625
http://www.wikidata.org/entity/Q131758630,http://www.wikidata.org/prop/direct/P12749,Q139893
http://www.wikidata.org/entity/Q126949628,http://www.wikidata.org/prop/direct/P625,Point(-7.3553108 52.5784119)
http://www.wikidata.org/entity/Q126949628,http://www.wikidata.org/prop/direct/P1343,http://www.wikidata.org/entity/Q126875543
http://www.wikidata.org/entity/Q126949628,http://www.wikidata.org/prop/direct/P1343,http://www.wikidata.org/entity/Q130284129
http://www.wikidata.org/entity/Q126949628,http://www.wikidata.org/prop/direct/P1343,http://www.wikidata.org/entity/Q132817615
http://www.wikidata.org/entity/Q126949628,http://www.wikidata.org/prop/direct/P4057,KK022-048----
http://www.wikidata.org/entity/Q126949787,http://www.wikidata.org/prop/direct/P17,http://www.wikidata.org/entity/Q27
http://www.wikidata.org/entity/Q126949787,http://www.wikidata.org/prop/direct/P31,http://www.wikidata.org/entity/Q124714
http://www.wikidata.org/entity/Q126949787,http://www.wikidata.org/prop/direct/P31,http://www.wikidata.org/entity/Q1371047
http://www.wikidata.org/entity/Q126949787,http://www.wikidata.org/prop/direct/P31,http://www.wikidata.org/entity/Q126443332
http://www.wikidata.org/entity/Q126949787,http://www.wikidata.org/prop/direct/P131,http://www.wikidata.org/entity/Q180231
http://www.wikidata.org/entity/Q126949787,http://www.wikidata.org/prop/direct/P131,http://www.wikidata.org/entity/Q60553414
http://www.wikidata.org/entity/Q126949787,http://www.wikidata.org/prop/direct/P131,http://www.wikidata.org/entity/Q104265004
http://www.wikidata.org/entity/Q126949787,http://www.wikidata.org/prop/direct/P138,http://www.wikidata.org/entity/Q2151232
http://www.wikidata.org/entity/Q126949787,http://www.wikidata.org/prop/direct/P195,http://www.wikidata.org/entity/Q126875543
http://www.wikidata.org/entity/Q126949787,http://www.wikidata.org/prop/direct/P195,http://www.wikidata.org/entity/Q132817615
http://www.wikidata.org/entity/Q126949787,http://www.wikidata.org/prop/direct/P217,163
http://www.wikidata.org/entity/Q126949787,http://www.wikidata.org/prop/direct/P217,KHW127
http://www.wikidata.org/entity/Q126949787,http://www.wikidata.org/prop/direct/P625,Point(-7.344272 52.62132)
http://www.wikidata.org/entity/Q126949787,http://www.wikidata.org/prop/direct/P841,http://www.wikidata.org/entity/Q154502
http://www.wikidata.org/entity/Q126949787,http://www.wikidata.org/prop/direct/P1343,http://www.wikidata.org/entity/Q126473056
http://www.wikidata.org/entity/Q126949787,http://www.wikidata.org/prop/direct/P1343,http://www.wikidata.org/entity/Q126528008
http://www.wikidata.org/entity/Q126949787,http://www.wikidata.org/prop/direct/P1343,http://www.wikidata.org/entity/Q126875543
http://www.wikidata.org/entity/Q126949787,http://www.wikidata.org/prop/direct/P1343,http://www.wikidata.org/entity/Q130284129
http://www.wikidata.org/entity/Q126949787,http://www.wikidata.org/prop/direct/P1343,http://www.wikidata.org/entity/Q130308814
http://www.wikidata.org/entity/Q126949787,http://www.wikidata.org/prop/direct/P1343,http://www.wikidata.org/entity/Q130458689
http://www.wikidata.org/entity/Q126949787,http://www.wikidata.org/prop/direct/P1343,http://www.wikidata.org/entity/Q132817615
http://www.wikidata.org/entity/Q126949787,http://www.wikidata.org/prop/direct/P4057,KK018-095----
http://www.wikidata.org/entity/Q126949808,http://www.wikidata.org/prop/direct/P17,http://www.wikidata.org/entity/Q27
http://www.wikidata.org/entity/Q126949808,http://www.wikidata.org/prop/direct/P31,http://www.wikidata.org/entity/Q1371047
http://www.wikidata.org/entity/Q126949808,http://www.wikidata.org/prop/direct/P31,http://www.wikidata.org/entity/Q126443332
http://www.wikidata.org/entity/Q126949808,http://www.wikidata.org/prop/direct/P131,http://www.wikidata.org/entity/Q180231
http://www.wikidata.org/entity/Q126949808,http://www.wikidata.org/prop/direct/P131,http://www.wikidata.org/entity/Q60556473
http://www.wikidata.org/entity/Q126949808,http://www.wikidata.org/prop/direct/P131,http://www.wikidata.org/entity/Q104266435
http://www.wikidata.org/entity/Q126949808,http://www.wikidata.org/prop/direct/P138,http://www.wikidata.org/entity/Q6686215
http://www.wikidata.org/entity/Q126949808,http://www.wikidata.org/prop/direct/P195,http://www.wikidata.org/entity/Q126875543
http://www.wikidata.org/entity/Q126949808,http://www.wikidata.org/prop/direct/P195,http://www.wikidata.org/entity/Q132817615
http://www.wikidata.org/entity/Q126949808,http://www.wikidata.org/prop/direct/P217,164
http://www.wikidata.org/entity/Q126949808,http://www.wikidata.org/prop/direct/P217,KHW152
http://www.wikidata.org/entity/Q126949808,http://www.wikidata.org/prop/direct/P625,Point(-6.98617 52.38687)
http://www.wikidata.org/entity/Q126949808,http://www.wikidata.org/prop/direct/P708,http://www.wikidata.org/entity/Q873607
http://www.wikidata.org/entity/Q126949808,http://www.wikidata.org/prop/direct/P1343,http://www.wikidata.org/entity/Q126393245
http://www.wikidata.org/entity/Q126949808,http://www.wikidata.org/prop/direct/P1343,http://www.wikidata.org/entity/Q126456421
http://www.wikidata.org/entity/Q126435825,http://www.wikidata.org/prop/direct/P1343,http://www.wikidata.org/entity/Q130284129
http://www.wikidata.org/entity/Q126435825,http://www.wikidata.org/prop/direct/P1343,http://www.wikidata.org/entity/Q132817615
http://www.wikidata.org/entity/Q126435825,http://www.wikidata.org/prop/direct/P1651,-GUwyEhKLco
http://www.wikidata.org/entity/Q126435825,http://www.wikidata.org/prop/direct/P4057,KK031-029----
http://www.wikidata.org/entity/Q126435825,http://www.wikidata.org/prop/direct/P11693,8526348855
http://www.wikidata.org/entity/Q126436485,http://www.wikidata.org/prop/direct/P17,http://www.wikidata.org/entity/Q27
http://www.wikidata.org/entity/Q126436485,http://www.wikidata.org/prop/direct/P31,http://www.wikidata.org/entity/Q1371047
http://www.wikidata.org/entity/Q126436485,http://www.wikidata.org/prop/direct/P31,http://www.wikidata.org/entity/Q126443332
http://www.wikidata.org/entity/Q126436485,http://www.wikidata.org/prop/direct/P131,http://www.wikidata.org/entity/Q180231
http://www.wikidata.org/entity/Q126436485,http://www.wikidata.org/prop/direct/P131,http://www.wikidata.org/entity/Q60553245
http://www.wikidata.org/entity/Q126436485,http://www.wikidata.org/prop/direct/P138,http://www.wikidata.org/entity/Q80979
http://www.wikidata.org/entity/Q126436485,http://www.wikidata.org/prop/direct/P195,http://www.wikidata.org/entity/Q126875543
http://www.wikidata.org/entity/Q126436485,http://www.wikidata.org/prop/direct/P195,http://www.wikidata.org/entity/Q132817615
http://www.wikidata.org/entity/Q126436485,http://www.wikidata.org/prop/direct/P217,9
http://www.wikidata.org/entity/Q126436485,http://www.wikidata.org/prop/direct/P217,KHW104
http://www.wikidata.org/entity/Q126436485,http://www.wikidata.org/prop/direct/P417,http://www.wikidata.org/entity/Q80979
http://www.wikidata.org/entity/Q126436485,http://www.wikidata.org/prop/direct/P625,Point(-7.3632748 52.7903396)
http://www.wikidata.org/entity/Q126436485,http://www.wikidata.org/prop/direct/P708,http://www.wikidata.org/entity/Q873607
http://www.wikidata.org/entity/Q126436485,http://www.wikidata.org/prop/direct/P1343,http://www.wikidata.org/entity/Q116166792
http://www.wikidata.org/entity/Q126436485,http://www.wikidata.org/prop/direct/P1343,http://www.wikidata.org/entity/Q120966194
http://www.wikidata.org/entity/Q126436485,http://www.wikidata.org/prop/direct/P1343,http://www.wikidata.org/entity/Q126374601
http://www.wikidata.org/entity/Q126436485,http://www.wikidata.org/prop/direct/P1343,http://www.wikidata.org/entity/Q126393245
http://www.wikidata.org/entity/Q126436485,http://www.wikidata.org/prop/direct/P1343,http://www.wikidata.org/entity/Q126875543
http://www.wikidata.org/entity/Q126436485,http://www.wikidata.org/prop/direct/P1343,http://www.wikidata.org/entity/Q129996423
http://www.wikidata.org/entity/Q126436485,http://www.wikidata.org/prop/direct/P1343,http://www.wikidata.org/entity/Q130308814
http://www.wikidata.org/entity/Q126436485,http://www.wikidata.org/prop/direct/P1343,http://www.wikidata.org/entity/Q132817615
http://www.wikidata.org/entity/Q126436485,http://www.wikidata.org/prop/direct/P4057,KK009-013004-
http://www.wikidata.org/entity/Q126436485,http://www.wikidata.org/prop/direct/P6375,"in a field called the ""Bualadh Dubh"""
http://www.wikidata.org/entity/Q126436485,http://www.wikidata.org/prop/direct/P11693,11124027029
http://www.wikidata.org/entity/Q126438084,http://www.wikidata.org/prop/direct/P17,http://www.wikidata.org/entity/Q27
http://www.wikidata.org/entity/Q126438084,http://www.wikidata.org/prop/direct/P31,http://www.wikidata.org/entity/Q1371047
http://www.wikidata.org/entity/Q126438084,http://www.wikidata.org/prop/direct/P31,http://www.wikidata.org/entity/Q126443332
http://www.wikidata.org/entity/Q126438084,http://www.wikidata.org/prop/direct/P131,http://www.wikidata.org/entity/Q180231
http://www.wikidata.org/entity/Q126438084,http://www.wikidata.org/prop/direct/P131,http://www.wikidata.org/entity/Q60553364
http://www.wikidata.org/entity/Q126438084,http://www.wikidata.org/prop/direct/P138,http://www.wikidata.org/entity/Q37090
http://www.wikidata.org/entity/Q126438084,http://www.wikidata.org/prop/direct/P195,http://www.wikidata.org/entity/Q126875543
http://www.wikidata.org/entity/Q126438084,http://www.wikidata.org/prop/direct/P195,http://www.wikidata.org/entity/Q132817615
http://www.wikidata.org/entity/Q126438084,http://www.wikidata.org/prop/direct/P217,8
http://www.wikidata.org/entity/Q126487358,http://www.wikidata.org/prop/direct/P373,"St Brigid's Well, Toberbreedia"
http://www.wikidata.org/entity/Q126487358,http://www.wikidata.org/prop/direct/P625,Point(-7.3565632 52.6115585)
http://www.wikidata.org/entity/Q126487358,http://www.wikidata.org/prop/direct/P708,http://www.wikidata.org/entity/Q873607
http://www.wikidata.org/entity/Q126487358,http://www.wikidata.org/prop/direct/P1050,http://www.wikidata.org/entity/Q21077147
http://www.wikidata.org/entity/Q126487358,http://www.wikidata.org/prop/direct/P1325,https://sketchfab.com/3d-models/toberbreedia-st-brigids-well-56e71b0735fc4f17bdf38b4c5b2a12a7
http://www.wikidata.org/entity/Q126487358,http://www.wikidata.org/prop/direct/P1343,http://www.wikidata.org/entity/Q106813818
http://www.wikidata.org/entity/Q126487358,http://www.wikidata.org/prop/direct/P1343,http://www.wikidata.org/entity/Q126374601
http://www.wikidata.org/entity/Q126487358,http://www.wikidata.org/prop/direct/P1343,http://www.wikidata.org/entity/Q126393245
http://www.wikidata.org/entity/Q126487358,http://www.wikidata.org/prop/direct/P1343,http://www.wikidata.org/entity/Q126454465
http://www.wikidata.org/entity/Q126487358,http://www.wikidata.org/prop/direct/P1343,http://www.wikidata.org/entity/Q126473056
http://www.wikidata.org/entity/Q126487358,http://www.wikidata.org/prop/direct/P1343,http://www.wikidata.org/entity/Q126875543
http://www.wikidata.org/entity/Q126487358,http://www.wikidata.org/prop/direct/P1343,http://www.wikidata.org/entity/Q130308814
http://www.wikidata.org/entity/Q126487358,http://www.wikidata.org/prop/direct/P1343,http://www.wikidata.org/entity/Q130458689
http://www.wikidata.org/entity/Q126487358,http://www.wikidata.org/prop/direct/P1343,http://www.wikidata.org/entity/Q132817615
http://www.wikidata.org/entity/Q126487358,http://www.wikidata.org/prop/direct/P2186,IE-KK-0353
http://www.wikidata.org/entity/Q126487358,http://www.wikidata.org/prop/direct/P4057,KK022-037----
http://www.wikidata.org/entity/Q126487358,http://www.wikidata.org/prop/direct/P11693,8517798092
http://www.wikidata.org/entity/Q126487395,http://www.wikidata.org/prop/direct/P17,http://www.wikidata.org/entity/Q27
http://www.wikidata.org/entity/Q126487395,http://www.wikidata.org/prop/direct/P31,http://www.wikidata.org/entity/Q43483
http://www.wikidata.org/entity/Q126487395,http://www.wikidata.org/prop/direct/P31,http://www.wikidata.org/entity/Q124714
http://www.wikidata.org/entity/Q126487395,http://www.wikidata.org/prop/direct/P31,http://www.wikidata.org/entity/Q1371047
http://www.wikidata.org/entity/Q126487395,http://www.wikidata.org/prop/direct/P31,http://www.wikidata.org/entity/Q126443332
http://www.wikidata.org/entity/Q126487395,http://www.wikidata.org/prop/direct/P131,http://www.wikidata.org/entity/Q180231
http://www.wikidata.org/entity/Q126487395,http://www.wikidata.org/prop/direct/P131,http://www.wikidata.org/entity/Q60556288
http://www.wikidata.org/entity/Q126487395,http://www.wikidata.org/prop/direct/P131,http://www.wikidata.org/entity/Q104265431
http://www.wikidata.org/entity/Q126487395,http://www.wikidata.org/prop/direct/P138,http://www.wikidata.org/entity/Q80979
http://www.wikidata.org/entity/Q126487395,http://www.wikidata.org/prop/direct/P195,http://www.wikidata.org/entity/Q126875543
http://www.wikidata.org/entity/Q126487395,http://www.wikidata.org/prop/direct/P195,http://www.wikidata.org/entity/Q132817615
http://www.wikidata.org/entity/Q126487395,http://www.wikidata.org/prop/direct/P217,1
http://www.wikidata.org/entity/Q126487395,http://www.wikidata.org/prop/direct/P217,KHW156
http://www.wikidata.org/entity/Q126487395,http://www.wikidata.org/prop/direct/P625,Point(-7.2600183 52.3184829)
http://www.wikidata.org/entity/Q126487395,http://www.wikidata.org/prop/direct/P708,http://www.wikidata.org/entity/Q873607
http://www.wikidata.org/entity/Q126487395,http://www.wikidata.org/prop/direct/P1343,http://www.wikidata.org/entity/Q126374601
http://www.wikidata.org/entity/Q126487395,http://www.wikidata.org/prop/direct/P1343,http://www.wikidata.org/entity/Q126456421
http://www.wikidata.org/entity/Q126487395,http://www.wikidata.org/prop/direct/P1343,http://www.wikidata.org/entity/Q126528008
http://www.wikidata.org/entity/Q126487395,http://www.wikidata.org/prop/direct/P1343,http://www.wikidata.org/entity/Q126540348
http://www.wikidata.org/entity/Q126487395,http://www.wikidata.org/prop/direct/P1343,http://www.wikidata.org/entity/Q126875543
http://www.wikidata.org/entity/Q126487395,http://www.wikidata.org/prop/direct/P1343,http://www.wikidata.org/entity/Q129088050
http://www.wikidata.org/entity/Q126487395,http://www.wikidata.org/prop/direct/P1343,http://www.wikidata.org/entity/Q130284129
http://www.wikidata.org/entity/Q126487395,http://www.wikidata.org/prop/direct/P1343,http://www.wikidata.org/entity/Q130308814
http://www.wikidata.org/entity/Q126487395,http://www.wikidata.org/prop/direct/P1343,http://www.wikidata.org/entity/Q132817615
http://www.wikidata.org/entity/Q126487395,http://www.wikidata.org/prop/direct/P4057,KK042-029----
http://www.wikidata.org/entity/Q126487395,http://www.wikidata.org/prop/direct/P6375,by the side of the avenue to Silversprings House
http://www.wikidata.org/entity/Q126487395,http://www.wikidata.org/prop/direct/P6375,"""in a field left of the road from Mooncoin to Nicholastown"""
http://www.wikidata.org/entity/Q126487395,http://www.wikidata.org/prop/direct/P11693,8519011419
http://www.wikidata.org/entity/Q135428552,http://www.wikidata.org/prop/direct/P31,http://www.wikidata.org/entity/Q1371047
http://www.wikidata.org/entity/Q135428552,http://www.wikidata.org/prop/direct/P131,http://www.wikidata.org/entity/Q326339
http://www.wikidata.org/entity/Q135428552,http://www.wikidata.org/prop/direct/P625,Point(29.0251961 41.0333443)
http://www.wikidata.org/entity/Q135428552,http://www.wikidata.org/prop/direct/P706,http://www.wikidata.org/entity/Q155583
http://www.wikidata.org/entity/Q135428552,http://www.wikidata.org/prop/direct/P11729,146265
http://www.wikidata.org/entity/Q135428553,http://www.wikidata.org/prop/direct/P17,http://www.wikidata.org/entity/Q43
http://www.wikidata.org/entity/Q135428553,http://www.wikidata.org/prop/direct/P31,http://www.wikidata.org/entity/Q1371047
http://www.wikidata.org/entity/Q135428553,http://www.wikidata.org/prop/direct/P131,http://www.wikidata.org/entity/Q217411
http://www.wikidata.org/entity/Q135428553,http://www.wikidata.org/prop/direct/P625,Point(28.9800873 41.0422325)
http://www.wikidata.org/entity/Q135428553,http://www.wikidata.org/prop/direct/P706,http://www.wikidata.org/entity/Q155583
http://www.wikidata.org/entity/Q135428553,http://www.wikidata.org/prop/direct/P11729,141006
http://www.wikidata.org/entity/Q135428554,http://www.wikidata.org/prop/direct/P17,http://www.wikidata.org/entity/Q43
http://www.wikidata.org/entity/Q135428554,http://www.wikidata.org/prop/direct/P31,http://www.wikidata.org/entity/Q1371047
http://www.wikidata.org/entity/Q135428554,http://www.wikidata.org/prop/direct/P131,http://www.wikidata.org/entity/Q932886
http://www.wikidata.org/entity/Q135428554,http://www.wikidata.org/prop/direct/P625,Point(29.027483 40.9861069)
http://www.wikidata.org/entity/Q135428554,http://www.wikidata.org/prop/direct/P706,http://www.wikidata.org/entity/Q155583
http://www.wikidata.org/entity/Q135428554,http://www.wikidata.org/prop/direct/P11729,127027
http://www.wikidata.org/entity/Q135428555,http://www.wikidata.org/prop/direct/P17,http://www.wikidata.org/entity/Q43
http://www.wikidata.org/entity/Q135428555,http://www.wikidata.org/prop/direct/P31,http://www.wikidata.org/entity/Q1371047
http://www.wikidata.org/entity/Q135428555,http://www.wikidata.org/prop/direct/P131,http://www.wikidata.org/entity/Q932886
http://www.wikidata.org/entity/Q135428555,http://www.wikidata.org/prop/direct/P625,Point(29.041441 40.9765282)
http://www.wikidata.org/entity/Q135428555,http://www.wikidata.org/prop/direct/P706,http://www.wikidata.org/entity/Q155583
http://www.wikidata.org/entity/Q135428555,http://www.wikidata.org/prop/direct/P11729,127018
http://www.wikidata.org/entity/Q135428556,http://www.wikidata.org/prop/direct/P17,http://www.wikidata.org/entity/Q43
http://www.wikidata.org/entity/Q135428556,http://www.wikidata.org/prop/direct/P31,http://www.wikidata.org/entity/Q1371047
http://www.wikidata.org/entity/Q135428556,http://www.wikidata.org/prop/direct/P131,http://www.wikidata.org/entity/Q932886
http://www.wikidata.org/entity/Q135428556,http://www.wikidata.org/prop/direct/P625,Point(29.0249882 40.9906845)
http://www.wikidata.org/entity/Q135428556,http://www.wikidata.org/prop/direct/P706,http://www.wikidata.org/entity/Q155583
http://www.wikidata.org/entity/Q135428556,http://www.wikidata.org/prop/direct/P11729,126937
http://www.wikidata.org/entity/Q135428557,http://www.wikidata.org/prop/direct/P17,http://www.wikidata.org/entity/Q43
http://www.wikidata.org/entity/Q135428557,http://www.wikidata.org/prop/direct/P31,http://www.wikidata.org/entity/Q1371047
http://www.wikidata.org/entity/Q135428557,http://www.wikidata.org/prop/direct/P131,http://www.wikidata.org/entity/Q732923
http://www.wikidata.org/entity/Q126485841,http://www.wikidata.org/prop/direct/P195,http://www.wikidata.org/entity/Q132817615
http://www.wikidata.org/entity/Q126485841,http://www.wikidata.org/prop/direct/P217,128
http://www.wikidata.org/entity/Q126485841,http://www.wikidata.org/prop/direct/P217,KHW019
http://www.wikidata.org/entity/Q126485841,http://www.wikidata.org/prop/direct/P373,Knockroe holy well
http://www.wikidata.org/entity/Q126485841,http://www.wikidata.org/prop/direct/P625,Point(-7.399405 52.431919)
http://www.wikidata.org/entity/Q126485841,http://www.wikidata.org/prop/direct/P625,Point(-7.3932147 52.4325557)
http://www.wikidata.org/entity/Q126485841,http://www.wikidata.org/prop/direct/P708,http://www.wikidata.org/entity/Q873607
http://www.wikidata.org/entity/Q126485841,http://www.wikidata.org/prop/direct/P1343,http://www.wikidata.org/entity/Q120966194
http://www.wikidata.org/entity/Q126485841,http://www.wikidata.org/prop/direct/P1343,http://www.wikidata.org/entity/Q126875543
http://www.wikidata.org/entity/Q126485841,http://www.wikidata.org/prop/direct/P1343,http://www.wikidata.org/entity/Q132817615
http://www.wikidata.org/entity/Q126485841,http://www.wikidata.org/prop/direct/P4057,KK034-019002-
http://www.wikidata.org/entity/Q126485854,http://www.wikidata.org/prop/direct/P17,http://www.wikidata.org/entity/Q27
http://www.wikidata.org/entity/Q126485854,http://www.wikidata.org/prop/direct/P31,http://www.wikidata.org/entity/Q1371047
http://www.wikidata.org/entity/Q126485854,http://www.wikidata.org/prop/direct/P31,http://www.wikidata.org/entity/Q126443332
http://www.wikidata.org/entity/Q126485854,http://www.wikidata.org/prop/direct/P131,http://www.wikidata.org/entity/Q180231
http://www.wikidata.org/entity/Q126485854,http://www.wikidata.org/prop/direct/P131,http://www.wikidata.org/entity/Q60557176
http://www.wikidata.org/entity/Q126485854,http://www.wikidata.org/prop/direct/P138,http://www.wikidata.org/entity/Q80979
http://www.wikidata.org/entity/Q126485854,http://www.wikidata.org/prop/direct/P195,http://www.wikidata.org/entity/Q126875543
http://www.wikidata.org/entity/Q126485854,http://www.wikidata.org/prop/direct/P195,http://www.wikidata.org/entity/Q132817615
http://www.wikidata.org/entity/Q126485854,http://www.wikidata.org/prop/direct/P217,132
http://www.wikidata.org/entity/Q126485854,http://www.wikidata.org/prop/direct/P217,KHW018
http://www.wikidata.org/entity/Q126485854,http://www.wikidata.org/prop/direct/P625,Point(-7.366059 52.446827)
http://www.wikidata.org/entity/Q126485854,http://www.wikidata.org/prop/direct/P708,http://www.wikidata.org/entity/Q873607
http://www.wikidata.org/entity/Q126485854,http://www.wikidata.org/prop/direct/P973,https://ogham.celt.dias.ie/36._Lamoge_I
http://www.wikidata.org/entity/Q126485854,http://www.wikidata.org/prop/direct/P1343,http://www.wikidata.org/entity/Q120966194
http://www.wikidata.org/entity/Q126485854,http://www.wikidata.org/prop/direct/P1343,http://www.wikidata.org/entity/Q126456421
http://www.wikidata.org/entity/Q126485854,http://www.wikidata.org/prop/direct/P1343,http://www.wikidata.org/entity/Q126875543
http://www.wikidata.org/entity/Q126485854,http://www.wikidata.org/prop/direct/P1343,http://www.wikidata.org/entity/Q130245242
http://www.wikidata.org/entity/Q126485854,http://www.wikidata.org/prop/direct/P1343,http://www.wikidata.org/entity/Q130308814
http://www.wikidata.org/entity/Q126485854,http://www.wikidata.org/prop/direct/P1343,http://www.wikidata.org/entity/Q132817615
http://www.wikidata.org/entity/Q126485854,http://www.wikidata.org/prop/direct/P4057,KK034-013005-
http://www.wikidata.org/entity/Q126485854,http://www.wikidata.org/prop/direct/P11693,12017113763
http://www.wikidata.org/entity/Q126485868,http://www.wikidata.org/prop/direct/P17,http://www.wikidata.org/entity/Q27
http://www.wikidata.org/entity/Q126485868,http://www.wikidata.org/prop/direct/P31,http://www.wikidata.org/entity/Q1371047
http://www.wikidata.org/entity/Q126485868,http://www.wikidata.org/prop/direct/P31,http://www.wikidata.org/entity/Q126443332
http://www.wikidata.org/entity/Q126485868,http://www.wikidata.org/prop/direct/P131,http://www.wikidata.org/entity/Q180231
http://www.wikidata.org/entity/Q126485868,http://www.wikidata.org/prop/direct/P131,http://www.wikidata.org/entity/Q60557178
http://www.wikidata.org/entity/Q126485868,http://www.wikidata.org/prop/direct/P131,http://www.wikidata.org/entity/Q104264950
http://www.wikidata.org/entity/Q26498691,http://www.wikidata.org/prop/direct/P1216,1203136
http://www.wikidata.org/entity/Q26498691,http://www.wikidata.org/prop/direct/P1435,http://www.wikidata.org/entity/Q15700834
http://www.wikidata.org/entity/Q26498691,http://www.wikidata.org/prop/direct/P7959,http://www.wikidata.org/entity/Q23148
http://www.wikidata.org/entity/Q26498691,http://www.wikidata.org/prop/direct/P12485,101203136
http://www.wikidata.org/entity/Q26513403,http://www.wikidata.org/prop/direct/P17,http://www.wikidata.org/entity/Q145
http://www.wikidata.org/entity/Q26513403,http://www.wikidata.org/prop/direct/P31,http://www.wikidata.org/entity/Q1371047
http://www.wikidata.org/entity/Q26513403,http://www.wikidata.org/prop/direct/P131,http://www.wikidata.org/entity/Q7375700
http://www.wikidata.org/entity/Q26513403,http://www.wikidata.org/prop/direct/P613,SW8937342096
http://www.wikidata.org/entity/Q26513403,http://www.wikidata.org/prop/direct/P625,Point(-4.955165 50.240787)
http://www.wikidata.org/entity/Q26513403,http://www.wikidata.org/prop/direct/P1216,1218799
http://www.wikidata.org/entity/Q26513403,http://www.wikidata.org/prop/direct/P1435,http://www.wikidata.org/entity/Q15700834
http://www.wikidata.org/entity/Q26513403,http://www.wikidata.org/prop/direct/P7959,http://www.wikidata.org/entity/Q23148
http://www.wikidata.org/entity/Q26513403,http://www.wikidata.org/prop/direct/P12485,101218799
http://www.wikidata.org/entity/Q26544028,http://www.wikidata.org/prop/direct/P17,http://www.wikidata.org/entity/Q145
http://www.wikidata.org/entity/Q26544028,http://www.wikidata.org/prop/direct/P31,http://www.wikidata.org/entity/Q1371047
http://www.wikidata.org/entity/Q26544028,http://www.wikidata.org/prop/direct/P131,http://www.wikidata.org/entity/Q955886
http://www.wikidata.org/entity/Q26544028,http://www.wikidata.org/prop/direct/P613,SX1491397122
http://www.wikidata.org/entity/Q26544028,http://www.wikidata.org/prop/direct/P625,Point(-4.624785 50.744134)
http://www.wikidata.org/entity/Q26544028,http://www.wikidata.org/prop/direct/P1216,1252126
http://www.wikidata.org/entity/Q26544028,http://www.wikidata.org/prop/direct/P1435,http://www.wikidata.org/entity/Q15700834
http://www.wikidata.org/entity/Q26544028,http://www.wikidata.org/prop/direct/P7959,http://www.wikidata.org/entity/Q23148
http://www.wikidata.org/entity/Q26544028,http://www.wikidata.org/prop/direct/P12485,101252126
http://www.wikidata.org/entity/Q26554781,http://www.wikidata.org/prop/direct/P17,http://www.wikidata.org/entity/Q145
http://www.wikidata.org/entity/Q26554781,http://www.wikidata.org/prop/direct/P31,http://www.wikidata.org/entity/Q1371047
http://www.wikidata.org/entity/Q26554781,http://www.wikidata.org/prop/direct/P131,http://www.wikidata.org/entity/Q2090956
http://www.wikidata.org/entity/Q26554781,http://www.wikidata.org/prop/direct/P613,ST2821037788
http://www.wikidata.org/entity/Q26554781,http://www.wikidata.org/prop/direct/P625,Point(-3.02743 51.134849)
http://www.wikidata.org/entity/Q26554781,http://www.wikidata.org/prop/direct/P1216,1264039
http://www.wikidata.org/entity/Q26554781,http://www.wikidata.org/prop/direct/P1435,http://www.wikidata.org/entity/Q15700834
http://www.wikidata.org/entity/Q26554781,http://www.wikidata.org/prop/direct/P7938,http://www.wikidata.org/entity/Q126877547
http://www.wikidata.org/entity/Q26554781,http://www.wikidata.org/prop/direct/P7959,http://www.wikidata.org/entity/Q67461071
http://www.wikidata.org/entity/Q26554781,http://www.wikidata.org/prop/direct/P12485,101264039
http://www.wikidata.org/entity/Q26566134,http://www.wikidata.org/prop/direct/P17,http://www.wikidata.org/entity/Q145
http://www.wikidata.org/entity/Q26566134,http://www.wikidata.org/prop/direct/P18,http://commons.wikimedia.org/wiki/Special:FilePath/Holy%20well%20near%20Wolsingham%2C%20Co.%20Durham.jpg
http://www.wikidata.org/entity/Q26566134,http://www.wikidata.org/prop/direct/P31,http://www.wikidata.org/entity/Q1371047
http://www.wikidata.org/entity/Q26566134,http://www.wikidata.org/prop/direct/P131,http://www.wikidata.org/entity/Q1613466
http://www.wikidata.org/entity/Q135428542,http://www.wikidata.org/prop/direct/P17,http://www.wikidata.org/entity/Q43
http://www.wikidata.org/entity/Q135428542,http://www.wikidata.org/prop/direct/P31,http://www.wikidata.org/entity/Q1371047
http://www.wikidata.org/entity/Q135428542,http://www.wikidata.org/prop/direct/P131,http://www.wikidata.org/entity/Q732923
http://www.wikidata.org/entity/Q135428542,http://www.wikidata.org/prop/direct/P625,Point(28.9798698 41.0046463)
http://www.wikidata.org/entity/Q135428542,http://www.wikidata.org/prop/direct/P706,http://www.wikidata.org/entity/Q155583
http://www.wikidata.org/entity/Q135428542,http://www.wikidata.org/prop/direct/P11729,196277
http://www.wikidata.org/entity/Q135428543,http://www.wikidata.org/prop/direct/P17,http://www.wikidata.org/entity/Q43
http://www.wikidata.org/entity/Q135428543,http://www.wikidata.org/prop/direct/P31,http://www.wikidata.org/entity/Q1371047
http://www.wikidata.org/entity/Q135428543,http://www.wikidata.org/prop/direct/P131,http://www.wikidata.org/entity/Q1020668
http://www.wikidata.org/entity/Q135428543,http://www.wikidata.org/prop/direct/P625,Point(29.068645472 40.881075616)
http://www.wikidata.org/entity/Q135428543,http://www.wikidata.org/prop/direct/P706,http://www.wikidata.org/entity/Q155583
http://www.wikidata.org/entity/Q135428543,http://www.wikidata.org/prop/direct/P11729,195082
http://www.wikidata.org/entity/Q135428544,http://www.wikidata.org/prop/direct/P17,http://www.wikidata.org/entity/Q43
http://www.wikidata.org/entity/Q135428544,http://www.wikidata.org/prop/direct/P31,http://www.wikidata.org/entity/Q1371047
http://www.wikidata.org/entity/Q135428544,http://www.wikidata.org/prop/direct/P131,http://www.wikidata.org/entity/Q197095
http://www.wikidata.org/entity/Q135428544,http://www.wikidata.org/prop/direct/P625,Point(28.9157257 41.0066566)
http://www.wikidata.org/entity/Q135428544,http://www.wikidata.org/prop/direct/P706,http://www.wikidata.org/entity/Q155583
http://www.wikidata.org/entity/Q135428544,http://www.wikidata.org/prop/direct/P11729,189769
http://www.wikidata.org/entity/Q135428545,http://www.wikidata.org/prop/direct/P17,http://www.wikidata.org/entity/Q43
http://www.wikidata.org/entity/Q135428545,http://www.wikidata.org/prop/direct/P31,http://www.wikidata.org/entity/Q1371047
http://www.wikidata.org/entity/Q135428545,http://www.wikidata.org/prop/direct/P131,http://www.wikidata.org/entity/Q732923
http://www.wikidata.org/entity/Q135428545,http://www.wikidata.org/prop/direct/P625,Point(28.9220886 41.0000496)
http://www.wikidata.org/entity/Q135428545,http://www.wikidata.org/prop/direct/P706,http://www.wikidata.org/entity/Q155583
http://www.wikidata.org/entity/Q135428545,http://www.wikidata.org/prop/direct/P11729,189069
http://www.wikidata.org/entity/Q135428546,http://www.wikidata.org/prop/direct/P17,http://www.wikidata.org/entity/Q43
http://www.wikidata.org/entity/Q135428546,http://www.wikidata.org/prop/direct/P31,http://www.wikidata.org/entity/Q1371047
http://www.wikidata.org/entity/Q135428546,http://www.wikidata.org/prop/direct/P131,http://www.wikidata.org/entity/Q857107
http://www.wikidata.org/entity/Q135428546,http://www.wikidata.org/prop/direct/P625,Point(29.0619431 41.1174126)
http://www.wikidata.org/entity/Q135428546,http://www.wikidata.org/prop/direct/P706,http://www.wikidata.org/entity/Q155583
http://www.wikidata.org/entity/Q135428546,http://www.wikidata.org/prop/direct/P11729,188551
http://www.wikidata.org/entity/Q135428509,http://www.wikidata.org/prop/direct/P17,http://www.wikidata.org/entity/Q43
http://www.wikidata.org/entity/Q135428509,http://www.wikidata.org/prop/direct/P31,http://www.wikidata.org/entity/Q1371047
http://www.wikidata.org/entity/Q135428509,http://www.wikidata.org/prop/direct/P131,http://www.wikidata.org/entity/Q390637
http://www.wikidata.org/entity/Q135428509,http://www.wikidata.org/prop/direct/P625,Point(28.9773216 41.0446663)
http://www.wikidata.org/entity/Q135428509,http://www.wikidata.org/prop/direct/P706,http://www.wikidata.org/entity/Q155583
http://www.wikidata.org/entity/Q135428509,http://www.wikidata.org/prop/direct/P11729,258403
http://www.wikidata.org/entity/Q135428510,http://www.wikidata.org/prop/direct/P17,http://www.wikidata.org/entity/Q43
http://www.wikidata.org/entity/Q135428510,http://www.wikidata.org/prop/direct/P31,http://www.wikidata.org/entity/Q1371047
http://www.wikidata.org/entity/Q135428510,http://www.wikidata.org/prop/direct/P131,http://www.wikidata.org/entity/Q217411
http://www.wikidata.org/entity/Q135428510,http://www.wikidata.org/prop/direct/P625,Point(28.9749584 41.0455894)
http://www.wikidata.org/entity/Q135428510,http://www.wikidata.org/prop/direct/P706,http://www.wikidata.org/entity/Q155583
http://www.wikidata.org/entity/Q135428510,http://www.wikidata.org/prop/direct/P11729,258391
http://www.wikidata.org/entity/Q135428511,http://www.wikidata.org/prop/direct/P17,http://www.wikidata.org/entity/Q43
http://www.wikidata.org/entity/Q135428511,http://www.wikidata.org/prop/direct/P31,http://www.wikidata.org/entity/Q1371047
http://www.wikidata.org/entity/Q135428511,http://www.wikidata.org/prop/direct/P131,http://www.wikidata.org/entity/Q459495
http://www.wikidata.org/entity/Q135428511,http://www.wikidata.org/prop/direct/P625,Point(29.0394402 41.0667839)
http://www.wikidata.org/entity/Q135428511,http://www.wikidata.org/prop/direct/P706,http://www.wikidata.org/entity/Q155583
http://www.wikidata.org/entity/Q135428511,http://www.wikidata.org/prop/direct/P11729,258380
http://www.wikidata.org/entity/Q135428512,http://www.wikidata.org/prop/direct/P17,http://www.wikidata.org/entity/Q43
http://www.wikidata.org/entity/Q135428512,http://www.wikidata.org/prop/direct/P31,http://www.wikidata.org/entity/Q1371047
http://www.wikidata.org/entity/Q135428512,http://www.wikidata.org/prop/direct/P131,http://www.wikidata.org/entity/Q459495
http://www.wikidata.org/entity/Q135428512,http://www.wikidata.org/prop/direct/P625,Point(29.0409603 41.0777817)
http://www.wikidata.org/entity/Q135428512,http://www.wikidata.org/prop/direct/P706,http://www.wikidata.org/entity/Q155583
http://www.wikidata.org/entity/Q135428512,http://www.wikidata.org/prop/direct/P11729,258298
http://www.wikidata.org/entity/Q135428513,http://www.wikidata.org/prop/direct/P17,http://www.wikidata.org/entity/Q43
http://www.wikidata.org/entity/Q135428513,http://www.wikidata.org/prop/direct/P31,http://www.wikidata.org/entity/Q1371047
http://www.wikidata.org/entity/Q135428513,http://www.wikidata.org/prop/direct/P131,http://www.wikidata.org/entity/Q857107
http://www.wikidata.org/entity/Q135428513,http://www.wikidata.org/prop/direct/P625,Point(29.0566998 41.1366997)
http://www.wikidata.org/entity/Q135428513,http://www.wikidata.org/prop/direct/P706,http://www.wikidata.org/entity/Q155583
http://www.wikidata.org/entity/Q135428513,http://www.wikidata.org/prop/direct/P11729,258287
http://www.wikidata.org/entity/Q135428514,http://www.wikidata.org/prop/direct/P17,http://www.wikidata.org/entity/Q43
http://www.wikidata.org/entity/Q135428514,http://www.wikidata.org/prop/direct/P31,http://www.wikidata.org/entity/Q1371047
http://www.wikidata.org/entity/Q135428514,http://www.wikidata.org/prop/direct/P131,http://www.wikidata.org/entity/Q794351
http://www.wikidata.org/entity/Q132538038,http://www.wikidata.org/prop/direct/P17,http://www.wikidata.org/entity/Q41
http://www.wikidata.org/entity/Q132538038,http://www.wikidata.org/prop/direct/P31,http://www.wikidata.org/entity/Q1371047
http://www.wikidata.org/entity/Q132538038,http://www.wikidata.org/prop/direct/P825,http://www.wikidata.org/entity/Q40730
http://www.wikidata.org/entity/Q132538038,http://www.wikidata.org/prop/direct/P1343,http://www.wikidata.org/entity/Q1138524
http://www.wikidata.org/entity/Q132538038,http://www.wikidata.org/prop/direct/P1343,http://www.wikidata.org/entity/Q3825645
http://www.wikidata.org/entity/Q132538038,http://www.wikidata.org/prop/direct/P9736,11066685
http://www.wikidata.org/entity/Q132818175,http://www.wikidata.org/prop/direct/P17,http://www.wikidata.org/entity/Q27
http://www.wikidata.org/entity/Q132818175,http://www.wikidata.org/prop/direct/P31,http://www.wikidata.org/entity/Q1371047
http://www.wikidata.org/entity/Q132818175,http://www.wikidata.org/prop/direct/P131,http://www.wikidata.org/entity/Q180231
http://www.wikidata.org/entity/Q132818175,http://www.wikidata.org/prop/direct/P131,http://www.wikidata.org/entity/Q60553891
http://www.wikidata.org/entity/Q132818175,http://www.wikidata.org/prop/direct/P131,http://www.wikidata.org/entity/Q104264748
http://www.wikidata.org/entity/Q132818175,http://www.wikidata.org/prop/direct/P131,http://www.wikidata.org/entity/Q104264817
http://www.wikidata.org/entity/Q132818175,http://www.wikidata.org/prop/direct/P131,http://www.wikidata.org/entity/Q104264838
http://www.wikidata.org/entity/Q132818175,http://www.wikidata.org/prop/direct/P138,http://www.wikidata.org/entity/Q16970
http://www.wikidata.org/entity/Q132818175,http://www.wikidata.org/prop/direct/P195,http://www.wikidata.org/entity/Q126875543
http://www.wikidata.org/entity/Q132818175,http://www.wikidata.org/prop/direct/P195,http://www.wikidata.org/entity/Q132817615
http://www.wikidata.org/entity/Q132818175,http://www.wikidata.org/prop/direct/P217,54
http://www.wikidata.org/entity/Q132818175,http://www.wikidata.org/prop/direct/P217,KHW136
http://www.wikidata.org/entity/Q132818175,http://www.wikidata.org/prop/direct/P625,Point(-7.3870826 52.5057228)
http://www.wikidata.org/entity/Q132818175,http://www.wikidata.org/prop/direct/P708,http://www.wikidata.org/entity/Q873607
http://www.wikidata.org/entity/Q132818175,http://www.wikidata.org/prop/direct/P1343,http://www.wikidata.org/entity/Q126374601
http://www.wikidata.org/entity/Q132818175,http://www.wikidata.org/prop/direct/P1343,http://www.wikidata.org/entity/Q126875543
http://www.wikidata.org/entity/Q132818175,http://www.wikidata.org/prop/direct/P1343,http://www.wikidata.org/entity/Q129907246
http://www.wikidata.org/entity/Q132818175,http://www.wikidata.org/prop/direct/P1343,http://www.wikidata.org/entity/Q132817615
http://www.wikidata.org/entity/Q132818175,http://www.wikidata.org/prop/direct/P4057,KK026-036002-
http://www.wikidata.org/entity/Q132819215,http://www.wikidata.org/prop/direct/P17,http://www.wikidata.org/entity/Q27
http://www.wikidata.org/entity/Q132819215,http://www.wikidata.org/prop/direct/P31,http://www.wikidata.org/entity/Q1371047
http://www.wikidata.org/entity/Q132819215,http://www.wikidata.org/prop/direct/P31,http://www.wikidata.org/entity/Q126443332
http://www.wikidata.org/entity/Q132819215,http://www.wikidata.org/prop/direct/P131,http://www.wikidata.org/entity/Q180231
http://www.wikidata.org/entity/Q132819215,http://www.wikidata.org/prop/direct/P131,http://www.wikidata.org/entity/Q59719937
http://www.wikidata.org/entity/Q132819215,http://www.wikidata.org/prop/direct/P138,http://www.wikidata.org/entity/Q2280421
http://www.wikidata.org/entity/Q132819215,http://www.wikidata.org/prop/direct/P195,http://www.wikidata.org/entity/Q126875543
http://www.wikidata.org/entity/Q132819215,http://www.wikidata.org/prop/direct/P195,http://www.wikidata.org/entity/Q132817615
http://www.wikidata.org/entity/Q132819215,http://www.wikidata.org/prop/direct/P217,38
http://www.wikidata.org/entity/Q132819215,http://www.wikidata.org/prop/direct/P217,KHW137
http://www.wikidata.org/entity/Q132819215,http://www.wikidata.org/prop/direct/P708,http://www.wikidata.org/entity/Q873607
http://www.wikidata.org/entity/Q126478549,http://www.wikidata.org/prop/direct/P1343,http://www.wikidata.org/entity/Q126374601
http://www.wikidata.org/entity/Q126478549,http://www.wikidata.org/prop/direct/P1343,http://www.wikidata.org/entity/Q126393245
http://www.wikidata.org/entity/Q126478549,http://www.wikidata.org/prop/direct/P1343,http://www.wikidata.org/entity/Q126456421
http://www.wikidata.org/entity/Q126478549,http://www.wikidata.org/prop/direct/P1343,http://www.wikidata.org/entity/Q126528008
http://www.wikidata.org/entity/Q126478549,http://www.wikidata.org/prop/direct/P1343,http://www.wikidata.org/entity/Q126540348
http://www.wikidata.org/entity/Q126478549,http://www.wikidata.org/prop/direct/P1343,http://www.wikidata.org/entity/Q126555558
http://www.wikidata.org/entity/Q126478549,http://www.wikidata.org/prop/direct/P1343,http://www.wikidata.org/entity/Q126875543
http://www.wikidata.org/entity/Q126478549,http://www.wikidata.org/prop/direct/P1343,http://www.wikidata.org/entity/Q130284129
http://www.wikidata.org/entity/Q126478549,http://www.wikidata.org/prop/direct/P1343,http://www.wikidata.org/entity/Q130308814
http://www.wikidata.org/entity/Q126478549,http://www.wikidata.org/prop/direct/P1343,http://www.wikidata.org/entity/Q132817615
http://www.wikidata.org/entity/Q126478549,http://www.wikidata.org/prop/direct/P4057,KK034-024----
http://www.wikidata.org/entity/Q126478564,http://www.wikidata.org/prop/direct/P17,http://www.wikidata.org/entity/Q27
http://www.wikidata.org/entity/Q126478564,http://www.wikidata.org/prop/direct/P18,http://commons.wikimedia.org/wiki/Special:FilePath/Location%20of%20Tobernaraha.jpg
http://www.wikidata.org/entity/Q126478564,http://www.wikidata.org/prop/direct/P31,http://www.wikidata.org/entity/Q1371047
http://www.wikidata.org/entity/Q126478564,http://www.wikidata.org/prop/direct/P31,http://www.wikidata.org/entity/Q126443332
http://www.wikidata.org/entity/Q126478564,http://www.wikidata.org/prop/direct/P131,http://www.wikidata.org/entity/Q180231
http://www.wikidata.org/entity/Q126478564,http://www.wikidata.org/prop/direct/P131,http://www.wikidata.org/entity/Q60557176
http://www.wikidata.org/entity/Q126478564,http://www.wikidata.org/prop/direct/P131,http://www.wikidata.org/entity/Q104264753
http://www.wikidata.org/entity/Q126478564,http://www.wikidata.org/prop/direct/P138,http://www.wikidata.org/entity/Q92383
http://www.wikidata.org/entity/Q126478564,http://www.wikidata.org/prop/direct/P195,http://www.wikidata.org/entity/Q126875543
http://www.wikidata.org/entity/Q126478564,http://www.wikidata.org/prop/direct/P195,http://www.wikidata.org/entity/Q132817615
http://www.wikidata.org/entity/Q126478564,http://www.wikidata.org/prop/direct/P217,129
http://www.wikidata.org/entity/Q126478564,http://www.wikidata.org/prop/direct/P217,KHW013
http://www.wikidata.org/entity/Q126478564,http://www.wikidata.org/prop/direct/P373,Tobernaraha
http://www.wikidata.org/entity/Q126478564,http://www.wikidata.org/prop/direct/P625,Point(-7.4011848 52.4338757)
http://www.wikidata.org/entity/Q126478564,http://www.wikidata.org/prop/direct/P708,http://www.wikidata.org/entity/Q873607
http://www.wikidata.org/entity/Q126478564,http://www.wikidata.org/prop/direct/P1343,http://www.wikidata.org/entity/Q120966194
http://www.wikidata.org/entity/Q126478564,http://www.wikidata.org/prop/direct/P1343,http://www.wikidata.org/entity/Q126374601
http://www.wikidata.org/entity/Q126478564,http://www.wikidata.org/prop/direct/P1343,http://www.wikidata.org/entity/Q126456421
http://www.wikidata.org/entity/Q126478564,http://www.wikidata.org/prop/direct/P1343,http://www.wikidata.org/entity/Q126528008
http://www.wikidata.org/entity/Q126478564,http://www.wikidata.org/prop/direct/P1343,http://www.wikidata.org/entity/Q126875543
http://www.wikidata.org/entity/Q126478564,http://www.wikidata.org/prop/direct/P1343,http://www.wikidata.org/entity/Q130284129
http://www.wikidata.org/entity/Q126478564,http://www.wikidata.org/prop/direct/P1343,http://www.wikidata.org/entity/Q132817615
http://www.wikidata.org/entity/Q126478564,http://www.wikidata.org/prop/direct/P4057,KK034-011----
http://www.wikidata.org/entity/Q126478564,http://www.wikidata.org/prop/direct/P11693,8522363812
http://www.wikidata.org/entity/Q126485841,http://www.wikidata.org/prop/direct/P17,http://www.wikidata.org/entity/Q27
http://www.wikidata.org/entity/Q126485841,http://www.wikidata.org/prop/direct/P31,http://www.wikidata.org/entity/Q1371047
http://www.wikidata.org/entity/Q126485841,http://www.wikidata.org/prop/direct/P31,http://www.wikidata.org/entity/Q126443332
http://www.wikidata.org/entity/Q126485841,http://www.wikidata.org/prop/direct/P131,http://www.wikidata.org/entity/Q180231
http://www.wikidata.org/entity/Q126485841,http://www.wikidata.org/prop/direct/P131,http://www.wikidata.org/entity/Q60557176
http://www.wikidata.org/entity/Q126485841,http://www.wikidata.org/prop/direct/P131,http://www.wikidata.org/entity/Q104264753
http://www.wikidata.org/entity/Q126485841,http://www.wikidata.org/prop/direct/P195,http://www.wikidata.org/entity/Q126875543
http://www.wikidata.org/entity/Q130252086,http://www.wikidata.org/prop/direct/P17,http://www.wikidata.org/entity/Q27
http://www.wikidata.org/entity/Q130252086,http://www.wikidata.org/prop/direct/P18,http://commons.wikimedia.org/wiki/Special:FilePath/Saint%20Moling%27s%20Well%20at%20St.%20Mullin%27s.jpg
http://www.wikidata.org/entity/Q130252086,http://www.wikidata.org/prop/direct/P31,http://www.wikidata.org/entity/Q1371047
http://www.wikidata.org/entity/Q130252086,http://www.wikidata.org/prop/direct/P131,http://www.wikidata.org/entity/Q181882
http://www.wikidata.org/entity/Q130252086,http://www.wikidata.org/prop/direct/P373,"St. Moling's Well, Co. Carlow"
http://www.wikidata.org/entity/Q130252086,http://www.wikidata.org/prop/direct/P625,Point(-6.927455 52.490063)
http://www.wikidata.org/entity/Q130252086,http://www.wikidata.org/prop/direct/P841,http://www.wikidata.org/entity/Q2672
http://www.wikidata.org/entity/Q130252086,http://www.wikidata.org/prop/direct/P841,http://www.wikidata.org/entity/Q2720
http://www.wikidata.org/entity/Q130252086,http://www.wikidata.org/prop/direct/P1343,http://www.wikidata.org/entity/Q6407043
http://www.wikidata.org/entity/Q130252086,http://www.wikidata.org/prop/direct/P1343,http://www.wikidata.org/entity/Q110792943
http://www.wikidata.org/entity/Q130252086,http://www.wikidata.org/prop/direct/P1343,http://www.wikidata.org/entity/Q120966194
http://www.wikidata.org/entity/Q130252086,http://www.wikidata.org/prop/direct/P1343,http://www.wikidata.org/entity/Q130265580
http://www.wikidata.org/entity/Q130252086,http://www.wikidata.org/prop/direct/P1343,http://www.wikidata.org/entity/Q130352573
http://www.wikidata.org/entity/Q130252086,http://www.wikidata.org/prop/direct/P1343,http://www.wikidata.org/entity/Q130372550
http://www.wikidata.org/entity/Q130252086,http://www.wikidata.org/prop/direct/P1343,http://www.wikidata.org/entity/Q130479296
http://www.wikidata.org/entity/Q130252086,http://www.wikidata.org/prop/direct/P1343,http://www.wikidata.org/entity/Q133520241
http://www.wikidata.org/entity/Q130252086,http://www.wikidata.org/prop/direct/P4057,CW026-011011-
http://www.wikidata.org/entity/Q130266414,http://www.wikidata.org/prop/direct/P17,http://www.wikidata.org/entity/Q27
http://www.wikidata.org/entity/Q130266414,http://www.wikidata.org/prop/direct/P31,http://www.wikidata.org/entity/Q1371047
http://www.wikidata.org/entity/Q130266414,http://www.wikidata.org/prop/direct/P31,http://www.wikidata.org/entity/Q126443332
http://www.wikidata.org/entity/Q130266414,http://www.wikidata.org/prop/direct/P131,http://www.wikidata.org/entity/Q55299
http://www.wikidata.org/entity/Q130266414,http://www.wikidata.org/prop/direct/P625,Point(-7.419903 53.011028)
http://www.wikidata.org/entity/Q130266414,http://www.wikidata.org/prop/direct/P1343,http://www.wikidata.org/entity/Q120966194
http://www.wikidata.org/entity/Q130266414,http://www.wikidata.org/prop/direct/P1343,http://www.wikidata.org/entity/Q130266394
http://www.wikidata.org/entity/Q130266414,http://www.wikidata.org/prop/direct/P4057,LA017-003003-
http://www.wikidata.org/entity/Q130266495,http://www.wikidata.org/prop/direct/P17,http://www.wikidata.org/entity/Q27
http://www.wikidata.org/entity/Q130266495,http://www.wikidata.org/prop/direct/P18,http://commons.wikimedia.org/wiki/Special:FilePath/Clonenagh%20St.%20Fintan%27s%20Tree%202010%2009%2003.jpg
http://www.wikidata.org/entity/Q130266495,http://www.wikidata.org/prop/direct/P31,http://www.wikidata.org/entity/Q1371047
http://www.wikidata.org/entity/Q130266495,http://www.wikidata.org/prop/direct/P31,http://www.wikidata.org/entity/Q12373247
http://www.wikidata.org/entity/Q130266495,http://www.wikidata.org/prop/direct/P131,http://www.wikidata.org/entity/Q55299
http://www.wikidata.org/entity/Q130266495,http://www.wikidata.org/prop/direct/P373,"St. Fintan's Tree, Clonenagh"
http://www.wikidata.org/entity/Q130266495,http://www.wikidata.org/prop/direct/P427,http://www.wikidata.org/entity/Q42292
http://www.wikidata.org/entity/Q130266495,http://www.wikidata.org/prop/direct/P625,Point(-7.419917 53.011118)
http://www.wikidata.org/entity/Q130266495,http://www.wikidata.org/prop/direct/P1343,http://www.wikidata.org/entity/Q120966194
http://www.wikidata.org/entity/Q130266495,http://www.wikidata.org/prop/direct/P1343,http://www.wikidata.org/entity/Q130266394
http://www.wikidata.org/entity/Q130266495,http://www.wikidata.org/prop/direct/P2186,IE-LS-0166
http://www.wikidata.org/entity/Q130266495,http://www.wikidata.org/prop/direct/P4057,LA017-003004-
http://www.wikidata.org/entity/Q126486052,http://www.wikidata.org/prop/direct/P625,Point(-7.2739122 52.3212394)
http://www.wikidata.org/entity/Q126486052,http://www.wikidata.org/prop/direct/P708,http://www.wikidata.org/entity/Q873607
http://www.wikidata.org/entity/Q126486052,http://www.wikidata.org/prop/direct/P841,http://www.wikidata.org/entity/Q51638
http://www.wikidata.org/entity/Q126486052,http://www.wikidata.org/prop/direct/P1343,http://www.wikidata.org/entity/Q126393245
http://www.wikidata.org/entity/Q126486052,http://www.wikidata.org/prop/direct/P1343,http://www.wikidata.org/entity/Q126456421
http://www.wikidata.org/entity/Q126486052,http://www.wikidata.org/prop/direct/P1343,http://www.wikidata.org/entity/Q126875543
http://www.wikidata.org/entity/Q126486052,http://www.wikidata.org/prop/direct/P1343,http://www.wikidata.org/entity/Q129088050
http://www.wikidata.org/entity/Q126486052,http://www.wikidata.org/prop/direct/P1343,http://www.wikidata.org/entity/Q129176807
http://www.wikidata.org/entity/Q126486052,http://www.wikidata.org/prop/direct/P1343,http://www.wikidata.org/entity/Q130284129
http://www.wikidata.org/entity/Q126486052,http://www.wikidata.org/prop/direct/P1343,http://www.wikidata.org/entity/Q130308814
http://www.wikidata.org/entity/Q126486052,http://www.wikidata.org/prop/direct/P1343,http://www.wikidata.org/entity/Q132817615
http://www.wikidata.org/entity/Q126486052,http://www.wikidata.org/prop/direct/P11693,8538760789
http://www.wikidata.org/entity/Q126486113,http://www.wikidata.org/prop/direct/P10,http://commons.wikimedia.org/wiki/Special:FilePath/Tobernaskeagh%20stream.webm
http://www.wikidata.org/entity/Q126486113,http://www.wikidata.org/prop/direct/P17,http://www.wikidata.org/entity/Q27
http://www.wikidata.org/entity/Q126486113,http://www.wikidata.org/prop/direct/P31,http://www.wikidata.org/entity/Q43483
http://www.wikidata.org/entity/Q126486113,http://www.wikidata.org/prop/direct/P31,http://www.wikidata.org/entity/Q1371047
http://www.wikidata.org/entity/Q126486113,http://www.wikidata.org/prop/direct/P31,http://www.wikidata.org/entity/Q126443332
http://www.wikidata.org/entity/Q126486113,http://www.wikidata.org/prop/direct/P131,http://www.wikidata.org/entity/Q180231
http://www.wikidata.org/entity/Q126486113,http://www.wikidata.org/prop/direct/P131,http://www.wikidata.org/entity/Q60553663
http://www.wikidata.org/entity/Q126486113,http://www.wikidata.org/prop/direct/P131,http://www.wikidata.org/entity/Q104264708
http://www.wikidata.org/entity/Q126486113,http://www.wikidata.org/prop/direct/P131,http://www.wikidata.org/entity/Q104264715
http://www.wikidata.org/entity/Q126486113,http://www.wikidata.org/prop/direct/P138,http://www.wikidata.org/entity/Q10884
http://www.wikidata.org/entity/Q126486113,http://www.wikidata.org/prop/direct/P138,http://www.wikidata.org/entity/Q161511
http://www.wikidata.org/entity/Q126486113,http://www.wikidata.org/prop/direct/P195,http://www.wikidata.org/entity/Q126875543
http://www.wikidata.org/entity/Q126486113,http://www.wikidata.org/prop/direct/P217,20
http://www.wikidata.org/entity/Q126486113,http://www.wikidata.org/prop/direct/P373,"Tobernaskeagh, Baunta Commons"
http://www.wikidata.org/entity/Q126486113,http://www.wikidata.org/prop/direct/P403,http://www.wikidata.org/entity/Q126690925
http://www.wikidata.org/entity/Q126486113,http://www.wikidata.org/prop/direct/P625,Point(-7.402995 52.527483)
http://www.wikidata.org/entity/Q126486113,http://www.wikidata.org/prop/direct/P625,Point(-7.402843 52.5274756)
http://www.wikidata.org/entity/Q126486113,http://www.wikidata.org/prop/direct/P708,http://www.wikidata.org/entity/Q873607
http://www.wikidata.org/entity/Q126486113,http://www.wikidata.org/prop/direct/P1343,http://www.wikidata.org/entity/Q120966194
http://www.wikidata.org/entity/Q126486113,http://www.wikidata.org/prop/direct/P1343,http://www.wikidata.org/entity/Q126393245
http://www.wikidata.org/entity/Q126486113,http://www.wikidata.org/prop/direct/P1343,http://www.wikidata.org/entity/Q126454465
http://www.wikidata.org/entity/Q126486113,http://www.wikidata.org/prop/direct/P1343,http://www.wikidata.org/entity/Q126528008
http://www.wikidata.org/entity/Q126486113,http://www.wikidata.org/prop/direct/P1343,http://www.wikidata.org/entity/Q126540348
http://www.wikidata.org/entity/Q126486113,http://www.wikidata.org/prop/direct/P1343,http://www.wikidata.org/entity/Q126555558
http://www.wikidata.org/entity/Q126486113,http://www.wikidata.org/prop/direct/P1343,http://www.wikidata.org/entity/Q126871352
http://www.wikidata.org/entity/Q126486113,http://www.wikidata.org/prop/direct/P1343,http://www.wikidata.org/entity/Q126875543
http://www.wikidata.org/entity/Q126486113,http://www.wikidata.org/prop/direct/P1343,http://www.wikidata.org/entity/Q129907246
http://www.wikidata.org/entity/Q126486113,http://www.wikidata.org/prop/direct/P1343,http://www.wikidata.org/entity/Q130284129
http://www.wikidata.org/entity/Q126486113,http://www.wikidata.org/prop/direct/P1343,http://www.wikidata.org/entity/Q130308814
http://www.wikidata.org/entity/Q126486113,http://www.wikidata.org/prop/direct/P4057,KK026-032----
http://www.wikidata.org/entity/Q126486113,http://www.wikidata.org/prop/direct/P11693,8522177388
http://www.wikidata.org/entity/Q135428536,http://www.wikidata.org/prop/direct/P625,Point(28.9512253 41.0409698)
http://www.wikidata.org/entity/Q135428536,http://www.wikidata.org/prop/direct/P706,http://www.wikidata.org/entity/Q155583
http://www.wikidata.org/entity/Q135428536,http://www.wikidata.org/prop/direct/P11729,206652
http://www.wikidata.org/entity/Q135428537,http://www.wikidata.org/prop/direct/P17,http://www.wikidata.org/entity/Q43
http://www.wikidata.org/entity/Q135428537,http://www.wikidata.org/prop/direct/P31,http://www.wikidata.org/entity/Q1371047
http://www.wikidata.org/entity/Q135428537,http://www.wikidata.org/prop/direct/P131,http://www.wikidata.org/entity/Q794351
http://www.wikidata.org/entity/Q135428537,http://www.wikidata.org/prop/direct/P625,Point(29.0794582 41.0790596)
http://www.wikidata.org/entity/Q135428537,http://www.wikidata.org/prop/direct/P706,http://www.wikidata.org/entity/Q155583
http://www.wikidata.org/entity/Q135428537,http://www.wikidata.org/prop/direct/P11729,204716
http://www.wikidata.org/entity/Q135428538,http://www.wikidata.org/prop/direct/P17,http://www.wikidata.org/entity/Q43
http://www.wikidata.org/entity/Q135428538,http://www.wikidata.org/prop/direct/P31,http://www.wikidata.org/entity/Q1371047
http://www.wikidata.org/entity/Q135428538,http://www.wikidata.org/prop/direct/P131,http://www.wikidata.org/entity/Q459495
http://www.wikidata.org/entity/Q135428538,http://www.wikidata.org/prop/direct/P625,Point(29.0435276 41.0680122)
http://www.wikidata.org/entity/Q135428538,http://www.wikidata.org/prop/direct/P706,http://www.wikidata.org/entity/Q155583
http://www.wikidata.org/entity/Q135428538,http://www.wikidata.org/prop/direct/P11729,204664
http://www.wikidata.org/entity/Q135428539,http://www.wikidata.org/prop/direct/P17,http://www.wikidata.org/entity/Q43
http://www.wikidata.org/entity/Q135428539,http://www.wikidata.org/prop/direct/P31,http://www.wikidata.org/entity/Q1371047
http://www.wikidata.org/entity/Q135428539,http://www.wikidata.org/prop/direct/P131,http://www.wikidata.org/entity/Q459495
http://www.wikidata.org/entity/Q135428539,http://www.wikidata.org/prop/direct/P625,Point(29.0407982 41.0703735)
http://www.wikidata.org/entity/Q135428539,http://www.wikidata.org/prop/direct/P706,http://www.wikidata.org/entity/Q155583
http://www.wikidata.org/entity/Q135428539,http://www.wikidata.org/prop/direct/P11729,204659
http://www.wikidata.org/entity/Q135428540,http://www.wikidata.org/prop/direct/P17,http://www.wikidata.org/entity/Q43
http://www.wikidata.org/entity/Q135428540,http://www.wikidata.org/prop/direct/P31,http://www.wikidata.org/entity/Q1371047
http://www.wikidata.org/entity/Q135428540,http://www.wikidata.org/prop/direct/P131,http://www.wikidata.org/entity/Q459495
http://www.wikidata.org/entity/Q135428540,http://www.wikidata.org/prop/direct/P625,Point(29.0356522 41.0680771)
http://www.wikidata.org/entity/Q135428540,http://www.wikidata.org/prop/direct/P706,http://www.wikidata.org/entity/Q155583
http://www.wikidata.org/entity/Q135428540,http://www.wikidata.org/prop/direct/P11729,204587
http://www.wikidata.org/entity/Q135428541,http://www.wikidata.org/prop/direct/P17,http://www.wikidata.org/entity/Q43
http://www.wikidata.org/entity/Q135428541,http://www.wikidata.org/prop/direct/P31,http://www.wikidata.org/entity/Q1371047
http://www.wikidata.org/entity/Q135428541,http://www.wikidata.org/prop/direct/P131,http://www.wikidata.org/entity/Q459495
http://www.wikidata.org/entity/Q135428541,http://www.wikidata.org/prop/direct/P625,Point(29.0355988 41.0781517)
http://www.wikidata.org/entity/Q135428541,http://www.wikidata.org/prop/direct/P706,http://www.wikidata.org/entity/Q155583
http://www.wikidata.org/entity/Q135428541,http://www.wikidata.org/prop/direct/P11729,204581
http://www.wikidata.org/entity/Q135428557,http://www.wikidata.org/prop/direct/P625,Point(28.9456825 41.0339165)
http://www.wikidata.org/entity/Q135428557,http://www.wikidata.org/prop/direct/P706,http://www.wikidata.org/entity/Q155583
http://www.wikidata.org/entity/Q135428557,http://www.wikidata.org/prop/direct/P11729,119879
http://www.wikidata.org/entity/Q135428558,http://www.wikidata.org/prop/direct/P17,http://www.wikidata.org/entity/Q43
http://www.wikidata.org/entity/Q135428558,http://www.wikidata.org/prop/direct/P31,http://www.wikidata.org/entity/Q1371047
http://www.wikidata.org/entity/Q135428558,http://www.wikidata.org/prop/direct/P131,http://www.wikidata.org/entity/Q197095
http://www.wikidata.org/entity/Q135428558,http://www.wikidata.org/prop/direct/P625,Point(28.9203014 41.0159874)
http://www.wikidata.org/entity/Q135428558,http://www.wikidata.org/prop/direct/P706,http://www.wikidata.org/entity/Q155583
http://www.wikidata.org/entity/Q135428558,http://www.wikidata.org/prop/direct/P11729,119871
http://www.wikidata.org/entity/Q135428559,http://www.wikidata.org/prop/direct/P17,http://www.wikidata.org/entity/Q43
http://www.wikidata.org/entity/Q135428559,http://www.wikidata.org/prop/direct/P31,http://www.wikidata.org/entity/Q1371047
http://www.wikidata.org/entity/Q135428559,http://www.wikidata.org/prop/direct/P131,http://www.wikidata.org/entity/Q932886
http://www.wikidata.org/entity/Q135428559,http://www.wikidata.org/prop/direct/P625,Point(29.0247555 40.979969)
http://www.wikidata.org/entity/Q135428559,http://www.wikidata.org/prop/direct/P706,http://www.wikidata.org/entity/Q155583
http://www.wikidata.org/entity/Q135428559,http://www.wikidata.org/prop/direct/P11729,74710
http://www.wikidata.org/entity/Q135428560,http://www.wikidata.org/prop/direct/P17,http://www.wikidata.org/entity/Q43
http://www.wikidata.org/entity/Q135428560,http://www.wikidata.org/prop/direct/P31,http://www.wikidata.org/entity/Q1371047
http://www.wikidata.org/entity/Q135428560,http://www.wikidata.org/prop/direct/P131,http://www.wikidata.org/entity/Q326339
http://www.wikidata.org/entity/Q135428560,http://www.wikidata.org/prop/direct/P625,Point(29.030682655 41.034596784)
http://www.wikidata.org/entity/Q135428560,http://www.wikidata.org/prop/direct/P706,http://www.wikidata.org/entity/Q155583
http://www.wikidata.org/entity/Q135428560,http://www.wikidata.org/prop/direct/P11729,68193
http://www.wikidata.org/entity/Q135428561,http://www.wikidata.org/prop/direct/P17,http://www.wikidata.org/entity/Q43
http://www.wikidata.org/entity/Q135428561,http://www.wikidata.org/prop/direct/P31,http://www.wikidata.org/entity/Q1371047
http://www.wikidata.org/entity/Q135428561,http://www.wikidata.org/prop/direct/P131,http://www.wikidata.org/entity/Q746516
http://www.wikidata.org/entity/Q135428561,http://www.wikidata.org/prop/direct/P625,Point(28.8244667 41.031208)
http://www.wikidata.org/entity/Q135428561,http://www.wikidata.org/prop/direct/P706,http://www.wikidata.org/entity/Q155583
http://www.wikidata.org/entity/Q135428561,http://www.wikidata.org/prop/direct/P11729,174892
http://www.wikidata.org/entity/Q135428562,http://www.wikidata.org/prop/direct/P17,http://www.wikidata.org/entity/Q43
http://www.wikidata.org/entity/Q135428562,http://www.wikidata.org/prop/direct/P31,http://www.wikidata.org/entity/Q1371047
http://www.wikidata.org/entity/Q135428562,http://www.wikidata.org/prop/direct/P131,http://www.wikidata.org/entity/Q241631
http://www.wikidata.org/entity/Q135428562,http://www.wikidata.org/prop/direct/P625,Point(29.6539154 41.1225281)
http://www.wikidata.org/entity/Q135428562,http://www.wikidata.org/prop/direct/P706,http://www.wikidata.org/entity/Q155583
http://www.wikidata.org/entity/Q135428562,http://www.wikidata.org/prop/direct/P11729,126300
http://www.wikidata.org/entity/Q126489560,http://www.wikidata.org/prop/direct/P17,http://www.wikidata.org/entity/Q27
http://www.wikidata.org/entity/Q126489560,http://www.wikidata.org/prop/direct/P18,http://commons.wikimedia.org/wiki/Special:FilePath/Carrigan%20Kieran%27s%20Well.png
http://www.wikidata.org/entity/Q126489560,http://www.wikidata.org/prop/direct/P31,http://www.wikidata.org/entity/Q1371047
http://www.wikidata.org/entity/Q126489560,http://www.wikidata.org/prop/direct/P31,http://www.wikidata.org/entity/Q126443332
http://www.wikidata.org/entity/Q126489560,http://www.wikidata.org/prop/direct/P131,http://www.wikidata.org/entity/Q180231
http://www.wikidata.org/entity/Q126489560,http://www.wikidata.org/prop/direct/P131,http://www.wikidata.org/entity/Q126689104
http://www.wikidata.org/entity/Q126489560,http://www.wikidata.org/prop/direct/P138,http://www.wikidata.org/entity/Q2280421
http://www.wikidata.org/entity/Q126489560,http://www.wikidata.org/prop/direct/P195,http://www.wikidata.org/entity/Q126875543
http://www.wikidata.org/entity/Q126489560,http://www.wikidata.org/prop/direct/P195,http://www.wikidata.org/entity/Q132817615
http://www.wikidata.org/entity/Q126489560,http://www.wikidata.org/prop/direct/P217,77
http://www.wikidata.org/entity/Q126489560,http://www.wikidata.org/prop/direct/P217,KHW113
http://www.wikidata.org/entity/Q126489560,http://www.wikidata.org/prop/direct/P373,"Saint Kieran's Well, Kilkenny"
http://www.wikidata.org/entity/Q126489560,http://www.wikidata.org/prop/direct/P625,Point(-7.2531512 52.6533144)
http://www.wikidata.org/entity/Q126489560,http://www.wikidata.org/prop/direct/P708,http://www.wikidata.org/entity/Q873607
http://www.wikidata.org/entity/Q126489560,http://www.wikidata.org/prop/direct/P973,https://kilkennyarchaeologicalsociety.ie/reputed-holy-wells-of-the-city-of-kilkenny/
http://www.wikidata.org/entity/Q126489560,http://www.wikidata.org/prop/direct/P1343,http://www.wikidata.org/entity/Q128034982
http://www.wikidata.org/entity/Q126489560,http://www.wikidata.org/prop/direct/P1343,http://www.wikidata.org/entity/Q130362725
http://www.wikidata.org/entity/Q126489560,http://www.wikidata.org/prop/direct/P6375,"Market Yard, St. Mary's"
http://www.wikidata.org/entity/Q126489560,http://www.wikidata.org/prop/direct/P11693,12059554024
http://www.wikidata.org/entity/Q126491081,http://www.wikidata.org/prop/direct/P17,http://www.wikidata.org/entity/Q27
http://www.wikidata.org/entity/Q126491081,http://www.wikidata.org/prop/direct/P31,http://www.wikidata.org/entity/Q124714
http://www.wikidata.org/entity/Q126491081,http://www.wikidata.org/prop/direct/P31,http://www.wikidata.org/entity/Q1371047
http://www.wikidata.org/entity/Q126491081,http://www.wikidata.org/prop/direct/P31,http://www.wikidata.org/entity/Q126443332
http://www.wikidata.org/entity/Q126491081,http://www.wikidata.org/prop/direct/P131,http://www.wikidata.org/entity/Q180231
http://www.wikidata.org/entity/Q126491081,http://www.wikidata.org/prop/direct/P131,http://www.wikidata.org/entity/Q30589034
http://www.wikidata.org/entity/Q126491081,http://www.wikidata.org/prop/direct/P131,http://www.wikidata.org/entity/Q104264292
http://www.wikidata.org/entity/Q126491081,http://www.wikidata.org/prop/direct/P138,http://www.wikidata.org/entity/Q107257053
http://www.wikidata.org/entity/Q126491081,http://www.wikidata.org/prop/direct/P625,Point(-7.4100819 52.5503076)
http://www.wikidata.org/entity/Q126491081,http://www.wikidata.org/prop/direct/P708,http://www.wikidata.org/entity/Q873607
http://www.wikidata.org/entity/Q126491081,http://www.wikidata.org/prop/direct/P1343,http://www.wikidata.org/entity/Q126374601
http://www.wikidata.org/entity/Q126491081,http://www.wikidata.org/prop/direct/P1343,http://www.wikidata.org/entity/Q126540348
http://www.wikidata.org/entity/Q129263926,http://www.wikidata.org/prop/direct/P373,"Saint Nicholas' Well, Newtown Jerpoint"
http://www.wikidata.org/entity/Q129263926,http://www.wikidata.org/prop/direct/P625,Point(-7.1637296 52.5134682)
http://www.wikidata.org/entity/Q129263926,http://www.wikidata.org/prop/direct/P708,http://www.wikidata.org/entity/Q873607
http://www.wikidata.org/entity/Q129263926,http://www.wikidata.org/prop/direct/P1325,https://sketchfab.com/3d-models/newtown-jerpoint-st-nicholas-well-62521654a1ec4c0ca7430ccbfb448869
http://www.wikidata.org/entity/Q129263926,http://www.wikidata.org/prop/direct/P1343,http://www.wikidata.org/entity/Q129263929
http://www.wikidata.org/entity/Q129263926,http://www.wikidata.org/prop/direct/P1343,http://www.wikidata.org/entity/Q130323783
http://www.wikidata.org/entity/Q129263926,http://www.wikidata.org/prop/direct/P1343,http://www.wikidata.org/entity/Q130323815
http://www.wikidata.org/entity/Q129263926,http://www.wikidata.org/prop/direct/P1343,http://www.wikidata.org/entity/Q132817615
http://www.wikidata.org/entity/Q129263926,http://www.wikidata.org/prop/direct/P1651,tv1vrJexSd4
http://www.wikidata.org/entity/Q129263926,http://www.wikidata.org/prop/direct/P2186,IE-KK-0345
http://www.wikidata.org/entity/Q129263926,http://www.wikidata.org/prop/direct/P11693,7673751375
http://www.wikidata.org/entity/Q129348459,http://www.wikidata.org/prop/direct/P17,http://www.wikidata.org/entity/Q27
http://www.wikidata.org/entity/Q129348459,http://www.wikidata.org/prop/direct/P31,http://www.wikidata.org/entity/Q1365924
http://www.wikidata.org/entity/Q129348459,http://www.wikidata.org/prop/direct/P31,http://www.wikidata.org/entity/Q1371047
http://www.wikidata.org/entity/Q129348459,http://www.wikidata.org/prop/direct/P31,http://www.wikidata.org/entity/Q3778145
http://www.wikidata.org/entity/Q129348459,http://www.wikidata.org/prop/direct/P31,http://www.wikidata.org/entity/Q126443332
http://www.wikidata.org/entity/Q129348459,http://www.wikidata.org/prop/direct/P131,http://www.wikidata.org/entity/Q180231
http://www.wikidata.org/entity/Q129348459,http://www.wikidata.org/prop/direct/P131,http://www.wikidata.org/entity/Q60555225
http://www.wikidata.org/entity/Q129348459,http://www.wikidata.org/prop/direct/P131,http://www.wikidata.org/entity/Q104265041
http://www.wikidata.org/entity/Q129348459,http://www.wikidata.org/prop/direct/P403,http://www.wikidata.org/entity/Q126486548
http://www.wikidata.org/entity/Q129348459,http://www.wikidata.org/prop/direct/P625,Point(-7.317274 52.486141)
http://www.wikidata.org/entity/Q129348459,http://www.wikidata.org/prop/direct/P708,http://www.wikidata.org/entity/Q873607
http://www.wikidata.org/entity/Q129348459,http://www.wikidata.org/prop/direct/P1343,http://www.wikidata.org/entity/Q25469578
http://www.wikidata.org/entity/Q129348459,http://www.wikidata.org/prop/direct/P1343,http://www.wikidata.org/entity/Q126528008
http://www.wikidata.org/entity/Q129348459,http://www.wikidata.org/prop/direct/P4057,KK031-010----
http://www.wikidata.org/entity/Q129348459,http://www.wikidata.org/prop/direct/P11693,12120843670
http://www.wikidata.org/entity/Q129906303,http://www.wikidata.org/prop/direct/P17,http://www.wikidata.org/entity/Q27
http://www.wikidata.org/entity/Q129906303,http://www.wikidata.org/prop/direct/P31,http://www.wikidata.org/entity/Q1371047
http://www.wikidata.org/entity/Q129906303,http://www.wikidata.org/prop/direct/P31,http://www.wikidata.org/entity/Q126443332
http://www.wikidata.org/entity/Q129906303,http://www.wikidata.org/prop/direct/P131,http://www.wikidata.org/entity/Q55299
http://www.wikidata.org/entity/Q129906303,http://www.wikidata.org/prop/direct/P138,http://www.wikidata.org/entity/Q1133742
http://www.wikidata.org/entity/Q129906303,http://www.wikidata.org/prop/direct/P625,Point(-7.514728 52.921361)
http://www.wikidata.org/entity/Q129906303,http://www.wikidata.org/prop/direct/P708,http://www.wikidata.org/entity/Q873607
http://www.wikidata.org/entity/Q129906303,http://www.wikidata.org/prop/direct/P1343,http://www.wikidata.org/entity/Q116166792
http://www.wikidata.org/entity/Q129906303,http://www.wikidata.org/prop/direct/P1343,http://www.wikidata.org/entity/Q129905816
http://www.wikidata.org/entity/Q129906303,http://www.wikidata.org/prop/direct/P1343,http://www.wikidata.org/entity/Q130308814
http://www.wikidata.org/entity/Q129906303,http://www.wikidata.org/prop/direct/P4057,LA022-019006-
http://www.wikidata.org/entity/Q130266513,http://www.wikidata.org/prop/direct/P17,http://www.wikidata.org/entity/Q27
http://www.wikidata.org/entity/Q130266513,http://www.wikidata.org/prop/direct/P31,http://www.wikidata.org/entity/Q1371047
http://www.wikidata.org/entity/Q130266513,http://www.wikidata.org/prop/direct/P31,http://www.wikidata.org/entity/Q126443332
http://www.wikidata.org/entity/Q130266513,http://www.wikidata.org/prop/direct/P131,http://www.wikidata.org/entity/Q184445
http://www.wikidata.org/entity/Q130266513,http://www.wikidata.org/prop/direct/P625,Point(-7.790414 53.066093)
http://www.wikidata.org/entity/Q130266513,http://www.wikidata.org/prop/direct/P4057,OF039-006----
http://www.wikidata.org/entity/Q130313770,http://www.wikidata.org/prop/direct/P17,http://www.wikidata.org/entity/Q27
http://www.wikidata.org/entity/Q130313770,http://www.wikidata.org/prop/direct/P31,http://www.wikidata.org/entity/Q1371047
http://www.wikidata.org/entity/Q130313770,http://www.wikidata.org/prop/direct/P31,http://www.wikidata.org/entity/Q126443332
http://www.wikidata.org/entity/Q130313770,http://www.wikidata.org/prop/direct/P131,http://www.wikidata.org/entity/Q55299
http://www.wikidata.org/entity/Q130313770,http://www.wikidata.org/prop/direct/P625,Point(-7.3464415 52.8322578)
http://www.wikidata.org/entity/Q130313770,http://www.wikidata.org/prop/direct/P708,http://www.wikidata.org/entity/Q873607
http://www.wikidata.org/entity/Q130313770,http://www.wikidata.org/prop/direct/P1343,http://www.wikidata.org/entity/Q116166792
http://www.wikidata.org/entity/Q130313770,http://www.wikidata.org/prop/direct/P1343,http://www.wikidata.org/entity/Q130308814
http://www.wikidata.org/entity/Q130313770,http://www.wikidata.org/prop/direct/P7959,http://www.wikidata.org/entity/Q7269966
http://www.wikidata.org/entity/Q130313770,http://www.wikidata.org/prop/direct/P11693,12089154378
http://www.wikidata.org/entity/Q130313951,http://www.wikidata.org/prop/direct/P17,http://www.wikidata.org/entity/Q27
http://www.wikidata.org/entity/Q130313951,http://www.wikidata.org/prop/direct/P31,http://www.wikidata.org/entity/Q1371047
http://www.wikidata.org/entity/Q130313951,http://www.wikidata.org/prop/direct/P31,http://www.wikidata.org/entity/Q126443332
http://www.wikidata.org/entity/Q130313951,http://www.wikidata.org/prop/direct/P131,http://www.wikidata.org/entity/Q55299
http://www.wikidata.org/entity/Q130313951,http://www.wikidata.org/prop/direct/P708,http://www.wikidata.org/entity/Q873607
http://www.wikidata.org/entity/Q130313951,http://www.wikidata.org/prop/direct/P1343,http://www.wikidata.org/entity/Q130308814
http://www.wikidata.org/entity/Q130313951,http://www.wikidata.org/prop/direct/P6375,almost a mile north of Friday well [...] beside the Grennan Road
http://www.wikidata.org/entity/Q130313956,http://www.wikidata.org/prop/direct/P17,http://www.wikidata.org/entity/Q27
http://www.wikidata.org/entity/Q130313956,http://www.wikidata.org/prop/direct/P31,http://www.wikidata.org/entity/Q1371047
http://www.wikidata.org/entity/Q130313956,http://www.wikidata.org/prop/direct/P31,http://www.wikidata.org/entity/Q126443332
http://www.wikidata.org/entity/Q130313956,http://www.wikidata.org/prop/direct/P131,http://www.wikidata.org/entity/Q180231
http://www.wikidata.org/entity/Q130313956,http://www.wikidata.org/prop/direct/P625,Point(-7.329571 52.850463)
http://www.wikidata.org/entity/Q130313956,http://www.wikidata.org/prop/direct/P1343,http://www.wikidata.org/entity/Q126540348
http://www.wikidata.org/entity/Q130313956,http://www.wikidata.org/prop/direct/P1343,http://www.wikidata.org/entity/Q126555558
http://www.wikidata.org/entity/Q130313956,http://www.wikidata.org/prop/direct/P1343,http://www.wikidata.org/entity/Q130308814
http://www.wikidata.org/entity/Q135428547,http://www.wikidata.org/prop/direct/P17,http://www.wikidata.org/entity/Q43
http://www.wikidata.org/entity/Q135428547,http://www.wikidata.org/prop/direct/P31,http://www.wikidata.org/entity/Q1371047
http://www.wikidata.org/entity/Q135428547,http://www.wikidata.org/prop/direct/P131,http://www.wikidata.org/entity/Q217411
http://www.wikidata.org/entity/Q135428547,http://www.wikidata.org/prop/direct/P625,Point(28.9525661 41.048275)
http://www.wikidata.org/entity/Q135428547,http://www.wikidata.org/prop/direct/P706,http://www.wikidata.org/entity/Q155583
http://www.wikidata.org/entity/Q135428547,http://www.wikidata.org/prop/direct/P11729,177122
http://www.wikidata.org/entity/Q135428548,http://www.wikidata.org/prop/direct/P17,http://www.wikidata.org/entity/Q43
http://www.wikidata.org/entity/Q135428548,http://www.wikidata.org/prop/direct/P31,http://www.wikidata.org/entity/Q1371047
http://www.wikidata.org/entity/Q135428548,http://www.wikidata.org/prop/direct/P131,http://www.wikidata.org/entity/Q794351
http://www.wikidata.org/entity/Q135428548,http://www.wikidata.org/prop/direct/P625,Point(29.0956478 41.1156349)
http://www.wikidata.org/entity/Q135428548,http://www.wikidata.org/prop/direct/P706,http://www.wikidata.org/entity/Q155583
http://www.wikidata.org/entity/Q135428548,http://www.wikidata.org/prop/direct/P11729,170952
http://www.wikidata.org/entity/Q135428549,http://www.wikidata.org/prop/direct/P17,http://www.wikidata.org/entity/Q43
http://www.wikidata.org/entity/Q135428549,http://www.wikidata.org/prop/direct/P31,http://www.wikidata.org/entity/Q1371047
http://www.wikidata.org/entity/Q135428549,http://www.wikidata.org/prop/direct/P131,http://www.wikidata.org/entity/Q326339
http://www.wikidata.org/entity/Q135428549,http://www.wikidata.org/prop/direct/P625,Point(29.0326424 41.0211639)
http://www.wikidata.org/entity/Q135428549,http://www.wikidata.org/prop/direct/P706,http://www.wikidata.org/entity/Q155583
http://www.wikidata.org/entity/Q135428549,http://www.wikidata.org/prop/direct/P11729,155600
http://www.wikidata.org/entity/Q135428550,http://www.wikidata.org/prop/direct/P17,http://www.wikidata.org/entity/Q43
http://www.wikidata.org/entity/Q135428550,http://www.wikidata.org/prop/direct/P31,http://www.wikidata.org/entity/Q1371047
http://www.wikidata.org/entity/Q135428550,http://www.wikidata.org/prop/direct/P131,http://www.wikidata.org/entity/Q326339
http://www.wikidata.org/entity/Q135428550,http://www.wikidata.org/prop/direct/P625,Point(29.012681714 41.009063226)
http://www.wikidata.org/entity/Q135428550,http://www.wikidata.org/prop/direct/P706,http://www.wikidata.org/entity/Q155583
http://www.wikidata.org/entity/Q135428550,http://www.wikidata.org/prop/direct/P11729,154214
http://www.wikidata.org/entity/Q135428551,http://www.wikidata.org/prop/direct/P17,http://www.wikidata.org/entity/Q43
http://www.wikidata.org/entity/Q135428551,http://www.wikidata.org/prop/direct/P31,http://www.wikidata.org/entity/Q1371047
http://www.wikidata.org/entity/Q135428551,http://www.wikidata.org/prop/direct/P131,http://www.wikidata.org/entity/Q1020668
http://www.wikidata.org/entity/Q135428551,http://www.wikidata.org/prop/direct/P625,Point(29.0638905 40.88451)
http://www.wikidata.org/entity/Q135428551,http://www.wikidata.org/prop/direct/P706,http://www.wikidata.org/entity/Q155583
http://www.wikidata.org/entity/Q135428551,http://www.wikidata.org/prop/direct/P11729,148991
http://www.wikidata.org/entity/Q135428552,http://www.wikidata.org/prop/direct/P17,http://www.wikidata.org/entity/Q43
http://www.wikidata.org/entity/Q126486300,http://www.wikidata.org/prop/direct/P17,http://www.wikidata.org/entity/Q27
http://www.wikidata.org/entity/Q126486300,http://www.wikidata.org/prop/direct/P31,http://www.wikidata.org/entity/Q1371047
http://www.wikidata.org/entity/Q126486300,http://www.wikidata.org/prop/direct/P31,http://www.wikidata.org/entity/Q126443332
http://www.wikidata.org/entity/Q126486300,http://www.wikidata.org/prop/direct/P131,http://www.wikidata.org/entity/Q180231
http://www.wikidata.org/entity/Q126486300,http://www.wikidata.org/prop/direct/P131,http://www.wikidata.org/entity/Q104265311
http://www.wikidata.org/entity/Q126486300,http://www.wikidata.org/prop/direct/P138,http://www.wikidata.org/entity/Q80979
http://www.wikidata.org/entity/Q126486300,http://www.wikidata.org/prop/direct/P195,http://www.wikidata.org/entity/Q126875543
http://www.wikidata.org/entity/Q126486300,http://www.wikidata.org/prop/direct/P195,http://www.wikidata.org/entity/Q132817615
http://www.wikidata.org/entity/Q126486300,http://www.wikidata.org/prop/direct/P217,87
http://www.wikidata.org/entity/Q126486300,http://www.wikidata.org/prop/direct/P217,KHW155
http://www.wikidata.org/entity/Q126486300,http://www.wikidata.org/prop/direct/P625,Point(-7.26833 52.32063)
http://www.wikidata.org/entity/Q126486300,http://www.wikidata.org/prop/direct/P708,http://www.wikidata.org/entity/Q873607
http://www.wikidata.org/entity/Q126486300,http://www.wikidata.org/prop/direct/P1343,http://www.wikidata.org/entity/Q126374601
http://www.wikidata.org/entity/Q126486300,http://www.wikidata.org/prop/direct/P1343,http://www.wikidata.org/entity/Q126393245
http://www.wikidata.org/entity/Q126486300,http://www.wikidata.org/prop/direct/P1343,http://www.wikidata.org/entity/Q126875543
http://www.wikidata.org/entity/Q126486300,http://www.wikidata.org/prop/direct/P1343,http://www.wikidata.org/entity/Q132817615
http://www.wikidata.org/entity/Q126486300,http://www.wikidata.org/prop/direct/P4057,KK042-027----
http://www.wikidata.org/entity/Q126486300,http://www.wikidata.org/prop/direct/P6375,in the same field as Killaspick Church
http://www.wikidata.org/entity/Q126486539,http://www.wikidata.org/prop/direct/P17,http://www.wikidata.org/entity/Q27
http://www.wikidata.org/entity/Q126486539,http://www.wikidata.org/prop/direct/P31,http://www.wikidata.org/entity/Q1049799
http://www.wikidata.org/entity/Q126486539,http://www.wikidata.org/prop/direct/P31,http://www.wikidata.org/entity/Q1371047
http://www.wikidata.org/entity/Q126486539,http://www.wikidata.org/prop/direct/P31,http://www.wikidata.org/entity/Q126443332
http://www.wikidata.org/entity/Q126486539,http://www.wikidata.org/prop/direct/P131,http://www.wikidata.org/entity/Q180231
http://www.wikidata.org/entity/Q126486539,http://www.wikidata.org/prop/direct/P131,http://www.wikidata.org/entity/Q60555011
http://www.wikidata.org/entity/Q126486539,http://www.wikidata.org/prop/direct/P195,http://www.wikidata.org/entity/Q126875543
http://www.wikidata.org/entity/Q126486539,http://www.wikidata.org/prop/direct/P195,http://www.wikidata.org/entity/Q132817615
http://www.wikidata.org/entity/Q126486539,http://www.wikidata.org/prop/direct/P217,162
http://www.wikidata.org/entity/Q126486539,http://www.wikidata.org/prop/direct/P217,KHW2-26
http://www.wikidata.org/entity/Q126486539,http://www.wikidata.org/prop/direct/P403,http://www.wikidata.org/entity/Q126486548
http://www.wikidata.org/entity/Q126486539,http://www.wikidata.org/prop/direct/P625,Point(-7.397803 52.46853)
http://www.wikidata.org/entity/Q126486539,http://www.wikidata.org/prop/direct/P1343,http://www.wikidata.org/entity/Q126393245
http://www.wikidata.org/entity/Q126486539,http://www.wikidata.org/prop/direct/P1343,http://www.wikidata.org/entity/Q126875543
http://www.wikidata.org/entity/Q126486539,http://www.wikidata.org/prop/direct/P1343,http://www.wikidata.org/entity/Q132817615
http://www.wikidata.org/entity/Q126486539,http://www.wikidata.org/prop/direct/P6375,"""in the field north of the church ruins off the main road from Callan to Windgap near the Glen crossroads and on the Glory river’"" (Ó Dálaigh)"
http://www.wikidata.org/entity/Q126486539,http://www.wikidata.org/prop/direct/P6375,"""In the same enclosure as the ruin above mentioned [church ruin] is a holy well (now closed in) called St. Rosentha's Well"""
http://www.wikidata.org/entity/Q126486675,http://www.wikidata.org/prop/direct/P17,http://www.wikidata.org/entity/Q27
http://www.wikidata.org/entity/Q126486675,http://www.wikidata.org/prop/direct/P31,http://www.wikidata.org/entity/Q43483
http://www.wikidata.org/entity/Q126486675,http://www.wikidata.org/prop/direct/P31,http://www.wikidata.org/entity/Q1371047
http://www.wikidata.org/entity/Q126486675,http://www.wikidata.org/prop/direct/P31,http://www.wikidata.org/entity/Q126443332
http://www.wikidata.org/entity/Q126486675,http://www.wikidata.org/prop/direct/P131,http://www.wikidata.org/entity/Q180231
http://www.wikidata.org/entity/Q126486675,http://www.wikidata.org/prop/direct/P131,http://www.wikidata.org/entity/Q60557179
http://www.wikidata.org/entity/Q126486675,http://www.wikidata.org/prop/direct/P131,http://www.wikidata.org/entity/Q104264439
http://www.wikidata.org/entity/Q126486675,http://www.wikidata.org/prop/direct/P138,http://www.wikidata.org/entity/Q380356
http://www.wikidata.org/entity/Q126486675,http://www.wikidata.org/prop/direct/P195,http://www.wikidata.org/entity/Q126875543
http://www.wikidata.org/entity/Q126486675,http://www.wikidata.org/prop/direct/P217,22
http://www.wikidata.org/entity/Q126486675,http://www.wikidata.org/prop/direct/P217,KHW2-4
http://www.wikidata.org/entity/Q126486675,http://www.wikidata.org/prop/direct/P625,Point(-7.5059687 52.6522946)
http://www.wikidata.org/entity/Q126486675,http://www.wikidata.org/prop/direct/P1343,http://www.wikidata.org/entity/Q126374601
http://www.wikidata.org/entity/Q126486675,http://www.wikidata.org/prop/direct/P1343,http://www.wikidata.org/entity/Q126393245
http://www.wikidata.org/entity/Q126486675,http://www.wikidata.org/prop/direct/P1343,http://www.wikidata.org/entity/Q126540348
http://www.wikidata.org/entity/Q126486675,http://www.wikidata.org/prop/direct/P1343,http://www.wikidata.org/entity/Q126555558
http://www.wikidata.org/entity/Q126486675,http://www.wikidata.org/prop/direct/P1343,http://www.wikidata.org/entity/Q126875543
http://www.wikidata.org/entity/Q126486675,http://www.wikidata.org/prop/direct/P1343,http://www.wikidata.org/entity/Q130284129
http://www.wikidata.org/entity/Q126486675,http://www.wikidata.org/prop/direct/P1343,http://www.wikidata.org/entity/Q132817615
http://www.wikidata.org/entity/Q126486675,http://www.wikidata.org/prop/direct/P11693,8538848183
http://www.wikidata.org/entity/Q126487120,http://www.wikidata.org/prop/direct/P10,http://commons.wikimedia.org/wiki/Special:FilePath/Jenkinstown%20St%20Colman%27s%20Well.webm
http://www.wikidata.org/entity/Q126487120,http://www.wikidata.org/prop/direct/P17,http://www.wikidata.org/entity/Q27
http://www.wikidata.org/entity/Q126487120,http://www.wikidata.org/prop/direct/P18,http://commons.wikimedia.org/wiki/Special:FilePath/St%20Colman%27s%20Well.jpg
http://www.wikidata.org/entity/Q126487120,http://www.wikidata.org/prop/direct/P31,http://www.wikidata.org/entity/Q1371047
http://www.wikidata.org/entity/Q126487120,http://www.wikidata.org/prop/direct/P31,http://www.wikidata.org/entity/Q126443332
http://www.wikidata.org/entity/Q126487120,http://www.wikidata.org/prop/direct/P131,http://www.wikidata.org/entity/Q180231
http://www.wikidata.org/entity/Q126487120,http://www.wikidata.org/prop/direct/P131,http://www.wikidata.org/entity/Q60555894
http://www.wikidata.org/entity/Q126487120,http://www.wikidata.org/prop/direct/P131,http://www.wikidata.org/entity/Q104265230
http://www.wikidata.org/entity/Q126487120,http://www.wikidata.org/prop/direct/P138,http://www.wikidata.org/entity/Q1110134
http://www.wikidata.org/entity/Q126487120,http://www.wikidata.org/prop/direct/P138,http://www.wikidata.org/entity/Q130549605
http://www.wikidata.org/entity/Q126487120,http://www.wikidata.org/prop/direct/P195,http://www.wikidata.org/entity/Q132817615
http://www.wikidata.org/entity/Q126487120,http://www.wikidata.org/prop/direct/P217,KHW2-3
http://www.wikidata.org/entity/Q126487120,http://www.wikidata.org/prop/direct/P373,"Saint Colman's Well, Jenkinstown Park"
http://www.wikidata.org/entity/Q126487120,http://www.wikidata.org/prop/direct/P625,Point(-7.2869104 52.7352502)
http://www.wikidata.org/entity/Q126487120,http://www.wikidata.org/prop/direct/P708,http://www.wikidata.org/entity/Q873607
http://www.wikidata.org/entity/Q126487120,http://www.wikidata.org/prop/direct/P1325,https://sketchfab.com/3d-models/jenkinstown-st-colmans-well-low-poly-6ae5988530c648aea73cfc09663954a0
http://www.wikidata.org/entity/Q126487120,http://www.wikidata.org/prop/direct/P1325,https://panoramax.openstreetmap.fr/#s=fp;s2;p162d7b2e-b846-4dd7-8ae7-883a49458a74;c29.11/-15.47/0;m18.15/52.735253/-7.287152;te;vd;bs
http://www.wikidata.org/entity/Q126487120,http://www.wikidata.org/prop/direct/P1343,http://www.wikidata.org/entity/Q132817615
http://www.wikidata.org/entity/Q126487120,http://www.wikidata.org/prop/direct/P1651,IwGiQVWd7ko
http://www.wikidata.org/entity/Q126487120,http://www.wikidata.org/prop/direct/P11693,998532219
http://www.wikidata.org/entity/Q126487167,http://www.wikidata.org/prop/direct/P17,http://www.wikidata.org/entity/Q27
http://www.wikidata.org/entity/Q126487167,http://www.wikidata.org/prop/direct/P18,http://commons.wikimedia.org/wiki/Special:FilePath/St%20Molliga%27s%20Well%2C%20Kilkenny.jpg
http://www.wikidata.org/entity/Q126487167,http://www.wikidata.org/prop/direct/P31,http://www.wikidata.org/entity/Q1371047
http://www.wikidata.org/entity/Q126487167,http://www.wikidata.org/prop/direct/P31,http://www.wikidata.org/entity/Q126443332
http://www.wikidata.org/entity/Q126487167,http://www.wikidata.org/prop/direct/P131,http://www.wikidata.org/entity/Q180231
http://www.wikidata.org/entity/Q126487167,http://www.wikidata.org/prop/direct/P131,http://www.wikidata.org/entity/Q60556542
http://www.wikidata.org/entity/Q126487167,http://www.wikidata.org/prop/direct/P131,http://www.wikidata.org/entity/Q104265588
http://www.wikidata.org/entity/Q126485951,http://www.wikidata.org/prop/direct/P1343,http://www.wikidata.org/entity/Q127619817
http://www.wikidata.org/entity/Q126485951,http://www.wikidata.org/prop/direct/P1343,http://www.wikidata.org/entity/Q130140078
http://www.wikidata.org/entity/Q126485951,http://www.wikidata.org/prop/direct/P1343,http://www.wikidata.org/entity/Q130284129
http://www.wikidata.org/entity/Q126485951,http://www.wikidata.org/prop/direct/P1343,http://www.wikidata.org/entity/Q130308814
http://www.wikidata.org/entity/Q126485951,http://www.wikidata.org/prop/direct/P1343,http://www.wikidata.org/entity/Q130458689
http://www.wikidata.org/entity/Q126485951,http://www.wikidata.org/prop/direct/P1343,http://www.wikidata.org/entity/Q132817615
http://www.wikidata.org/entity/Q126485951,http://www.wikidata.org/prop/direct/P1343,http://www.wikidata.org/entity/Q133258128
http://www.wikidata.org/entity/Q126485951,http://www.wikidata.org/prop/direct/P4057,KK018-038001-
http://www.wikidata.org/entity/Q126485951,http://www.wikidata.org/prop/direct/P11693,8515639045
http://www.wikidata.org/entity/Q126486012,http://www.wikidata.org/prop/direct/P17,http://www.wikidata.org/entity/Q27
http://www.wikidata.org/entity/Q126486012,http://www.wikidata.org/prop/direct/P31,http://www.wikidata.org/entity/Q124714
http://www.wikidata.org/entity/Q126486012,http://www.wikidata.org/prop/direct/P31,http://www.wikidata.org/entity/Q1371047
http://www.wikidata.org/entity/Q126486012,http://www.wikidata.org/prop/direct/P31,http://www.wikidata.org/entity/Q126443332
http://www.wikidata.org/entity/Q126486012,http://www.wikidata.org/prop/direct/P131,http://www.wikidata.org/entity/Q180231
http://www.wikidata.org/entity/Q126486012,http://www.wikidata.org/prop/direct/P131,http://www.wikidata.org/entity/Q104264718
http://www.wikidata.org/entity/Q126486012,http://www.wikidata.org/prop/direct/P138,http://www.wikidata.org/entity/Q44269
http://www.wikidata.org/entity/Q126486012,http://www.wikidata.org/prop/direct/P625,Point(-7.3787 52.4673)
http://www.wikidata.org/entity/Q126486012,http://www.wikidata.org/prop/direct/P708,http://www.wikidata.org/entity/Q873607
http://www.wikidata.org/entity/Q126486012,http://www.wikidata.org/prop/direct/P1343,http://www.wikidata.org/entity/Q126393245
http://www.wikidata.org/entity/Q126486012,http://www.wikidata.org/prop/direct/P1343,http://www.wikidata.org/entity/Q126540348
http://www.wikidata.org/entity/Q126486012,http://www.wikidata.org/prop/direct/P1343,http://www.wikidata.org/entity/Q130284129
http://www.wikidata.org/entity/Q126486012,http://www.wikidata.org/prop/direct/P6375,"""in Dowlings field"" (schools' Collection)"
http://www.wikidata.org/entity/Q126486052,http://www.wikidata.org/prop/direct/P17,http://www.wikidata.org/entity/Q27
http://www.wikidata.org/entity/Q126486052,http://www.wikidata.org/prop/direct/P31,http://www.wikidata.org/entity/Q124714
http://www.wikidata.org/entity/Q126486052,http://www.wikidata.org/prop/direct/P31,http://www.wikidata.org/entity/Q1371047
http://www.wikidata.org/entity/Q126486052,http://www.wikidata.org/prop/direct/P31,http://www.wikidata.org/entity/Q126443332
http://www.wikidata.org/entity/Q126486052,http://www.wikidata.org/prop/direct/P131,http://www.wikidata.org/entity/Q180231
http://www.wikidata.org/entity/Q126486052,http://www.wikidata.org/prop/direct/P131,http://www.wikidata.org/entity/Q60556288
http://www.wikidata.org/entity/Q126486052,http://www.wikidata.org/prop/direct/P131,http://www.wikidata.org/entity/Q130314367
http://www.wikidata.org/entity/Q126486052,http://www.wikidata.org/prop/direct/P138,http://www.wikidata.org/entity/Q7242
http://www.wikidata.org/entity/Q126486052,http://www.wikidata.org/prop/direct/P195,http://www.wikidata.org/entity/Q126875543
http://www.wikidata.org/entity/Q126486052,http://www.wikidata.org/prop/direct/P195,http://www.wikidata.org/entity/Q132817615
http://www.wikidata.org/entity/Q126486052,http://www.wikidata.org/prop/direct/P217,85
http://www.wikidata.org/entity/Q126486052,http://www.wikidata.org/prop/direct/P217,KHW155
http://www.wikidata.org/entity/Q126486052,http://www.wikidata.org/prop/direct/P217,KHW159
http://www.wikidata.org/entity/Q130314047,http://www.wikidata.org/prop/direct/P17,http://www.wikidata.org/entity/Q27
http://www.wikidata.org/entity/Q130314047,http://www.wikidata.org/prop/direct/P31,http://www.wikidata.org/entity/Q124714
http://www.wikidata.org/entity/Q130314047,http://www.wikidata.org/prop/direct/P31,http://www.wikidata.org/entity/Q1371047
http://www.wikidata.org/entity/Q130314047,http://www.wikidata.org/prop/direct/P31,http://www.wikidata.org/entity/Q126443332
http://www.wikidata.org/entity/Q130314047,http://www.wikidata.org/prop/direct/P131,http://www.wikidata.org/entity/Q180231
http://www.wikidata.org/entity/Q130314047,http://www.wikidata.org/prop/direct/P131,http://www.wikidata.org/entity/Q104264500
http://www.wikidata.org/entity/Q130314047,http://www.wikidata.org/prop/direct/P708,http://www.wikidata.org/entity/Q873607
http://www.wikidata.org/entity/Q130314047,http://www.wikidata.org/prop/direct/P1343,http://www.wikidata.org/entity/Q116166792
http://www.wikidata.org/entity/Q130314047,http://www.wikidata.org/prop/direct/P1343,http://www.wikidata.org/entity/Q120966194
http://www.wikidata.org/entity/Q130314047,http://www.wikidata.org/prop/direct/P1343,http://www.wikidata.org/entity/Q126528008
http://www.wikidata.org/entity/Q130314047,http://www.wikidata.org/prop/direct/P1343,http://www.wikidata.org/entity/Q130308814
http://www.wikidata.org/entity/Q130361231,http://www.wikidata.org/prop/direct/P17,http://www.wikidata.org/entity/Q27
http://www.wikidata.org/entity/Q130361231,http://www.wikidata.org/prop/direct/P31,http://www.wikidata.org/entity/Q1371047
http://www.wikidata.org/entity/Q130361231,http://www.wikidata.org/prop/direct/P31,http://www.wikidata.org/entity/Q126443332
http://www.wikidata.org/entity/Q130361231,http://www.wikidata.org/prop/direct/P131,http://www.wikidata.org/entity/Q180231
http://www.wikidata.org/entity/Q130361231,http://www.wikidata.org/prop/direct/P708,http://www.wikidata.org/entity/Q873607
http://www.wikidata.org/entity/Q130361231,http://www.wikidata.org/prop/direct/P1343,http://www.wikidata.org/entity/Q126393245
http://www.wikidata.org/entity/Q130361231,http://www.wikidata.org/prop/direct/P6375,Beside the old church of Tullaherin is a round Tower and under the shadow of the tower
http://www.wikidata.org/entity/Q130479429,http://www.wikidata.org/prop/direct/P17,http://www.wikidata.org/entity/Q27
http://www.wikidata.org/entity/Q130479429,http://www.wikidata.org/prop/direct/P18,http://commons.wikimedia.org/wiki/Special:FilePath/St%20Declan%27s%20Well%20-%20geograph.org.uk%20-%205536077.jpg
http://www.wikidata.org/entity/Q130479429,http://www.wikidata.org/prop/direct/P31,http://www.wikidata.org/entity/Q1371047
http://www.wikidata.org/entity/Q130479429,http://www.wikidata.org/prop/direct/P31,http://www.wikidata.org/entity/Q126443332
http://www.wikidata.org/entity/Q130479429,http://www.wikidata.org/prop/direct/P131,http://www.wikidata.org/entity/Q184594
http://www.wikidata.org/entity/Q130479429,http://www.wikidata.org/prop/direct/P373,"St. Declan's Well, Ardmore"
http://www.wikidata.org/entity/Q130479429,http://www.wikidata.org/prop/direct/P625,Point(-7.712605 51.948073)
http://www.wikidata.org/entity/Q130479429,http://www.wikidata.org/prop/direct/P1343,http://www.wikidata.org/entity/Q130479296
http://www.wikidata.org/entity/Q130479429,http://www.wikidata.org/prop/direct/P4057,WA040-011002-
http://www.wikidata.org/entity/Q130570660,http://www.wikidata.org/prop/direct/P17,http://www.wikidata.org/entity/Q142
http://www.wikidata.org/entity/Q130570660,http://www.wikidata.org/prop/direct/P31,http://www.wikidata.org/entity/Q1371047
http://www.wikidata.org/entity/Q130570660,http://www.wikidata.org/prop/direct/P131,http://www.wikidata.org/entity/Q127874
http://www.wikidata.org/entity/Q130570660,http://www.wikidata.org/prop/direct/P276,http://www.wikidata.org/entity/Q130570675
http://www.wikidata.org/entity/Q130570660,http://www.wikidata.org/prop/direct/P625,Point(-3.12467 47.60719)
http://www.wikidata.org/entity/Q131387526,http://www.wikidata.org/prop/direct/P17,http://www.wikidata.org/entity/Q27
http://www.wikidata.org/entity/Q131387526,http://www.wikidata.org/prop/direct/P31,http://www.wikidata.org/entity/Q1371047
http://www.wikidata.org/entity/Q131387526,http://www.wikidata.org/prop/direct/P131,http://www.wikidata.org/entity/Q184599
http://www.wikidata.org/entity/Q132819215,http://www.wikidata.org/prop/direct/P1343,http://www.wikidata.org/entity/Q126374601
http://www.wikidata.org/entity/Q132819215,http://www.wikidata.org/prop/direct/P1343,http://www.wikidata.org/entity/Q126875543
http://www.wikidata.org/entity/Q132819215,http://www.wikidata.org/prop/direct/P1343,http://www.wikidata.org/entity/Q130266563
http://www.wikidata.org/entity/Q132819215,http://www.wikidata.org/prop/direct/P1343,http://www.wikidata.org/entity/Q130266693
http://www.wikidata.org/entity/Q132819215,http://www.wikidata.org/prop/direct/P1343,http://www.wikidata.org/entity/Q130308814
http://www.wikidata.org/entity/Q132819215,http://www.wikidata.org/prop/direct/P1343,http://www.wikidata.org/entity/Q132817615
http://www.wikidata.org/entity/Q132819215,http://www.wikidata.org/prop/direct/P4057,KK028-076----
http://www.wikidata.org/entity/Q132819215,http://www.wikidata.org/prop/direct/P6375,in Castlegarden Bog
http://www.wikidata.org/entity/Q132853265,http://www.wikidata.org/prop/direct/P17,http://www.wikidata.org/entity/Q27
http://www.wikidata.org/entity/Q132853265,http://www.wikidata.org/prop/direct/P31,http://www.wikidata.org/entity/Q1371047
http://www.wikidata.org/entity/Q132853265,http://www.wikidata.org/prop/direct/P31,http://www.wikidata.org/entity/Q126443332
http://www.wikidata.org/entity/Q132853265,http://www.wikidata.org/prop/direct/P131,http://www.wikidata.org/entity/Q180231
http://www.wikidata.org/entity/Q132853265,http://www.wikidata.org/prop/direct/P195,http://www.wikidata.org/entity/Q132817615
http://www.wikidata.org/entity/Q132853265,http://www.wikidata.org/prop/direct/P217,KHW132
http://www.wikidata.org/entity/Q132853265,http://www.wikidata.org/prop/direct/P1343,http://www.wikidata.org/entity/Q126454465
http://www.wikidata.org/entity/Q132853265,http://www.wikidata.org/prop/direct/P1343,http://www.wikidata.org/entity/Q132817615
http://www.wikidata.org/entity/Q132853265,http://www.wikidata.org/prop/direct/P4057,KK023-031002-
http://www.wikidata.org/entity/Q132889275,http://www.wikidata.org/prop/direct/P17,http://www.wikidata.org/entity/Q27
http://www.wikidata.org/entity/Q132889275,http://www.wikidata.org/prop/direct/P31,http://www.wikidata.org/entity/Q1371047
http://www.wikidata.org/entity/Q132889275,http://www.wikidata.org/prop/direct/P31,http://www.wikidata.org/entity/Q126443332
http://www.wikidata.org/entity/Q132889275,http://www.wikidata.org/prop/direct/P131,http://www.wikidata.org/entity/Q180231
http://www.wikidata.org/entity/Q132889275,http://www.wikidata.org/prop/direct/P195,http://www.wikidata.org/entity/Q132817615
http://www.wikidata.org/entity/Q132889275,http://www.wikidata.org/prop/direct/P217,KHW2-21
http://www.wikidata.org/entity/Q132889275,http://www.wikidata.org/prop/direct/P625,Point(-7.058623291 52.6885911)
http://www.wikidata.org/entity/Q132889275,http://www.wikidata.org/prop/direct/P1343,http://www.wikidata.org/entity/Q126528008
http://www.wikidata.org/entity/Q132889275,http://www.wikidata.org/prop/direct/P1343,http://www.wikidata.org/entity/Q132817615
http://www.wikidata.org/entity/Q132889275,http://www.wikidata.org/prop/direct/P11693,12633165237
http://www.wikidata.org/entity/Q132889388,http://www.wikidata.org/prop/direct/P17,http://www.wikidata.org/entity/Q27
http://www.wikidata.org/entity/Q132889388,http://www.wikidata.org/prop/direct/P31,http://www.wikidata.org/entity/Q1371047
http://www.wikidata.org/entity/Q132889388,http://www.wikidata.org/prop/direct/P31,http://www.wikidata.org/entity/Q126443332
http://www.wikidata.org/entity/Q132889388,http://www.wikidata.org/prop/direct/P131,http://www.wikidata.org/entity/Q180231
http://www.wikidata.org/entity/Q132889388,http://www.wikidata.org/prop/direct/P195,http://www.wikidata.org/entity/Q132817615
http://www.wikidata.org/entity/Q132889388,http://www.wikidata.org/prop/direct/P217,KHW2-22
http://www.wikidata.org/entity/Q132889388,http://www.wikidata.org/prop/direct/P1343,http://www.wikidata.org/entity/Q132817615
http://www.wikidata.org/entity/Q132889388,http://www.wikidata.org/prop/direct/P11693,12633192773
http://www.wikidata.org/entity/Q126487167,http://www.wikidata.org/prop/direct/P138,http://www.wikidata.org/entity/Q18530405
http://www.wikidata.org/entity/Q126487167,http://www.wikidata.org/prop/direct/P373,"Saint Molagga's Well, Leggetsrath West"
http://www.wikidata.org/entity/Q126487167,http://www.wikidata.org/prop/direct/P625,Point(-7.2187 52.64815)
http://www.wikidata.org/entity/Q126487167,http://www.wikidata.org/prop/direct/P708,http://www.wikidata.org/entity/Q873607
http://www.wikidata.org/entity/Q126487167,http://www.wikidata.org/prop/direct/P1651,WVtRWMLivQk
http://www.wikidata.org/entity/Q126487167,http://www.wikidata.org/prop/direct/P10689,1269042894
http://www.wikidata.org/entity/Q126487303,http://www.wikidata.org/prop/direct/P17,http://www.wikidata.org/entity/Q27
http://www.wikidata.org/entity/Q126487303,http://www.wikidata.org/prop/direct/P31,http://www.wikidata.org/entity/Q1371047
http://www.wikidata.org/entity/Q126487303,http://www.wikidata.org/prop/direct/P31,http://www.wikidata.org/entity/Q126443332
http://www.wikidata.org/entity/Q126487303,http://www.wikidata.org/prop/direct/P131,http://www.wikidata.org/entity/Q180231
http://www.wikidata.org/entity/Q126487303,http://www.wikidata.org/prop/direct/P131,http://www.wikidata.org/entity/Q60555223
http://www.wikidata.org/entity/Q126487303,http://www.wikidata.org/prop/direct/P131,http://www.wikidata.org/entity/Q104265616
http://www.wikidata.org/entity/Q126487303,http://www.wikidata.org/prop/direct/P138,http://www.wikidata.org/entity/Q43399
http://www.wikidata.org/entity/Q126487303,http://www.wikidata.org/prop/direct/P195,http://www.wikidata.org/entity/Q126875543
http://www.wikidata.org/entity/Q126487303,http://www.wikidata.org/prop/direct/P195,http://www.wikidata.org/entity/Q132817615
http://www.wikidata.org/entity/Q126487303,http://www.wikidata.org/prop/direct/P217,118
http://www.wikidata.org/entity/Q126487303,http://www.wikidata.org/prop/direct/P217,KHW125
http://www.wikidata.org/entity/Q126487303,http://www.wikidata.org/prop/direct/P373,"Saint Andrew's Well, Kilmadum"
http://www.wikidata.org/entity/Q126487303,http://www.wikidata.org/prop/direct/P708,http://www.wikidata.org/entity/Q873607
http://www.wikidata.org/entity/Q126487303,http://www.wikidata.org/prop/direct/P1343,http://www.wikidata.org/entity/Q126374601
http://www.wikidata.org/entity/Q126487303,http://www.wikidata.org/prop/direct/P1343,http://www.wikidata.org/entity/Q126454465
http://www.wikidata.org/entity/Q126487303,http://www.wikidata.org/prop/direct/P1343,http://www.wikidata.org/entity/Q126875543
http://www.wikidata.org/entity/Q126487303,http://www.wikidata.org/prop/direct/P1343,http://www.wikidata.org/entity/Q130308814
http://www.wikidata.org/entity/Q126487303,http://www.wikidata.org/prop/direct/P1343,http://www.wikidata.org/entity/Q132817615
http://www.wikidata.org/entity/Q126487303,http://www.wikidata.org/prop/direct/P4057,KK014-079----
http://www.wikidata.org/entity/Q126487303,http://www.wikidata.org/prop/direct/P11693,8554539057
http://www.wikidata.org/entity/Q126487358,http://www.wikidata.org/prop/direct/P17,http://www.wikidata.org/entity/Q27
http://www.wikidata.org/entity/Q126487358,http://www.wikidata.org/prop/direct/P18,http://commons.wikimedia.org/wiki/Special:FilePath/St%20Brigid%27s%20Well%2C%20Toberbreedia%2003.jpg
http://www.wikidata.org/entity/Q126487358,http://www.wikidata.org/prop/direct/P31,http://www.wikidata.org/entity/Q43483
http://www.wikidata.org/entity/Q126487358,http://www.wikidata.org/prop/direct/P31,http://www.wikidata.org/entity/Q1371047
http://www.wikidata.org/entity/Q126487358,http://www.wikidata.org/prop/direct/P31,http://www.wikidata.org/entity/Q126443332
http://www.wikidata.org/entity/Q126487358,http://www.wikidata.org/prop/direct/P51,http://commons.wikimedia.org/wiki/Special:FilePath/Toberbreedia%20water%20bubbling.opus
http://www.wikidata.org/entity/Q126487358,http://www.wikidata.org/prop/direct/P131,http://www.wikidata.org/entity/Q180231
http://www.wikidata.org/entity/Q126487358,http://www.wikidata.org/prop/direct/P131,http://www.wikidata.org/entity/Q60553414
http://www.wikidata.org/entity/Q126487358,http://www.wikidata.org/prop/direct/P131,http://www.wikidata.org/entity/Q104264975
http://www.wikidata.org/entity/Q126487358,http://www.wikidata.org/prop/direct/P138,http://www.wikidata.org/entity/Q80979
http://www.wikidata.org/entity/Q126487358,http://www.wikidata.org/prop/direct/P195,http://www.wikidata.org/entity/Q126875543
http://www.wikidata.org/entity/Q126487358,http://www.wikidata.org/prop/direct/P195,http://www.wikidata.org/entity/Q132817615
http://www.wikidata.org/entity/Q126487358,http://www.wikidata.org/prop/direct/P217,172
http://www.wikidata.org/entity/Q126487358,http://www.wikidata.org/prop/direct/P217,KHW128
http://www.wikidata.org/entity/Q132891725,http://www.wikidata.org/prop/direct/P17,http://www.wikidata.org/entity/Q27
http://www.wikidata.org/entity/Q132891725,http://www.wikidata.org/prop/direct/P31,http://www.wikidata.org/entity/Q1371047
http://www.wikidata.org/entity/Q132891725,http://www.wikidata.org/prop/direct/P31,http://www.wikidata.org/entity/Q126443332
http://www.wikidata.org/entity/Q132891725,http://www.wikidata.org/prop/direct/P131,http://www.wikidata.org/entity/Q180231
http://www.wikidata.org/entity/Q132891725,http://www.wikidata.org/prop/direct/P195,http://www.wikidata.org/entity/Q132817615
http://www.wikidata.org/entity/Q132891725,http://www.wikidata.org/prop/direct/P217,KHW2-28
http://www.wikidata.org/entity/Q132891725,http://www.wikidata.org/prop/direct/P625,Point(-7.032253851 52.568537027)
http://www.wikidata.org/entity/Q132891725,http://www.wikidata.org/prop/direct/P1343,http://www.wikidata.org/entity/Q132817615
http://www.wikidata.org/entity/Q132891725,http://www.wikidata.org/prop/direct/P11693,12633537669
http://www.wikidata.org/entity/Q132891751,http://www.wikidata.org/prop/direct/P17,http://www.wikidata.org/entity/Q27
http://www.wikidata.org/entity/Q132891751,http://www.wikidata.org/prop/direct/P31,http://www.wikidata.org/entity/Q1371047
http://www.wikidata.org/entity/Q132891751,http://www.wikidata.org/prop/direct/P31,http://www.wikidata.org/entity/Q126443332
http://www.wikidata.org/entity/Q132891751,http://www.wikidata.org/prop/direct/P131,http://www.wikidata.org/entity/Q180231
http://www.wikidata.org/entity/Q132891751,http://www.wikidata.org/prop/direct/P195,http://www.wikidata.org/entity/Q132817615
http://www.wikidata.org/entity/Q132891751,http://www.wikidata.org/prop/direct/P217,KHW2-29
http://www.wikidata.org/entity/Q132891751,http://www.wikidata.org/prop/direct/P1343,http://www.wikidata.org/entity/Q25469578
http://www.wikidata.org/entity/Q132891751,http://www.wikidata.org/prop/direct/P1343,http://www.wikidata.org/entity/Q132817615
http://www.wikidata.org/entity/Q132891751,http://www.wikidata.org/prop/direct/P11693,12633580526
http://www.wikidata.org/entity/Q132891782,http://www.wikidata.org/prop/direct/P17,http://www.wikidata.org/entity/Q27
http://www.wikidata.org/entity/Q132891782,http://www.wikidata.org/prop/direct/P31,http://www.wikidata.org/entity/Q1371047
http://www.wikidata.org/entity/Q132891782,http://www.wikidata.org/prop/direct/P31,http://www.wikidata.org/entity/Q126443332
http://www.wikidata.org/entity/Q132891782,http://www.wikidata.org/prop/direct/P131,http://www.wikidata.org/entity/Q180231
http://www.wikidata.org/entity/Q132891782,http://www.wikidata.org/prop/direct/P131,http://www.wikidata.org/entity/Q59719925
http://www.wikidata.org/entity/Q132891782,http://www.wikidata.org/prop/direct/P131,http://www.wikidata.org/entity/Q104266439
http://www.wikidata.org/entity/Q132891782,http://www.wikidata.org/prop/direct/P195,http://www.wikidata.org/entity/Q132817615
http://www.wikidata.org/entity/Q132891782,http://www.wikidata.org/prop/direct/P217,KHW2-31
http://www.wikidata.org/entity/Q132891782,http://www.wikidata.org/prop/direct/P1343,http://www.wikidata.org/entity/Q132817615
http://www.wikidata.org/entity/Q133258302,http://www.wikidata.org/prop/direct/P17,http://www.wikidata.org/entity/Q27
http://www.wikidata.org/entity/Q133258302,http://www.wikidata.org/prop/direct/P31,http://www.wikidata.org/entity/Q1371047
http://www.wikidata.org/entity/Q133258302,http://www.wikidata.org/prop/direct/P31,http://www.wikidata.org/entity/Q126443332
http://www.wikidata.org/entity/Q133258302,http://www.wikidata.org/prop/direct/P131,http://www.wikidata.org/entity/Q180231
http://www.wikidata.org/entity/Q133258302,http://www.wikidata.org/prop/direct/P195,http://www.wikidata.org/entity/Q132817615
http://www.wikidata.org/entity/Q133258302,http://www.wikidata.org/prop/direct/P217,KHW094
http://www.wikidata.org/entity/Q133258302,http://www.wikidata.org/prop/direct/P625,Point(-7.293038 52.584394)
http://www.wikidata.org/entity/Q133258302,http://www.wikidata.org/prop/direct/P1343,http://www.wikidata.org/entity/Q120966194
http://www.wikidata.org/entity/Q133258302,http://www.wikidata.org/prop/direct/P1343,http://www.wikidata.org/entity/Q126540348
http://www.wikidata.org/entity/Q133258302,http://www.wikidata.org/prop/direct/P1343,http://www.wikidata.org/entity/Q126555558
http://www.wikidata.org/entity/Q133258302,http://www.wikidata.org/prop/direct/P1343,http://www.wikidata.org/entity/Q132817615
