subject,predicate,object
http://www.wikidata.org/entity/Q114439798,http://www.wikidata.org/prop/direct/P10,http://commons.wikimedia.org/wiki/Special:FilePath/Kenny%27s%20Well%20before%20restoration.webm
http://www.wikidata.org/entity/Q114439798,http://www.wikidata.org/prop/direct/P17,http://www.wikidata.org/entity/Q27
http://www.wikidata.org/entity/Q114439798,http://www.wikidata.org/prop/direct/P18,http://commons.wikimedia.org/wiki/Special:FilePath/Kenny%27s%20Well%203.png
http://www.wikidata.org/entity/Q114439798,http://www.wikidata.org/prop/direct/P18,http://commons.wikimedia.org/wiki/Special:FilePath/Kenny%27s%20Well.jpg
http://www.wikidata.org/entity/Q114439798,http://www.wikidata.org/prop/direct/P31,http://www.wikidata.org/entity/Q1371047
http://www.wikidata.org/entity/Q114439798,http://www.wikidata.org/prop/direct/P31,http://www.wikidata.org/entity/Q10713454
http://www.wikidata.org/entity/Q114439798,http://www.wikidata.org/prop/direct/P31,http://www.wikidata.org/entity/Q105889895
http://www.wikidata.org/entity/Q114439798,http://www.wikidata.org/prop/direct/P31,http://www.wikidata.org/entity/Q126443332
http://www.wikidata.org/entity/Q114439798,http://www.wikidata.org/prop/direct/P110,http://www.wikidata.org/entity/Q56986634
http://www.wikidata.org/entity/Q114439798,http://www.wikidata.org/prop/direct/P131,http://www.wikidata.org/entity/Q180231
http://www.wikidata.org/entity/Q114439798,http://www.wikidata.org/prop/direct/P131,http://www.wikidata.org/entity/Q104265435
http://www.wikidata.org/entity/Q114439798,http://www.wikidata.org/prop/direct/P138,http://www.wikidata.org/entity/Q1133742
http://www.wikidata.org/entity/Q114439798,http://www.wikidata.org/prop/direct/P195,http://www.wikidata.org/entity/Q126875543
http://www.wikidata.org/entity/Q114439798,http://www.wikidata.org/prop/direct/P195,http://www.wikidata.org/entity/Q132817615
http://www.wikidata.org/entity/Q114439798,http://www.wikidata.org/prop/direct/P217,75
http://www.wikidata.org/entity/Q114439798,http://www.wikidata.org/prop/direct/P217,KHW109
http://www.wikidata.org/entity/Q114439798,http://www.wikidata.org/prop/direct/P373,Kenny's Well
http://www.wikidata.org/entity/Q114439798,http://www.wikidata.org/prop/direct/P625,Point(-7.26219 52.65325)
http://www.wikidata.org/entity/Q114439798,http://www.wikidata.org/prop/direct/P708,http://www.wikidata.org/entity/Q873607
http://www.wikidata.org/entity/Q114439798,http://www.wikidata.org/prop/direct/P973,https://kilkennyarchaeologicalsociety.ie/reputed-holy-wells-of-the-city-of-kilkenny/
http://www.wikidata.org/entity/Q114439798,http://www.wikidata.org/prop/direct/P973,https://www.stcanicesparish.ie/st-canices-church/kennys-well/
http://www.wikidata.org/entity/Q114439798,http://www.wikidata.org/prop/direct/P973,https://ihwcbc.omeka.net/items/show/288
http://www.wikidata.org/entity/Q114439798,http://www.wikidata.org/prop/direct/P973,https://irelandsholywells.blogspot.com/2011/09/saint-canices-well-kilkenny.html
http://www.wikidata.org/entity/Q114439798,http://www.wikidata.org/prop/direct/P973,https://www.kilkennypeople.ie/news/home/584203/plan-to-refurbish-kennys-well-after-historic-kilkenny-wall-falls-down.html
http://www.wikidata.org/entity/Q114439798,http://www.wikidata.org/prop/direct/P1325,https://sketchfab.com/3d-models/kennys-well-indoors-low-poly-685c7b9d3b0e4ba09e222633342cfcc3
http://www.wikidata.org/entity/Q114439798,http://www.wikidata.org/prop/direct/P1343,http://www.wikidata.org/entity/Q116166792
http://www.wikidata.org/entity/Q114439798,http://www.wikidata.org/prop/direct/P1343,http://www.wikidata.org/entity/Q120966194
http://www.wikidata.org/entity/Q114439798,http://www.wikidata.org/prop/direct/P1343,http://www.wikidata.org/entity/Q120968926
http://www.wikidata.org/entity/Q114439798,http://www.wikidata.org/prop/direct/P1343,http://www.wikidata.org/entity/Q126374601
http://www.wikidata.org/entity/Q114439798,http://www.wikidata.org/prop/direct/P1343,http://www.wikidata.org/entity/Q126393245
http://www.wikidata.org/entity/Q114439798,http://www.wikidata.org/prop/direct/P1343,http://www.wikidata.org/entity/Q126454465
http://www.wikidata.org/entity/Q114439798,http://www.wikidata.org/prop/direct/P1343,http://www.wikidata.org/entity/Q126528008
http://www.wikidata.org/entity/Q114439798,http://www.wikidata.org/prop/direct/P1343,http://www.wikidata.org/entity/Q126540348
http://www.wikidata.org/entity/Q114439798,http://www.wikidata.org/prop/direct/P1343,http://www.wikidata.org/entity/Q126555558
http://www.wikidata.org/entity/Q114439798,http://www.wikidata.org/prop/direct/P1343,http://www.wikidata.org/entity/Q126871352
http://www.wikidata.org/entity/Q114439798,http://www.wikidata.org/prop/direct/P1343,http://www.wikidata.org/entity/Q126875543
http://www.wikidata.org/entity/Q114439798,http://www.wikidata.org/prop/direct/P1343,http://www.wikidata.org/entity/Q127278423
http://www.wikidata.org/entity/Q114439798,http://www.wikidata.org/prop/direct/P1343,http://www.wikidata.org/entity/Q127278616
http://www.wikidata.org/entity/Q114439798,http://www.wikidata.org/prop/direct/P1343,http://www.wikidata.org/entity/Q127524368
http://www.wikidata.org/entity/Q114439798,http://www.wikidata.org/prop/direct/P1343,http://www.wikidata.org/entity/Q127606032
http://www.wikidata.org/entity/Q114439798,http://www.wikidata.org/prop/direct/P1343,http://www.wikidata.org/entity/Q127619817
http://www.wikidata.org/entity/Q114439798,http://www.wikidata.org/prop/direct/P1343,http://www.wikidata.org/entity/Q127691937
http://www.wikidata.org/entity/Q114439798,http://www.wikidata.org/prop/direct/P1343,http://www.wikidata.org/entity/Q128609273
http://www.wikidata.org/entity/Q114439798,http://www.wikidata.org/prop/direct/P1343,http://www.wikidata.org/entity/Q128611740
http://www.wikidata.org/entity/Q114439798,http://www.wikidata.org/prop/direct/P1343,http://www.wikidata.org/entity/Q128613270
http://www.wikidata.org/entity/Q114439798,http://www.wikidata.org/prop/direct/P1343,http://www.wikidata.org/entity/Q129421697
http://www.wikidata.org/entity/Q114439798,http://www.wikidata.org/prop/direct/P1343,http://www.wikidata.org/entity/Q129905816
http://www.wikidata.org/entity/Q114439798,http://www.wikidata.org/prop/direct/P1343,http://www.wikidata.org/entity/Q129920399
http://www.wikidata.org/entity/Q114439798,http://www.wikidata.org/prop/direct/P1343,http://www.wikidata.org/entity/Q129997144
http://www.wikidata.org/entity/Q114439798,http://www.wikidata.org/prop/direct/P1343,http://www.wikidata.org/entity/Q130265580
http://www.wikidata.org/entity/Q114439798,http://www.wikidata.org/prop/direct/P1343,http://www.wikidata.org/entity/Q130284129
http://www.wikidata.org/entity/Q114439798,http://www.wikidata.org/prop/direct/P1343,http://www.wikidata.org/entity/Q130308814
http://www.wikidata.org/entity/Q114439798,http://www.wikidata.org/prop/direct/P1343,http://www.wikidata.org/entity/Q130362725
http://www.wikidata.org/entity/Q114439798,http://www.wikidata.org/prop/direct/P1343,http://www.wikidata.org/entity/Q130471945
http://www.wikidata.org/entity/Q114439798,http://www.wikidata.org/prop/direct/P1343,http://www.wikidata.org/entity/Q130486611
http://www.wikidata.org/entity/Q114439798,http://www.wikidata.org/prop/direct/P1343,http://www.wikidata.org/entity/Q132817615
http://www.wikidata.org/entity/Q114439798,http://www.wikidata.org/prop/direct/P1343,http://www.wikidata.org/entity/Q133260886
http://www.wikidata.org/entity/Q114439798,http://www.wikidata.org/prop/direct/P1343,http://www.wikidata.org/entity/Q133575033
http://www.wikidata.org/entity/Q114439798,http://www.wikidata.org/prop/direct/P4057,KK019-024----
http://www.wikidata.org/entity/Q114439798,http://www.wikidata.org/prop/direct/P11693,1158290017
http://www.wikidata.org/entity/Q127047665,http://www.wikidata.org/prop/direct/P17,http://www.wikidata.org/entity/Q27
http://www.wikidata.org/entity/Q127047665,http://www.wikidata.org/prop/direct/P31,http://www.wikidata.org/entity/Q124714
http://www.wikidata.org/entity/Q127047665,http://www.wikidata.org/prop/direct/P31,http://www.wikidata.org/entity/Q1371047
http://www.wikidata.org/entity/Q127047665,http://www.wikidata.org/prop/direct/P31,http://www.wikidata.org/entity/Q126443332
http://www.wikidata.org/entity/Q127047665,http://www.wikidata.org/prop/direct/P131,http://www.wikidata.org/entity/Q180231
http://www.wikidata.org/entity/Q127047665,http://www.wikidata.org/prop/direct/P131,http://www.wikidata.org/entity/Q60557099
http://www.wikidata.org/entity/Q127047665,http://www.wikidata.org/prop/direct/P131,http://www.wikidata.org/entity/Q104266524
http://www.wikidata.org/entity/Q127047665,http://www.wikidata.org/prop/direct/P138,http://www.wikidata.org/entity/Q2151232
http://www.wikidata.org/entity/Q127047665,http://www.wikidata.org/prop/direct/P195,http://www.wikidata.org/entity/Q132817615
http://www.wikidata.org/entity/Q127047665,http://www.wikidata.org/prop/direct/P217,KHW2-11
http://www.wikidata.org/entity/Q127047665,http://www.wikidata.org/prop/direct/P625,Point(-6.950603 52.453135)
http://www.wikidata.org/entity/Q127047665,http://www.wikidata.org/prop/direct/P1343,http://www.wikidata.org/entity/Q126393245
http://www.wikidata.org/entity/Q127047665,http://www.wikidata.org/prop/direct/P1343,http://www.wikidata.org/entity/Q130284129
http://www.wikidata.org/entity/Q127047665,http://www.wikidata.org/prop/direct/P1343,http://www.wikidata.org/entity/Q132817615
http://www.wikidata.org/entity/Q127047665,http://www.wikidata.org/prop/direct/P6375,"""in Mr. Keeffe's field"" (Schools' Collection)"
http://www.wikidata.org/entity/Q127048193,http://www.wikidata.org/prop/direct/P17,http://www.wikidata.org/entity/Q27
http://www.wikidata.org/entity/Q127048193,http://www.wikidata.org/prop/direct/P31,http://www.wikidata.org/entity/Q1371047
http://www.wikidata.org/entity/Q127048193,http://www.wikidata.org/prop/direct/P31,http://www.wikidata.org/entity/Q126443332
http://www.wikidata.org/entity/Q127048193,http://www.wikidata.org/prop/direct/P131,http://www.wikidata.org/entity/Q180231
http://www.wikidata.org/entity/Q127048193,http://www.wikidata.org/prop/direct/P138,http://www.wikidata.org/entity/Q2419830
http://www.wikidata.org/entity/Q127048193,http://www.wikidata.org/prop/direct/P195,http://www.wikidata.org/entity/Q126875543
http://www.wikidata.org/entity/Q127048193,http://www.wikidata.org/prop/direct/P195,http://www.wikidata.org/entity/Q132817615
http://www.wikidata.org/entity/Q127048193,http://www.wikidata.org/prop/direct/P217,7
http://www.wikidata.org/entity/Q127048193,http://www.wikidata.org/prop/direct/P217,KHW2-9
http://www.wikidata.org/entity/Q127048193,http://www.wikidata.org/prop/direct/P1343,http://www.wikidata.org/entity/Q126393245
http://www.wikidata.org/entity/Q127048193,http://www.wikidata.org/prop/direct/P1343,http://www.wikidata.org/entity/Q126875543
http://www.wikidata.org/entity/Q127048193,http://www.wikidata.org/prop/direct/P1343,http://www.wikidata.org/entity/Q132817615
http://www.wikidata.org/entity/Q127048193,http://www.wikidata.org/prop/direct/P6375,"""in Doyles field"" (Schools' Collection)"
http://www.wikidata.org/entity/Q127433772,http://www.wikidata.org/prop/direct/P17,http://www.wikidata.org/entity/Q27
http://www.wikidata.org/entity/Q127433772,http://www.wikidata.org/prop/direct/P31,http://www.wikidata.org/entity/Q1365924
http://www.wikidata.org/entity/Q127433772,http://www.wikidata.org/prop/direct/P31,http://www.wikidata.org/entity/Q1371047
http://www.wikidata.org/entity/Q127433772,http://www.wikidata.org/prop/direct/P31,http://www.wikidata.org/entity/Q126443332
http://www.wikidata.org/entity/Q127433772,http://www.wikidata.org/prop/direct/P131,http://www.wikidata.org/entity/Q180231
http://www.wikidata.org/entity/Q127433772,http://www.wikidata.org/prop/direct/P131,http://www.wikidata.org/entity/Q60553891
http://www.wikidata.org/entity/Q127433772,http://www.wikidata.org/prop/direct/P625,Point(-7.3666737 52.4791178)
http://www.wikidata.org/entity/Q127433772,http://www.wikidata.org/prop/direct/P708,http://www.wikidata.org/entity/Q873607
http://www.wikidata.org/entity/Q127433772,http://www.wikidata.org/prop/direct/P1343,http://www.wikidata.org/entity/Q126393245
http://www.wikidata.org/entity/Q127433772,http://www.wikidata.org/prop/direct/P1343,http://www.wikidata.org/entity/Q126528008
http://www.wikidata.org/entity/Q127433772,http://www.wikidata.org/prop/direct/P11693,12055105308
http://www.wikidata.org/entity/Q126478257,http://www.wikidata.org/prop/direct/P17,http://www.wikidata.org/entity/Q27
http://www.wikidata.org/entity/Q126478257,http://www.wikidata.org/prop/direct/P31,http://www.wikidata.org/entity/Q124714
http://www.wikidata.org/entity/Q126478257,http://www.wikidata.org/prop/direct/P31,http://www.wikidata.org/entity/Q1371047
http://www.wikidata.org/entity/Q126478257,http://www.wikidata.org/prop/direct/P31,http://www.wikidata.org/entity/Q126443332
http://www.wikidata.org/entity/Q126478257,http://www.wikidata.org/prop/direct/P131,http://www.wikidata.org/entity/Q180231
http://www.wikidata.org/entity/Q126478257,http://www.wikidata.org/prop/direct/P131,http://www.wikidata.org/entity/Q22909518
http://www.wikidata.org/entity/Q126478257,http://www.wikidata.org/prop/direct/P131,http://www.wikidata.org/entity/Q104264885
http://www.wikidata.org/entity/Q126478257,http://www.wikidata.org/prop/direct/P138,http://www.wikidata.org/entity/Q7401223
http://www.wikidata.org/entity/Q126478257,http://www.wikidata.org/prop/direct/P195,http://www.wikidata.org/entity/Q126875543
http://www.wikidata.org/entity/Q126478257,http://www.wikidata.org/prop/direct/P195,http://www.wikidata.org/entity/Q132817615
http://www.wikidata.org/entity/Q126478257,http://www.wikidata.org/prop/direct/P217,169
http://www.wikidata.org/entity/Q126478257,http://www.wikidata.org/prop/direct/P217,KHW003
http://www.wikidata.org/entity/Q126478257,http://www.wikidata.org/prop/direct/P625,Point(-7.354 52.3431182)
http://www.wikidata.org/entity/Q126478257,http://www.wikidata.org/prop/direct/P708,http://www.wikidata.org/entity/Q873607
http://www.wikidata.org/entity/Q126478257,http://www.wikidata.org/prop/direct/P841,http://www.wikidata.org/entity/Q2333
http://www.wikidata.org/entity/Q126478257,http://www.wikidata.org/prop/direct/P1343,http://www.wikidata.org/entity/Q120966194
http://www.wikidata.org/entity/Q126478257,http://www.wikidata.org/prop/direct/P1343,http://www.wikidata.org/entity/Q126374601
http://www.wikidata.org/entity/Q126478257,http://www.wikidata.org/prop/direct/P1343,http://www.wikidata.org/entity/Q126393245
http://www.wikidata.org/entity/Q126478257,http://www.wikidata.org/prop/direct/P1343,http://www.wikidata.org/entity/Q126456421
http://www.wikidata.org/entity/Q126478257,http://www.wikidata.org/prop/direct/P1343,http://www.wikidata.org/entity/Q126474972
http://www.wikidata.org/entity/Q126478257,http://www.wikidata.org/prop/direct/P1343,http://www.wikidata.org/entity/Q126528008
http://www.wikidata.org/entity/Q126478257,http://www.wikidata.org/prop/direct/P1343,http://www.wikidata.org/entity/Q126871352
http://www.wikidata.org/entity/Q126478257,http://www.wikidata.org/prop/direct/P1343,http://www.wikidata.org/entity/Q126875543
http://www.wikidata.org/entity/Q126478257,http://www.wikidata.org/prop/direct/P1343,http://www.wikidata.org/entity/Q128304747
http://www.wikidata.org/entity/Q126478257,http://www.wikidata.org/prop/direct/P1343,http://www.wikidata.org/entity/Q130284129
http://www.wikidata.org/entity/Q126478257,http://www.wikidata.org/prop/direct/P1343,http://www.wikidata.org/entity/Q130308814
http://www.wikidata.org/entity/Q126478257,http://www.wikidata.org/prop/direct/P1343,http://www.wikidata.org/entity/Q132817615
http://www.wikidata.org/entity/Q126478257,http://www.wikidata.org/prop/direct/P1343,http://www.wikidata.org/entity/Q133263165
http://www.wikidata.org/entity/Q126478257,http://www.wikidata.org/prop/direct/P1343,http://www.wikidata.org/entity/Q133385130
http://www.wikidata.org/entity/Q126478257,http://www.wikidata.org/prop/direct/P4057,KK038-013----
http://www.wikidata.org/entity/Q126478257,http://www.wikidata.org/prop/direct/P11693,8526280242
http://www.wikidata.org/entity/Q126478330,http://www.wikidata.org/prop/direct/P17,http://www.wikidata.org/entity/Q27
http://www.wikidata.org/entity/Q126478330,http://www.wikidata.org/prop/direct/P31,http://www.wikidata.org/entity/Q1371047
http://www.wikidata.org/entity/Q126478330,http://www.wikidata.org/prop/direct/P31,http://www.wikidata.org/entity/Q126443332
http://www.wikidata.org/entity/Q126478330,http://www.wikidata.org/prop/direct/P131,http://www.wikidata.org/entity/Q180231
http://www.wikidata.org/entity/Q126478330,http://www.wikidata.org/prop/direct/P131,http://www.wikidata.org/entity/Q16901766
http://www.wikidata.org/entity/Q126478330,http://www.wikidata.org/prop/direct/P131,http://www.wikidata.org/entity/Q104266052
http://www.wikidata.org/entity/Q126478330,http://www.wikidata.org/prop/direct/P138,http://www.wikidata.org/entity/Q29182
http://www.wikidata.org/entity/Q126478330,http://www.wikidata.org/prop/direct/P195,http://www.wikidata.org/entity/Q126875543
http://www.wikidata.org/entity/Q126478330,http://www.wikidata.org/prop/direct/P195,http://www.wikidata.org/entity/Q132817615
http://www.wikidata.org/entity/Q126478330,http://www.wikidata.org/prop/direct/P217,89
http://www.wikidata.org/entity/Q126478330,http://www.wikidata.org/prop/direct/P217,KHW043
http://www.wikidata.org/entity/Q126478330,http://www.wikidata.org/prop/direct/P625,Point(-7.1259568 52.6601663)
http://www.wikidata.org/entity/Q126478330,http://www.wikidata.org/prop/direct/P708,http://www.wikidata.org/entity/Q873607
http://www.wikidata.org/entity/Q126478330,http://www.wikidata.org/prop/direct/P1343,http://www.wikidata.org/entity/Q120966194
http://www.wikidata.org/entity/Q126478330,http://www.wikidata.org/prop/direct/P1343,http://www.wikidata.org/entity/Q126374601
http://www.wikidata.org/entity/Q126478330,http://www.wikidata.org/prop/direct/P1343,http://www.wikidata.org/entity/Q126393245
http://www.wikidata.org/entity/Q126478330,http://www.wikidata.org/prop/direct/P1343,http://www.wikidata.org/entity/Q126454465
http://www.wikidata.org/entity/Q126478330,http://www.wikidata.org/prop/direct/P1343,http://www.wikidata.org/entity/Q126528008
http://www.wikidata.org/entity/Q126478330,http://www.wikidata.org/prop/direct/P1343,http://www.wikidata.org/entity/Q126540348
http://www.wikidata.org/entity/Q126478330,http://www.wikidata.org/prop/direct/P1343,http://www.wikidata.org/entity/Q126871352
http://www.wikidata.org/entity/Q126478330,http://www.wikidata.org/prop/direct/P1343,http://www.wikidata.org/entity/Q126875543
http://www.wikidata.org/entity/Q126478330,http://www.wikidata.org/prop/direct/P1343,http://www.wikidata.org/entity/Q130284129
http://www.wikidata.org/entity/Q126478330,http://www.wikidata.org/prop/direct/P1343,http://www.wikidata.org/entity/Q132817615
http://www.wikidata.org/entity/Q126478330,http://www.wikidata.org/prop/direct/P4057,KK020-019----
http://www.wikidata.org/entity/Q126478330,http://www.wikidata.org/prop/direct/P11693,8275448045
http://www.wikidata.org/entity/Q126478389,http://www.wikidata.org/prop/direct/P17,http://www.wikidata.org/entity/Q27
http://www.wikidata.org/entity/Q126478389,http://www.wikidata.org/prop/direct/P31,http://www.wikidata.org/entity/Q1371047
http://www.wikidata.org/entity/Q126478389,http://www.wikidata.org/prop/direct/P31,http://www.wikidata.org/entity/Q10713454
http://www.wikidata.org/entity/Q126478389,http://www.wikidata.org/prop/direct/P31,http://www.wikidata.org/entity/Q126443332
http://www.wikidata.org/entity/Q126478389,http://www.wikidata.org/prop/direct/P131,http://www.wikidata.org/entity/Q180231
http://www.wikidata.org/entity/Q126478389,http://www.wikidata.org/prop/direct/P138,http://www.wikidata.org/entity/Q345
http://www.wikidata.org/entity/Q126478389,http://www.wikidata.org/prop/direct/P195,http://www.wikidata.org/entity/Q126875543
http://www.wikidata.org/entity/Q126478389,http://www.wikidata.org/prop/direct/P195,http://www.wikidata.org/entity/Q132817615
http://www.wikidata.org/entity/Q126478389,http://www.wikidata.org/prop/direct/P217,104
http://www.wikidata.org/entity/Q126478389,http://www.wikidata.org/prop/direct/P217,KHW090
http://www.wikidata.org/entity/Q126478389,http://www.wikidata.org/prop/direct/P625,Point(-7.492627 52.685886)
http://www.wikidata.org/entity/Q126478389,http://www.wikidata.org/prop/direct/P708,http://www.wikidata.org/entity/Q873607
http://www.wikidata.org/entity/Q126478389,http://www.wikidata.org/prop/direct/P1343,http://www.wikidata.org/entity/Q116166792
http://www.wikidata.org/entity/Q126478389,http://www.wikidata.org/prop/direct/P1343,http://www.wikidata.org/entity/Q120966194
http://www.wikidata.org/entity/Q126478389,http://www.wikidata.org/prop/direct/P1343,http://www.wikidata.org/entity/Q126374601
http://www.wikidata.org/entity/Q126478389,http://www.wikidata.org/prop/direct/P1343,http://www.wikidata.org/entity/Q126528008
http://www.wikidata.org/entity/Q126478389,http://www.wikidata.org/prop/direct/P1343,http://www.wikidata.org/entity/Q126540348
http://www.wikidata.org/entity/Q126478389,http://www.wikidata.org/prop/direct/P1343,http://www.wikidata.org/entity/Q126875543
http://www.wikidata.org/entity/Q126478389,http://www.wikidata.org/prop/direct/P1343,http://www.wikidata.org/entity/Q130284129
http://www.wikidata.org/entity/Q126478389,http://www.wikidata.org/prop/direct/P1343,http://www.wikidata.org/entity/Q130308814
http://www.wikidata.org/entity/Q126478389,http://www.wikidata.org/prop/direct/P1343,http://www.wikidata.org/entity/Q132817615
http://www.wikidata.org/entity/Q126478389,http://www.wikidata.org/prop/direct/P4057,KK012-066----
http://www.wikidata.org/entity/Q126478427,http://www.wikidata.org/prop/direct/P17,http://www.wikidata.org/entity/Q27
http://www.wikidata.org/entity/Q126478427,http://www.wikidata.org/prop/direct/P31,http://www.wikidata.org/entity/Q1371047
http://www.wikidata.org/entity/Q126478427,http://www.wikidata.org/prop/direct/P31,http://www.wikidata.org/entity/Q126443332
http://www.wikidata.org/entity/Q126478427,http://www.wikidata.org/prop/direct/P131,http://www.wikidata.org/entity/Q180231
http://www.wikidata.org/entity/Q126478427,http://www.wikidata.org/prop/direct/P131,http://www.wikidata.org/entity/Q60557159
http://www.wikidata.org/entity/Q126478427,http://www.wikidata.org/prop/direct/P138,http://www.wikidata.org/entity/Q2151232
http://www.wikidata.org/entity/Q126478427,http://www.wikidata.org/prop/direct/P195,http://www.wikidata.org/entity/Q126875543
http://www.wikidata.org/entity/Q126478549,http://www.wikidata.org/prop/direct/P31,http://www.wikidata.org/entity/Q1371047
http://www.wikidata.org/entity/Q126478549,http://www.wikidata.org/prop/direct/P31,http://www.wikidata.org/entity/Q126443332
http://www.wikidata.org/entity/Q126478549,http://www.wikidata.org/prop/direct/P131,http://www.wikidata.org/entity/Q180231
http://www.wikidata.org/entity/Q126478549,http://www.wikidata.org/prop/direct/P131,http://www.wikidata.org/entity/Q60557176
http://www.wikidata.org/entity/Q126478549,http://www.wikidata.org/prop/direct/P131,http://www.wikidata.org/entity/Q104264857
http://www.wikidata.org/entity/Q126478549,http://www.wikidata.org/prop/direct/P138,http://www.wikidata.org/entity/Q345
http://www.wikidata.org/entity/Q126478549,http://www.wikidata.org/prop/direct/P195,http://www.wikidata.org/entity/Q126875543
http://www.wikidata.org/entity/Q126478549,http://www.wikidata.org/prop/direct/P195,http://www.wikidata.org/entity/Q132817615
http://www.wikidata.org/entity/Q126478549,http://www.wikidata.org/prop/direct/P217,113
http://www.wikidata.org/entity/Q126478549,http://www.wikidata.org/prop/direct/P217,KHW014
http://www.wikidata.org/entity/Q126478549,http://www.wikidata.org/prop/direct/P373,Crokes Well
http://www.wikidata.org/entity/Q126478549,http://www.wikidata.org/prop/direct/P625,Point(-7.366242 52.417549)
http://www.wikidata.org/entity/Q126478549,http://www.wikidata.org/prop/direct/P708,http://www.wikidata.org/entity/Q873607
http://www.wikidata.org/entity/Q126478549,http://www.wikidata.org/prop/direct/P1343,http://www.wikidata.org/entity/Q120966194
http://www.wikidata.org/entity/Q126478549,http://www.wikidata.org/prop/direct/P1343,http://www.wikidata.org/entity/Q126374601
http://www.wikidata.org/entity/Q126478549,http://www.wikidata.org/prop/direct/P1343,http://www.wikidata.org/entity/Q126393245
http://www.wikidata.org/entity/Q126478549,http://www.wikidata.org/prop/direct/P1343,http://www.wikidata.org/entity/Q126456421
http://www.wikidata.org/entity/Q126478549,http://www.wikidata.org/prop/direct/P1343,http://www.wikidata.org/entity/Q126528008
http://www.wikidata.org/entity/Q126478549,http://www.wikidata.org/prop/direct/P1343,http://www.wikidata.org/entity/Q126540348
http://www.wikidata.org/entity/Q126478549,http://www.wikidata.org/prop/direct/P1343,http://www.wikidata.org/entity/Q126555558
http://www.wikidata.org/entity/Q126478549,http://www.wikidata.org/prop/direct/P1343,http://www.wikidata.org/entity/Q126875543
http://www.wikidata.org/entity/Q126478549,http://www.wikidata.org/prop/direct/P1343,http://www.wikidata.org/entity/Q130284129
http://www.wikidata.org/entity/Q126478549,http://www.wikidata.org/prop/direct/P1343,http://www.wikidata.org/entity/Q130308814
http://www.wikidata.org/entity/Q126478549,http://www.wikidata.org/prop/direct/P1343,http://www.wikidata.org/entity/Q132817615
http://www.wikidata.org/entity/Q126478549,http://www.wikidata.org/prop/direct/P4057,KK034-024----
http://www.wikidata.org/entity/Q126478564,http://www.wikidata.org/prop/direct/P17,http://www.wikidata.org/entity/Q27
http://www.wikidata.org/entity/Q126478564,http://www.wikidata.org/prop/direct/P18,http://commons.wikimedia.org/wiki/Special:FilePath/Location%20of%20Tobernaraha.jpg
http://www.wikidata.org/entity/Q126478564,http://www.wikidata.org/prop/direct/P31,http://www.wikidata.org/entity/Q1371047
http://www.wikidata.org/entity/Q126478564,http://www.wikidata.org/prop/direct/P31,http://www.wikidata.org/entity/Q126443332
http://www.wikidata.org/entity/Q126478564,http://www.wikidata.org/prop/direct/P131,http://www.wikidata.org/entity/Q180231
http://www.wikidata.org/entity/Q126478564,http://www.wikidata.org/prop/direct/P131,http://www.wikidata.org/entity/Q60557176
http://www.wikidata.org/entity/Q126478564,http://www.wikidata.org/prop/direct/P131,http://www.wikidata.org/entity/Q104264753
http://www.wikidata.org/entity/Q126478564,http://www.wikidata.org/prop/direct/P138,http://www.wikidata.org/entity/Q92383
http://www.wikidata.org/entity/Q126478564,http://www.wikidata.org/prop/direct/P195,http://www.wikidata.org/entity/Q126875543
http://www.wikidata.org/entity/Q126478564,http://www.wikidata.org/prop/direct/P195,http://www.wikidata.org/entity/Q132817615
http://www.wikidata.org/entity/Q126478564,http://www.wikidata.org/prop/direct/P217,129
http://www.wikidata.org/entity/Q126478564,http://www.wikidata.org/prop/direct/P217,KHW013
http://www.wikidata.org/entity/Q126478564,http://www.wikidata.org/prop/direct/P373,Tobernaraha
http://www.wikidata.org/entity/Q126478564,http://www.wikidata.org/prop/direct/P625,Point(-7.4011848 52.4338757)
http://www.wikidata.org/entity/Q126478564,http://www.wikidata.org/prop/direct/P708,http://www.wikidata.org/entity/Q873607
http://www.wikidata.org/entity/Q126478564,http://www.wikidata.org/prop/direct/P1343,http://www.wikidata.org/entity/Q120966194
http://www.wikidata.org/entity/Q126478564,http://www.wikidata.org/prop/direct/P1343,http://www.wikidata.org/entity/Q126374601
http://www.wikidata.org/entity/Q126478564,http://www.wikidata.org/prop/direct/P1343,http://www.wikidata.org/entity/Q126456421
http://www.wikidata.org/entity/Q126478564,http://www.wikidata.org/prop/direct/P1343,http://www.wikidata.org/entity/Q126528008
http://www.wikidata.org/entity/Q126478564,http://www.wikidata.org/prop/direct/P1343,http://www.wikidata.org/entity/Q126875543
http://www.wikidata.org/entity/Q126478564,http://www.wikidata.org/prop/direct/P1343,http://www.wikidata.org/entity/Q130284129
http://www.wikidata.org/entity/Q126478564,http://www.wikidata.org/prop/direct/P1343,http://www.wikidata.org/entity/Q132817615
http://www.wikidata.org/entity/Q126478564,http://www.wikidata.org/prop/direct/P4057,KK034-011----
http://www.wikidata.org/entity/Q121840779,http://www.wikidata.org/prop/direct/P17,http://www.wikidata.org/entity/Q27
http://www.wikidata.org/entity/Q121840779,http://www.wikidata.org/prop/direct/P18,http://commons.wikimedia.org/wiki/Special:FilePath/Toberlachtain%20Tober%20Lachtain%2002.jpg
http://www.wikidata.org/entity/Q121840779,http://www.wikidata.org/prop/direct/P31,http://www.wikidata.org/entity/Q124714
http://www.wikidata.org/entity/Q121840779,http://www.wikidata.org/prop/direct/P31,http://www.wikidata.org/entity/Q811979
http://www.wikidata.org/entity/Q121840779,http://www.wikidata.org/prop/direct/P31,http://www.wikidata.org/entity/Q1371047
http://www.wikidata.org/entity/Q121840779,http://www.wikidata.org/prop/direct/P31,http://www.wikidata.org/entity/Q126443332
http://www.wikidata.org/entity/Q121840779,http://www.wikidata.org/prop/direct/P131,http://www.wikidata.org/entity/Q180231
http://www.wikidata.org/entity/Q121840779,http://www.wikidata.org/prop/direct/P131,http://www.wikidata.org/entity/Q60554307
http://www.wikidata.org/entity/Q121840779,http://www.wikidata.org/prop/direct/P138,http://www.wikidata.org/entity/Q18674069
http://www.wikidata.org/entity/Q121840779,http://www.wikidata.org/prop/direct/P195,http://www.wikidata.org/entity/Q126875543
http://www.wikidata.org/entity/Q121840779,http://www.wikidata.org/prop/direct/P195,http://www.wikidata.org/entity/Q132817615
http://www.wikidata.org/entity/Q121840779,http://www.wikidata.org/prop/direct/P217,137
http://www.wikidata.org/entity/Q121840779,http://www.wikidata.org/prop/direct/P217,KHW100
http://www.wikidata.org/entity/Q121840779,http://www.wikidata.org/prop/direct/P373,Toberlachtain
http://www.wikidata.org/entity/Q121840779,http://www.wikidata.org/prop/direct/P625,Point(-7.38951 52.7316)
http://www.wikidata.org/entity/Q121840779,http://www.wikidata.org/prop/direct/P708,http://www.wikidata.org/entity/Q873607
http://www.wikidata.org/entity/Q121840779,http://www.wikidata.org/prop/direct/P1325,https://sketchfab.com/3d-models/freshford-st-lachtains-well-low-poly-ae1e1f4daa7d433dbbf076407134e81e
http://www.wikidata.org/entity/Q121840779,http://www.wikidata.org/prop/direct/P1343,http://www.wikidata.org/entity/Q48998249
http://www.wikidata.org/entity/Q121840779,http://www.wikidata.org/prop/direct/P1343,http://www.wikidata.org/entity/Q116166792
http://www.wikidata.org/entity/Q121840779,http://www.wikidata.org/prop/direct/P1343,http://www.wikidata.org/entity/Q120966194
http://www.wikidata.org/entity/Q121840779,http://www.wikidata.org/prop/direct/P1343,http://www.wikidata.org/entity/Q126374601
http://www.wikidata.org/entity/Q121840779,http://www.wikidata.org/prop/direct/P1343,http://www.wikidata.org/entity/Q126393245
http://www.wikidata.org/entity/Q121840779,http://www.wikidata.org/prop/direct/P1343,http://www.wikidata.org/entity/Q126474972
http://www.wikidata.org/entity/Q121840779,http://www.wikidata.org/prop/direct/P1343,http://www.wikidata.org/entity/Q126528008
http://www.wikidata.org/entity/Q121840779,http://www.wikidata.org/prop/direct/P1343,http://www.wikidata.org/entity/Q126540348
http://www.wikidata.org/entity/Q121840779,http://www.wikidata.org/prop/direct/P1343,http://www.wikidata.org/entity/Q126555558
http://www.wikidata.org/entity/Q121840779,http://www.wikidata.org/prop/direct/P1343,http://www.wikidata.org/entity/Q126871352
http://www.wikidata.org/entity/Q121840779,http://www.wikidata.org/prop/direct/P1343,http://www.wikidata.org/entity/Q126875543
http://www.wikidata.org/entity/Q121840779,http://www.wikidata.org/prop/direct/P1343,http://www.wikidata.org/entity/Q127278549
http://www.wikidata.org/entity/Q121840779,http://www.wikidata.org/prop/direct/P1343,http://www.wikidata.org/entity/Q129181072
http://www.wikidata.org/entity/Q121840779,http://www.wikidata.org/prop/direct/P1343,http://www.wikidata.org/entity/Q129571698
http://www.wikidata.org/entity/Q121840779,http://www.wikidata.org/prop/direct/P1343,http://www.wikidata.org/entity/Q130284129
http://www.wikidata.org/entity/Q121840779,http://www.wikidata.org/prop/direct/P1343,http://www.wikidata.org/entity/Q130308814
http://www.wikidata.org/entity/Q121840779,http://www.wikidata.org/prop/direct/P1343,http://www.wikidata.org/entity/Q130471945
http://www.wikidata.org/entity/Q121840779,http://www.wikidata.org/prop/direct/P1343,http://www.wikidata.org/entity/Q130536454
http://www.wikidata.org/entity/Q121840779,http://www.wikidata.org/prop/direct/P1343,http://www.wikidata.org/entity/Q131192390
http://www.wikidata.org/entity/Q121840779,http://www.wikidata.org/prop/direct/P1343,http://www.wikidata.org/entity/Q131192961
http://www.wikidata.org/entity/Q121840779,http://www.wikidata.org/prop/direct/P1343,http://www.wikidata.org/entity/Q132817615
http://www.wikidata.org/entity/Q121840779,http://www.wikidata.org/prop/direct/P2175,http://www.wikidata.org/entity/Q10874
http://www.wikidata.org/entity/Q126485868,http://www.wikidata.org/prop/direct/P17,http://www.wikidata.org/entity/Q27
http://www.wikidata.org/entity/Q126485868,http://www.wikidata.org/prop/direct/P31,http://www.wikidata.org/entity/Q1371047
http://www.wikidata.org/entity/Q126485868,http://www.wikidata.org/prop/direct/P31,http://www.wikidata.org/entity/Q126443332
http://www.wikidata.org/entity/Q126485868,http://www.wikidata.org/prop/direct/P131,http://www.wikidata.org/entity/Q180231
http://www.wikidata.org/entity/Q126485868,http://www.wikidata.org/prop/direct/P131,http://www.wikidata.org/entity/Q60557178
http://www.wikidata.org/entity/Q126485868,http://www.wikidata.org/prop/direct/P131,http://www.wikidata.org/entity/Q104264950
http://www.wikidata.org/entity/Q126485868,http://www.wikidata.org/prop/direct/P138,http://www.wikidata.org/entity/Q179718
http://www.wikidata.org/entity/Q126485868,http://www.wikidata.org/prop/direct/P195,http://www.wikidata.org/entity/Q126875543
http://www.wikidata.org/entity/Q126485868,http://www.wikidata.org/prop/direct/P195,http://www.wikidata.org/entity/Q132817615
http://www.wikidata.org/entity/Q126485868,http://www.wikidata.org/prop/direct/P217,179
http://www.wikidata.org/entity/Q126485868,http://www.wikidata.org/prop/direct/P217,KHW068
http://www.wikidata.org/entity/Q126485868,http://www.wikidata.org/prop/direct/P625,Point(-7.3568852 52.5633242)
http://www.wikidata.org/entity/Q126485868,http://www.wikidata.org/prop/direct/P708,http://www.wikidata.org/entity/Q873607
http://www.wikidata.org/entity/Q126485868,http://www.wikidata.org/prop/direct/P841,http://www.wikidata.org/entity/Q2273
http://www.wikidata.org/entity/Q126485868,http://www.wikidata.org/prop/direct/P1343,http://www.wikidata.org/entity/Q120966194
http://www.wikidata.org/entity/Q126485868,http://www.wikidata.org/prop/direct/P1343,http://www.wikidata.org/entity/Q126374601
http://www.wikidata.org/entity/Q126485868,http://www.wikidata.org/prop/direct/P1343,http://www.wikidata.org/entity/Q126393245
http://www.wikidata.org/entity/Q126485868,http://www.wikidata.org/prop/direct/P1343,http://www.wikidata.org/entity/Q126454465
http://www.wikidata.org/entity/Q126485868,http://www.wikidata.org/prop/direct/P1343,http://www.wikidata.org/entity/Q126474972
http://www.wikidata.org/entity/Q126485868,http://www.wikidata.org/prop/direct/P1343,http://www.wikidata.org/entity/Q126528008
http://www.wikidata.org/entity/Q126485868,http://www.wikidata.org/prop/direct/P1343,http://www.wikidata.org/entity/Q126540348
http://www.wikidata.org/entity/Q126485868,http://www.wikidata.org/prop/direct/P1343,http://www.wikidata.org/entity/Q126875543
http://www.wikidata.org/entity/Q126485868,http://www.wikidata.org/prop/direct/P1343,http://www.wikidata.org/entity/Q128308754
http://www.wikidata.org/entity/Q126485868,http://www.wikidata.org/prop/direct/P1343,http://www.wikidata.org/entity/Q129907246
http://www.wikidata.org/entity/Q126485868,http://www.wikidata.org/prop/direct/P1343,http://www.wikidata.org/entity/Q130284129
http://www.wikidata.org/entity/Q126485868,http://www.wikidata.org/prop/direct/P1343,http://www.wikidata.org/entity/Q130308814
http://www.wikidata.org/entity/Q126485868,http://www.wikidata.org/prop/direct/P1343,http://www.wikidata.org/entity/Q132817615
http://www.wikidata.org/entity/Q126485868,http://www.wikidata.org/prop/direct/P1343,http://www.wikidata.org/entity/Q134720375
http://www.wikidata.org/entity/Q126485868,http://www.wikidata.org/prop/direct/P4057,KK022-027004-
http://www.wikidata.org/entity/Q126485868,http://www.wikidata.org/prop/direct/P6375,"""it is beside the stream on the opposite side to the Cemetery"""
http://www.wikidata.org/entity/Q126485868,http://www.wikidata.org/prop/direct/P11693,8515294364
http://www.wikidata.org/entity/Q126485951,http://www.wikidata.org/prop/direct/P17,http://www.wikidata.org/entity/Q27
http://www.wikidata.org/entity/Q126485951,http://www.wikidata.org/prop/direct/P31,http://www.wikidata.org/entity/Q1371047
http://www.wikidata.org/entity/Q126485951,http://www.wikidata.org/prop/direct/P31,http://www.wikidata.org/entity/Q126443332
http://www.wikidata.org/entity/Q126485951,http://www.wikidata.org/prop/direct/P131,http://www.wikidata.org/entity/Q180231
http://www.wikidata.org/entity/Q126485951,http://www.wikidata.org/prop/direct/P131,http://www.wikidata.org/entity/Q60557179
http://www.wikidata.org/entity/Q126485951,http://www.wikidata.org/prop/direct/P131,http://www.wikidata.org/entity/Q104264740
http://www.wikidata.org/entity/Q121840779,http://www.wikidata.org/prop/direct/P2175,http://www.wikidata.org/entity/Q21925570
http://www.wikidata.org/entity/Q121840779,http://www.wikidata.org/prop/direct/P2186,IE-KK-0248
http://www.wikidata.org/entity/Q121840779,http://www.wikidata.org/prop/direct/P3342,http://www.wikidata.org/entity/Q64735653
http://www.wikidata.org/entity/Q121840779,http://www.wikidata.org/prop/direct/P4057,KK013-025----
http://www.wikidata.org/entity/Q121840779,http://www.wikidata.org/prop/direct/P10689,935503837
http://www.wikidata.org/entity/Q121842432,http://www.wikidata.org/prop/direct/P17,http://www.wikidata.org/entity/Q27
http://www.wikidata.org/entity/Q121842432,http://www.wikidata.org/prop/direct/P18,http://commons.wikimedia.org/wiki/Special:FilePath/St%20Fiachra%27s%20Well%20Sheastown.jpg
http://www.wikidata.org/entity/Q121842432,http://www.wikidata.org/prop/direct/P31,http://www.wikidata.org/entity/Q1371047
http://www.wikidata.org/entity/Q121842432,http://www.wikidata.org/prop/direct/P31,http://www.wikidata.org/entity/Q126443332
http://www.wikidata.org/entity/Q121842432,http://www.wikidata.org/prop/direct/P131,http://www.wikidata.org/entity/Q180231
http://www.wikidata.org/entity/Q121842432,http://www.wikidata.org/prop/direct/P131,http://www.wikidata.org/entity/Q60554717
http://www.wikidata.org/entity/Q121842432,http://www.wikidata.org/prop/direct/P138,http://www.wikidata.org/entity/Q953927
http://www.wikidata.org/entity/Q121842432,http://www.wikidata.org/prop/direct/P195,http://www.wikidata.org/entity/Q126875543
http://www.wikidata.org/entity/Q121842432,http://www.wikidata.org/prop/direct/P195,http://www.wikidata.org/entity/Q132817615
http://www.wikidata.org/entity/Q121842432,http://www.wikidata.org/prop/direct/P217,166
http://www.wikidata.org/entity/Q121842432,http://www.wikidata.org/prop/direct/P217,KHW044
http://www.wikidata.org/entity/Q121842432,http://www.wikidata.org/prop/direct/P373,"St Fiachra's Well, Sheastown"
http://www.wikidata.org/entity/Q121842432,http://www.wikidata.org/prop/direct/P625,Point(-7.1978959 52.6216672)
http://www.wikidata.org/entity/Q121842432,http://www.wikidata.org/prop/direct/P708,http://www.wikidata.org/entity/Q873607
http://www.wikidata.org/entity/Q121842432,http://www.wikidata.org/prop/direct/P841,http://www.wikidata.org/entity/Q2818
http://www.wikidata.org/entity/Q121842432,http://www.wikidata.org/prop/direct/P841,http://www.wikidata.org/entity/Q51203119
http://www.wikidata.org/entity/Q121842432,http://www.wikidata.org/prop/direct/P973,https://excavations.ie/report/1980-84/Kilkenny/0000485/
http://www.wikidata.org/entity/Q121842432,http://www.wikidata.org/prop/direct/P973,https://kilkennyarchaeologicalsociety.ie/wp-content/uploads/2018/03/Kilfera-sheestown-KAS.pdf
http://www.wikidata.org/entity/Q121842432,http://www.wikidata.org/prop/direct/P973,https://irelandsholywells.blogspot.com/2012/07/saint-fiacres-well-kilkenny.html
http://www.wikidata.org/entity/Q121842432,http://www.wikidata.org/prop/direct/P1325,https://sketchfab.com/3d-models/sheastown-st-fiachres-well-low-poly-be3bcad3a3204744a33b2255465028b8
http://www.wikidata.org/entity/Q121842432,http://www.wikidata.org/prop/direct/P1343,http://www.wikidata.org/entity/Q6407043
http://www.wikidata.org/entity/Q121842432,http://www.wikidata.org/prop/direct/P1343,http://www.wikidata.org/entity/Q120966194
http://www.wikidata.org/entity/Q121842432,http://www.wikidata.org/prop/direct/P1343,http://www.wikidata.org/entity/Q126374601
http://www.wikidata.org/entity/Q121842432,http://www.wikidata.org/prop/direct/P1343,http://www.wikidata.org/entity/Q126393245
http://www.wikidata.org/entity/Q121842432,http://www.wikidata.org/prop/direct/P1343,http://www.wikidata.org/entity/Q126454465
http://www.wikidata.org/entity/Q121842432,http://www.wikidata.org/prop/direct/P1343,http://www.wikidata.org/entity/Q126474972
http://www.wikidata.org/entity/Q121842432,http://www.wikidata.org/prop/direct/P1343,http://www.wikidata.org/entity/Q126528008
http://www.wikidata.org/entity/Q121842432,http://www.wikidata.org/prop/direct/P1343,http://www.wikidata.org/entity/Q126540348
http://www.wikidata.org/entity/Q121842432,http://www.wikidata.org/prop/direct/P1343,http://www.wikidata.org/entity/Q126875543
http://www.wikidata.org/entity/Q121842432,http://www.wikidata.org/prop/direct/P1343,http://www.wikidata.org/entity/Q127815620
http://www.wikidata.org/entity/Q121842432,http://www.wikidata.org/prop/direct/P1343,http://www.wikidata.org/entity/Q127816174
http://www.wikidata.org/entity/Q121842432,http://www.wikidata.org/prop/direct/P1343,http://www.wikidata.org/entity/Q129570937
http://www.wikidata.org/entity/Q121842432,http://www.wikidata.org/prop/direct/P1343,http://www.wikidata.org/entity/Q129833398
http://www.wikidata.org/entity/Q121842432,http://www.wikidata.org/prop/direct/P1343,http://www.wikidata.org/entity/Q129834572
http://www.wikidata.org/entity/Q121842432,http://www.wikidata.org/prop/direct/P1343,http://www.wikidata.org/entity/Q130266875
http://www.wikidata.org/entity/Q121842432,http://www.wikidata.org/prop/direct/P1343,http://www.wikidata.org/entity/Q130284129
http://www.wikidata.org/entity/Q121842432,http://www.wikidata.org/prop/direct/P1343,http://www.wikidata.org/entity/Q130308814
http://www.wikidata.org/entity/Q121842432,http://www.wikidata.org/prop/direct/P1343,http://www.wikidata.org/entity/Q130377925
http://www.wikidata.org/entity/Q121842432,http://www.wikidata.org/prop/direct/P1343,http://www.wikidata.org/entity/Q132817615
http://www.wikidata.org/entity/Q121842432,http://www.wikidata.org/prop/direct/P1343,http://www.wikidata.org/entity/Q134720267
http://www.wikidata.org/entity/Q121842432,http://www.wikidata.org/prop/direct/P2186,IE-KK-0249
http://www.wikidata.org/entity/Q122258894,http://www.wikidata.org/prop/direct/P1343,http://www.wikidata.org/entity/Q120966194
http://www.wikidata.org/entity/Q122258894,http://www.wikidata.org/prop/direct/P1343,http://www.wikidata.org/entity/Q126374601
http://www.wikidata.org/entity/Q122258894,http://www.wikidata.org/prop/direct/P1343,http://www.wikidata.org/entity/Q126393245
http://www.wikidata.org/entity/Q122258894,http://www.wikidata.org/prop/direct/P1343,http://www.wikidata.org/entity/Q126474972
http://www.wikidata.org/entity/Q122258894,http://www.wikidata.org/prop/direct/P1343,http://www.wikidata.org/entity/Q126490531
http://www.wikidata.org/entity/Q122258894,http://www.wikidata.org/prop/direct/P1343,http://www.wikidata.org/entity/Q126528008
http://www.wikidata.org/entity/Q122258894,http://www.wikidata.org/prop/direct/P1343,http://www.wikidata.org/entity/Q126540348
http://www.wikidata.org/entity/Q122258894,http://www.wikidata.org/prop/direct/P1343,http://www.wikidata.org/entity/Q126555558
http://www.wikidata.org/entity/Q122258894,http://www.wikidata.org/prop/direct/P1343,http://www.wikidata.org/entity/Q126871352
http://www.wikidata.org/entity/Q122258894,http://www.wikidata.org/prop/direct/P1343,http://www.wikidata.org/entity/Q126875543
http://www.wikidata.org/entity/Q122258894,http://www.wikidata.org/prop/direct/P1343,http://www.wikidata.org/entity/Q127432104
http://www.wikidata.org/entity/Q122258894,http://www.wikidata.org/prop/direct/P1343,http://www.wikidata.org/entity/Q128694249
http://www.wikidata.org/entity/Q122258894,http://www.wikidata.org/prop/direct/P1343,http://www.wikidata.org/entity/Q129570937
http://www.wikidata.org/entity/Q122258894,http://www.wikidata.org/prop/direct/P1343,http://www.wikidata.org/entity/Q129839662
http://www.wikidata.org/entity/Q122258894,http://www.wikidata.org/prop/direct/P1343,http://www.wikidata.org/entity/Q130140226
http://www.wikidata.org/entity/Q122258894,http://www.wikidata.org/prop/direct/P1343,http://www.wikidata.org/entity/Q130284129
http://www.wikidata.org/entity/Q122258894,http://www.wikidata.org/prop/direct/P1343,http://www.wikidata.org/entity/Q130352573
http://www.wikidata.org/entity/Q122258894,http://www.wikidata.org/prop/direct/P1343,http://www.wikidata.org/entity/Q132817615
http://www.wikidata.org/entity/Q122258894,http://www.wikidata.org/prop/direct/P2186,IE-KK-0312
http://www.wikidata.org/entity/Q122258894,http://www.wikidata.org/prop/direct/P4057,KK025-038003-
http://www.wikidata.org/entity/Q122258894,http://www.wikidata.org/prop/direct/P11693,8512180854
http://www.wikidata.org/entity/Q122258906,http://www.wikidata.org/prop/direct/P10,http://commons.wikimedia.org/wiki/Special:FilePath/Goresbridge%20Lady%27s%20Well.webm
http://www.wikidata.org/entity/Q122258906,http://www.wikidata.org/prop/direct/P17,http://www.wikidata.org/entity/Q27
http://www.wikidata.org/entity/Q122258906,http://www.wikidata.org/prop/direct/P18,http://commons.wikimedia.org/wiki/Special:FilePath/Lady%27s%20Well.jpg
http://www.wikidata.org/entity/Q122258906,http://www.wikidata.org/prop/direct/P18,http://commons.wikimedia.org/wiki/Special:FilePath/Lady%27s%20Well%20in%20its%20fenced%20off%20enclosure.jpg
http://www.wikidata.org/entity/Q122258906,http://www.wikidata.org/prop/direct/P18,http://commons.wikimedia.org/wiki/Special:FilePath/Lady%27s%20Well%20with%20hawthorn%20tree.jpg
http://www.wikidata.org/entity/Q122258906,http://www.wikidata.org/prop/direct/P31,http://www.wikidata.org/entity/Q1371047
http://www.wikidata.org/entity/Q122258906,http://www.wikidata.org/prop/direct/P31,http://www.wikidata.org/entity/Q126443332
http://www.wikidata.org/entity/Q122258906,http://www.wikidata.org/prop/direct/P131,http://www.wikidata.org/entity/Q180231
http://www.wikidata.org/entity/Q122258906,http://www.wikidata.org/prop/direct/P131,http://www.wikidata.org/entity/Q60554418
http://www.wikidata.org/entity/Q122258906,http://www.wikidata.org/prop/direct/P131,http://www.wikidata.org/entity/Q104266335
http://www.wikidata.org/entity/Q122258906,http://www.wikidata.org/prop/direct/P138,http://www.wikidata.org/entity/Q345
http://www.wikidata.org/entity/Q122258906,http://www.wikidata.org/prop/direct/P195,http://www.wikidata.org/entity/Q126875543
http://www.wikidata.org/entity/Q122258906,http://www.wikidata.org/prop/direct/P195,http://www.wikidata.org/entity/Q132817615
http://www.wikidata.org/entity/Q122258906,http://www.wikidata.org/prop/direct/P217,90
http://www.wikidata.org/entity/Q122258906,http://www.wikidata.org/prop/direct/P217,KHW2-30
http://www.wikidata.org/entity/Q122258906,http://www.wikidata.org/prop/direct/P373,"Lady's Well, Goresbridge"
http://www.wikidata.org/entity/Q122258906,http://www.wikidata.org/prop/direct/P625,Point(-7.0093773 52.6293381)
http://www.wikidata.org/entity/Q122258906,http://www.wikidata.org/prop/direct/P708,http://www.wikidata.org/entity/Q873607
http://www.wikidata.org/entity/Q122258906,http://www.wikidata.org/prop/direct/P841,http://www.wikidata.org/entity/Q2774
http://www.wikidata.org/entity/Q122258906,http://www.wikidata.org/prop/direct/P841,http://www.wikidata.org/entity/Q65347908
http://www.wikidata.org/entity/Q122258906,http://www.wikidata.org/prop/direct/P1325,https://sketchfab.com/3d-models/goresbridge-ladys-well-statue-low-poly-6bdcfdcece3e4f6ab15a3ad6550c2d18
http://www.wikidata.org/entity/Q122258906,http://www.wikidata.org/prop/direct/P1343,http://www.wikidata.org/entity/Q6407043
http://www.wikidata.org/entity/Q122258906,http://www.wikidata.org/prop/direct/P1343,http://www.wikidata.org/entity/Q120966194
http://www.wikidata.org/entity/Q126486052,http://www.wikidata.org/prop/direct/P17,http://www.wikidata.org/entity/Q27
http://www.wikidata.org/entity/Q126486052,http://www.wikidata.org/prop/direct/P31,http://www.wikidata.org/entity/Q124714
http://www.wikidata.org/entity/Q126486052,http://www.wikidata.org/prop/direct/P31,http://www.wikidata.org/entity/Q1371047
http://www.wikidata.org/entity/Q126486052,http://www.wikidata.org/prop/direct/P31,http://www.wikidata.org/entity/Q126443332
http://www.wikidata.org/entity/Q126486052,http://www.wikidata.org/prop/direct/P131,http://www.wikidata.org/entity/Q180231
http://www.wikidata.org/entity/Q126486052,http://www.wikidata.org/prop/direct/P131,http://www.wikidata.org/entity/Q60556288
http://www.wikidata.org/entity/Q126486052,http://www.wikidata.org/prop/direct/P131,http://www.wikidata.org/entity/Q130314367
http://www.wikidata.org/entity/Q126486052,http://www.wikidata.org/prop/direct/P138,http://www.wikidata.org/entity/Q7242
http://www.wikidata.org/entity/Q126486052,http://www.wikidata.org/prop/direct/P195,http://www.wikidata.org/entity/Q126875543
http://www.wikidata.org/entity/Q126486052,http://www.wikidata.org/prop/direct/P195,http://www.wikidata.org/entity/Q132817615
http://www.wikidata.org/entity/Q126486052,http://www.wikidata.org/prop/direct/P217,85
http://www.wikidata.org/entity/Q126486052,http://www.wikidata.org/prop/direct/P217,KHW155
http://www.wikidata.org/entity/Q126486052,http://www.wikidata.org/prop/direct/P217,KHW159
http://www.wikidata.org/entity/Q126486052,http://www.wikidata.org/prop/direct/P625,Point(-7.2739122 52.3212394)
http://www.wikidata.org/entity/Q126486052,http://www.wikidata.org/prop/direct/P708,http://www.wikidata.org/entity/Q873607
http://www.wikidata.org/entity/Q126486052,http://www.wikidata.org/prop/direct/P841,http://www.wikidata.org/entity/Q51638
http://www.wikidata.org/entity/Q126486052,http://www.wikidata.org/prop/direct/P1343,http://www.wikidata.org/entity/Q126393245
http://www.wikidata.org/entity/Q126486052,http://www.wikidata.org/prop/direct/P1343,http://www.wikidata.org/entity/Q126456421
http://www.wikidata.org/entity/Q126486052,http://www.wikidata.org/prop/direct/P1343,http://www.wikidata.org/entity/Q126875543
http://www.wikidata.org/entity/Q126486052,http://www.wikidata.org/prop/direct/P1343,http://www.wikidata.org/entity/Q129088050
http://www.wikidata.org/entity/Q126486052,http://www.wikidata.org/prop/direct/P1343,http://www.wikidata.org/entity/Q129176807
http://www.wikidata.org/entity/Q126486052,http://www.wikidata.org/prop/direct/P1343,http://www.wikidata.org/entity/Q130284129
http://www.wikidata.org/entity/Q126486052,http://www.wikidata.org/prop/direct/P1343,http://www.wikidata.org/entity/Q130308814
http://www.wikidata.org/entity/Q126486052,http://www.wikidata.org/prop/direct/P1343,http://www.wikidata.org/entity/Q132817615
http://www.wikidata.org/entity/Q126486052,http://www.wikidata.org/prop/direct/P11693,8538760789
http://www.wikidata.org/entity/Q126486113,http://www.wikidata.org/prop/direct/P10,http://commons.wikimedia.org/wiki/Special:FilePath/Tobernaskeagh%20stream.webm
http://www.wikidata.org/entity/Q126486113,http://www.wikidata.org/prop/direct/P17,http://www.wikidata.org/entity/Q27
http://www.wikidata.org/entity/Q126486113,http://www.wikidata.org/prop/direct/P31,http://www.wikidata.org/entity/Q43483
http://www.wikidata.org/entity/Q126486113,http://www.wikidata.org/prop/direct/P31,http://www.wikidata.org/entity/Q1371047
http://www.wikidata.org/entity/Q126486113,http://www.wikidata.org/prop/direct/P31,http://www.wikidata.org/entity/Q126443332
http://www.wikidata.org/entity/Q126486113,http://www.wikidata.org/prop/direct/P131,http://www.wikidata.org/entity/Q180231
http://www.wikidata.org/entity/Q126486113,http://www.wikidata.org/prop/direct/P131,http://www.wikidata.org/entity/Q60553663
http://www.wikidata.org/entity/Q126486113,http://www.wikidata.org/prop/direct/P131,http://www.wikidata.org/entity/Q104264708
http://www.wikidata.org/entity/Q126486113,http://www.wikidata.org/prop/direct/P131,http://www.wikidata.org/entity/Q104264715
http://www.wikidata.org/entity/Q126486113,http://www.wikidata.org/prop/direct/P138,http://www.wikidata.org/entity/Q10884
http://www.wikidata.org/entity/Q126486113,http://www.wikidata.org/prop/direct/P138,http://www.wikidata.org/entity/Q161511
http://www.wikidata.org/entity/Q126486113,http://www.wikidata.org/prop/direct/P195,http://www.wikidata.org/entity/Q126875543
http://www.wikidata.org/entity/Q126486113,http://www.wikidata.org/prop/direct/P217,20
http://www.wikidata.org/entity/Q126486113,http://www.wikidata.org/prop/direct/P373,"Tobernaskeagh, Baunta Commons"
http://www.wikidata.org/entity/Q126486113,http://www.wikidata.org/prop/direct/P403,http://www.wikidata.org/entity/Q126690925
http://www.wikidata.org/entity/Q126486113,http://www.wikidata.org/prop/direct/P625,Point(-7.402995 52.527483)
http://www.wikidata.org/entity/Q126486113,http://www.wikidata.org/prop/direct/P625,Point(-7.402843 52.5274756)
http://www.wikidata.org/entity/Q126486113,http://www.wikidata.org/prop/direct/P708,http://www.wikidata.org/entity/Q873607
http://www.wikidata.org/entity/Q126486113,http://www.wikidata.org/prop/direct/P1343,http://www.wikidata.org/entity/Q120966194
http://www.wikidata.org/entity/Q126478427,http://www.wikidata.org/prop/direct/P195,http://www.wikidata.org/entity/Q132817615
http://www.wikidata.org/entity/Q126478427,http://www.wikidata.org/prop/direct/P217,176
http://www.wikidata.org/entity/Q126478427,http://www.wikidata.org/prop/direct/P217,KHW004
http://www.wikidata.org/entity/Q126478427,http://www.wikidata.org/prop/direct/P625,Point(-7.2425353 52.3392014)
http://www.wikidata.org/entity/Q126478427,http://www.wikidata.org/prop/direct/P708,http://www.wikidata.org/entity/Q873607
http://www.wikidata.org/entity/Q126478427,http://www.wikidata.org/prop/direct/P1343,http://www.wikidata.org/entity/Q120966194
http://www.wikidata.org/entity/Q126478427,http://www.wikidata.org/prop/direct/P1343,http://www.wikidata.org/entity/Q126374601
http://www.wikidata.org/entity/Q126478427,http://www.wikidata.org/prop/direct/P1343,http://www.wikidata.org/entity/Q126393245
http://www.wikidata.org/entity/Q126478427,http://www.wikidata.org/prop/direct/P1343,http://www.wikidata.org/entity/Q126456421
http://www.wikidata.org/entity/Q126478427,http://www.wikidata.org/prop/direct/P1343,http://www.wikidata.org/entity/Q126474972
http://www.wikidata.org/entity/Q126478427,http://www.wikidata.org/prop/direct/P1343,http://www.wikidata.org/entity/Q126528008
http://www.wikidata.org/entity/Q126478427,http://www.wikidata.org/prop/direct/P1343,http://www.wikidata.org/entity/Q126540348
http://www.wikidata.org/entity/Q126478427,http://www.wikidata.org/prop/direct/P1343,http://www.wikidata.org/entity/Q126555558
http://www.wikidata.org/entity/Q126478427,http://www.wikidata.org/prop/direct/P1343,http://www.wikidata.org/entity/Q126871352
http://www.wikidata.org/entity/Q126478427,http://www.wikidata.org/prop/direct/P1343,http://www.wikidata.org/entity/Q126875543
http://www.wikidata.org/entity/Q126478427,http://www.wikidata.org/prop/direct/P1343,http://www.wikidata.org/entity/Q130284129
http://www.wikidata.org/entity/Q126478427,http://www.wikidata.org/prop/direct/P1343,http://www.wikidata.org/entity/Q132817615
http://www.wikidata.org/entity/Q126478427,http://www.wikidata.org/prop/direct/P4057,KK039-031----
http://www.wikidata.org/entity/Q126478427,http://www.wikidata.org/prop/direct/P11693,11134745827
http://www.wikidata.org/entity/Q126478438,http://www.wikidata.org/prop/direct/P17,http://www.wikidata.org/entity/Q27
http://www.wikidata.org/entity/Q126478438,http://www.wikidata.org/prop/direct/P18,http://commons.wikimedia.org/wiki/Special:FilePath/Toberpatrick.jpg
http://www.wikidata.org/entity/Q126478438,http://www.wikidata.org/prop/direct/P31,http://www.wikidata.org/entity/Q1371047
http://www.wikidata.org/entity/Q126478438,http://www.wikidata.org/prop/direct/P31,http://www.wikidata.org/entity/Q126443332
http://www.wikidata.org/entity/Q126478438,http://www.wikidata.org/prop/direct/P131,http://www.wikidata.org/entity/Q180231
http://www.wikidata.org/entity/Q126478438,http://www.wikidata.org/prop/direct/P131,http://www.wikidata.org/entity/Q60557162
http://www.wikidata.org/entity/Q126478438,http://www.wikidata.org/prop/direct/P131,http://www.wikidata.org/entity/Q104264481
http://www.wikidata.org/entity/Q126478438,http://www.wikidata.org/prop/direct/P138,http://www.wikidata.org/entity/Q165479
http://www.wikidata.org/entity/Q126478438,http://www.wikidata.org/prop/direct/P195,http://www.wikidata.org/entity/Q126875543
http://www.wikidata.org/entity/Q126478438,http://www.wikidata.org/prop/direct/P195,http://www.wikidata.org/entity/Q132817615
http://www.wikidata.org/entity/Q126478438,http://www.wikidata.org/prop/direct/P217,177
http://www.wikidata.org/entity/Q126478438,http://www.wikidata.org/prop/direct/P217,KHW092
http://www.wikidata.org/entity/Q126478438,http://www.wikidata.org/prop/direct/P625,Point(-7.4804056 52.7132149)
http://www.wikidata.org/entity/Q126478438,http://www.wikidata.org/prop/direct/P708,http://www.wikidata.org/entity/Q873607
http://www.wikidata.org/entity/Q126478438,http://www.wikidata.org/prop/direct/P1343,http://www.wikidata.org/entity/Q116166792
http://www.wikidata.org/entity/Q126478438,http://www.wikidata.org/prop/direct/P1343,http://www.wikidata.org/entity/Q120966194
http://www.wikidata.org/entity/Q126478438,http://www.wikidata.org/prop/direct/P1343,http://www.wikidata.org/entity/Q126374601
http://www.wikidata.org/entity/Q126478438,http://www.wikidata.org/prop/direct/P1343,http://www.wikidata.org/entity/Q126393245
http://www.wikidata.org/entity/Q126478438,http://www.wikidata.org/prop/direct/P1343,http://www.wikidata.org/entity/Q126474972
http://www.wikidata.org/entity/Q126478438,http://www.wikidata.org/prop/direct/P1343,http://www.wikidata.org/entity/Q126528008
http://www.wikidata.org/entity/Q126478438,http://www.wikidata.org/prop/direct/P1343,http://www.wikidata.org/entity/Q126540348
http://www.wikidata.org/entity/Q126478438,http://www.wikidata.org/prop/direct/P1343,http://www.wikidata.org/entity/Q126875543
http://www.wikidata.org/entity/Q126478438,http://www.wikidata.org/prop/direct/P1343,http://www.wikidata.org/entity/Q128304583
http://www.wikidata.org/entity/Q126478438,http://www.wikidata.org/prop/direct/P1343,http://www.wikidata.org/entity/Q129410186
http://www.wikidata.org/entity/Q126478438,http://www.wikidata.org/prop/direct/P1343,http://www.wikidata.org/entity/Q129571698
http://www.wikidata.org/entity/Q126478438,http://www.wikidata.org/prop/direct/P1343,http://www.wikidata.org/entity/Q130235138
http://www.wikidata.org/entity/Q126478438,http://www.wikidata.org/prop/direct/P1343,http://www.wikidata.org/entity/Q130284129
http://www.wikidata.org/entity/Q126478438,http://www.wikidata.org/prop/direct/P1343,http://www.wikidata.org/entity/Q130308814
http://www.wikidata.org/entity/Q126478438,http://www.wikidata.org/prop/direct/P1343,http://www.wikidata.org/entity/Q132817615
http://www.wikidata.org/entity/Q126478438,http://www.wikidata.org/prop/direct/P4057,KK013-031----
http://www.wikidata.org/entity/Q126478438,http://www.wikidata.org/prop/direct/P11693,11124025160
http://www.wikidata.org/entity/Q122222699,http://www.wikidata.org/prop/direct/P17,http://www.wikidata.org/entity/Q27
http://www.wikidata.org/entity/Q122222699,http://www.wikidata.org/prop/direct/P18,http://commons.wikimedia.org/wiki/Special:FilePath/Spring%20at%20Kilree%20-%20geograph.org.uk%20-%204179674.jpg
http://www.wikidata.org/entity/Q122222699,http://www.wikidata.org/prop/direct/P31,http://www.wikidata.org/entity/Q1371047
http://www.wikidata.org/entity/Q122222699,http://www.wikidata.org/prop/direct/P31,http://www.wikidata.org/entity/Q126443332
http://www.wikidata.org/entity/Q122222699,http://www.wikidata.org/prop/direct/P110,http://www.wikidata.org/entity/Q130265942
http://www.wikidata.org/entity/Q122222699,http://www.wikidata.org/prop/direct/P131,http://www.wikidata.org/entity/Q180231
http://www.wikidata.org/entity/Q122222699,http://www.wikidata.org/prop/direct/P131,http://www.wikidata.org/entity/Q60554528
http://www.wikidata.org/entity/Q122222699,http://www.wikidata.org/prop/direct/P138,http://www.wikidata.org/entity/Q80979
http://www.wikidata.org/entity/Q122222699,http://www.wikidata.org/prop/direct/P195,http://www.wikidata.org/entity/Q126875543
http://www.wikidata.org/entity/Q122222699,http://www.wikidata.org/prop/direct/P195,http://www.wikidata.org/entity/Q132817615
http://www.wikidata.org/entity/Q122222699,http://www.wikidata.org/prop/direct/P217,95
http://www.wikidata.org/entity/Q122222699,http://www.wikidata.org/prop/direct/P217,KHW064
http://www.wikidata.org/entity/Q122222699,http://www.wikidata.org/prop/direct/P373,"Toberbride, Kilree"
http://www.wikidata.org/entity/Q122222699,http://www.wikidata.org/prop/direct/P625,Point(-7.2674769 52.5214964)
http://www.wikidata.org/entity/Q122222699,http://www.wikidata.org/prop/direct/P708,http://www.wikidata.org/entity/Q873607
http://www.wikidata.org/entity/Q122222699,http://www.wikidata.org/prop/direct/P841,http://www.wikidata.org/entity/Q2312
http://www.wikidata.org/entity/Q122222699,http://www.wikidata.org/prop/direct/P1343,http://www.wikidata.org/entity/Q120966194
http://www.wikidata.org/entity/Q122222699,http://www.wikidata.org/prop/direct/P1343,http://www.wikidata.org/entity/Q126393245
http://www.wikidata.org/entity/Q122222699,http://www.wikidata.org/prop/direct/P1343,http://www.wikidata.org/entity/Q126456421
http://www.wikidata.org/entity/Q122222699,http://www.wikidata.org/prop/direct/P1343,http://www.wikidata.org/entity/Q126474972
http://www.wikidata.org/entity/Q122222699,http://www.wikidata.org/prop/direct/P1343,http://www.wikidata.org/entity/Q126528008
http://www.wikidata.org/entity/Q122222699,http://www.wikidata.org/prop/direct/P1343,http://www.wikidata.org/entity/Q126540348
http://www.wikidata.org/entity/Q122222699,http://www.wikidata.org/prop/direct/P1343,http://www.wikidata.org/entity/Q126875543
http://www.wikidata.org/entity/Q122222699,http://www.wikidata.org/prop/direct/P1343,http://www.wikidata.org/entity/Q128034009
http://www.wikidata.org/entity/Q122222699,http://www.wikidata.org/prop/direct/P1343,http://www.wikidata.org/entity/Q130223869
http://www.wikidata.org/entity/Q122222699,http://www.wikidata.org/prop/direct/P1343,http://www.wikidata.org/entity/Q130265908
http://www.wikidata.org/entity/Q122222699,http://www.wikidata.org/prop/direct/P1343,http://www.wikidata.org/entity/Q130284129
http://www.wikidata.org/entity/Q122222699,http://www.wikidata.org/prop/direct/P1343,http://www.wikidata.org/entity/Q130308814
http://www.wikidata.org/entity/Q122222699,http://www.wikidata.org/prop/direct/P1343,http://www.wikidata.org/entity/Q130471945
http://www.wikidata.org/entity/Q122222699,http://www.wikidata.org/prop/direct/P1343,http://www.wikidata.org/entity/Q130485663
http://www.wikidata.org/entity/Q122222699,http://www.wikidata.org/prop/direct/P1343,http://www.wikidata.org/entity/Q132817615
http://www.wikidata.org/entity/Q122222699,http://www.wikidata.org/prop/direct/P2186,IE-KK-0310
http://www.wikidata.org/entity/Q122222699,http://www.wikidata.org/prop/direct/P4057,KK027-042----
http://www.wikidata.org/entity/Q122222699,http://www.wikidata.org/prop/direct/P10689,1217631637
http://www.wikidata.org/entity/Q122258856,http://www.wikidata.org/prop/direct/P10,http://commons.wikimedia.org/wiki/Special:FilePath/Columbkill%20Columbkille%27s%20Well.webm
http://www.wikidata.org/entity/Q122258856,http://www.wikidata.org/prop/direct/P17,http://www.wikidata.org/entity/Q27
http://www.wikidata.org/entity/Q122258856,http://www.wikidata.org/prop/direct/P18,http://commons.wikimedia.org/wiki/Special:FilePath/Saint%20Columbkille%27s%20Well.jpg
http://www.wikidata.org/entity/Q122258856,http://www.wikidata.org/prop/direct/P31,http://www.wikidata.org/entity/Q1371047
http://www.wikidata.org/entity/Q122258856,http://www.wikidata.org/prop/direct/P31,http://www.wikidata.org/entity/Q10713454
http://www.wikidata.org/entity/Q122258856,http://www.wikidata.org/prop/direct/P31,http://www.wikidata.org/entity/Q126443332
http://www.wikidata.org/entity/Q122258856,http://www.wikidata.org/prop/direct/P131,http://www.wikidata.org/entity/Q180231
http://www.wikidata.org/entity/Q122258856,http://www.wikidata.org/prop/direct/P131,http://www.wikidata.org/entity/Q60553880
http://www.wikidata.org/entity/Q122258856,http://www.wikidata.org/prop/direct/P138,http://www.wikidata.org/entity/Q236326
http://www.wikidata.org/entity/Q122258856,http://www.wikidata.org/prop/direct/P195,http://www.wikidata.org/entity/Q126875543
http://www.wikidata.org/entity/Q122258856,http://www.wikidata.org/prop/direct/P195,http://www.wikidata.org/entity/Q132817615
http://www.wikidata.org/entity/Q122258856,http://www.wikidata.org/prop/direct/P217,51
http://www.wikidata.org/entity/Q122258856,http://www.wikidata.org/prop/direct/P217,KHW046
http://www.wikidata.org/entity/Q122302328,http://www.wikidata.org/prop/direct/P625,Point(-7.3914627 52.373694)
http://www.wikidata.org/entity/Q122302328,http://www.wikidata.org/prop/direct/P708,http://www.wikidata.org/entity/Q873607
http://www.wikidata.org/entity/Q122302328,http://www.wikidata.org/prop/direct/P1343,http://www.wikidata.org/entity/Q120966194
http://www.wikidata.org/entity/Q122302328,http://www.wikidata.org/prop/direct/P1343,http://www.wikidata.org/entity/Q126374601
http://www.wikidata.org/entity/Q122302328,http://www.wikidata.org/prop/direct/P1343,http://www.wikidata.org/entity/Q126393245
http://www.wikidata.org/entity/Q122302328,http://www.wikidata.org/prop/direct/P1343,http://www.wikidata.org/entity/Q126456421
http://www.wikidata.org/entity/Q122302328,http://www.wikidata.org/prop/direct/P1343,http://www.wikidata.org/entity/Q126875543
http://www.wikidata.org/entity/Q122302328,http://www.wikidata.org/prop/direct/P1343,http://www.wikidata.org/entity/Q130284129
http://www.wikidata.org/entity/Q122302328,http://www.wikidata.org/prop/direct/P1343,http://www.wikidata.org/entity/Q130308814
http://www.wikidata.org/entity/Q122302328,http://www.wikidata.org/prop/direct/P1343,http://www.wikidata.org/entity/Q132817615
http://www.wikidata.org/entity/Q122302328,http://www.wikidata.org/prop/direct/P1343,http://www.wikidata.org/entity/Q133263165
http://www.wikidata.org/entity/Q122302328,http://www.wikidata.org/prop/direct/P1343,http://www.wikidata.org/entity/Q133385130
http://www.wikidata.org/entity/Q122302328,http://www.wikidata.org/prop/direct/P2186,IE-KK-0317
http://www.wikidata.org/entity/Q122302328,http://www.wikidata.org/prop/direct/P4057,KK038-001----
http://www.wikidata.org/entity/Q122302328,http://www.wikidata.org/prop/direct/P6375,at Cregg bridge
http://www.wikidata.org/entity/Q122302328,http://www.wikidata.org/prop/direct/P6375,"""to the west of the site of the old church"""
http://www.wikidata.org/entity/Q122302328,http://www.wikidata.org/prop/direct/P6375,not far from the bridge [bridge over L5106 towards Faugheen]
http://www.wikidata.org/entity/Q122302328,http://www.wikidata.org/prop/direct/P11693,11134643496
http://www.wikidata.org/entity/Q122302608,http://www.wikidata.org/prop/direct/P17,http://www.wikidata.org/entity/Q27
http://www.wikidata.org/entity/Q122302608,http://www.wikidata.org/prop/direct/P18,http://commons.wikimedia.org/wiki/Special:FilePath/St%20Kieran%27s%20Well.jpg
http://www.wikidata.org/entity/Q122302608,http://www.wikidata.org/prop/direct/P31,http://www.wikidata.org/entity/Q43483
http://www.wikidata.org/entity/Q122302608,http://www.wikidata.org/prop/direct/P31,http://www.wikidata.org/entity/Q1371047
http://www.wikidata.org/entity/Q122302608,http://www.wikidata.org/prop/direct/P31,http://www.wikidata.org/entity/Q126443332
http://www.wikidata.org/entity/Q122302608,http://www.wikidata.org/prop/direct/P131,http://www.wikidata.org/entity/Q180231
http://www.wikidata.org/entity/Q122302608,http://www.wikidata.org/prop/direct/P131,http://www.wikidata.org/entity/Q60557241
http://www.wikidata.org/entity/Q122302608,http://www.wikidata.org/prop/direct/P131,http://www.wikidata.org/entity/Q104264818
http://www.wikidata.org/entity/Q122302608,http://www.wikidata.org/prop/direct/P138,http://www.wikidata.org/entity/Q738988
http://www.wikidata.org/entity/Q122302608,http://www.wikidata.org/prop/direct/P138,http://www.wikidata.org/entity/Q2280421
http://www.wikidata.org/entity/Q122302608,http://www.wikidata.org/prop/direct/P195,http://www.wikidata.org/entity/Q126875543
http://www.wikidata.org/entity/Q122302608,http://www.wikidata.org/prop/direct/P195,http://www.wikidata.org/entity/Q132817615
http://www.wikidata.org/entity/Q122302608,http://www.wikidata.org/prop/direct/P217,41
http://www.wikidata.org/entity/Q122302608,http://www.wikidata.org/prop/direct/P217,KHW001
http://www.wikidata.org/entity/Q122302608,http://www.wikidata.org/prop/direct/P373,"St. Kieran’s Well, Whitechurch"
http://www.wikidata.org/entity/Q122302608,http://www.wikidata.org/prop/direct/P625,Point(-7.3800887 52.3975027)
http://www.wikidata.org/entity/Q122302608,http://www.wikidata.org/prop/direct/P708,http://www.wikidata.org/entity/Q873607
http://www.wikidata.org/entity/Q122302608,http://www.wikidata.org/prop/direct/P1050,http://www.wikidata.org/entity/Q86
http://www.wikidata.org/entity/Q122302608,http://www.wikidata.org/prop/direct/P1050,http://www.wikidata.org/entity/Q21077147
http://www.wikidata.org/entity/Q122302608,http://www.wikidata.org/prop/direct/P1325,https://sketchfab.com/3d-models/whitechurch-kilkieran-st-kierans-well-8cdea3b21315408e8b7b69faca418d76
http://www.wikidata.org/entity/Q122302608,http://www.wikidata.org/prop/direct/P1343,http://www.wikidata.org/entity/Q120966194
http://www.wikidata.org/entity/Q122302608,http://www.wikidata.org/prop/direct/P1343,http://www.wikidata.org/entity/Q126374601
http://www.wikidata.org/entity/Q122302608,http://www.wikidata.org/prop/direct/P1343,http://www.wikidata.org/entity/Q126393245
http://www.wikidata.org/entity/Q122302608,http://www.wikidata.org/prop/direct/P1343,http://www.wikidata.org/entity/Q126456421
http://www.wikidata.org/entity/Q122302608,http://www.wikidata.org/prop/direct/P1343,http://www.wikidata.org/entity/Q126540348
http://www.wikidata.org/entity/Q122302608,http://www.wikidata.org/prop/direct/P1343,http://www.wikidata.org/entity/Q126875543
http://www.wikidata.org/entity/Q122302608,http://www.wikidata.org/prop/direct/P1343,http://www.wikidata.org/entity/Q130245242
http://www.wikidata.org/entity/Q122302608,http://www.wikidata.org/prop/direct/P1343,http://www.wikidata.org/entity/Q130265580
http://www.wikidata.org/entity/Q122302608,http://www.wikidata.org/prop/direct/P1343,http://www.wikidata.org/entity/Q130284129
http://www.wikidata.org/entity/Q122302608,http://www.wikidata.org/prop/direct/P1343,http://www.wikidata.org/entity/Q131144233
http://www.wikidata.org/entity/Q122302608,http://www.wikidata.org/prop/direct/P1343,http://www.wikidata.org/entity/Q132817615
http://www.wikidata.org/entity/Q122302608,http://www.wikidata.org/prop/direct/P1343,http://www.wikidata.org/entity/Q133263165
http://www.wikidata.org/entity/Q122302608,http://www.wikidata.org/prop/direct/P1343,http://www.wikidata.org/entity/Q133385130
http://www.wikidata.org/entity/Q126485951,http://www.wikidata.org/prop/direct/P138,http://www.wikidata.org/entity/Q297742
http://www.wikidata.org/entity/Q126485951,http://www.wikidata.org/prop/direct/P195,http://www.wikidata.org/entity/Q126875543
http://www.wikidata.org/entity/Q126485951,http://www.wikidata.org/prop/direct/P195,http://www.wikidata.org/entity/Q132817615
http://www.wikidata.org/entity/Q126485951,http://www.wikidata.org/prop/direct/P217,26
http://www.wikidata.org/entity/Q126485951,http://www.wikidata.org/prop/direct/P217,KHW086
http://www.wikidata.org/entity/Q126485951,http://www.wikidata.org/prop/direct/P625,Point(-7.3980944 52.6582721)
http://www.wikidata.org/entity/Q126485951,http://www.wikidata.org/prop/direct/P708,http://www.wikidata.org/entity/Q873607
http://www.wikidata.org/entity/Q126485951,http://www.wikidata.org/prop/direct/P1343,http://www.wikidata.org/entity/Q120966194
http://www.wikidata.org/entity/Q126485951,http://www.wikidata.org/prop/direct/P1343,http://www.wikidata.org/entity/Q126374601
http://www.wikidata.org/entity/Q126485951,http://www.wikidata.org/prop/direct/P1343,http://www.wikidata.org/entity/Q126393245
http://www.wikidata.org/entity/Q126485951,http://www.wikidata.org/prop/direct/P1343,http://www.wikidata.org/entity/Q126454465
http://www.wikidata.org/entity/Q126485951,http://www.wikidata.org/prop/direct/P1343,http://www.wikidata.org/entity/Q126485966
http://www.wikidata.org/entity/Q126485951,http://www.wikidata.org/prop/direct/P1343,http://www.wikidata.org/entity/Q126528008
http://www.wikidata.org/entity/Q126485951,http://www.wikidata.org/prop/direct/P1343,http://www.wikidata.org/entity/Q126540348
http://www.wikidata.org/entity/Q126485951,http://www.wikidata.org/prop/direct/P1343,http://www.wikidata.org/entity/Q126555558
http://www.wikidata.org/entity/Q126485951,http://www.wikidata.org/prop/direct/P1343,http://www.wikidata.org/entity/Q126871352
http://www.wikidata.org/entity/Q126485951,http://www.wikidata.org/prop/direct/P1343,http://www.wikidata.org/entity/Q126875543
http://www.wikidata.org/entity/Q126485951,http://www.wikidata.org/prop/direct/P1343,http://www.wikidata.org/entity/Q127619817
http://www.wikidata.org/entity/Q126485951,http://www.wikidata.org/prop/direct/P1343,http://www.wikidata.org/entity/Q130140078
http://www.wikidata.org/entity/Q126485951,http://www.wikidata.org/prop/direct/P1343,http://www.wikidata.org/entity/Q130284129
http://www.wikidata.org/entity/Q126485951,http://www.wikidata.org/prop/direct/P1343,http://www.wikidata.org/entity/Q130308814
http://www.wikidata.org/entity/Q126485951,http://www.wikidata.org/prop/direct/P1343,http://www.wikidata.org/entity/Q130458689
http://www.wikidata.org/entity/Q126485951,http://www.wikidata.org/prop/direct/P1343,http://www.wikidata.org/entity/Q132817615
http://www.wikidata.org/entity/Q126485951,http://www.wikidata.org/prop/direct/P1343,http://www.wikidata.org/entity/Q133258128
http://www.wikidata.org/entity/Q126485951,http://www.wikidata.org/prop/direct/P4057,KK018-038001-
http://www.wikidata.org/entity/Q126485951,http://www.wikidata.org/prop/direct/P11693,8515639045
http://www.wikidata.org/entity/Q126486012,http://www.wikidata.org/prop/direct/P17,http://www.wikidata.org/entity/Q27
http://www.wikidata.org/entity/Q126486012,http://www.wikidata.org/prop/direct/P31,http://www.wikidata.org/entity/Q124714
http://www.wikidata.org/entity/Q126486012,http://www.wikidata.org/prop/direct/P31,http://www.wikidata.org/entity/Q1371047
http://www.wikidata.org/entity/Q126486012,http://www.wikidata.org/prop/direct/P31,http://www.wikidata.org/entity/Q126443332
http://www.wikidata.org/entity/Q126486012,http://www.wikidata.org/prop/direct/P131,http://www.wikidata.org/entity/Q180231
http://www.wikidata.org/entity/Q126486012,http://www.wikidata.org/prop/direct/P131,http://www.wikidata.org/entity/Q104264718
http://www.wikidata.org/entity/Q126486012,http://www.wikidata.org/prop/direct/P138,http://www.wikidata.org/entity/Q44269
http://www.wikidata.org/entity/Q126486012,http://www.wikidata.org/prop/direct/P625,Point(-7.3787 52.4673)
http://www.wikidata.org/entity/Q126486012,http://www.wikidata.org/prop/direct/P708,http://www.wikidata.org/entity/Q873607
http://www.wikidata.org/entity/Q126486012,http://www.wikidata.org/prop/direct/P1343,http://www.wikidata.org/entity/Q126393245
http://www.wikidata.org/entity/Q126486012,http://www.wikidata.org/prop/direct/P1343,http://www.wikidata.org/entity/Q126540348
http://www.wikidata.org/entity/Q126486012,http://www.wikidata.org/prop/direct/P1343,http://www.wikidata.org/entity/Q130284129
http://www.wikidata.org/entity/Q126486012,http://www.wikidata.org/prop/direct/P6375,"""in Dowlings field"" (schools' Collection)"
http://www.wikidata.org/entity/Q130313770,http://www.wikidata.org/prop/direct/P31,http://www.wikidata.org/entity/Q126443332
http://www.wikidata.org/entity/Q130313770,http://www.wikidata.org/prop/direct/P131,http://www.wikidata.org/entity/Q55299
http://www.wikidata.org/entity/Q130313770,http://www.wikidata.org/prop/direct/P625,Point(-7.3464415 52.8322578)
http://www.wikidata.org/entity/Q130313770,http://www.wikidata.org/prop/direct/P708,http://www.wikidata.org/entity/Q873607
http://www.wikidata.org/entity/Q130313770,http://www.wikidata.org/prop/direct/P1343,http://www.wikidata.org/entity/Q116166792
http://www.wikidata.org/entity/Q130313770,http://www.wikidata.org/prop/direct/P1343,http://www.wikidata.org/entity/Q130308814
http://www.wikidata.org/entity/Q130313770,http://www.wikidata.org/prop/direct/P7959,http://www.wikidata.org/entity/Q7269966
http://www.wikidata.org/entity/Q130313770,http://www.wikidata.org/prop/direct/P11693,12089154378
http://www.wikidata.org/entity/Q130313951,http://www.wikidata.org/prop/direct/P17,http://www.wikidata.org/entity/Q27
http://www.wikidata.org/entity/Q130313951,http://www.wikidata.org/prop/direct/P31,http://www.wikidata.org/entity/Q1371047
http://www.wikidata.org/entity/Q130313951,http://www.wikidata.org/prop/direct/P31,http://www.wikidata.org/entity/Q126443332
http://www.wikidata.org/entity/Q130313951,http://www.wikidata.org/prop/direct/P131,http://www.wikidata.org/entity/Q55299
http://www.wikidata.org/entity/Q130313951,http://www.wikidata.org/prop/direct/P708,http://www.wikidata.org/entity/Q873607
http://www.wikidata.org/entity/Q130313951,http://www.wikidata.org/prop/direct/P1343,http://www.wikidata.org/entity/Q130308814
http://www.wikidata.org/entity/Q130313951,http://www.wikidata.org/prop/direct/P6375,almost a mile north of Friday well [...] beside the Grennan Road
http://www.wikidata.org/entity/Q130313956,http://www.wikidata.org/prop/direct/P17,http://www.wikidata.org/entity/Q27
http://www.wikidata.org/entity/Q130313956,http://www.wikidata.org/prop/direct/P31,http://www.wikidata.org/entity/Q1371047
http://www.wikidata.org/entity/Q130313956,http://www.wikidata.org/prop/direct/P31,http://www.wikidata.org/entity/Q126443332
http://www.wikidata.org/entity/Q130313956,http://www.wikidata.org/prop/direct/P131,http://www.wikidata.org/entity/Q180231
http://www.wikidata.org/entity/Q130313956,http://www.wikidata.org/prop/direct/P625,Point(-7.329571 52.850463)
http://www.wikidata.org/entity/Q130313956,http://www.wikidata.org/prop/direct/P1343,http://www.wikidata.org/entity/Q126540348
http://www.wikidata.org/entity/Q130313956,http://www.wikidata.org/prop/direct/P1343,http://www.wikidata.org/entity/Q126555558
http://www.wikidata.org/entity/Q130313956,http://www.wikidata.org/prop/direct/P1343,http://www.wikidata.org/entity/Q130308814
http://www.wikidata.org/entity/Q130314047,http://www.wikidata.org/prop/direct/P17,http://www.wikidata.org/entity/Q27
http://www.wikidata.org/entity/Q130314047,http://www.wikidata.org/prop/direct/P31,http://www.wikidata.org/entity/Q124714
http://www.wikidata.org/entity/Q130314047,http://www.wikidata.org/prop/direct/P31,http://www.wikidata.org/entity/Q1371047
http://www.wikidata.org/entity/Q130314047,http://www.wikidata.org/prop/direct/P31,http://www.wikidata.org/entity/Q126443332
http://www.wikidata.org/entity/Q130314047,http://www.wikidata.org/prop/direct/P131,http://www.wikidata.org/entity/Q180231
http://www.wikidata.org/entity/Q130314047,http://www.wikidata.org/prop/direct/P131,http://www.wikidata.org/entity/Q104264500
http://www.wikidata.org/entity/Q130314047,http://www.wikidata.org/prop/direct/P708,http://www.wikidata.org/entity/Q873607
http://www.wikidata.org/entity/Q130314047,http://www.wikidata.org/prop/direct/P1343,http://www.wikidata.org/entity/Q116166792
http://www.wikidata.org/entity/Q130314047,http://www.wikidata.org/prop/direct/P1343,http://www.wikidata.org/entity/Q120966194
http://www.wikidata.org/entity/Q130314047,http://www.wikidata.org/prop/direct/P1343,http://www.wikidata.org/entity/Q126528008
http://www.wikidata.org/entity/Q130314047,http://www.wikidata.org/prop/direct/P1343,http://www.wikidata.org/entity/Q130308814
http://www.wikidata.org/entity/Q132889388,http://www.wikidata.org/prop/direct/P17,http://www.wikidata.org/entity/Q27
http://www.wikidata.org/entity/Q132889388,http://www.wikidata.org/prop/direct/P31,http://www.wikidata.org/entity/Q1371047
http://www.wikidata.org/entity/Q132889388,http://www.wikidata.org/prop/direct/P31,http://www.wikidata.org/entity/Q126443332
http://www.wikidata.org/entity/Q132889388,http://www.wikidata.org/prop/direct/P131,http://www.wikidata.org/entity/Q180231
http://www.wikidata.org/entity/Q132889388,http://www.wikidata.org/prop/direct/P195,http://www.wikidata.org/entity/Q132817615
http://www.wikidata.org/entity/Q132889388,http://www.wikidata.org/prop/direct/P217,KHW2-22
http://www.wikidata.org/entity/Q132889388,http://www.wikidata.org/prop/direct/P1343,http://www.wikidata.org/entity/Q132817615
http://www.wikidata.org/entity/Q132889388,http://www.wikidata.org/prop/direct/P11693,12633192773
http://www.wikidata.org/entity/Q132891725,http://www.wikidata.org/prop/direct/P17,http://www.wikidata.org/entity/Q27
http://www.wikidata.org/entity/Q132891725,http://www.wikidata.org/prop/direct/P31,http://www.wikidata.org/entity/Q1371047
http://www.wikidata.org/entity/Q132891725,http://www.wikidata.org/prop/direct/P31,http://www.wikidata.org/entity/Q126443332
http://www.wikidata.org/entity/Q132891725,http://www.wikidata.org/prop/direct/P131,http://www.wikidata.org/entity/Q180231
http://www.wikidata.org/entity/Q132891725,http://www.wikidata.org/prop/direct/P195,http://www.wikidata.org/entity/Q132817615
http://www.wikidata.org/entity/Q132891725,http://www.wikidata.org/prop/direct/P217,KHW2-28
http://www.wikidata.org/entity/Q132891725,http://www.wikidata.org/prop/direct/P625,Point(-7.032253851 52.568537027)
http://www.wikidata.org/entity/Q132891725,http://www.wikidata.org/prop/direct/P1343,http://www.wikidata.org/entity/Q132817615
http://www.wikidata.org/entity/Q132891725,http://www.wikidata.org/prop/direct/P11693,12633537669
http://www.wikidata.org/entity/Q132891751,http://www.wikidata.org/prop/direct/P17,http://www.wikidata.org/entity/Q27
http://www.wikidata.org/entity/Q132891751,http://www.wikidata.org/prop/direct/P31,http://www.wikidata.org/entity/Q1371047
http://www.wikidata.org/entity/Q132891751,http://www.wikidata.org/prop/direct/P31,http://www.wikidata.org/entity/Q126443332
http://www.wikidata.org/entity/Q132891751,http://www.wikidata.org/prop/direct/P131,http://www.wikidata.org/entity/Q180231
http://www.wikidata.org/entity/Q132891751,http://www.wikidata.org/prop/direct/P195,http://www.wikidata.org/entity/Q132817615
http://www.wikidata.org/entity/Q132891751,http://www.wikidata.org/prop/direct/P217,KHW2-29
http://www.wikidata.org/entity/Q132891751,http://www.wikidata.org/prop/direct/P1343,http://www.wikidata.org/entity/Q25469578
http://www.wikidata.org/entity/Q132891751,http://www.wikidata.org/prop/direct/P1343,http://www.wikidata.org/entity/Q132817615
http://www.wikidata.org/entity/Q132891751,http://www.wikidata.org/prop/direct/P11693,12633580526
http://www.wikidata.org/entity/Q132891782,http://www.wikidata.org/prop/direct/P17,http://www.wikidata.org/entity/Q27
http://www.wikidata.org/entity/Q132891782,http://www.wikidata.org/prop/direct/P31,http://www.wikidata.org/entity/Q1371047
http://www.wikidata.org/entity/Q132891782,http://www.wikidata.org/prop/direct/P31,http://www.wikidata.org/entity/Q126443332
http://www.wikidata.org/entity/Q132891782,http://www.wikidata.org/prop/direct/P131,http://www.wikidata.org/entity/Q180231
http://www.wikidata.org/entity/Q132891782,http://www.wikidata.org/prop/direct/P131,http://www.wikidata.org/entity/Q59719925
http://www.wikidata.org/entity/Q132891782,http://www.wikidata.org/prop/direct/P131,http://www.wikidata.org/entity/Q104266439
http://www.wikidata.org/entity/Q132891782,http://www.wikidata.org/prop/direct/P195,http://www.wikidata.org/entity/Q132817615
http://www.wikidata.org/entity/Q132891782,http://www.wikidata.org/prop/direct/P217,KHW2-31
http://www.wikidata.org/entity/Q122258994,http://www.wikidata.org/prop/direct/P17,http://www.wikidata.org/entity/Q27
http://www.wikidata.org/entity/Q122258994,http://www.wikidata.org/prop/direct/P18,http://commons.wikimedia.org/wiki/Special:FilePath/Saint%20Scoheen%27s%20Well.jpg
http://www.wikidata.org/entity/Q122258994,http://www.wikidata.org/prop/direct/P31,http://www.wikidata.org/entity/Q1371047
http://www.wikidata.org/entity/Q122258994,http://www.wikidata.org/prop/direct/P31,http://www.wikidata.org/entity/Q126443332
http://www.wikidata.org/entity/Q122258994,http://www.wikidata.org/prop/direct/P131,http://www.wikidata.org/entity/Q180231
http://www.wikidata.org/entity/Q122258994,http://www.wikidata.org/prop/direct/P131,http://www.wikidata.org/entity/Q16891442
http://www.wikidata.org/entity/Q122258994,http://www.wikidata.org/prop/direct/P131,http://www.wikidata.org/entity/Q16901766
http://www.wikidata.org/entity/Q122258994,http://www.wikidata.org/prop/direct/P138,http://www.wikidata.org/entity/Q16933730
http://www.wikidata.org/entity/Q122258994,http://www.wikidata.org/prop/direct/P195,http://www.wikidata.org/entity/Q126875543
http://www.wikidata.org/entity/Q122258994,http://www.wikidata.org/prop/direct/P195,http://www.wikidata.org/entity/Q132817615
http://www.wikidata.org/entity/Q122258994,http://www.wikidata.org/prop/direct/P217,73
http://www.wikidata.org/entity/Q122258994,http://www.wikidata.org/prop/direct/P217,KHW084
http://www.wikidata.org/entity/Q122258994,http://www.wikidata.org/prop/direct/P373,Saint Scoheen's Well
http://www.wikidata.org/entity/Q122258994,http://www.wikidata.org/prop/direct/P625,Point(-7.1177989 52.6823464)
http://www.wikidata.org/entity/Q122258994,http://www.wikidata.org/prop/direct/P708,http://www.wikidata.org/entity/Q873607
http://www.wikidata.org/entity/Q122258994,http://www.wikidata.org/prop/direct/P1325,https://sketchfab.com/3d-models/freneystown-st-scoheens-well-87d7dc5886b94f68b930108cb7d6bee1
http://www.wikidata.org/entity/Q122258994,http://www.wikidata.org/prop/direct/P1343,http://www.wikidata.org/entity/Q120966194
http://www.wikidata.org/entity/Q122258994,http://www.wikidata.org/prop/direct/P1343,http://www.wikidata.org/entity/Q126374601
http://www.wikidata.org/entity/Q122258994,http://www.wikidata.org/prop/direct/P1343,http://www.wikidata.org/entity/Q126454465
http://www.wikidata.org/entity/Q122258994,http://www.wikidata.org/prop/direct/P1343,http://www.wikidata.org/entity/Q126474972
http://www.wikidata.org/entity/Q122258994,http://www.wikidata.org/prop/direct/P1343,http://www.wikidata.org/entity/Q126528008
http://www.wikidata.org/entity/Q122258994,http://www.wikidata.org/prop/direct/P1343,http://www.wikidata.org/entity/Q126540348
http://www.wikidata.org/entity/Q122258994,http://www.wikidata.org/prop/direct/P1343,http://www.wikidata.org/entity/Q126871352
http://www.wikidata.org/entity/Q122258994,http://www.wikidata.org/prop/direct/P1343,http://www.wikidata.org/entity/Q126875543
http://www.wikidata.org/entity/Q122258994,http://www.wikidata.org/prop/direct/P1343,http://www.wikidata.org/entity/Q130284129
http://www.wikidata.org/entity/Q122258994,http://www.wikidata.org/prop/direct/P1343,http://www.wikidata.org/entity/Q130308814
http://www.wikidata.org/entity/Q122258994,http://www.wikidata.org/prop/direct/P1343,http://www.wikidata.org/entity/Q132817615
http://www.wikidata.org/entity/Q122258994,http://www.wikidata.org/prop/direct/P2186,IE-KK-0315
http://www.wikidata.org/entity/Q122258994,http://www.wikidata.org/prop/direct/P4057,KK015-030006-
http://www.wikidata.org/entity/Q122258994,http://www.wikidata.org/prop/direct/P11693,7117539440
http://www.wikidata.org/entity/Q122302328,http://www.wikidata.org/prop/direct/P17,http://www.wikidata.org/entity/Q27
http://www.wikidata.org/entity/Q122302328,http://www.wikidata.org/prop/direct/P31,http://www.wikidata.org/entity/Q43483
http://www.wikidata.org/entity/Q122302328,http://www.wikidata.org/prop/direct/P31,http://www.wikidata.org/entity/Q1371047
http://www.wikidata.org/entity/Q122302328,http://www.wikidata.org/prop/direct/P31,http://www.wikidata.org/entity/Q126443332
http://www.wikidata.org/entity/Q122302328,http://www.wikidata.org/prop/direct/P131,http://www.wikidata.org/entity/Q180231
http://www.wikidata.org/entity/Q122302328,http://www.wikidata.org/prop/direct/P131,http://www.wikidata.org/entity/Q60557241
http://www.wikidata.org/entity/Q122302328,http://www.wikidata.org/prop/direct/P138,http://www.wikidata.org/entity/Q345
http://www.wikidata.org/entity/Q122302328,http://www.wikidata.org/prop/direct/P195,http://www.wikidata.org/entity/Q126875543
http://www.wikidata.org/entity/Q122302328,http://www.wikidata.org/prop/direct/P195,http://www.wikidata.org/entity/Q132817615
http://www.wikidata.org/entity/Q122302328,http://www.wikidata.org/prop/direct/P217,183
http://www.wikidata.org/entity/Q122302328,http://www.wikidata.org/prop/direct/P217,KHW002
http://www.wikidata.org/entity/Q122304309,http://www.wikidata.org/prop/direct/P973,https://irelandsholywells.blogspot.com/2011/09/saint-molings-well-county-kilkenny.html
http://www.wikidata.org/entity/Q122304309,http://www.wikidata.org/prop/direct/P1325,https://sketchfab.com/3d-models/st-molings-well-low-poly-dcfaff49b2f34d348d5cade4f889ad33
http://www.wikidata.org/entity/Q122304309,http://www.wikidata.org/prop/direct/P1343,http://www.wikidata.org/entity/Q130294561
http://www.wikidata.org/entity/Q122304309,http://www.wikidata.org/prop/direct/P2186,IE-KK-0322
http://www.wikidata.org/entity/Q122304309,http://www.wikidata.org/prop/direct/P4057,KK036-012001-
http://www.wikidata.org/entity/Q122304309,http://www.wikidata.org/prop/direct/P11693,8526433151
http://www.wikidata.org/entity/Q122304728,http://www.wikidata.org/prop/direct/P17,http://www.wikidata.org/entity/Q27
http://www.wikidata.org/entity/Q122304728,http://www.wikidata.org/prop/direct/P31,http://www.wikidata.org/entity/Q1371047
http://www.wikidata.org/entity/Q122304728,http://www.wikidata.org/prop/direct/P31,http://www.wikidata.org/entity/Q126443332
http://www.wikidata.org/entity/Q122304728,http://www.wikidata.org/prop/direct/P131,http://www.wikidata.org/entity/Q180231
http://www.wikidata.org/entity/Q122304728,http://www.wikidata.org/prop/direct/P131,http://www.wikidata.org/entity/Q60556298
http://www.wikidata.org/entity/Q122304728,http://www.wikidata.org/prop/direct/P138,http://www.wikidata.org/entity/Q10884
http://www.wikidata.org/entity/Q122304728,http://www.wikidata.org/prop/direct/P195,http://www.wikidata.org/entity/Q126875543
http://www.wikidata.org/entity/Q122304728,http://www.wikidata.org/prop/direct/P195,http://www.wikidata.org/entity/Q132817615
http://www.wikidata.org/entity/Q122304728,http://www.wikidata.org/prop/direct/P217,83
http://www.wikidata.org/entity/Q122304728,http://www.wikidata.org/prop/direct/P217,KHW075
http://www.wikidata.org/entity/Q122304728,http://www.wikidata.org/prop/direct/P625,Point(-6.9935724 52.5918795)
http://www.wikidata.org/entity/Q122304728,http://www.wikidata.org/prop/direct/P708,http://www.wikidata.org/entity/Q873607
http://www.wikidata.org/entity/Q122304728,http://www.wikidata.org/prop/direct/P1343,http://www.wikidata.org/entity/Q120966194
http://www.wikidata.org/entity/Q122304728,http://www.wikidata.org/prop/direct/P1343,http://www.wikidata.org/entity/Q126374601
http://www.wikidata.org/entity/Q122304728,http://www.wikidata.org/prop/direct/P1343,http://www.wikidata.org/entity/Q126528008
http://www.wikidata.org/entity/Q122304728,http://www.wikidata.org/prop/direct/P1343,http://www.wikidata.org/entity/Q126540348
http://www.wikidata.org/entity/Q122304728,http://www.wikidata.org/prop/direct/P1343,http://www.wikidata.org/entity/Q126555558
http://www.wikidata.org/entity/Q122304728,http://www.wikidata.org/prop/direct/P1343,http://www.wikidata.org/entity/Q126871352
http://www.wikidata.org/entity/Q122304728,http://www.wikidata.org/prop/direct/P1343,http://www.wikidata.org/entity/Q126875543
http://www.wikidata.org/entity/Q122304728,http://www.wikidata.org/prop/direct/P1343,http://www.wikidata.org/entity/Q130284129
http://www.wikidata.org/entity/Q122304728,http://www.wikidata.org/prop/direct/P1343,http://www.wikidata.org/entity/Q132817615
http://www.wikidata.org/entity/Q122304728,http://www.wikidata.org/prop/direct/P2186,IE-KK-0323
http://www.wikidata.org/entity/Q122304728,http://www.wikidata.org/prop/direct/P4057,KK025-021----
http://www.wikidata.org/entity/Q122304728,http://www.wikidata.org/prop/direct/P11693,9560932446
http://www.wikidata.org/entity/Q122258856,http://www.wikidata.org/prop/direct/P373,"Columbkille's holy well, Co. Kilkenny"
http://www.wikidata.org/entity/Q122258856,http://www.wikidata.org/prop/direct/P625,Point(-7.12371 52.53101)
http://www.wikidata.org/entity/Q122258856,http://www.wikidata.org/prop/direct/P708,http://www.wikidata.org/entity/Q873607
http://www.wikidata.org/entity/Q122258856,http://www.wikidata.org/prop/direct/P841,http://www.wikidata.org/entity/Q2618
http://www.wikidata.org/entity/Q122258856,http://www.wikidata.org/prop/direct/P973,https://kilkennygraveyards.blogspot.com/2018/03/columcille-parish-of-thomastown-county.html
http://www.wikidata.org/entity/Q122258856,http://www.wikidata.org/prop/direct/P1343,http://www.wikidata.org/entity/Q120966194
http://www.wikidata.org/entity/Q122258856,http://www.wikidata.org/prop/direct/P1343,http://www.wikidata.org/entity/Q126374601
http://www.wikidata.org/entity/Q122258856,http://www.wikidata.org/prop/direct/P1343,http://www.wikidata.org/entity/Q126393245
http://www.wikidata.org/entity/Q122258856,http://www.wikidata.org/prop/direct/P1343,http://www.wikidata.org/entity/Q126456421
http://www.wikidata.org/entity/Q122258856,http://www.wikidata.org/prop/direct/P1343,http://www.wikidata.org/entity/Q126474972
http://www.wikidata.org/entity/Q122258856,http://www.wikidata.org/prop/direct/P1343,http://www.wikidata.org/entity/Q126528008
http://www.wikidata.org/entity/Q122258856,http://www.wikidata.org/prop/direct/P1343,http://www.wikidata.org/entity/Q126540348
http://www.wikidata.org/entity/Q122258856,http://www.wikidata.org/prop/direct/P1343,http://www.wikidata.org/entity/Q126875543
http://www.wikidata.org/entity/Q122258856,http://www.wikidata.org/prop/direct/P1343,http://www.wikidata.org/entity/Q127818587
http://www.wikidata.org/entity/Q122258856,http://www.wikidata.org/prop/direct/P1343,http://www.wikidata.org/entity/Q128799983
http://www.wikidata.org/entity/Q122258856,http://www.wikidata.org/prop/direct/P1343,http://www.wikidata.org/entity/Q130284129
http://www.wikidata.org/entity/Q122258856,http://www.wikidata.org/prop/direct/P1343,http://www.wikidata.org/entity/Q130471945
http://www.wikidata.org/entity/Q122258856,http://www.wikidata.org/prop/direct/P1343,http://www.wikidata.org/entity/Q132817615
http://www.wikidata.org/entity/Q122258856,http://www.wikidata.org/prop/direct/P1343,http://www.wikidata.org/entity/Q133263165
http://www.wikidata.org/entity/Q122258856,http://www.wikidata.org/prop/direct/P1651,ihVuzz50_2A
http://www.wikidata.org/entity/Q122258856,http://www.wikidata.org/prop/direct/P2186,IE-KK-0311
http://www.wikidata.org/entity/Q122258856,http://www.wikidata.org/prop/direct/P4057,KK028-043003-
http://www.wikidata.org/entity/Q122258856,http://www.wikidata.org/prop/direct/P10689,933918649
http://www.wikidata.org/entity/Q122258894,http://www.wikidata.org/prop/direct/P10,http://commons.wikimedia.org/wiki/Special:FilePath/Ullard%20bullaun%20stones%20%26%20holy%20well.webm
http://www.wikidata.org/entity/Q122258894,http://www.wikidata.org/prop/direct/P17,http://www.wikidata.org/entity/Q27
http://www.wikidata.org/entity/Q122258894,http://www.wikidata.org/prop/direct/P18,http://commons.wikimedia.org/wiki/Special:FilePath/St%20Fiachre%27s%20Well%2C%20Ullard.jpg
http://www.wikidata.org/entity/Q122258894,http://www.wikidata.org/prop/direct/P31,http://www.wikidata.org/entity/Q1371047
http://www.wikidata.org/entity/Q122258894,http://www.wikidata.org/prop/direct/P31,http://www.wikidata.org/entity/Q126443332
http://www.wikidata.org/entity/Q122258894,http://www.wikidata.org/prop/direct/P131,http://www.wikidata.org/entity/Q180231
http://www.wikidata.org/entity/Q122258894,http://www.wikidata.org/prop/direct/P131,http://www.wikidata.org/entity/Q60557210
http://www.wikidata.org/entity/Q122258894,http://www.wikidata.org/prop/direct/P131,http://www.wikidata.org/entity/Q104266544
http://www.wikidata.org/entity/Q122258894,http://www.wikidata.org/prop/direct/P138,http://www.wikidata.org/entity/Q953927
http://www.wikidata.org/entity/Q122258894,http://www.wikidata.org/prop/direct/P195,http://www.wikidata.org/entity/Q126875543
http://www.wikidata.org/entity/Q122258894,http://www.wikidata.org/prop/direct/P195,http://www.wikidata.org/entity/Q132817615
http://www.wikidata.org/entity/Q122258894,http://www.wikidata.org/prop/direct/P217,181
http://www.wikidata.org/entity/Q122258894,http://www.wikidata.org/prop/direct/P217,KHW079
http://www.wikidata.org/entity/Q122258894,http://www.wikidata.org/prop/direct/P373,"Saint Fiachre's Well, Ullard"
http://www.wikidata.org/entity/Q122258894,http://www.wikidata.org/prop/direct/P625,Point(-6.9330162 52.5808431)
http://www.wikidata.org/entity/Q122258894,http://www.wikidata.org/prop/direct/P841,http://www.wikidata.org/entity/Q2323
http://www.wikidata.org/entity/Q122258894,http://www.wikidata.org/prop/direct/P841,http://www.wikidata.org/entity/Q51203049
http://www.wikidata.org/entity/Q122258894,http://www.wikidata.org/prop/direct/P973,https://kilkennynow.ie/keeping-alive-an-ancient-county-kilkenny-tradition/
http://www.wikidata.org/entity/Q122258894,http://www.wikidata.org/prop/direct/P973,http://www.megalithicireland.com/Ullard%20Monastic%20Site.html
http://www.wikidata.org/entity/Q122258894,http://www.wikidata.org/prop/direct/P973,http://irisharchaeology.ie/2016/03/the-beautiful-12th-century-church-at-ullard-co-kilkenny/
http://www.wikidata.org/entity/Q122258894,http://www.wikidata.org/prop/direct/P1325,https://sketchfab.com/3d-models/ullard-st-fiachras-well-low-poly-635f79e64b434a6ea0a8676229bf493d
http://www.wikidata.org/entity/Q122258894,http://www.wikidata.org/prop/direct/P1343,http://www.wikidata.org/entity/Q6407043
http://www.wikidata.org/entity/Q122258894,http://www.wikidata.org/prop/direct/P1343,http://www.wikidata.org/entity/Q64077931
http://www.wikidata.org/entity/Q121842432,http://www.wikidata.org/prop/direct/P4057,KK020-050004-
http://www.wikidata.org/entity/Q121842432,http://www.wikidata.org/prop/direct/P11693,8515265450
http://www.wikidata.org/entity/Q122114442,http://www.wikidata.org/prop/direct/P17,http://www.wikidata.org/entity/Q27
http://www.wikidata.org/entity/Q122114442,http://www.wikidata.org/prop/direct/P18,http://commons.wikimedia.org/wiki/Special:FilePath/Church%20Well%2C%20Chatsworth.jpg
http://www.wikidata.org/entity/Q122114442,http://www.wikidata.org/prop/direct/P31,http://www.wikidata.org/entity/Q43483
http://www.wikidata.org/entity/Q122114442,http://www.wikidata.org/prop/direct/P31,http://www.wikidata.org/entity/Q446013
http://www.wikidata.org/entity/Q122114442,http://www.wikidata.org/prop/direct/P31,http://www.wikidata.org/entity/Q1371047
http://www.wikidata.org/entity/Q122114442,http://www.wikidata.org/prop/direct/P31,http://www.wikidata.org/entity/Q126443332
http://www.wikidata.org/entity/Q122114442,http://www.wikidata.org/prop/direct/P131,http://www.wikidata.org/entity/Q180231
http://www.wikidata.org/entity/Q122114442,http://www.wikidata.org/prop/direct/P131,http://www.wikidata.org/entity/Q60553710
http://www.wikidata.org/entity/Q122114442,http://www.wikidata.org/prop/direct/P138,http://www.wikidata.org/entity/Q16970
http://www.wikidata.org/entity/Q122114442,http://www.wikidata.org/prop/direct/P195,http://www.wikidata.org/entity/Q126875543
http://www.wikidata.org/entity/Q122114442,http://www.wikidata.org/prop/direct/P195,http://www.wikidata.org/entity/Q132817615
http://www.wikidata.org/entity/Q122114442,http://www.wikidata.org/prop/direct/P217,5
http://www.wikidata.org/entity/Q122114442,http://www.wikidata.org/prop/direct/P217,KHW048
http://www.wikidata.org/entity/Q122114442,http://www.wikidata.org/prop/direct/P373,"Church Well, Aughatubbrid or Chatsworth"
http://www.wikidata.org/entity/Q122114442,http://www.wikidata.org/prop/direct/P625,Point(-7.1820207 52.8730601)
http://www.wikidata.org/entity/Q122114442,http://www.wikidata.org/prop/direct/P708,http://www.wikidata.org/entity/Q873607
http://www.wikidata.org/entity/Q122114442,http://www.wikidata.org/prop/direct/P1343,http://www.wikidata.org/entity/Q116166792
http://www.wikidata.org/entity/Q122114442,http://www.wikidata.org/prop/direct/P1343,http://www.wikidata.org/entity/Q120966194
http://www.wikidata.org/entity/Q122114442,http://www.wikidata.org/prop/direct/P1343,http://www.wikidata.org/entity/Q126374601
http://www.wikidata.org/entity/Q122114442,http://www.wikidata.org/prop/direct/P1343,http://www.wikidata.org/entity/Q126393245
http://www.wikidata.org/entity/Q122114442,http://www.wikidata.org/prop/direct/P1343,http://www.wikidata.org/entity/Q126540348
http://www.wikidata.org/entity/Q122114442,http://www.wikidata.org/prop/direct/P1343,http://www.wikidata.org/entity/Q126555558
http://www.wikidata.org/entity/Q122114442,http://www.wikidata.org/prop/direct/P1343,http://www.wikidata.org/entity/Q126875543
http://www.wikidata.org/entity/Q126374490,http://www.wikidata.org/prop/direct/P10,http://commons.wikimedia.org/wiki/Special:FilePath/Ballyrafton%20Trinity%20Well.webm
http://www.wikidata.org/entity/Q126374490,http://www.wikidata.org/prop/direct/P17,http://www.wikidata.org/entity/Q27
http://www.wikidata.org/entity/Q126374490,http://www.wikidata.org/prop/direct/P18,http://commons.wikimedia.org/wiki/Special:FilePath/Trinity%20Well%20at%20Ballyrafton.jpg
http://www.wikidata.org/entity/Q126374490,http://www.wikidata.org/prop/direct/P31,http://www.wikidata.org/entity/Q43483
http://www.wikidata.org/entity/Q126374490,http://www.wikidata.org/prop/direct/P31,http://www.wikidata.org/entity/Q124714
http://www.wikidata.org/entity/Q126374490,http://www.wikidata.org/prop/direct/P31,http://www.wikidata.org/entity/Q1371047
http://www.wikidata.org/entity/Q126374490,http://www.wikidata.org/prop/direct/P31,http://www.wikidata.org/entity/Q126443332
http://www.wikidata.org/entity/Q126374490,http://www.wikidata.org/prop/direct/P131,http://www.wikidata.org/entity/Q180231
http://www.wikidata.org/entity/Q126374490,http://www.wikidata.org/prop/direct/P131,http://www.wikidata.org/entity/Q60554184
http://www.wikidata.org/entity/Q126374490,http://www.wikidata.org/prop/direct/P131,http://www.wikidata.org/entity/Q104265337
http://www.wikidata.org/entity/Q126374490,http://www.wikidata.org/prop/direct/P138,http://www.wikidata.org/entity/Q37090
http://www.wikidata.org/entity/Q126374490,http://www.wikidata.org/prop/direct/P195,http://www.wikidata.org/entity/Q126875543
http://www.wikidata.org/entity/Q126374490,http://www.wikidata.org/prop/direct/P195,http://www.wikidata.org/entity/Q132817615
http://www.wikidata.org/entity/Q126374490,http://www.wikidata.org/prop/direct/P217,16
http://www.wikidata.org/entity/Q126374490,http://www.wikidata.org/prop/direct/P217,KHW2-1
http://www.wikidata.org/entity/Q126374490,http://www.wikidata.org/prop/direct/P373,"Trinity Well, Ballyrafton"
http://www.wikidata.org/entity/Q126374490,http://www.wikidata.org/prop/direct/P625,Point(-7.2710769 52.7262158)
http://www.wikidata.org/entity/Q126374490,http://www.wikidata.org/prop/direct/P708,http://www.wikidata.org/entity/Q873607
http://www.wikidata.org/entity/Q126374490,http://www.wikidata.org/prop/direct/P841,http://www.wikidata.org/entity/Q541946
http://www.wikidata.org/entity/Q126374490,http://www.wikidata.org/prop/direct/P1325,https://sketchfab.com/3d-models/ballyrafton-trinity-well-553073f9100040e789890d3edd3dc851
http://www.wikidata.org/entity/Q126374490,http://www.wikidata.org/prop/direct/P1343,http://www.wikidata.org/entity/Q126374601
http://www.wikidata.org/entity/Q126374490,http://www.wikidata.org/prop/direct/P1343,http://www.wikidata.org/entity/Q126393245
http://www.wikidata.org/entity/Q126374490,http://www.wikidata.org/prop/direct/P1343,http://www.wikidata.org/entity/Q126456421
http://www.wikidata.org/entity/Q126374490,http://www.wikidata.org/prop/direct/P1343,http://www.wikidata.org/entity/Q126528008
http://www.wikidata.org/entity/Q126374490,http://www.wikidata.org/prop/direct/P1343,http://www.wikidata.org/entity/Q126540348
http://www.wikidata.org/entity/Q126374490,http://www.wikidata.org/prop/direct/P1343,http://www.wikidata.org/entity/Q126555558
http://www.wikidata.org/entity/Q126374490,http://www.wikidata.org/prop/direct/P1343,http://www.wikidata.org/entity/Q126875543
http://www.wikidata.org/entity/Q126374490,http://www.wikidata.org/prop/direct/P1343,http://www.wikidata.org/entity/Q128033900
http://www.wikidata.org/entity/Q126374490,http://www.wikidata.org/prop/direct/P1343,http://www.wikidata.org/entity/Q130284129
http://www.wikidata.org/entity/Q126374490,http://www.wikidata.org/prop/direct/P1343,http://www.wikidata.org/entity/Q130308814
http://www.wikidata.org/entity/Q126374490,http://www.wikidata.org/prop/direct/P1343,http://www.wikidata.org/entity/Q132817615
http://www.wikidata.org/entity/Q126374490,http://www.wikidata.org/prop/direct/P1651,Zv4QKuz8hnU
http://www.wikidata.org/entity/Q126374490,http://www.wikidata.org/prop/direct/P11693,11942593399
http://www.wikidata.org/entity/Q126380347,http://www.wikidata.org/prop/direct/P17,http://www.wikidata.org/entity/Q27
http://www.wikidata.org/entity/Q126380347,http://www.wikidata.org/prop/direct/P18,http://commons.wikimedia.org/wiki/Special:FilePath/Cruckny%20well%2001.jpg
http://www.wikidata.org/entity/Q126380347,http://www.wikidata.org/prop/direct/P31,http://www.wikidata.org/entity/Q1371047
http://www.wikidata.org/entity/Q126380347,http://www.wikidata.org/prop/direct/P31,http://www.wikidata.org/entity/Q15135589
http://www.wikidata.org/entity/Q122302608,http://www.wikidata.org/prop/direct/P2186,IE-KK-0318
http://www.wikidata.org/entity/Q122302608,http://www.wikidata.org/prop/direct/P4057,KK034-032007-
http://www.wikidata.org/entity/Q122302608,http://www.wikidata.org/prop/direct/P11693,10544065862
http://www.wikidata.org/entity/Q122302960,http://www.wikidata.org/prop/direct/P17,http://www.wikidata.org/entity/Q27
http://www.wikidata.org/entity/Q122302960,http://www.wikidata.org/prop/direct/P31,http://www.wikidata.org/entity/Q43483
http://www.wikidata.org/entity/Q122302960,http://www.wikidata.org/prop/direct/P31,http://www.wikidata.org/entity/Q1371047
http://www.wikidata.org/entity/Q122302960,http://www.wikidata.org/prop/direct/P31,http://www.wikidata.org/entity/Q126443332
http://www.wikidata.org/entity/Q122302960,http://www.wikidata.org/prop/direct/P131,http://www.wikidata.org/entity/Q180231
http://www.wikidata.org/entity/Q122302960,http://www.wikidata.org/prop/direct/P131,http://www.wikidata.org/entity/Q60556262
http://www.wikidata.org/entity/Q122302960,http://www.wikidata.org/prop/direct/P131,http://www.wikidata.org/entity/Q104264985
http://www.wikidata.org/entity/Q122302960,http://www.wikidata.org/prop/direct/P138,http://www.wikidata.org/entity/Q10884
http://www.wikidata.org/entity/Q122302960,http://www.wikidata.org/prop/direct/P195,http://www.wikidata.org/entity/Q126875543
http://www.wikidata.org/entity/Q122302960,http://www.wikidata.org/prop/direct/P195,http://www.wikidata.org/entity/Q132817615
http://www.wikidata.org/entity/Q122302960,http://www.wikidata.org/prop/direct/P217,147
http://www.wikidata.org/entity/Q122302960,http://www.wikidata.org/prop/direct/P217,KHW005
http://www.wikidata.org/entity/Q122302960,http://www.wikidata.org/prop/direct/P625,Point(-7.3404778 52.388403)
http://www.wikidata.org/entity/Q122302960,http://www.wikidata.org/prop/direct/P708,http://www.wikidata.org/entity/Q873607
http://www.wikidata.org/entity/Q122302960,http://www.wikidata.org/prop/direct/P841,http://www.wikidata.org/entity/Q2774
http://www.wikidata.org/entity/Q122302960,http://www.wikidata.org/prop/direct/P1343,http://www.wikidata.org/entity/Q120966194
http://www.wikidata.org/entity/Q122302960,http://www.wikidata.org/prop/direct/P1343,http://www.wikidata.org/entity/Q126374601
http://www.wikidata.org/entity/Q122302960,http://www.wikidata.org/prop/direct/P1343,http://www.wikidata.org/entity/Q126393245
http://www.wikidata.org/entity/Q122302960,http://www.wikidata.org/prop/direct/P1343,http://www.wikidata.org/entity/Q126456421
http://www.wikidata.org/entity/Q122302960,http://www.wikidata.org/prop/direct/P1343,http://www.wikidata.org/entity/Q126474972
http://www.wikidata.org/entity/Q122302960,http://www.wikidata.org/prop/direct/P1343,http://www.wikidata.org/entity/Q126528008
http://www.wikidata.org/entity/Q122302960,http://www.wikidata.org/prop/direct/P1343,http://www.wikidata.org/entity/Q126540348
http://www.wikidata.org/entity/Q122302960,http://www.wikidata.org/prop/direct/P1343,http://www.wikidata.org/entity/Q126875543
http://www.wikidata.org/entity/Q122302960,http://www.wikidata.org/prop/direct/P1343,http://www.wikidata.org/entity/Q130284129
http://www.wikidata.org/entity/Q122302960,http://www.wikidata.org/prop/direct/P1343,http://www.wikidata.org/entity/Q130308814
http://www.wikidata.org/entity/Q122302960,http://www.wikidata.org/prop/direct/P1343,http://www.wikidata.org/entity/Q132817615
http://www.wikidata.org/entity/Q122302960,http://www.wikidata.org/prop/direct/P1343,http://www.wikidata.org/entity/Q133263165
http://www.wikidata.org/entity/Q122302960,http://www.wikidata.org/prop/direct/P1343,http://www.wikidata.org/entity/Q133385130
http://www.wikidata.org/entity/Q122302960,http://www.wikidata.org/prop/direct/P2186,IE-KK-0319
http://www.wikidata.org/entity/Q122302960,http://www.wikidata.org/prop/direct/P4057,KK039-002001-
http://www.wikidata.org/entity/Q122302960,http://www.wikidata.org/prop/direct/P11693,8526263529
http://www.wikidata.org/entity/Q126491081,http://www.wikidata.org/prop/direct/P17,http://www.wikidata.org/entity/Q27
http://www.wikidata.org/entity/Q126491081,http://www.wikidata.org/prop/direct/P31,http://www.wikidata.org/entity/Q124714
http://www.wikidata.org/entity/Q126491081,http://www.wikidata.org/prop/direct/P31,http://www.wikidata.org/entity/Q1371047
http://www.wikidata.org/entity/Q126491081,http://www.wikidata.org/prop/direct/P31,http://www.wikidata.org/entity/Q126443332
http://www.wikidata.org/entity/Q126491081,http://www.wikidata.org/prop/direct/P131,http://www.wikidata.org/entity/Q180231
http://www.wikidata.org/entity/Q126491081,http://www.wikidata.org/prop/direct/P131,http://www.wikidata.org/entity/Q30589034
http://www.wikidata.org/entity/Q126491081,http://www.wikidata.org/prop/direct/P131,http://www.wikidata.org/entity/Q104264292
http://www.wikidata.org/entity/Q126491081,http://www.wikidata.org/prop/direct/P138,http://www.wikidata.org/entity/Q107257053
http://www.wikidata.org/entity/Q126491081,http://www.wikidata.org/prop/direct/P625,Point(-7.4100819 52.5503076)
http://www.wikidata.org/entity/Q126491081,http://www.wikidata.org/prop/direct/P708,http://www.wikidata.org/entity/Q873607
http://www.wikidata.org/entity/Q126491081,http://www.wikidata.org/prop/direct/P1343,http://www.wikidata.org/entity/Q126374601
http://www.wikidata.org/entity/Q126491081,http://www.wikidata.org/prop/direct/P1343,http://www.wikidata.org/entity/Q126540348
http://www.wikidata.org/entity/Q126491170,http://www.wikidata.org/prop/direct/P17,http://www.wikidata.org/entity/Q27
http://www.wikidata.org/entity/Q126491170,http://www.wikidata.org/prop/direct/P31,http://www.wikidata.org/entity/Q124714
http://www.wikidata.org/entity/Q126491170,http://www.wikidata.org/prop/direct/P31,http://www.wikidata.org/entity/Q1371047
http://www.wikidata.org/entity/Q126491170,http://www.wikidata.org/prop/direct/P31,http://www.wikidata.org/entity/Q126443332
http://www.wikidata.org/entity/Q126491170,http://www.wikidata.org/prop/direct/P131,http://www.wikidata.org/entity/Q180231
http://www.wikidata.org/entity/Q126491170,http://www.wikidata.org/prop/direct/P131,http://www.wikidata.org/entity/Q60553663
http://www.wikidata.org/entity/Q126491170,http://www.wikidata.org/prop/direct/P131,http://www.wikidata.org/entity/Q104264292
http://www.wikidata.org/entity/Q126491170,http://www.wikidata.org/prop/direct/P138,http://www.wikidata.org/entity/Q23640
http://www.wikidata.org/entity/Q126491170,http://www.wikidata.org/prop/direct/P625,Point(-7.4110115 52.5508176)
http://www.wikidata.org/entity/Q126491170,http://www.wikidata.org/prop/direct/P708,http://www.wikidata.org/entity/Q873607
http://www.wikidata.org/entity/Q126491170,http://www.wikidata.org/prop/direct/P1343,http://www.wikidata.org/entity/Q126374601
http://www.wikidata.org/entity/Q126499565,http://www.wikidata.org/prop/direct/P17,http://www.wikidata.org/entity/Q27
http://www.wikidata.org/entity/Q126499565,http://www.wikidata.org/prop/direct/P31,http://www.wikidata.org/entity/Q1049799
http://www.wikidata.org/entity/Q126499565,http://www.wikidata.org/prop/direct/P31,http://www.wikidata.org/entity/Q1371047
http://www.wikidata.org/entity/Q126499565,http://www.wikidata.org/prop/direct/P31,http://www.wikidata.org/entity/Q111286333
http://www.wikidata.org/entity/Q126499565,http://www.wikidata.org/prop/direct/P31,http://www.wikidata.org/entity/Q126443332
http://www.wikidata.org/entity/Q126499565,http://www.wikidata.org/prop/direct/P131,http://www.wikidata.org/entity/Q180231
http://www.wikidata.org/entity/Q126499565,http://www.wikidata.org/prop/direct/P131,http://www.wikidata.org/entity/Q39050811
http://www.wikidata.org/entity/Q126499565,http://www.wikidata.org/prop/direct/P131,http://www.wikidata.org/entity/Q104265284
http://www.wikidata.org/entity/Q126499565,http://www.wikidata.org/prop/direct/P138,http://www.wikidata.org/entity/Q345
http://www.wikidata.org/entity/Q126499565,http://www.wikidata.org/prop/direct/P195,http://www.wikidata.org/entity/Q126875543
http://www.wikidata.org/entity/Q126499565,http://www.wikidata.org/prop/direct/P195,http://www.wikidata.org/entity/Q132817615
http://www.wikidata.org/entity/Q126499565,http://www.wikidata.org/prop/direct/P217,112
http://www.wikidata.org/entity/Q126499565,http://www.wikidata.org/prop/direct/P217,KHW122
http://www.wikidata.org/entity/Q126499565,http://www.wikidata.org/prop/direct/P625,Point(-7.2678369 52.7692731)
http://www.wikidata.org/entity/Q126499565,http://www.wikidata.org/prop/direct/P708,http://www.wikidata.org/entity/Q873607
http://www.wikidata.org/entity/Q126499565,http://www.wikidata.org/prop/direct/P841,http://www.wikidata.org/entity/Q2659
http://www.wikidata.org/entity/Q126499565,http://www.wikidata.org/prop/direct/P1343,http://www.wikidata.org/entity/Q116166792
http://www.wikidata.org/entity/Q126499565,http://www.wikidata.org/prop/direct/P1343,http://www.wikidata.org/entity/Q126374601
http://www.wikidata.org/entity/Q126499565,http://www.wikidata.org/prop/direct/P1343,http://www.wikidata.org/entity/Q126393245
http://www.wikidata.org/entity/Q126499565,http://www.wikidata.org/prop/direct/P1343,http://www.wikidata.org/entity/Q126474972
http://www.wikidata.org/entity/Q126499565,http://www.wikidata.org/prop/direct/P1343,http://www.wikidata.org/entity/Q126875543
http://www.wikidata.org/entity/Q126478564,http://www.wikidata.org/prop/direct/P11693,8522363812
http://www.wikidata.org/entity/Q126485841,http://www.wikidata.org/prop/direct/P17,http://www.wikidata.org/entity/Q27
http://www.wikidata.org/entity/Q126485841,http://www.wikidata.org/prop/direct/P31,http://www.wikidata.org/entity/Q1371047
http://www.wikidata.org/entity/Q126485841,http://www.wikidata.org/prop/direct/P31,http://www.wikidata.org/entity/Q126443332
http://www.wikidata.org/entity/Q126485841,http://www.wikidata.org/prop/direct/P131,http://www.wikidata.org/entity/Q180231
http://www.wikidata.org/entity/Q126485841,http://www.wikidata.org/prop/direct/P131,http://www.wikidata.org/entity/Q60557176
http://www.wikidata.org/entity/Q126485841,http://www.wikidata.org/prop/direct/P131,http://www.wikidata.org/entity/Q104264753
http://www.wikidata.org/entity/Q126485841,http://www.wikidata.org/prop/direct/P195,http://www.wikidata.org/entity/Q126875543
http://www.wikidata.org/entity/Q126485841,http://www.wikidata.org/prop/direct/P195,http://www.wikidata.org/entity/Q132817615
http://www.wikidata.org/entity/Q126485841,http://www.wikidata.org/prop/direct/P217,128
http://www.wikidata.org/entity/Q126485841,http://www.wikidata.org/prop/direct/P217,KHW019
http://www.wikidata.org/entity/Q126485841,http://www.wikidata.org/prop/direct/P373,Knockroe holy well
http://www.wikidata.org/entity/Q126485841,http://www.wikidata.org/prop/direct/P625,Point(-7.399405 52.431919)
http://www.wikidata.org/entity/Q126485841,http://www.wikidata.org/prop/direct/P625,Point(-7.3932147 52.4325557)
http://www.wikidata.org/entity/Q126485841,http://www.wikidata.org/prop/direct/P708,http://www.wikidata.org/entity/Q873607
http://www.wikidata.org/entity/Q126485841,http://www.wikidata.org/prop/direct/P1343,http://www.wikidata.org/entity/Q120966194
http://www.wikidata.org/entity/Q126485841,http://www.wikidata.org/prop/direct/P1343,http://www.wikidata.org/entity/Q126875543
http://www.wikidata.org/entity/Q126485841,http://www.wikidata.org/prop/direct/P1343,http://www.wikidata.org/entity/Q132817615
http://www.wikidata.org/entity/Q126485841,http://www.wikidata.org/prop/direct/P4057,KK034-019002-
http://www.wikidata.org/entity/Q126485854,http://www.wikidata.org/prop/direct/P17,http://www.wikidata.org/entity/Q27
http://www.wikidata.org/entity/Q126485854,http://www.wikidata.org/prop/direct/P31,http://www.wikidata.org/entity/Q1371047
http://www.wikidata.org/entity/Q126485854,http://www.wikidata.org/prop/direct/P31,http://www.wikidata.org/entity/Q126443332
http://www.wikidata.org/entity/Q126485854,http://www.wikidata.org/prop/direct/P131,http://www.wikidata.org/entity/Q180231
http://www.wikidata.org/entity/Q126485854,http://www.wikidata.org/prop/direct/P131,http://www.wikidata.org/entity/Q60557176
http://www.wikidata.org/entity/Q126485854,http://www.wikidata.org/prop/direct/P138,http://www.wikidata.org/entity/Q80979
http://www.wikidata.org/entity/Q126485854,http://www.wikidata.org/prop/direct/P195,http://www.wikidata.org/entity/Q126875543
http://www.wikidata.org/entity/Q126485854,http://www.wikidata.org/prop/direct/P195,http://www.wikidata.org/entity/Q132817615
http://www.wikidata.org/entity/Q126485854,http://www.wikidata.org/prop/direct/P217,132
http://www.wikidata.org/entity/Q126485854,http://www.wikidata.org/prop/direct/P217,KHW018
http://www.wikidata.org/entity/Q126485854,http://www.wikidata.org/prop/direct/P625,Point(-7.366059 52.446827)
http://www.wikidata.org/entity/Q126485854,http://www.wikidata.org/prop/direct/P708,http://www.wikidata.org/entity/Q873607
http://www.wikidata.org/entity/Q126485854,http://www.wikidata.org/prop/direct/P973,https://ogham.celt.dias.ie/36._Lamoge_I
http://www.wikidata.org/entity/Q126485854,http://www.wikidata.org/prop/direct/P1343,http://www.wikidata.org/entity/Q120966194
http://www.wikidata.org/entity/Q126485854,http://www.wikidata.org/prop/direct/P1343,http://www.wikidata.org/entity/Q126456421
http://www.wikidata.org/entity/Q126485854,http://www.wikidata.org/prop/direct/P1343,http://www.wikidata.org/entity/Q126875543
http://www.wikidata.org/entity/Q126485854,http://www.wikidata.org/prop/direct/P1343,http://www.wikidata.org/entity/Q130245242
http://www.wikidata.org/entity/Q126485854,http://www.wikidata.org/prop/direct/P1343,http://www.wikidata.org/entity/Q130308814
http://www.wikidata.org/entity/Q126485854,http://www.wikidata.org/prop/direct/P1343,http://www.wikidata.org/entity/Q132817615
http://www.wikidata.org/entity/Q126485854,http://www.wikidata.org/prop/direct/P4057,KK034-013005-
http://www.wikidata.org/entity/Q126485854,http://www.wikidata.org/prop/direct/P11693,12017113763
http://www.wikidata.org/entity/Q126486113,http://www.wikidata.org/prop/direct/P1343,http://www.wikidata.org/entity/Q126393245
http://www.wikidata.org/entity/Q126486113,http://www.wikidata.org/prop/direct/P1343,http://www.wikidata.org/entity/Q126454465
http://www.wikidata.org/entity/Q126486113,http://www.wikidata.org/prop/direct/P1343,http://www.wikidata.org/entity/Q126528008
http://www.wikidata.org/entity/Q126486113,http://www.wikidata.org/prop/direct/P1343,http://www.wikidata.org/entity/Q126540348
http://www.wikidata.org/entity/Q126486113,http://www.wikidata.org/prop/direct/P1343,http://www.wikidata.org/entity/Q126555558
http://www.wikidata.org/entity/Q126486113,http://www.wikidata.org/prop/direct/P1343,http://www.wikidata.org/entity/Q126871352
http://www.wikidata.org/entity/Q126486113,http://www.wikidata.org/prop/direct/P1343,http://www.wikidata.org/entity/Q126875543
http://www.wikidata.org/entity/Q126486113,http://www.wikidata.org/prop/direct/P1343,http://www.wikidata.org/entity/Q129907246
http://www.wikidata.org/entity/Q126486113,http://www.wikidata.org/prop/direct/P1343,http://www.wikidata.org/entity/Q130284129
http://www.wikidata.org/entity/Q126486113,http://www.wikidata.org/prop/direct/P1343,http://www.wikidata.org/entity/Q130308814
http://www.wikidata.org/entity/Q126486113,http://www.wikidata.org/prop/direct/P4057,KK026-032----
http://www.wikidata.org/entity/Q126486113,http://www.wikidata.org/prop/direct/P11693,8522177388
http://www.wikidata.org/entity/Q126486229,http://www.wikidata.org/prop/direct/P17,http://www.wikidata.org/entity/Q27
http://www.wikidata.org/entity/Q126486229,http://www.wikidata.org/prop/direct/P31,http://www.wikidata.org/entity/Q1371047
http://www.wikidata.org/entity/Q126486229,http://www.wikidata.org/prop/direct/P31,http://www.wikidata.org/entity/Q126443332
http://www.wikidata.org/entity/Q126486229,http://www.wikidata.org/prop/direct/P131,http://www.wikidata.org/entity/Q180231
http://www.wikidata.org/entity/Q126486229,http://www.wikidata.org/prop/direct/P131,http://www.wikidata.org/entity/Q60552557
http://www.wikidata.org/entity/Q126486229,http://www.wikidata.org/prop/direct/P131,http://www.wikidata.org/entity/Q104265812
http://www.wikidata.org/entity/Q126486229,http://www.wikidata.org/prop/direct/P138,http://www.wikidata.org/entity/Q101971
http://www.wikidata.org/entity/Q126486229,http://www.wikidata.org/prop/direct/P1343,http://www.wikidata.org/entity/Q126393245
http://www.wikidata.org/entity/Q126486229,http://www.wikidata.org/prop/direct/P6375,Poulnamona (field name)
http://www.wikidata.org/entity/Q126486274,http://www.wikidata.org/prop/direct/P17,http://www.wikidata.org/entity/Q27
http://www.wikidata.org/entity/Q126486274,http://www.wikidata.org/prop/direct/P18,http://commons.wikimedia.org/wiki/Special:FilePath/Site%20of%20St.%20John%27s%20Well%20at%20Kildalton%20College.jpg
http://www.wikidata.org/entity/Q126486274,http://www.wikidata.org/prop/direct/P31,http://www.wikidata.org/entity/Q124714
http://www.wikidata.org/entity/Q126486274,http://www.wikidata.org/prop/direct/P31,http://www.wikidata.org/entity/Q1049799
http://www.wikidata.org/entity/Q126486274,http://www.wikidata.org/prop/direct/P31,http://www.wikidata.org/entity/Q1371047
http://www.wikidata.org/entity/Q126486274,http://www.wikidata.org/prop/direct/P31,http://www.wikidata.org/entity/Q126443332
http://www.wikidata.org/entity/Q126486274,http://www.wikidata.org/prop/direct/P131,http://www.wikidata.org/entity/Q180231
http://www.wikidata.org/entity/Q126486274,http://www.wikidata.org/prop/direct/P131,http://www.wikidata.org/entity/Q60554288
http://www.wikidata.org/entity/Q126486274,http://www.wikidata.org/prop/direct/P131,http://www.wikidata.org/entity/Q104265131
http://www.wikidata.org/entity/Q126486274,http://www.wikidata.org/prop/direct/P138,http://www.wikidata.org/entity/Q40662
http://www.wikidata.org/entity/Q126486274,http://www.wikidata.org/prop/direct/P195,http://www.wikidata.org/entity/Q126875543
http://www.wikidata.org/entity/Q126486274,http://www.wikidata.org/prop/direct/P195,http://www.wikidata.org/entity/Q132817615
http://www.wikidata.org/entity/Q126486274,http://www.wikidata.org/prop/direct/P217,103
http://www.wikidata.org/entity/Q126486274,http://www.wikidata.org/prop/direct/P217,KHW149
http://www.wikidata.org/entity/Q126486274,http://www.wikidata.org/prop/direct/P373,"Saint John's Well, Kildalton"
http://www.wikidata.org/entity/Q126486274,http://www.wikidata.org/prop/direct/P625,Point(-7.3193448 52.3538849)
http://www.wikidata.org/entity/Q126486274,http://www.wikidata.org/prop/direct/P708,http://www.wikidata.org/entity/Q873607
http://www.wikidata.org/entity/Q126486274,http://www.wikidata.org/prop/direct/P1343,http://www.wikidata.org/entity/Q126456421
http://www.wikidata.org/entity/Q126486274,http://www.wikidata.org/prop/direct/P1343,http://www.wikidata.org/entity/Q126540348
http://www.wikidata.org/entity/Q126486274,http://www.wikidata.org/prop/direct/P1343,http://www.wikidata.org/entity/Q126555558
http://www.wikidata.org/entity/Q126486274,http://www.wikidata.org/prop/direct/P1343,http://www.wikidata.org/entity/Q126875543
http://www.wikidata.org/entity/Q126486274,http://www.wikidata.org/prop/direct/P1343,http://www.wikidata.org/entity/Q128304747
http://www.wikidata.org/entity/Q126487120,http://www.wikidata.org/prop/direct/P11693,998532219
http://www.wikidata.org/entity/Q126487167,http://www.wikidata.org/prop/direct/P17,http://www.wikidata.org/entity/Q27
http://www.wikidata.org/entity/Q126487167,http://www.wikidata.org/prop/direct/P18,http://commons.wikimedia.org/wiki/Special:FilePath/St%20Molliga%27s%20Well%2C%20Kilkenny.jpg
http://www.wikidata.org/entity/Q126487167,http://www.wikidata.org/prop/direct/P31,http://www.wikidata.org/entity/Q1371047
http://www.wikidata.org/entity/Q126487167,http://www.wikidata.org/prop/direct/P31,http://www.wikidata.org/entity/Q126443332
http://www.wikidata.org/entity/Q126487167,http://www.wikidata.org/prop/direct/P131,http://www.wikidata.org/entity/Q180231
http://www.wikidata.org/entity/Q126487167,http://www.wikidata.org/prop/direct/P131,http://www.wikidata.org/entity/Q60556542
http://www.wikidata.org/entity/Q126487167,http://www.wikidata.org/prop/direct/P131,http://www.wikidata.org/entity/Q104265588
http://www.wikidata.org/entity/Q126487167,http://www.wikidata.org/prop/direct/P138,http://www.wikidata.org/entity/Q18530405
http://www.wikidata.org/entity/Q126487167,http://www.wikidata.org/prop/direct/P373,"Saint Molagga's Well, Leggetsrath West"
http://www.wikidata.org/entity/Q126487167,http://www.wikidata.org/prop/direct/P625,Point(-7.2187 52.64815)
http://www.wikidata.org/entity/Q126487167,http://www.wikidata.org/prop/direct/P708,http://www.wikidata.org/entity/Q873607
http://www.wikidata.org/entity/Q126487167,http://www.wikidata.org/prop/direct/P1651,WVtRWMLivQk
http://www.wikidata.org/entity/Q126487167,http://www.wikidata.org/prop/direct/P10689,1269042894
http://www.wikidata.org/entity/Q126487303,http://www.wikidata.org/prop/direct/P17,http://www.wikidata.org/entity/Q27
http://www.wikidata.org/entity/Q126487303,http://www.wikidata.org/prop/direct/P31,http://www.wikidata.org/entity/Q1371047
http://www.wikidata.org/entity/Q126487303,http://www.wikidata.org/prop/direct/P31,http://www.wikidata.org/entity/Q126443332
http://www.wikidata.org/entity/Q126487303,http://www.wikidata.org/prop/direct/P131,http://www.wikidata.org/entity/Q180231
http://www.wikidata.org/entity/Q126487303,http://www.wikidata.org/prop/direct/P131,http://www.wikidata.org/entity/Q60555223
http://www.wikidata.org/entity/Q126487303,http://www.wikidata.org/prop/direct/P131,http://www.wikidata.org/entity/Q104265616
http://www.wikidata.org/entity/Q126487303,http://www.wikidata.org/prop/direct/P138,http://www.wikidata.org/entity/Q43399
http://www.wikidata.org/entity/Q126487303,http://www.wikidata.org/prop/direct/P195,http://www.wikidata.org/entity/Q126875543
http://www.wikidata.org/entity/Q126487303,http://www.wikidata.org/prop/direct/P195,http://www.wikidata.org/entity/Q132817615
http://www.wikidata.org/entity/Q126487303,http://www.wikidata.org/prop/direct/P217,118
http://www.wikidata.org/entity/Q126487303,http://www.wikidata.org/prop/direct/P217,KHW125
http://www.wikidata.org/entity/Q126487303,http://www.wikidata.org/prop/direct/P373,"Saint Andrew's Well, Kilmadum"
http://www.wikidata.org/entity/Q126487303,http://www.wikidata.org/prop/direct/P708,http://www.wikidata.org/entity/Q873607
http://www.wikidata.org/entity/Q126487303,http://www.wikidata.org/prop/direct/P1343,http://www.wikidata.org/entity/Q126374601
http://www.wikidata.org/entity/Q126487303,http://www.wikidata.org/prop/direct/P1343,http://www.wikidata.org/entity/Q126454465
http://www.wikidata.org/entity/Q126487303,http://www.wikidata.org/prop/direct/P1343,http://www.wikidata.org/entity/Q126875543
http://www.wikidata.org/entity/Q126487303,http://www.wikidata.org/prop/direct/P1343,http://www.wikidata.org/entity/Q130308814
http://www.wikidata.org/entity/Q126487303,http://www.wikidata.org/prop/direct/P1343,http://www.wikidata.org/entity/Q132817615
http://www.wikidata.org/entity/Q126487303,http://www.wikidata.org/prop/direct/P4057,KK014-079----
http://www.wikidata.org/entity/Q126487303,http://www.wikidata.org/prop/direct/P11693,8554539057
http://www.wikidata.org/entity/Q130361231,http://www.wikidata.org/prop/direct/P17,http://www.wikidata.org/entity/Q27
http://www.wikidata.org/entity/Q130361231,http://www.wikidata.org/prop/direct/P31,http://www.wikidata.org/entity/Q1371047
http://www.wikidata.org/entity/Q130361231,http://www.wikidata.org/prop/direct/P31,http://www.wikidata.org/entity/Q126443332
http://www.wikidata.org/entity/Q130361231,http://www.wikidata.org/prop/direct/P131,http://www.wikidata.org/entity/Q180231
http://www.wikidata.org/entity/Q130361231,http://www.wikidata.org/prop/direct/P708,http://www.wikidata.org/entity/Q873607
http://www.wikidata.org/entity/Q130361231,http://www.wikidata.org/prop/direct/P1343,http://www.wikidata.org/entity/Q126393245
http://www.wikidata.org/entity/Q130361231,http://www.wikidata.org/prop/direct/P6375,Beside the old church of Tullaherin is a round Tower and under the shadow of the tower
http://www.wikidata.org/entity/Q130479429,http://www.wikidata.org/prop/direct/P17,http://www.wikidata.org/entity/Q27
http://www.wikidata.org/entity/Q130479429,http://www.wikidata.org/prop/direct/P18,http://commons.wikimedia.org/wiki/Special:FilePath/St%20Declan%27s%20Well%20-%20geograph.org.uk%20-%205536077.jpg
http://www.wikidata.org/entity/Q130479429,http://www.wikidata.org/prop/direct/P31,http://www.wikidata.org/entity/Q1371047
http://www.wikidata.org/entity/Q130479429,http://www.wikidata.org/prop/direct/P31,http://www.wikidata.org/entity/Q126443332
http://www.wikidata.org/entity/Q130479429,http://www.wikidata.org/prop/direct/P131,http://www.wikidata.org/entity/Q184594
http://www.wikidata.org/entity/Q130479429,http://www.wikidata.org/prop/direct/P373,"St. Declan's Well, Ardmore"
http://www.wikidata.org/entity/Q130479429,http://www.wikidata.org/prop/direct/P625,Point(-7.712605 51.948073)
http://www.wikidata.org/entity/Q130479429,http://www.wikidata.org/prop/direct/P1343,http://www.wikidata.org/entity/Q130479296
http://www.wikidata.org/entity/Q130479429,http://www.wikidata.org/prop/direct/P4057,WA040-011002-
http://www.wikidata.org/entity/Q131396044,http://www.wikidata.org/prop/direct/P17,http://www.wikidata.org/entity/Q27
http://www.wikidata.org/entity/Q131396044,http://www.wikidata.org/prop/direct/P31,http://www.wikidata.org/entity/Q1371047
http://www.wikidata.org/entity/Q131396044,http://www.wikidata.org/prop/direct/P31,http://www.wikidata.org/entity/Q126443332
http://www.wikidata.org/entity/Q131396044,http://www.wikidata.org/prop/direct/P131,http://www.wikidata.org/entity/Q184469
http://www.wikidata.org/entity/Q131396044,http://www.wikidata.org/prop/direct/P138,http://www.wikidata.org/entity/Q4300418
http://www.wikidata.org/entity/Q131396044,http://www.wikidata.org/prop/direct/P625,Point(-9.2661977 52.3102686)
http://www.wikidata.org/entity/Q131396044,http://www.wikidata.org/prop/direct/P1343,http://www.wikidata.org/entity/Q131395980
http://www.wikidata.org/entity/Q131396044,http://www.wikidata.org/prop/direct/P4057,KE032-009----
http://www.wikidata.org/entity/Q131396044,http://www.wikidata.org/prop/direct/P11693,4630115448
http://www.wikidata.org/entity/Q131625906,http://www.wikidata.org/prop/direct/P17,http://www.wikidata.org/entity/Q26
http://www.wikidata.org/entity/Q131625906,http://www.wikidata.org/prop/direct/P31,http://www.wikidata.org/entity/Q124714
http://www.wikidata.org/entity/Q131625906,http://www.wikidata.org/prop/direct/P31,http://www.wikidata.org/entity/Q1371047
http://www.wikidata.org/entity/Q131625906,http://www.wikidata.org/prop/direct/P31,http://www.wikidata.org/entity/Q126443332
http://www.wikidata.org/entity/Q131625906,http://www.wikidata.org/prop/direct/P131,http://www.wikidata.org/entity/Q192208
http://www.wikidata.org/entity/Q131625906,http://www.wikidata.org/prop/direct/P625,Point(-6.8406725 55.0429992)
http://www.wikidata.org/entity/Q131625906,http://www.wikidata.org/prop/direct/P1343,http://www.wikidata.org/entity/Q131625819
http://www.wikidata.org/entity/Q131625906,http://www.wikidata.org/prop/direct/P7959,http://www.wikidata.org/entity/Q192208
http://www.wikidata.org/entity/Q131625906,http://www.wikidata.org/prop/direct/P11693,3489026773
http://www.wikidata.org/entity/Q126380347,http://www.wikidata.org/prop/direct/P31,http://www.wikidata.org/entity/Q105889895
http://www.wikidata.org/entity/Q126380347,http://www.wikidata.org/prop/direct/P31,http://www.wikidata.org/entity/Q126443332
http://www.wikidata.org/entity/Q126380347,http://www.wikidata.org/prop/direct/P131,http://www.wikidata.org/entity/Q180231
http://www.wikidata.org/entity/Q126380347,http://www.wikidata.org/prop/direct/P131,http://www.wikidata.org/entity/Q60553710
http://www.wikidata.org/entity/Q126380347,http://www.wikidata.org/prop/direct/P131,http://www.wikidata.org/entity/Q104265724
http://www.wikidata.org/entity/Q126380347,http://www.wikidata.org/prop/direct/P131,http://www.wikidata.org/entity/Q104265736
http://www.wikidata.org/entity/Q126380347,http://www.wikidata.org/prop/direct/P138,http://www.wikidata.org/entity/Q380356
http://www.wikidata.org/entity/Q126380347,http://www.wikidata.org/prop/direct/P195,http://www.wikidata.org/entity/Q126875543
http://www.wikidata.org/entity/Q126380347,http://www.wikidata.org/prop/direct/P195,http://www.wikidata.org/entity/Q132817615
http://www.wikidata.org/entity/Q126380347,http://www.wikidata.org/prop/direct/P217,63
http://www.wikidata.org/entity/Q126380347,http://www.wikidata.org/prop/direct/P217,KHW107
http://www.wikidata.org/entity/Q126380347,http://www.wikidata.org/prop/direct/P373,"Cruckny Well, Castlecomer"
http://www.wikidata.org/entity/Q126380347,http://www.wikidata.org/prop/direct/P625,Point(-7.1997242 52.8064471)
http://www.wikidata.org/entity/Q126380347,http://www.wikidata.org/prop/direct/P625,Point(-7.199663888 52.80658)
http://www.wikidata.org/entity/Q126380347,http://www.wikidata.org/prop/direct/P708,http://www.wikidata.org/entity/Q873607
http://www.wikidata.org/entity/Q126380347,http://www.wikidata.org/prop/direct/P1343,http://www.wikidata.org/entity/Q116166792
http://www.wikidata.org/entity/Q126380347,http://www.wikidata.org/prop/direct/P1343,http://www.wikidata.org/entity/Q120966194
http://www.wikidata.org/entity/Q126380347,http://www.wikidata.org/prop/direct/P1343,http://www.wikidata.org/entity/Q126374601
http://www.wikidata.org/entity/Q126380347,http://www.wikidata.org/prop/direct/P1343,http://www.wikidata.org/entity/Q126507417
http://www.wikidata.org/entity/Q126380347,http://www.wikidata.org/prop/direct/P1343,http://www.wikidata.org/entity/Q126540348
http://www.wikidata.org/entity/Q126380347,http://www.wikidata.org/prop/direct/P1343,http://www.wikidata.org/entity/Q126875543
http://www.wikidata.org/entity/Q126380347,http://www.wikidata.org/prop/direct/P1343,http://www.wikidata.org/entity/Q129333352
http://www.wikidata.org/entity/Q126380347,http://www.wikidata.org/prop/direct/P1343,http://www.wikidata.org/entity/Q130266736
http://www.wikidata.org/entity/Q126380347,http://www.wikidata.org/prop/direct/P1343,http://www.wikidata.org/entity/Q130284129
http://www.wikidata.org/entity/Q126380347,http://www.wikidata.org/prop/direct/P1343,http://www.wikidata.org/entity/Q132817615
http://www.wikidata.org/entity/Q126380347,http://www.wikidata.org/prop/direct/P4057,KK006-002----
http://www.wikidata.org/entity/Q126380347,http://www.wikidata.org/prop/direct/P11693,11121636597
http://www.wikidata.org/entity/Q126385950,http://www.wikidata.org/prop/direct/P17,http://www.wikidata.org/entity/Q27
http://www.wikidata.org/entity/Q126385950,http://www.wikidata.org/prop/direct/P18,http://commons.wikimedia.org/wiki/Special:FilePath/Lady%27s%20Well%20in%20Danesfort%20with%20shrine.jpg
http://www.wikidata.org/entity/Q126385950,http://www.wikidata.org/prop/direct/P31,http://www.wikidata.org/entity/Q1371047
http://www.wikidata.org/entity/Q126385950,http://www.wikidata.org/prop/direct/P31,http://www.wikidata.org/entity/Q10713454
http://www.wikidata.org/entity/Q126385950,http://www.wikidata.org/prop/direct/P31,http://www.wikidata.org/entity/Q105889895
http://www.wikidata.org/entity/Q126385950,http://www.wikidata.org/prop/direct/P31,http://www.wikidata.org/entity/Q126443332
http://www.wikidata.org/entity/Q126385950,http://www.wikidata.org/prop/direct/P131,http://www.wikidata.org/entity/Q180231
http://www.wikidata.org/entity/Q126385950,http://www.wikidata.org/prop/direct/P131,http://www.wikidata.org/entity/Q60553962
http://www.wikidata.org/entity/Q126385950,http://www.wikidata.org/prop/direct/P138,http://www.wikidata.org/entity/Q345
http://www.wikidata.org/entity/Q126385950,http://www.wikidata.org/prop/direct/P195,http://www.wikidata.org/entity/Q126875543
http://www.wikidata.org/entity/Q126385950,http://www.wikidata.org/prop/direct/P195,http://www.wikidata.org/entity/Q132817615
http://www.wikidata.org/entity/Q126385950,http://www.wikidata.org/prop/direct/P217,11
http://www.wikidata.org/entity/Q126385950,http://www.wikidata.org/prop/direct/P217,KHW028
http://www.wikidata.org/entity/Q126385950,http://www.wikidata.org/prop/direct/P373,"Lady's Well, Danesfort"
http://www.wikidata.org/entity/Q126385950,http://www.wikidata.org/prop/direct/P625,Point(-7.24782 52.56623)
http://www.wikidata.org/entity/Q126385950,http://www.wikidata.org/prop/direct/P708,http://www.wikidata.org/entity/Q873607
http://www.wikidata.org/entity/Q128144530,http://www.wikidata.org/prop/direct/P17,http://www.wikidata.org/entity/Q27
http://www.wikidata.org/entity/Q128144530,http://www.wikidata.org/prop/direct/P31,http://www.wikidata.org/entity/Q1371047
http://www.wikidata.org/entity/Q128144530,http://www.wikidata.org/prop/direct/P31,http://www.wikidata.org/entity/Q126443332
http://www.wikidata.org/entity/Q128144530,http://www.wikidata.org/prop/direct/P131,http://www.wikidata.org/entity/Q180231
http://www.wikidata.org/entity/Q128144530,http://www.wikidata.org/prop/direct/P1343,http://www.wikidata.org/entity/Q126393245
http://www.wikidata.org/entity/Q129263926,http://www.wikidata.org/prop/direct/P10,http://commons.wikimedia.org/wiki/Special:FilePath/Newtown%20Jerpoint%20St%20Nicholas%27%20Well.webm
http://www.wikidata.org/entity/Q129263926,http://www.wikidata.org/prop/direct/P17,http://www.wikidata.org/entity/Q27
http://www.wikidata.org/entity/Q129263926,http://www.wikidata.org/prop/direct/P18,http://commons.wikimedia.org/wiki/Special:FilePath/Saint%20Nicholas%27%20Well%20in%20Newtown%20Jerpoint.jpg
http://www.wikidata.org/entity/Q129263926,http://www.wikidata.org/prop/direct/P31,http://www.wikidata.org/entity/Q1371047
http://www.wikidata.org/entity/Q129263926,http://www.wikidata.org/prop/direct/P31,http://www.wikidata.org/entity/Q126443332
http://www.wikidata.org/entity/Q129263926,http://www.wikidata.org/prop/direct/P131,http://www.wikidata.org/entity/Q180231
http://www.wikidata.org/entity/Q129263926,http://www.wikidata.org/prop/direct/P131,http://www.wikidata.org/entity/Q60554519
http://www.wikidata.org/entity/Q129263926,http://www.wikidata.org/prop/direct/P131,http://www.wikidata.org/entity/Q104265826
http://www.wikidata.org/entity/Q129263926,http://www.wikidata.org/prop/direct/P138,http://www.wikidata.org/entity/Q44269
http://www.wikidata.org/entity/Q129263926,http://www.wikidata.org/prop/direct/P195,http://www.wikidata.org/entity/Q132817615
http://www.wikidata.org/entity/Q129263926,http://www.wikidata.org/prop/direct/P217,KHW2-27
http://www.wikidata.org/entity/Q129263926,http://www.wikidata.org/prop/direct/P373,"Saint Nicholas' Well, Newtown Jerpoint"
http://www.wikidata.org/entity/Q129263926,http://www.wikidata.org/prop/direct/P625,Point(-7.1637296 52.5134682)
http://www.wikidata.org/entity/Q129263926,http://www.wikidata.org/prop/direct/P708,http://www.wikidata.org/entity/Q873607
http://www.wikidata.org/entity/Q129263926,http://www.wikidata.org/prop/direct/P1325,https://sketchfab.com/3d-models/newtown-jerpoint-st-nicholas-well-62521654a1ec4c0ca7430ccbfb448869
http://www.wikidata.org/entity/Q129263926,http://www.wikidata.org/prop/direct/P1343,http://www.wikidata.org/entity/Q129263929
http://www.wikidata.org/entity/Q129263926,http://www.wikidata.org/prop/direct/P1343,http://www.wikidata.org/entity/Q130323783
http://www.wikidata.org/entity/Q129263926,http://www.wikidata.org/prop/direct/P1343,http://www.wikidata.org/entity/Q130323815
http://www.wikidata.org/entity/Q129263926,http://www.wikidata.org/prop/direct/P1343,http://www.wikidata.org/entity/Q132817615
http://www.wikidata.org/entity/Q129263926,http://www.wikidata.org/prop/direct/P1651,tv1vrJexSd4
http://www.wikidata.org/entity/Q129263926,http://www.wikidata.org/prop/direct/P2186,IE-KK-0345
http://www.wikidata.org/entity/Q129263926,http://www.wikidata.org/prop/direct/P11693,7673751375
http://www.wikidata.org/entity/Q129348459,http://www.wikidata.org/prop/direct/P17,http://www.wikidata.org/entity/Q27
http://www.wikidata.org/entity/Q129348459,http://www.wikidata.org/prop/direct/P31,http://www.wikidata.org/entity/Q1365924
http://www.wikidata.org/entity/Q129348459,http://www.wikidata.org/prop/direct/P31,http://www.wikidata.org/entity/Q1371047
http://www.wikidata.org/entity/Q129348459,http://www.wikidata.org/prop/direct/P31,http://www.wikidata.org/entity/Q3778145
http://www.wikidata.org/entity/Q129348459,http://www.wikidata.org/prop/direct/P31,http://www.wikidata.org/entity/Q126443332
http://www.wikidata.org/entity/Q129348459,http://www.wikidata.org/prop/direct/P131,http://www.wikidata.org/entity/Q180231
http://www.wikidata.org/entity/Q129348459,http://www.wikidata.org/prop/direct/P131,http://www.wikidata.org/entity/Q60555225
http://www.wikidata.org/entity/Q129348459,http://www.wikidata.org/prop/direct/P131,http://www.wikidata.org/entity/Q104265041
http://www.wikidata.org/entity/Q122303248,http://www.wikidata.org/prop/direct/P17,http://www.wikidata.org/entity/Q27
http://www.wikidata.org/entity/Q122303248,http://www.wikidata.org/prop/direct/P18,http://commons.wikimedia.org/wiki/Special:FilePath/Church%20Well%20with%20Church%20ruin.jpg
http://www.wikidata.org/entity/Q122303248,http://www.wikidata.org/prop/direct/P18,http://commons.wikimedia.org/wiki/Special:FilePath/Church%20Well%20in%20April.jpg
http://www.wikidata.org/entity/Q122303248,http://www.wikidata.org/prop/direct/P31,http://www.wikidata.org/entity/Q1371047
http://www.wikidata.org/entity/Q122303248,http://www.wikidata.org/prop/direct/P31,http://www.wikidata.org/entity/Q126443332
http://www.wikidata.org/entity/Q122303248,http://www.wikidata.org/prop/direct/P131,http://www.wikidata.org/entity/Q180231
http://www.wikidata.org/entity/Q122303248,http://www.wikidata.org/prop/direct/P131,http://www.wikidata.org/entity/Q60555011
http://www.wikidata.org/entity/Q122303248,http://www.wikidata.org/prop/direct/P131,http://www.wikidata.org/entity/Q104264555
http://www.wikidata.org/entity/Q122303248,http://www.wikidata.org/prop/direct/P138,http://www.wikidata.org/entity/Q16970
http://www.wikidata.org/entity/Q122303248,http://www.wikidata.org/prop/direct/P138,http://www.wikidata.org/entity/Q43999
http://www.wikidata.org/entity/Q122303248,http://www.wikidata.org/prop/direct/P195,http://www.wikidata.org/entity/Q126875543
http://www.wikidata.org/entity/Q122303248,http://www.wikidata.org/prop/direct/P195,http://www.wikidata.org/entity/Q132817615
http://www.wikidata.org/entity/Q122303248,http://www.wikidata.org/prop/direct/P217,143
http://www.wikidata.org/entity/Q122303248,http://www.wikidata.org/prop/direct/P217,KHW017
http://www.wikidata.org/entity/Q122303248,http://www.wikidata.org/prop/direct/P373,"Church Well, Oldcastle Lower"
http://www.wikidata.org/entity/Q122303248,http://www.wikidata.org/prop/direct/P625,Point(-7.4021043 52.4419089)
http://www.wikidata.org/entity/Q122303248,http://www.wikidata.org/prop/direct/P708,http://www.wikidata.org/entity/Q873607
http://www.wikidata.org/entity/Q122303248,http://www.wikidata.org/prop/direct/P973,http://www.traceyclann.com/files/Kiltrassy%20Kilkenny.htm
http://www.wikidata.org/entity/Q122303248,http://www.wikidata.org/prop/direct/P1325,https://sketchfab.com/3d-models/oldcastle-kiltrassy-holy-well-5af06c35320644ef88746ee2554f02fe
http://www.wikidata.org/entity/Q122303248,http://www.wikidata.org/prop/direct/P1343,http://www.wikidata.org/entity/Q120966194
http://www.wikidata.org/entity/Q122303248,http://www.wikidata.org/prop/direct/P1343,http://www.wikidata.org/entity/Q126374601
http://www.wikidata.org/entity/Q122303248,http://www.wikidata.org/prop/direct/P1343,http://www.wikidata.org/entity/Q126393245
http://www.wikidata.org/entity/Q122303248,http://www.wikidata.org/prop/direct/P1343,http://www.wikidata.org/entity/Q126456421
http://www.wikidata.org/entity/Q122303248,http://www.wikidata.org/prop/direct/P1343,http://www.wikidata.org/entity/Q126875543
http://www.wikidata.org/entity/Q122303248,http://www.wikidata.org/prop/direct/P1343,http://www.wikidata.org/entity/Q130245242
http://www.wikidata.org/entity/Q122303248,http://www.wikidata.org/prop/direct/P1343,http://www.wikidata.org/entity/Q130284129
http://www.wikidata.org/entity/Q122303248,http://www.wikidata.org/prop/direct/P1343,http://www.wikidata.org/entity/Q130308814
http://www.wikidata.org/entity/Q122303248,http://www.wikidata.org/prop/direct/P1343,http://www.wikidata.org/entity/Q132817615
http://www.wikidata.org/entity/Q122303248,http://www.wikidata.org/prop/direct/P2186,IE-KK-0320
http://www.wikidata.org/entity/Q122303248,http://www.wikidata.org/prop/direct/P4057,KK034-004003-
http://www.wikidata.org/entity/Q122303248,http://www.wikidata.org/prop/direct/P6375,Mrs. Davis's field in Mealoughmore
http://www.wikidata.org/entity/Q122303248,http://www.wikidata.org/prop/direct/P11693,8278980324
http://www.wikidata.org/entity/Q122303936,http://www.wikidata.org/prop/direct/P17,http://www.wikidata.org/entity/Q27
http://www.wikidata.org/entity/Q122303936,http://www.wikidata.org/prop/direct/P18,http://commons.wikimedia.org/wiki/Special:FilePath/Location%20of%20Saint%20Luke%27s%20Well.jpg
http://www.wikidata.org/entity/Q122303936,http://www.wikidata.org/prop/direct/P31,http://www.wikidata.org/entity/Q1371047
http://www.wikidata.org/entity/Q122303936,http://www.wikidata.org/prop/direct/P31,http://www.wikidata.org/entity/Q126443332
http://www.wikidata.org/entity/Q122306022,http://www.wikidata.org/prop/direct/P17,http://www.wikidata.org/entity/Q27
http://www.wikidata.org/entity/Q122306022,http://www.wikidata.org/prop/direct/P31,http://www.wikidata.org/entity/Q1371047
http://www.wikidata.org/entity/Q122306022,http://www.wikidata.org/prop/direct/P31,http://www.wikidata.org/entity/Q126443332
http://www.wikidata.org/entity/Q122306022,http://www.wikidata.org/prop/direct/P131,http://www.wikidata.org/entity/Q180231
http://www.wikidata.org/entity/Q122306022,http://www.wikidata.org/prop/direct/P131,http://www.wikidata.org/entity/Q60555010
http://www.wikidata.org/entity/Q122306022,http://www.wikidata.org/prop/direct/P131,http://www.wikidata.org/entity/Q104264685
http://www.wikidata.org/entity/Q122306022,http://www.wikidata.org/prop/direct/P138,http://www.wikidata.org/entity/Q7401926
http://www.wikidata.org/entity/Q122306022,http://www.wikidata.org/prop/direct/P195,http://www.wikidata.org/entity/Q126875543
http://www.wikidata.org/entity/Q122306022,http://www.wikidata.org/prop/direct/P195,http://www.wikidata.org/entity/Q132817615
http://www.wikidata.org/entity/Q122306022,http://www.wikidata.org/prop/direct/P217,131
http://www.wikidata.org/entity/Q122306022,http://www.wikidata.org/prop/direct/P217,KHW066
http://www.wikidata.org/entity/Q122306022,http://www.wikidata.org/prop/direct/P625,Point(-7.41438 52.5837967)
http://www.wikidata.org/entity/Q122306022,http://www.wikidata.org/prop/direct/P708,http://www.wikidata.org/entity/Q873607
http://www.wikidata.org/entity/Q122306022,http://www.wikidata.org/prop/direct/P1343,http://www.wikidata.org/entity/Q120966194
http://www.wikidata.org/entity/Q122306022,http://www.wikidata.org/prop/direct/P1343,http://www.wikidata.org/entity/Q126374601
http://www.wikidata.org/entity/Q122306022,http://www.wikidata.org/prop/direct/P1343,http://www.wikidata.org/entity/Q126393245
http://www.wikidata.org/entity/Q122306022,http://www.wikidata.org/prop/direct/P1343,http://www.wikidata.org/entity/Q126454465
http://www.wikidata.org/entity/Q122306022,http://www.wikidata.org/prop/direct/P1343,http://www.wikidata.org/entity/Q126473056
http://www.wikidata.org/entity/Q122306022,http://www.wikidata.org/prop/direct/P1343,http://www.wikidata.org/entity/Q126474972
http://www.wikidata.org/entity/Q122306022,http://www.wikidata.org/prop/direct/P1343,http://www.wikidata.org/entity/Q126528008
http://www.wikidata.org/entity/Q122306022,http://www.wikidata.org/prop/direct/P1343,http://www.wikidata.org/entity/Q126540348
http://www.wikidata.org/entity/Q122306022,http://www.wikidata.org/prop/direct/P1343,http://www.wikidata.org/entity/Q126875543
http://www.wikidata.org/entity/Q122306022,http://www.wikidata.org/prop/direct/P1343,http://www.wikidata.org/entity/Q130284129
http://www.wikidata.org/entity/Q122306022,http://www.wikidata.org/prop/direct/P1343,http://www.wikidata.org/entity/Q130308814
http://www.wikidata.org/entity/Q122306022,http://www.wikidata.org/prop/direct/P1343,http://www.wikidata.org/entity/Q130386655
http://www.wikidata.org/entity/Q122306022,http://www.wikidata.org/prop/direct/P1343,http://www.wikidata.org/entity/Q130458689
http://www.wikidata.org/entity/Q122306022,http://www.wikidata.org/prop/direct/P1343,http://www.wikidata.org/entity/Q132817615
http://www.wikidata.org/entity/Q122306022,http://www.wikidata.org/prop/direct/P2186,IE-KK-0324
http://www.wikidata.org/entity/Q122306022,http://www.wikidata.org/prop/direct/P4057,KK022-017001-
http://www.wikidata.org/entity/Q122306022,http://www.wikidata.org/prop/direct/P11693,11124626340
http://www.wikidata.org/entity/Q122306366,http://www.wikidata.org/prop/direct/P17,http://www.wikidata.org/entity/Q27
http://www.wikidata.org/entity/Q122306366,http://www.wikidata.org/prop/direct/P31,http://www.wikidata.org/entity/Q1371047
http://www.wikidata.org/entity/Q122306366,http://www.wikidata.org/prop/direct/P31,http://www.wikidata.org/entity/Q126443332
http://www.wikidata.org/entity/Q122306366,http://www.wikidata.org/prop/direct/P131,http://www.wikidata.org/entity/Q180231
http://www.wikidata.org/entity/Q122306366,http://www.wikidata.org/prop/direct/P131,http://www.wikidata.org/entity/Q60557179
http://www.wikidata.org/entity/Q122306366,http://www.wikidata.org/prop/direct/P131,http://www.wikidata.org/entity/Q104264600
http://www.wikidata.org/entity/Q122306366,http://www.wikidata.org/prop/direct/P138,http://www.wikidata.org/entity/Q345
http://www.wikidata.org/entity/Q122306366,http://www.wikidata.org/prop/direct/P195,http://www.wikidata.org/entity/Q126875543
http://www.wikidata.org/entity/Q122306366,http://www.wikidata.org/prop/direct/P195,http://www.wikidata.org/entity/Q132817615
http://www.wikidata.org/entity/Q122306366,http://www.wikidata.org/prop/direct/P217,180
http://www.wikidata.org/entity/Q122306366,http://www.wikidata.org/prop/direct/P217,KHW085
http://www.wikidata.org/entity/Q122306366,http://www.wikidata.org/prop/direct/P625,Point(-7.4339556 52.6592494)
http://www.wikidata.org/entity/Q122306366,http://www.wikidata.org/prop/direct/P708,http://www.wikidata.org/entity/Q873607
http://www.wikidata.org/entity/Q122306366,http://www.wikidata.org/prop/direct/P1343,http://www.wikidata.org/entity/Q120966194
http://www.wikidata.org/entity/Q122306366,http://www.wikidata.org/prop/direct/P1343,http://www.wikidata.org/entity/Q126374601
http://www.wikidata.org/entity/Q126385950,http://www.wikidata.org/prop/direct/P1343,http://www.wikidata.org/entity/Q120966194
http://www.wikidata.org/entity/Q126385950,http://www.wikidata.org/prop/direct/P1343,http://www.wikidata.org/entity/Q126374601
http://www.wikidata.org/entity/Q126385950,http://www.wikidata.org/prop/direct/P1343,http://www.wikidata.org/entity/Q126393245
http://www.wikidata.org/entity/Q126385950,http://www.wikidata.org/prop/direct/P1343,http://www.wikidata.org/entity/Q126454465
http://www.wikidata.org/entity/Q126385950,http://www.wikidata.org/prop/direct/P1343,http://www.wikidata.org/entity/Q126474972
http://www.wikidata.org/entity/Q126385950,http://www.wikidata.org/prop/direct/P1343,http://www.wikidata.org/entity/Q126528008
http://www.wikidata.org/entity/Q126385950,http://www.wikidata.org/prop/direct/P1343,http://www.wikidata.org/entity/Q126540348
http://www.wikidata.org/entity/Q126385950,http://www.wikidata.org/prop/direct/P1343,http://www.wikidata.org/entity/Q126875543
http://www.wikidata.org/entity/Q126385950,http://www.wikidata.org/prop/direct/P1343,http://www.wikidata.org/entity/Q130284129
http://www.wikidata.org/entity/Q126385950,http://www.wikidata.org/prop/direct/P1343,http://www.wikidata.org/entity/Q130308814
http://www.wikidata.org/entity/Q126385950,http://www.wikidata.org/prop/direct/P1343,http://www.wikidata.org/entity/Q132817615
http://www.wikidata.org/entity/Q126385950,http://www.wikidata.org/prop/direct/P4057,KK023-075----
http://www.wikidata.org/entity/Q126385950,http://www.wikidata.org/prop/direct/P10689,1198474007
http://www.wikidata.org/entity/Q126388499,http://www.wikidata.org/prop/direct/P17,http://www.wikidata.org/entity/Q27
http://www.wikidata.org/entity/Q126388499,http://www.wikidata.org/prop/direct/P18,http://commons.wikimedia.org/wiki/Special:FilePath/Ladywell%20Castlemarket%20%283%29.jpg
http://www.wikidata.org/entity/Q126388499,http://www.wikidata.org/prop/direct/P31,http://www.wikidata.org/entity/Q1371047
http://www.wikidata.org/entity/Q126388499,http://www.wikidata.org/prop/direct/P31,http://www.wikidata.org/entity/Q126443332
http://www.wikidata.org/entity/Q126388499,http://www.wikidata.org/prop/direct/P131,http://www.wikidata.org/entity/Q180231
http://www.wikidata.org/entity/Q126388499,http://www.wikidata.org/prop/direct/P131,http://www.wikidata.org/entity/Q60553341
http://www.wikidata.org/entity/Q126388499,http://www.wikidata.org/prop/direct/P131,http://www.wikidata.org/entity/Q104265095
http://www.wikidata.org/entity/Q126388499,http://www.wikidata.org/prop/direct/P138,http://www.wikidata.org/entity/Q345
http://www.wikidata.org/entity/Q126388499,http://www.wikidata.org/prop/direct/P195,http://www.wikidata.org/entity/Q126875543
http://www.wikidata.org/entity/Q126388499,http://www.wikidata.org/prop/direct/P195,http://www.wikidata.org/entity/Q132817615
http://www.wikidata.org/entity/Q126388499,http://www.wikidata.org/prop/direct/P217,40
http://www.wikidata.org/entity/Q126388499,http://www.wikidata.org/prop/direct/P217,KHW101
http://www.wikidata.org/entity/Q126388499,http://www.wikidata.org/prop/direct/P373,"Ladywell, Ballyouskill"
http://www.wikidata.org/entity/Q126388499,http://www.wikidata.org/prop/direct/P625,Point(-7.3237367 52.859687)
http://www.wikidata.org/entity/Q126388499,http://www.wikidata.org/prop/direct/P708,http://www.wikidata.org/entity/Q873607
http://www.wikidata.org/entity/Q126388499,http://www.wikidata.org/prop/direct/P973,https://commons.wikimedia.org/wiki/File:Ladywell_in_Lisbigney.opus
http://www.wikidata.org/entity/Q126388499,http://www.wikidata.org/prop/direct/P973,https://laoiscyclist.blogspot.com/2022/02/The%20Holy%20Wells%20of%20Laois.html
http://www.wikidata.org/entity/Q126388499,http://www.wikidata.org/prop/direct/P973,https://www.kilkennypeople.ie/story-telling/north-kilkenny/1283082/pictures-kilkenny-crowds-turn-out-for-annual-mass-at-ladywell.html/8
http://www.wikidata.org/entity/Q126388499,http://www.wikidata.org/prop/direct/P1343,http://www.wikidata.org/entity/Q6407043
http://www.wikidata.org/entity/Q126388499,http://www.wikidata.org/prop/direct/P1343,http://www.wikidata.org/entity/Q116166792
http://www.wikidata.org/entity/Q126388499,http://www.wikidata.org/prop/direct/P1343,http://www.wikidata.org/entity/Q120966194
http://www.wikidata.org/entity/Q126388499,http://www.wikidata.org/prop/direct/P1343,http://www.wikidata.org/entity/Q126374601
http://www.wikidata.org/entity/Q126388499,http://www.wikidata.org/prop/direct/P1343,http://www.wikidata.org/entity/Q126393245
http://www.wikidata.org/entity/Q126388499,http://www.wikidata.org/prop/direct/P1343,http://www.wikidata.org/entity/Q126474972
http://www.wikidata.org/entity/Q126388499,http://www.wikidata.org/prop/direct/P1343,http://www.wikidata.org/entity/Q126528008
http://www.wikidata.org/entity/Q126388499,http://www.wikidata.org/prop/direct/P1343,http://www.wikidata.org/entity/Q126540348
http://www.wikidata.org/entity/Q126388499,http://www.wikidata.org/prop/direct/P1343,http://www.wikidata.org/entity/Q126875543
http://www.wikidata.org/entity/Q126388499,http://www.wikidata.org/prop/direct/P1343,http://www.wikidata.org/entity/Q127869275
http://www.wikidata.org/entity/Q126388499,http://www.wikidata.org/prop/direct/P1343,http://www.wikidata.org/entity/Q128306212
http://www.wikidata.org/entity/Q126388499,http://www.wikidata.org/prop/direct/P1343,http://www.wikidata.org/entity/Q129333352
http://www.wikidata.org/entity/Q126388499,http://www.wikidata.org/prop/direct/P1343,http://www.wikidata.org/entity/Q130266782
http://www.wikidata.org/entity/Q126388499,http://www.wikidata.org/prop/direct/P1343,http://www.wikidata.org/entity/Q130266854
http://www.wikidata.org/entity/Q126388499,http://www.wikidata.org/prop/direct/P1343,http://www.wikidata.org/entity/Q130284129
http://www.wikidata.org/entity/Q126388499,http://www.wikidata.org/prop/direct/P1343,http://www.wikidata.org/entity/Q130308814
http://www.wikidata.org/entity/Q126388499,http://www.wikidata.org/prop/direct/P1343,http://www.wikidata.org/entity/Q132817615
http://www.wikidata.org/entity/Q126388499,http://www.wikidata.org/prop/direct/P1651,00r5g9NNVRg
http://www.wikidata.org/entity/Q126388499,http://www.wikidata.org/prop/direct/P1651,p5SYo7GYIiA
http://www.wikidata.org/entity/Q126388499,http://www.wikidata.org/prop/direct/P2186,IE-KK-0358
http://www.wikidata.org/entity/Q126388499,http://www.wikidata.org/prop/direct/P4057,KK001-003----
http://www.wikidata.org/entity/Q126388499,http://www.wikidata.org/prop/direct/P11693,10579420075
http://www.wikidata.org/entity/Q126478455,http://www.wikidata.org/prop/direct/P17,http://www.wikidata.org/entity/Q27
http://www.wikidata.org/entity/Q126478455,http://www.wikidata.org/prop/direct/P31,http://www.wikidata.org/entity/Q124714
http://www.wikidata.org/entity/Q126478455,http://www.wikidata.org/prop/direct/P31,http://www.wikidata.org/entity/Q1371047
http://www.wikidata.org/entity/Q126478455,http://www.wikidata.org/prop/direct/P31,http://www.wikidata.org/entity/Q2245442
http://www.wikidata.org/entity/Q126478455,http://www.wikidata.org/prop/direct/P31,http://www.wikidata.org/entity/Q126443332
http://www.wikidata.org/entity/Q126478455,http://www.wikidata.org/prop/direct/P131,http://www.wikidata.org/entity/Q180231
http://www.wikidata.org/entity/Q126478455,http://www.wikidata.org/prop/direct/P131,http://www.wikidata.org/entity/Q60557167
http://www.wikidata.org/entity/Q126478455,http://www.wikidata.org/prop/direct/P131,http://www.wikidata.org/entity/Q104264971
http://www.wikidata.org/entity/Q126478455,http://www.wikidata.org/prop/direct/P138,http://www.wikidata.org/entity/Q4483352
http://www.wikidata.org/entity/Q126478455,http://www.wikidata.org/prop/direct/P195,http://www.wikidata.org/entity/Q126875543
http://www.wikidata.org/entity/Q126478455,http://www.wikidata.org/prop/direct/P195,http://www.wikidata.org/entity/Q132817615
http://www.wikidata.org/entity/Q126478455,http://www.wikidata.org/prop/direct/P217,60
http://www.wikidata.org/entity/Q126478455,http://www.wikidata.org/prop/direct/P217,KHW067
http://www.wikidata.org/entity/Q126478455,http://www.wikidata.org/prop/direct/P625,Point(-7.3553363 52.5784233)
http://www.wikidata.org/entity/Q126478455,http://www.wikidata.org/prop/direct/P708,http://www.wikidata.org/entity/Q873607
http://www.wikidata.org/entity/Q126478455,http://www.wikidata.org/prop/direct/P1343,http://www.wikidata.org/entity/Q120966194
http://www.wikidata.org/entity/Q126478455,http://www.wikidata.org/prop/direct/P1343,http://www.wikidata.org/entity/Q126374601
http://www.wikidata.org/entity/Q126478455,http://www.wikidata.org/prop/direct/P1343,http://www.wikidata.org/entity/Q126454465
http://www.wikidata.org/entity/Q126478455,http://www.wikidata.org/prop/direct/P1343,http://www.wikidata.org/entity/Q126875543
http://www.wikidata.org/entity/Q126478455,http://www.wikidata.org/prop/direct/P1343,http://www.wikidata.org/entity/Q132817615
http://www.wikidata.org/entity/Q126478455,http://www.wikidata.org/prop/direct/P4057,KK022-021004-
http://www.wikidata.org/entity/Q126478455,http://www.wikidata.org/prop/direct/P11693,8515253990
http://www.wikidata.org/entity/Q126478471,http://www.wikidata.org/prop/direct/P17,http://www.wikidata.org/entity/Q27
http://www.wikidata.org/entity/Q126478471,http://www.wikidata.org/prop/direct/P31,http://www.wikidata.org/entity/Q446013
http://www.wikidata.org/entity/Q126478471,http://www.wikidata.org/prop/direct/P31,http://www.wikidata.org/entity/Q1371047
http://www.wikidata.org/entity/Q126478471,http://www.wikidata.org/prop/direct/P31,http://www.wikidata.org/entity/Q105889895
http://www.wikidata.org/entity/Q126478471,http://www.wikidata.org/prop/direct/P31,http://www.wikidata.org/entity/Q126443332
http://www.wikidata.org/entity/Q126478471,http://www.wikidata.org/prop/direct/P131,http://www.wikidata.org/entity/Q180231
http://www.wikidata.org/entity/Q126478471,http://www.wikidata.org/prop/direct/P131,http://www.wikidata.org/entity/Q7852138
http://www.wikidata.org/entity/Q126478471,http://www.wikidata.org/prop/direct/P131,http://www.wikidata.org/entity/Q60557175
http://www.wikidata.org/entity/Q126478471,http://www.wikidata.org/prop/direct/P138,http://www.wikidata.org/entity/Q331697
http://www.wikidata.org/entity/Q126478471,http://www.wikidata.org/prop/direct/P195,http://www.wikidata.org/entity/Q126875543
http://www.wikidata.org/entity/Q126478471,http://www.wikidata.org/prop/direct/P195,http://www.wikidata.org/entity/Q132817615
http://www.wikidata.org/entity/Q126478471,http://www.wikidata.org/prop/direct/P217,178
http://www.wikidata.org/entity/Q126478471,http://www.wikidata.org/prop/direct/P217,KHW074
http://www.wikidata.org/entity/Q132819215,http://www.wikidata.org/prop/direct/P17,http://www.wikidata.org/entity/Q27
http://www.wikidata.org/entity/Q132819215,http://www.wikidata.org/prop/direct/P31,http://www.wikidata.org/entity/Q1371047
http://www.wikidata.org/entity/Q132819215,http://www.wikidata.org/prop/direct/P31,http://www.wikidata.org/entity/Q126443332
http://www.wikidata.org/entity/Q132819215,http://www.wikidata.org/prop/direct/P131,http://www.wikidata.org/entity/Q180231
http://www.wikidata.org/entity/Q132819215,http://www.wikidata.org/prop/direct/P131,http://www.wikidata.org/entity/Q59719937
http://www.wikidata.org/entity/Q132819215,http://www.wikidata.org/prop/direct/P138,http://www.wikidata.org/entity/Q2280421
http://www.wikidata.org/entity/Q132819215,http://www.wikidata.org/prop/direct/P195,http://www.wikidata.org/entity/Q126875543
http://www.wikidata.org/entity/Q132819215,http://www.wikidata.org/prop/direct/P195,http://www.wikidata.org/entity/Q132817615
http://www.wikidata.org/entity/Q132819215,http://www.wikidata.org/prop/direct/P217,38
http://www.wikidata.org/entity/Q132819215,http://www.wikidata.org/prop/direct/P217,KHW137
http://www.wikidata.org/entity/Q132819215,http://www.wikidata.org/prop/direct/P708,http://www.wikidata.org/entity/Q873607
http://www.wikidata.org/entity/Q132819215,http://www.wikidata.org/prop/direct/P1343,http://www.wikidata.org/entity/Q126374601
http://www.wikidata.org/entity/Q132819215,http://www.wikidata.org/prop/direct/P1343,http://www.wikidata.org/entity/Q126875543
http://www.wikidata.org/entity/Q132819215,http://www.wikidata.org/prop/direct/P1343,http://www.wikidata.org/entity/Q130266563
http://www.wikidata.org/entity/Q132819215,http://www.wikidata.org/prop/direct/P1343,http://www.wikidata.org/entity/Q130266693
http://www.wikidata.org/entity/Q132819215,http://www.wikidata.org/prop/direct/P1343,http://www.wikidata.org/entity/Q130308814
http://www.wikidata.org/entity/Q132819215,http://www.wikidata.org/prop/direct/P1343,http://www.wikidata.org/entity/Q132817615
http://www.wikidata.org/entity/Q132819215,http://www.wikidata.org/prop/direct/P4057,KK028-076----
http://www.wikidata.org/entity/Q132819215,http://www.wikidata.org/prop/direct/P6375,in Castlegarden Bog
http://www.wikidata.org/entity/Q132853265,http://www.wikidata.org/prop/direct/P17,http://www.wikidata.org/entity/Q27
http://www.wikidata.org/entity/Q132853265,http://www.wikidata.org/prop/direct/P31,http://www.wikidata.org/entity/Q1371047
http://www.wikidata.org/entity/Q132853265,http://www.wikidata.org/prop/direct/P31,http://www.wikidata.org/entity/Q126443332
http://www.wikidata.org/entity/Q132853265,http://www.wikidata.org/prop/direct/P131,http://www.wikidata.org/entity/Q180231
http://www.wikidata.org/entity/Q132853265,http://www.wikidata.org/prop/direct/P195,http://www.wikidata.org/entity/Q132817615
http://www.wikidata.org/entity/Q132853265,http://www.wikidata.org/prop/direct/P217,KHW132
http://www.wikidata.org/entity/Q132853265,http://www.wikidata.org/prop/direct/P1343,http://www.wikidata.org/entity/Q126454465
http://www.wikidata.org/entity/Q132853265,http://www.wikidata.org/prop/direct/P1343,http://www.wikidata.org/entity/Q132817615
http://www.wikidata.org/entity/Q132853265,http://www.wikidata.org/prop/direct/P4057,KK023-031002-
http://www.wikidata.org/entity/Q132889275,http://www.wikidata.org/prop/direct/P17,http://www.wikidata.org/entity/Q27
http://www.wikidata.org/entity/Q132889275,http://www.wikidata.org/prop/direct/P31,http://www.wikidata.org/entity/Q1371047
http://www.wikidata.org/entity/Q132889275,http://www.wikidata.org/prop/direct/P31,http://www.wikidata.org/entity/Q126443332
http://www.wikidata.org/entity/Q132889275,http://www.wikidata.org/prop/direct/P131,http://www.wikidata.org/entity/Q180231
http://www.wikidata.org/entity/Q132889275,http://www.wikidata.org/prop/direct/P195,http://www.wikidata.org/entity/Q132817615
http://www.wikidata.org/entity/Q132889275,http://www.wikidata.org/prop/direct/P217,KHW2-21
http://www.wikidata.org/entity/Q132889275,http://www.wikidata.org/prop/direct/P625,Point(-7.058623291 52.6885911)
http://www.wikidata.org/entity/Q132889275,http://www.wikidata.org/prop/direct/P1343,http://www.wikidata.org/entity/Q126528008
http://www.wikidata.org/entity/Q132889275,http://www.wikidata.org/prop/direct/P1343,http://www.wikidata.org/entity/Q132817615
http://www.wikidata.org/entity/Q132889275,http://www.wikidata.org/prop/direct/P11693,12633165237
http://www.wikidata.org/entity/Q126486274,http://www.wikidata.org/prop/direct/P1343,http://www.wikidata.org/entity/Q130284129
http://www.wikidata.org/entity/Q126486274,http://www.wikidata.org/prop/direct/P1343,http://www.wikidata.org/entity/Q132817615
http://www.wikidata.org/entity/Q126486274,http://www.wikidata.org/prop/direct/P4057,KK039-051----
http://www.wikidata.org/entity/Q126486274,http://www.wikidata.org/prop/direct/P11693,8539018118
http://www.wikidata.org/entity/Q126486300,http://www.wikidata.org/prop/direct/P17,http://www.wikidata.org/entity/Q27
http://www.wikidata.org/entity/Q126486300,http://www.wikidata.org/prop/direct/P31,http://www.wikidata.org/entity/Q1371047
http://www.wikidata.org/entity/Q126486300,http://www.wikidata.org/prop/direct/P31,http://www.wikidata.org/entity/Q126443332
http://www.wikidata.org/entity/Q126486300,http://www.wikidata.org/prop/direct/P131,http://www.wikidata.org/entity/Q180231
http://www.wikidata.org/entity/Q126486300,http://www.wikidata.org/prop/direct/P131,http://www.wikidata.org/entity/Q104265311
http://www.wikidata.org/entity/Q126486300,http://www.wikidata.org/prop/direct/P138,http://www.wikidata.org/entity/Q80979
http://www.wikidata.org/entity/Q126486300,http://www.wikidata.org/prop/direct/P195,http://www.wikidata.org/entity/Q126875543
http://www.wikidata.org/entity/Q126486300,http://www.wikidata.org/prop/direct/P195,http://www.wikidata.org/entity/Q132817615
http://www.wikidata.org/entity/Q126486300,http://www.wikidata.org/prop/direct/P217,87
http://www.wikidata.org/entity/Q126486300,http://www.wikidata.org/prop/direct/P217,KHW155
http://www.wikidata.org/entity/Q126486300,http://www.wikidata.org/prop/direct/P625,Point(-7.26833 52.32063)
http://www.wikidata.org/entity/Q126486300,http://www.wikidata.org/prop/direct/P708,http://www.wikidata.org/entity/Q873607
http://www.wikidata.org/entity/Q126486300,http://www.wikidata.org/prop/direct/P1343,http://www.wikidata.org/entity/Q126374601
http://www.wikidata.org/entity/Q126486300,http://www.wikidata.org/prop/direct/P1343,http://www.wikidata.org/entity/Q126393245
http://www.wikidata.org/entity/Q126486300,http://www.wikidata.org/prop/direct/P1343,http://www.wikidata.org/entity/Q126875543
http://www.wikidata.org/entity/Q126486300,http://www.wikidata.org/prop/direct/P1343,http://www.wikidata.org/entity/Q132817615
http://www.wikidata.org/entity/Q126486300,http://www.wikidata.org/prop/direct/P4057,KK042-027----
http://www.wikidata.org/entity/Q126486300,http://www.wikidata.org/prop/direct/P6375,in the same field as Killaspick Church
http://www.wikidata.org/entity/Q126486539,http://www.wikidata.org/prop/direct/P17,http://www.wikidata.org/entity/Q27
http://www.wikidata.org/entity/Q126486539,http://www.wikidata.org/prop/direct/P31,http://www.wikidata.org/entity/Q1049799
http://www.wikidata.org/entity/Q126486539,http://www.wikidata.org/prop/direct/P31,http://www.wikidata.org/entity/Q1371047
http://www.wikidata.org/entity/Q126486539,http://www.wikidata.org/prop/direct/P31,http://www.wikidata.org/entity/Q126443332
http://www.wikidata.org/entity/Q126486539,http://www.wikidata.org/prop/direct/P131,http://www.wikidata.org/entity/Q180231
http://www.wikidata.org/entity/Q126486539,http://www.wikidata.org/prop/direct/P131,http://www.wikidata.org/entity/Q60555011
http://www.wikidata.org/entity/Q126486539,http://www.wikidata.org/prop/direct/P195,http://www.wikidata.org/entity/Q126875543
http://www.wikidata.org/entity/Q126486539,http://www.wikidata.org/prop/direct/P195,http://www.wikidata.org/entity/Q132817615
http://www.wikidata.org/entity/Q126486539,http://www.wikidata.org/prop/direct/P217,162
http://www.wikidata.org/entity/Q126486539,http://www.wikidata.org/prop/direct/P217,KHW2-26
http://www.wikidata.org/entity/Q126486539,http://www.wikidata.org/prop/direct/P403,http://www.wikidata.org/entity/Q126486548
http://www.wikidata.org/entity/Q126486539,http://www.wikidata.org/prop/direct/P625,Point(-7.397803 52.46853)
http://www.wikidata.org/entity/Q126486539,http://www.wikidata.org/prop/direct/P1343,http://www.wikidata.org/entity/Q126393245
http://www.wikidata.org/entity/Q126486539,http://www.wikidata.org/prop/direct/P1343,http://www.wikidata.org/entity/Q126875543
http://www.wikidata.org/entity/Q126486539,http://www.wikidata.org/prop/direct/P1343,http://www.wikidata.org/entity/Q132817615
http://www.wikidata.org/entity/Q126486539,http://www.wikidata.org/prop/direct/P6375,"""in the field north of the church ruins off the main road from Callan to Windgap near the Glen crossroads and on the Glory river’"" (Ó Dálaigh)"
http://www.wikidata.org/entity/Q126499565,http://www.wikidata.org/prop/direct/P1343,http://www.wikidata.org/entity/Q130129244
http://www.wikidata.org/entity/Q126499565,http://www.wikidata.org/prop/direct/P1343,http://www.wikidata.org/entity/Q130308814
http://www.wikidata.org/entity/Q126499565,http://www.wikidata.org/prop/direct/P1343,http://www.wikidata.org/entity/Q132817615
http://www.wikidata.org/entity/Q126499565,http://www.wikidata.org/prop/direct/P4057,KK010-095----
http://www.wikidata.org/entity/Q126499565,http://www.wikidata.org/prop/direct/P6375,"""about half a mile east of the Church"" (OS Letters)"
http://www.wikidata.org/entity/Q126499565,http://www.wikidata.org/prop/direct/P6375,"""on the right bank of the Glasagh stream in Mr Jer Healy's field near the Glasagh bridge in Kilmacar"" (Schools' Collection)"
http://www.wikidata.org/entity/Q126499565,http://www.wikidata.org/prop/direct/P11693,11973631439
http://www.wikidata.org/entity/Q126527039,http://www.wikidata.org/prop/direct/P17,http://www.wikidata.org/entity/Q27
http://www.wikidata.org/entity/Q126527039,http://www.wikidata.org/prop/direct/P31,http://www.wikidata.org/entity/Q1371047
http://www.wikidata.org/entity/Q126527039,http://www.wikidata.org/prop/direct/P31,http://www.wikidata.org/entity/Q126443332
http://www.wikidata.org/entity/Q126527039,http://www.wikidata.org/prop/direct/P131,http://www.wikidata.org/entity/Q180231
http://www.wikidata.org/entity/Q126527039,http://www.wikidata.org/prop/direct/P138,http://www.wikidata.org/entity/Q345
http://www.wikidata.org/entity/Q126527039,http://www.wikidata.org/prop/direct/P708,http://www.wikidata.org/entity/Q873607
http://www.wikidata.org/entity/Q126527039,http://www.wikidata.org/prop/direct/P1343,http://www.wikidata.org/entity/Q126374601
http://www.wikidata.org/entity/Q126527039,http://www.wikidata.org/prop/direct/P1343,http://www.wikidata.org/entity/Q126393245
http://www.wikidata.org/entity/Q126527039,http://www.wikidata.org/prop/direct/P1343,http://www.wikidata.org/entity/Q130284129
http://www.wikidata.org/entity/Q126617074,http://www.wikidata.org/prop/direct/P17,http://www.wikidata.org/entity/Q27
http://www.wikidata.org/entity/Q126617074,http://www.wikidata.org/prop/direct/P31,http://www.wikidata.org/entity/Q1371047
http://www.wikidata.org/entity/Q126617074,http://www.wikidata.org/prop/direct/P31,http://www.wikidata.org/entity/Q126443332
http://www.wikidata.org/entity/Q126617074,http://www.wikidata.org/prop/direct/P131,http://www.wikidata.org/entity/Q180231
http://www.wikidata.org/entity/Q126617074,http://www.wikidata.org/prop/direct/P131,http://www.wikidata.org/entity/Q60557162
http://www.wikidata.org/entity/Q126617074,http://www.wikidata.org/prop/direct/P131,http://www.wikidata.org/entity/Q104264441
http://www.wikidata.org/entity/Q126617074,http://www.wikidata.org/prop/direct/P138,http://www.wikidata.org/entity/Q345
http://www.wikidata.org/entity/Q126617074,http://www.wikidata.org/prop/direct/P625,Point(-7.515021 52.673289)
http://www.wikidata.org/entity/Q126617074,http://www.wikidata.org/prop/direct/P708,http://www.wikidata.org/entity/Q873607
http://www.wikidata.org/entity/Q126617074,http://www.wikidata.org/prop/direct/P1343,http://www.wikidata.org/entity/Q126374601
http://www.wikidata.org/entity/Q126617074,http://www.wikidata.org/prop/direct/P6375,"""on the hill slope"" (O'Kelly)"
http://www.wikidata.org/entity/Q126640856,http://www.wikidata.org/prop/direct/P17,http://www.wikidata.org/entity/Q27
http://www.wikidata.org/entity/Q126640856,http://www.wikidata.org/prop/direct/P31,http://www.wikidata.org/entity/Q43483
http://www.wikidata.org/entity/Q126640856,http://www.wikidata.org/prop/direct/P31,http://www.wikidata.org/entity/Q1371047
http://www.wikidata.org/entity/Q126640856,http://www.wikidata.org/prop/direct/P31,http://www.wikidata.org/entity/Q126443332
http://www.wikidata.org/entity/Q126640856,http://www.wikidata.org/prop/direct/P131,http://www.wikidata.org/entity/Q180231
http://www.wikidata.org/entity/Q126640856,http://www.wikidata.org/prop/direct/P131,http://www.wikidata.org/entity/Q60553710
http://www.wikidata.org/entity/Q126640856,http://www.wikidata.org/prop/direct/P131,http://www.wikidata.org/entity/Q104265579
http://www.wikidata.org/entity/Q126640856,http://www.wikidata.org/prop/direct/P195,http://www.wikidata.org/entity/Q126875543
http://www.wikidata.org/entity/Q126640856,http://www.wikidata.org/prop/direct/P195,http://www.wikidata.org/entity/Q132817615
http://www.wikidata.org/entity/Q126640856,http://www.wikidata.org/prop/direct/P217,125
http://www.wikidata.org/entity/Q126487358,http://www.wikidata.org/prop/direct/P17,http://www.wikidata.org/entity/Q27
http://www.wikidata.org/entity/Q126487358,http://www.wikidata.org/prop/direct/P18,http://commons.wikimedia.org/wiki/Special:FilePath/St%20Brigid%27s%20Well%2C%20Toberbreedia%2003.jpg
http://www.wikidata.org/entity/Q126487358,http://www.wikidata.org/prop/direct/P31,http://www.wikidata.org/entity/Q43483
http://www.wikidata.org/entity/Q126487358,http://www.wikidata.org/prop/direct/P31,http://www.wikidata.org/entity/Q1371047
http://www.wikidata.org/entity/Q126487358,http://www.wikidata.org/prop/direct/P31,http://www.wikidata.org/entity/Q126443332
http://www.wikidata.org/entity/Q126487358,http://www.wikidata.org/prop/direct/P51,http://commons.wikimedia.org/wiki/Special:FilePath/Toberbreedia%20water%20bubbling.opus
http://www.wikidata.org/entity/Q126487358,http://www.wikidata.org/prop/direct/P131,http://www.wikidata.org/entity/Q180231
http://www.wikidata.org/entity/Q126487358,http://www.wikidata.org/prop/direct/P131,http://www.wikidata.org/entity/Q60553414
http://www.wikidata.org/entity/Q126487358,http://www.wikidata.org/prop/direct/P131,http://www.wikidata.org/entity/Q104264975
http://www.wikidata.org/entity/Q126487358,http://www.wikidata.org/prop/direct/P138,http://www.wikidata.org/entity/Q80979
http://www.wikidata.org/entity/Q126487358,http://www.wikidata.org/prop/direct/P195,http://www.wikidata.org/entity/Q126875543
http://www.wikidata.org/entity/Q126487358,http://www.wikidata.org/prop/direct/P195,http://www.wikidata.org/entity/Q132817615
http://www.wikidata.org/entity/Q126487358,http://www.wikidata.org/prop/direct/P217,172
http://www.wikidata.org/entity/Q126487358,http://www.wikidata.org/prop/direct/P217,KHW128
http://www.wikidata.org/entity/Q126487358,http://www.wikidata.org/prop/direct/P373,"St Brigid's Well, Toberbreedia"
http://www.wikidata.org/entity/Q126487358,http://www.wikidata.org/prop/direct/P625,Point(-7.3565632 52.6115585)
http://www.wikidata.org/entity/Q126487358,http://www.wikidata.org/prop/direct/P708,http://www.wikidata.org/entity/Q873607
http://www.wikidata.org/entity/Q126487358,http://www.wikidata.org/prop/direct/P1050,http://www.wikidata.org/entity/Q21077147
http://www.wikidata.org/entity/Q126487358,http://www.wikidata.org/prop/direct/P1325,https://sketchfab.com/3d-models/toberbreedia-st-brigids-well-56e71b0735fc4f17bdf38b4c5b2a12a7
http://www.wikidata.org/entity/Q126487358,http://www.wikidata.org/prop/direct/P1343,http://www.wikidata.org/entity/Q106813818
http://www.wikidata.org/entity/Q126487358,http://www.wikidata.org/prop/direct/P1343,http://www.wikidata.org/entity/Q126374601
http://www.wikidata.org/entity/Q126487358,http://www.wikidata.org/prop/direct/P1343,http://www.wikidata.org/entity/Q126393245
http://www.wikidata.org/entity/Q126487358,http://www.wikidata.org/prop/direct/P1343,http://www.wikidata.org/entity/Q126454465
http://www.wikidata.org/entity/Q126487358,http://www.wikidata.org/prop/direct/P1343,http://www.wikidata.org/entity/Q126473056
http://www.wikidata.org/entity/Q126487358,http://www.wikidata.org/prop/direct/P1343,http://www.wikidata.org/entity/Q126875543
http://www.wikidata.org/entity/Q126487358,http://www.wikidata.org/prop/direct/P1343,http://www.wikidata.org/entity/Q130308814
http://www.wikidata.org/entity/Q126487358,http://www.wikidata.org/prop/direct/P1343,http://www.wikidata.org/entity/Q130458689
http://www.wikidata.org/entity/Q126487358,http://www.wikidata.org/prop/direct/P1343,http://www.wikidata.org/entity/Q132817615
http://www.wikidata.org/entity/Q126487358,http://www.wikidata.org/prop/direct/P2186,IE-KK-0353
http://www.wikidata.org/entity/Q126487358,http://www.wikidata.org/prop/direct/P4057,KK022-037----
http://www.wikidata.org/entity/Q126487358,http://www.wikidata.org/prop/direct/P11693,8517798092
http://www.wikidata.org/entity/Q126487395,http://www.wikidata.org/prop/direct/P17,http://www.wikidata.org/entity/Q27
http://www.wikidata.org/entity/Q126487395,http://www.wikidata.org/prop/direct/P31,http://www.wikidata.org/entity/Q43483
http://www.wikidata.org/entity/Q126487395,http://www.wikidata.org/prop/direct/P31,http://www.wikidata.org/entity/Q124714
http://www.wikidata.org/entity/Q126487395,http://www.wikidata.org/prop/direct/P31,http://www.wikidata.org/entity/Q1371047
http://www.wikidata.org/entity/Q126487395,http://www.wikidata.org/prop/direct/P31,http://www.wikidata.org/entity/Q126443332
http://www.wikidata.org/entity/Q126487395,http://www.wikidata.org/prop/direct/P131,http://www.wikidata.org/entity/Q180231
http://www.wikidata.org/entity/Q126487395,http://www.wikidata.org/prop/direct/P131,http://www.wikidata.org/entity/Q60556288
http://www.wikidata.org/entity/Q126487395,http://www.wikidata.org/prop/direct/P131,http://www.wikidata.org/entity/Q104265431
http://www.wikidata.org/entity/Q126487395,http://www.wikidata.org/prop/direct/P138,http://www.wikidata.org/entity/Q80979
http://www.wikidata.org/entity/Q126487395,http://www.wikidata.org/prop/direct/P195,http://www.wikidata.org/entity/Q126875543
http://www.wikidata.org/entity/Q126487395,http://www.wikidata.org/prop/direct/P195,http://www.wikidata.org/entity/Q132817615
http://www.wikidata.org/entity/Q126487395,http://www.wikidata.org/prop/direct/P217,1
http://www.wikidata.org/entity/Q126487395,http://www.wikidata.org/prop/direct/P217,KHW156
http://www.wikidata.org/entity/Q122258906,http://www.wikidata.org/prop/direct/P1343,http://www.wikidata.org/entity/Q126374601
http://www.wikidata.org/entity/Q122258906,http://www.wikidata.org/prop/direct/P1343,http://www.wikidata.org/entity/Q126528008
http://www.wikidata.org/entity/Q122258906,http://www.wikidata.org/prop/direct/P1343,http://www.wikidata.org/entity/Q126540348
http://www.wikidata.org/entity/Q122258906,http://www.wikidata.org/prop/direct/P1343,http://www.wikidata.org/entity/Q126875543
http://www.wikidata.org/entity/Q122258906,http://www.wikidata.org/prop/direct/P1343,http://www.wikidata.org/entity/Q130284129
http://www.wikidata.org/entity/Q122258906,http://www.wikidata.org/prop/direct/P1343,http://www.wikidata.org/entity/Q130323519
http://www.wikidata.org/entity/Q122258906,http://www.wikidata.org/prop/direct/P1343,http://www.wikidata.org/entity/Q130356838
http://www.wikidata.org/entity/Q122258906,http://www.wikidata.org/prop/direct/P1343,http://www.wikidata.org/entity/Q132817615
http://www.wikidata.org/entity/Q122258906,http://www.wikidata.org/prop/direct/P1651,byWq9NaQXe8
http://www.wikidata.org/entity/Q122258906,http://www.wikidata.org/prop/direct/P2186,IE-KK-0313
http://www.wikidata.org/entity/Q122258906,http://www.wikidata.org/prop/direct/P4057,KK021-028----
http://www.wikidata.org/entity/Q122258906,http://www.wikidata.org/prop/direct/P11693,8513439301
http://www.wikidata.org/entity/Q122258940,http://www.wikidata.org/prop/direct/P10,http://commons.wikimedia.org/wiki/Special:FilePath/Toberbride%20near%20Callan.webm
http://www.wikidata.org/entity/Q122258940,http://www.wikidata.org/prop/direct/P17,http://www.wikidata.org/entity/Q27
http://www.wikidata.org/entity/Q122258940,http://www.wikidata.org/prop/direct/P18,http://commons.wikimedia.org/wiki/Special:FilePath/Toberbride%20in%20its%20electric%20fence%20enclosure.jpg
http://www.wikidata.org/entity/Q122258940,http://www.wikidata.org/prop/direct/P31,http://www.wikidata.org/entity/Q1371047
http://www.wikidata.org/entity/Q122258940,http://www.wikidata.org/prop/direct/P31,http://www.wikidata.org/entity/Q126443332
http://www.wikidata.org/entity/Q122258940,http://www.wikidata.org/prop/direct/P131,http://www.wikidata.org/entity/Q180231
http://www.wikidata.org/entity/Q122258940,http://www.wikidata.org/prop/direct/P131,http://www.wikidata.org/entity/Q60553663
http://www.wikidata.org/entity/Q122258940,http://www.wikidata.org/prop/direct/P131,http://www.wikidata.org/entity/Q104264708
http://www.wikidata.org/entity/Q122258940,http://www.wikidata.org/prop/direct/P138,http://www.wikidata.org/entity/Q80979
http://www.wikidata.org/entity/Q122258940,http://www.wikidata.org/prop/direct/P195,http://www.wikidata.org/entity/Q126875543
http://www.wikidata.org/entity/Q122258940,http://www.wikidata.org/prop/direct/P195,http://www.wikidata.org/entity/Q132817615
http://www.wikidata.org/entity/Q122258940,http://www.wikidata.org/prop/direct/P217,19
http://www.wikidata.org/entity/Q122258940,http://www.wikidata.org/prop/direct/P217,KHW060
http://www.wikidata.org/entity/Q122258940,http://www.wikidata.org/prop/direct/P373,"Toberbride, Callan"
http://www.wikidata.org/entity/Q122258940,http://www.wikidata.org/prop/direct/P403,http://www.wikidata.org/entity/Q126690925
http://www.wikidata.org/entity/Q122258940,http://www.wikidata.org/prop/direct/P625,Point(-7.4123852 52.5295948)
http://www.wikidata.org/entity/Q122258940,http://www.wikidata.org/prop/direct/P708,http://www.wikidata.org/entity/Q873607
http://www.wikidata.org/entity/Q122258940,http://www.wikidata.org/prop/direct/P1343,http://www.wikidata.org/entity/Q120966194
http://www.wikidata.org/entity/Q122258940,http://www.wikidata.org/prop/direct/P1343,http://www.wikidata.org/entity/Q126374601
http://www.wikidata.org/entity/Q122258940,http://www.wikidata.org/prop/direct/P1343,http://www.wikidata.org/entity/Q126393245
http://www.wikidata.org/entity/Q122258940,http://www.wikidata.org/prop/direct/P1343,http://www.wikidata.org/entity/Q126454465
http://www.wikidata.org/entity/Q122258940,http://www.wikidata.org/prop/direct/P1343,http://www.wikidata.org/entity/Q126528008
http://www.wikidata.org/entity/Q122258940,http://www.wikidata.org/prop/direct/P1343,http://www.wikidata.org/entity/Q126540348
http://www.wikidata.org/entity/Q122258940,http://www.wikidata.org/prop/direct/P1343,http://www.wikidata.org/entity/Q126555558
http://www.wikidata.org/entity/Q122258940,http://www.wikidata.org/prop/direct/P1343,http://www.wikidata.org/entity/Q126875543
http://www.wikidata.org/entity/Q122258940,http://www.wikidata.org/prop/direct/P1343,http://www.wikidata.org/entity/Q130284129
http://www.wikidata.org/entity/Q122258940,http://www.wikidata.org/prop/direct/P1343,http://www.wikidata.org/entity/Q130308814
http://www.wikidata.org/entity/Q122258940,http://www.wikidata.org/prop/direct/P1343,http://www.wikidata.org/entity/Q132817615
http://www.wikidata.org/entity/Q122258940,http://www.wikidata.org/prop/direct/P1651,V6jqSqWsf50
http://www.wikidata.org/entity/Q122258940,http://www.wikidata.org/prop/direct/P2186,IE-KK-0314
http://www.wikidata.org/entity/Q122258940,http://www.wikidata.org/prop/direct/P4057,KK026-014----
http://www.wikidata.org/entity/Q122258940,http://www.wikidata.org/prop/direct/P11693,8541429852
http://www.wikidata.org/entity/Q122114442,http://www.wikidata.org/prop/direct/P1343,http://www.wikidata.org/entity/Q127869275
http://www.wikidata.org/entity/Q122114442,http://www.wikidata.org/prop/direct/P1343,http://www.wikidata.org/entity/Q129333352
http://www.wikidata.org/entity/Q122114442,http://www.wikidata.org/prop/direct/P1343,http://www.wikidata.org/entity/Q130284129
http://www.wikidata.org/entity/Q122114442,http://www.wikidata.org/prop/direct/P1343,http://www.wikidata.org/entity/Q130308814
http://www.wikidata.org/entity/Q122114442,http://www.wikidata.org/prop/direct/P1343,http://www.wikidata.org/entity/Q132817615
http://www.wikidata.org/entity/Q122114442,http://www.wikidata.org/prop/direct/P2186,IE-KK-0247
http://www.wikidata.org/entity/Q122114442,http://www.wikidata.org/prop/direct/P4057,KK002-001003-
http://www.wikidata.org/entity/Q122114442,http://www.wikidata.org/prop/direct/P11693,11123956952
http://www.wikidata.org/entity/Q122169828,http://www.wikidata.org/prop/direct/P17,http://www.wikidata.org/entity/Q27
http://www.wikidata.org/entity/Q122169828,http://www.wikidata.org/prop/direct/P18,http://commons.wikimedia.org/wiki/Special:FilePath/Toberpatrick%20Mountnugent%20Lower%2001.jpg
http://www.wikidata.org/entity/Q122169828,http://www.wikidata.org/prop/direct/P31,http://www.wikidata.org/entity/Q43483
http://www.wikidata.org/entity/Q122169828,http://www.wikidata.org/prop/direct/P31,http://www.wikidata.org/entity/Q1371047
http://www.wikidata.org/entity/Q122169828,http://www.wikidata.org/prop/direct/P31,http://www.wikidata.org/entity/Q126443332
http://www.wikidata.org/entity/Q122169828,http://www.wikidata.org/prop/direct/P131,http://www.wikidata.org/entity/Q180231
http://www.wikidata.org/entity/Q122169828,http://www.wikidata.org/prop/direct/P131,http://www.wikidata.org/entity/Q60556356
http://www.wikidata.org/entity/Q122169828,http://www.wikidata.org/prop/direct/P131,http://www.wikidata.org/entity/Q104265875
http://www.wikidata.org/entity/Q122169828,http://www.wikidata.org/prop/direct/P138,http://www.wikidata.org/entity/Q165479
http://www.wikidata.org/entity/Q122169828,http://www.wikidata.org/prop/direct/P195,http://www.wikidata.org/entity/Q126875543
http://www.wikidata.org/entity/Q122169828,http://www.wikidata.org/prop/direct/P195,http://www.wikidata.org/entity/Q132817615
http://www.wikidata.org/entity/Q122169828,http://www.wikidata.org/prop/direct/P217,138
http://www.wikidata.org/entity/Q122169828,http://www.wikidata.org/prop/direct/P217,KHW083
http://www.wikidata.org/entity/Q122169828,http://www.wikidata.org/prop/direct/P373,"Toberpatrick, Mountnugent Lower"
http://www.wikidata.org/entity/Q122169828,http://www.wikidata.org/prop/direct/P625,Point(-7.1628414 52.7059608)
http://www.wikidata.org/entity/Q122169828,http://www.wikidata.org/prop/direct/P708,http://www.wikidata.org/entity/Q873607
http://www.wikidata.org/entity/Q122169828,http://www.wikidata.org/prop/direct/P1343,http://www.wikidata.org/entity/Q120966194
http://www.wikidata.org/entity/Q122169828,http://www.wikidata.org/prop/direct/P1343,http://www.wikidata.org/entity/Q126374601
http://www.wikidata.org/entity/Q122169828,http://www.wikidata.org/prop/direct/P1343,http://www.wikidata.org/entity/Q126528008
http://www.wikidata.org/entity/Q122169828,http://www.wikidata.org/prop/direct/P1343,http://www.wikidata.org/entity/Q126540348
http://www.wikidata.org/entity/Q122169828,http://www.wikidata.org/prop/direct/P1343,http://www.wikidata.org/entity/Q126871352
http://www.wikidata.org/entity/Q122169828,http://www.wikidata.org/prop/direct/P1343,http://www.wikidata.org/entity/Q126875543
http://www.wikidata.org/entity/Q122169828,http://www.wikidata.org/prop/direct/P1343,http://www.wikidata.org/entity/Q129918417
http://www.wikidata.org/entity/Q122169828,http://www.wikidata.org/prop/direct/P1343,http://www.wikidata.org/entity/Q130284129
http://www.wikidata.org/entity/Q122169828,http://www.wikidata.org/prop/direct/P1343,http://www.wikidata.org/entity/Q132817615
http://www.wikidata.org/entity/Q122169828,http://www.wikidata.org/prop/direct/P2186,IE-KK-0257
http://www.wikidata.org/entity/Q122169828,http://www.wikidata.org/prop/direct/P4057,KK015-012----
http://www.wikidata.org/entity/Q122169828,http://www.wikidata.org/prop/direct/P11693,8512189885
http://www.wikidata.org/entity/Q132891782,http://www.wikidata.org/prop/direct/P1343,http://www.wikidata.org/entity/Q132817615
http://www.wikidata.org/entity/Q133258302,http://www.wikidata.org/prop/direct/P17,http://www.wikidata.org/entity/Q27
http://www.wikidata.org/entity/Q133258302,http://www.wikidata.org/prop/direct/P31,http://www.wikidata.org/entity/Q1371047
http://www.wikidata.org/entity/Q133258302,http://www.wikidata.org/prop/direct/P31,http://www.wikidata.org/entity/Q126443332
http://www.wikidata.org/entity/Q133258302,http://www.wikidata.org/prop/direct/P131,http://www.wikidata.org/entity/Q180231
http://www.wikidata.org/entity/Q133258302,http://www.wikidata.org/prop/direct/P195,http://www.wikidata.org/entity/Q132817615
http://www.wikidata.org/entity/Q133258302,http://www.wikidata.org/prop/direct/P217,KHW094
http://www.wikidata.org/entity/Q133258302,http://www.wikidata.org/prop/direct/P625,Point(-7.293038 52.584394)
http://www.wikidata.org/entity/Q133258302,http://www.wikidata.org/prop/direct/P1343,http://www.wikidata.org/entity/Q120966194
http://www.wikidata.org/entity/Q133258302,http://www.wikidata.org/prop/direct/P1343,http://www.wikidata.org/entity/Q126540348
http://www.wikidata.org/entity/Q133258302,http://www.wikidata.org/prop/direct/P1343,http://www.wikidata.org/entity/Q126555558
http://www.wikidata.org/entity/Q133258302,http://www.wikidata.org/prop/direct/P1343,http://www.wikidata.org/entity/Q132817615
http://www.wikidata.org/entity/Q133258302,http://www.wikidata.org/prop/direct/P4057,KK023-054----
http://www.wikidata.org/entity/Q133260965,http://www.wikidata.org/prop/direct/P17,http://www.wikidata.org/entity/Q27
http://www.wikidata.org/entity/Q133260965,http://www.wikidata.org/prop/direct/P18,http://commons.wikimedia.org/wiki/Special:FilePath/Canal%20Walk%20Well%20Kilkenny.png
http://www.wikidata.org/entity/Q133260965,http://www.wikidata.org/prop/direct/P31,http://www.wikidata.org/entity/Q1371047
http://www.wikidata.org/entity/Q133260965,http://www.wikidata.org/prop/direct/P31,http://www.wikidata.org/entity/Q126443332
http://www.wikidata.org/entity/Q133260965,http://www.wikidata.org/prop/direct/P131,http://www.wikidata.org/entity/Q180231
http://www.wikidata.org/entity/Q133260965,http://www.wikidata.org/prop/direct/P131,http://www.wikidata.org/entity/Q59719871
http://www.wikidata.org/entity/Q133260965,http://www.wikidata.org/prop/direct/P131,http://www.wikidata.org/entity/Q104264320
http://www.wikidata.org/entity/Q133260965,http://www.wikidata.org/prop/direct/P195,http://www.wikidata.org/entity/Q132817615
http://www.wikidata.org/entity/Q133260965,http://www.wikidata.org/prop/direct/P217,KHW114
http://www.wikidata.org/entity/Q133260965,http://www.wikidata.org/prop/direct/P625,Point(-7.2388642 52.6496987)
http://www.wikidata.org/entity/Q133260965,http://www.wikidata.org/prop/direct/P973,https://new.keepkilkennybeautiful.com/?p=3910
http://www.wikidata.org/entity/Q133260965,http://www.wikidata.org/prop/direct/P1325,https://sketchfab.com/3d-models/kilkenny-canal-walk-holy-well-low-poly-ba7d7273ebbe41f4a974673dce5affac
http://www.wikidata.org/entity/Q133260965,http://www.wikidata.org/prop/direct/P1343,http://www.wikidata.org/entity/Q126528008
http://www.wikidata.org/entity/Q133260965,http://www.wikidata.org/prop/direct/P1343,http://www.wikidata.org/entity/Q126540348
http://www.wikidata.org/entity/Q133260965,http://www.wikidata.org/prop/direct/P1343,http://www.wikidata.org/entity/Q132817615
http://www.wikidata.org/entity/Q133260965,http://www.wikidata.org/prop/direct/P1343,http://www.wikidata.org/entity/Q133575033
http://www.wikidata.org/entity/Q133260965,http://www.wikidata.org/prop/direct/P11693,7072623328
http://www.wikidata.org/entity/Q133455066,http://www.wikidata.org/prop/direct/P17,http://www.wikidata.org/entity/Q27
http://www.wikidata.org/entity/Q133455066,http://www.wikidata.org/prop/direct/P31,http://www.wikidata.org/entity/Q1371047
http://www.wikidata.org/entity/Q133455066,http://www.wikidata.org/prop/direct/P31,http://www.wikidata.org/entity/Q126443332
http://www.wikidata.org/entity/Q133455066,http://www.wikidata.org/prop/direct/P131,http://www.wikidata.org/entity/Q180231
http://www.wikidata.org/entity/Q133455066,http://www.wikidata.org/prop/direct/P131,http://www.wikidata.org/entity/Q59719801
http://www.wikidata.org/entity/Q133455066,http://www.wikidata.org/prop/direct/P131,http://www.wikidata.org/entity/Q104265225
http://www.wikidata.org/entity/Q133455066,http://www.wikidata.org/prop/direct/P195,http://www.wikidata.org/entity/Q132817615
http://www.wikidata.org/entity/Q133455066,http://www.wikidata.org/prop/direct/P217,KHW2-33
http://www.wikidata.org/entity/Q126447016,http://www.wikidata.org/prop/direct/P17,http://www.wikidata.org/entity/Q27
http://www.wikidata.org/entity/Q126447016,http://www.wikidata.org/prop/direct/P18,http://commons.wikimedia.org/wiki/Special:FilePath/County%20Kilkenny%20-%20Bastionfort%20Well%20-%2020230904120726.jpg
http://www.wikidata.org/entity/Q126447016,http://www.wikidata.org/prop/direct/P31,http://www.wikidata.org/entity/Q43483
http://www.wikidata.org/entity/Q126447016,http://www.wikidata.org/prop/direct/P31,http://www.wikidata.org/entity/Q1371047
http://www.wikidata.org/entity/Q126447016,http://www.wikidata.org/prop/direct/P31,http://www.wikidata.org/entity/Q126443332
http://www.wikidata.org/entity/Q126447016,http://www.wikidata.org/prop/direct/P131,http://www.wikidata.org/entity/Q180231
http://www.wikidata.org/entity/Q126447016,http://www.wikidata.org/prop/direct/P131,http://www.wikidata.org/entity/Q60554376
http://www.wikidata.org/entity/Q126447016,http://www.wikidata.org/prop/direct/P195,http://www.wikidata.org/entity/Q126875543
http://www.wikidata.org/entity/Q126447016,http://www.wikidata.org/prop/direct/P195,http://www.wikidata.org/entity/Q132817615
http://www.wikidata.org/entity/Q126447016,http://www.wikidata.org/prop/direct/P217,36
http://www.wikidata.org/entity/Q126447016,http://www.wikidata.org/prop/direct/P217,KHW072
http://www.wikidata.org/entity/Q126447016,http://www.wikidata.org/prop/direct/P373,Bastionfort Well
http://www.wikidata.org/entity/Q126447016,http://www.wikidata.org/prop/direct/P625,Point(-7.0747843 52.6274085)
http://www.wikidata.org/entity/Q126447016,http://www.wikidata.org/prop/direct/P708,http://www.wikidata.org/entity/Q873607
http://www.wikidata.org/entity/Q126447016,http://www.wikidata.org/prop/direct/P973,https://irelandsholywells.blogspot.com/2012/05/our-ladys-well-gowran-county-kilkenny.html
http://www.wikidata.org/entity/Q126447016,http://www.wikidata.org/prop/direct/P1343,http://www.wikidata.org/entity/Q120966194
http://www.wikidata.org/entity/Q126447016,http://www.wikidata.org/prop/direct/P1343,http://www.wikidata.org/entity/Q126374601
http://www.wikidata.org/entity/Q126447016,http://www.wikidata.org/prop/direct/P1343,http://www.wikidata.org/entity/Q126393245
http://www.wikidata.org/entity/Q126447016,http://www.wikidata.org/prop/direct/P1343,http://www.wikidata.org/entity/Q126454465
http://www.wikidata.org/entity/Q126447016,http://www.wikidata.org/prop/direct/P1343,http://www.wikidata.org/entity/Q126528008
http://www.wikidata.org/entity/Q126447016,http://www.wikidata.org/prop/direct/P1343,http://www.wikidata.org/entity/Q126540348
http://www.wikidata.org/entity/Q126447016,http://www.wikidata.org/prop/direct/P1343,http://www.wikidata.org/entity/Q126871352
http://www.wikidata.org/entity/Q126447016,http://www.wikidata.org/prop/direct/P1343,http://www.wikidata.org/entity/Q126875543
http://www.wikidata.org/entity/Q126447016,http://www.wikidata.org/prop/direct/P1343,http://www.wikidata.org/entity/Q129914816
http://www.wikidata.org/entity/Q126447016,http://www.wikidata.org/prop/direct/P1343,http://www.wikidata.org/entity/Q130284129
http://www.wikidata.org/entity/Q126447016,http://www.wikidata.org/prop/direct/P1343,http://www.wikidata.org/entity/Q132817615
http://www.wikidata.org/entity/Q126447016,http://www.wikidata.org/prop/direct/P2186,IE-KK-0087
http://www.wikidata.org/entity/Q126447016,http://www.wikidata.org/prop/direct/P4057,KK020-059----
http://www.wikidata.org/entity/Q126447016,http://www.wikidata.org/prop/direct/P4088,12310027
http://www.wikidata.org/entity/Q126447016,http://www.wikidata.org/prop/direct/P7959,http://www.wikidata.org/entity/Q180231
http://www.wikidata.org/entity/Q126447016,http://www.wikidata.org/prop/direct/P11693,7175746834
http://www.wikidata.org/entity/Q126448411,http://www.wikidata.org/prop/direct/P17,http://www.wikidata.org/entity/Q27
http://www.wikidata.org/entity/Q126478471,http://www.wikidata.org/prop/direct/P625,Point(-7.1019041 52.5801749)
http://www.wikidata.org/entity/Q126478471,http://www.wikidata.org/prop/direct/P708,http://www.wikidata.org/entity/Q873607
http://www.wikidata.org/entity/Q126478471,http://www.wikidata.org/prop/direct/P1343,http://www.wikidata.org/entity/Q55020794
http://www.wikidata.org/entity/Q126478471,http://www.wikidata.org/prop/direct/P1343,http://www.wikidata.org/entity/Q120966194
http://www.wikidata.org/entity/Q126478471,http://www.wikidata.org/prop/direct/P1343,http://www.wikidata.org/entity/Q126374601
http://www.wikidata.org/entity/Q126478471,http://www.wikidata.org/prop/direct/P1343,http://www.wikidata.org/entity/Q126454465
http://www.wikidata.org/entity/Q126478471,http://www.wikidata.org/prop/direct/P1343,http://www.wikidata.org/entity/Q126528008
http://www.wikidata.org/entity/Q126478471,http://www.wikidata.org/prop/direct/P1343,http://www.wikidata.org/entity/Q126540348
http://www.wikidata.org/entity/Q126478471,http://www.wikidata.org/prop/direct/P1343,http://www.wikidata.org/entity/Q126875543
http://www.wikidata.org/entity/Q126478471,http://www.wikidata.org/prop/direct/P1343,http://www.wikidata.org/entity/Q130284129
http://www.wikidata.org/entity/Q126478471,http://www.wikidata.org/prop/direct/P1343,http://www.wikidata.org/entity/Q130308814
http://www.wikidata.org/entity/Q126478471,http://www.wikidata.org/prop/direct/P1343,http://www.wikidata.org/entity/Q132817615
http://www.wikidata.org/entity/Q126478471,http://www.wikidata.org/prop/direct/P2186,IE-KK-0193
http://www.wikidata.org/entity/Q126478471,http://www.wikidata.org/prop/direct/P4057,KK024-072----
http://www.wikidata.org/entity/Q126478471,http://www.wikidata.org/prop/direct/P4088,12402408
http://www.wikidata.org/entity/Q126478471,http://www.wikidata.org/prop/direct/P7959,http://www.wikidata.org/entity/Q180231
http://www.wikidata.org/entity/Q126478471,http://www.wikidata.org/prop/direct/P11693,8513601451
http://www.wikidata.org/entity/Q126478483,http://www.wikidata.org/prop/direct/P17,http://www.wikidata.org/entity/Q27
http://www.wikidata.org/entity/Q126478483,http://www.wikidata.org/prop/direct/P18,http://commons.wikimedia.org/wiki/Special:FilePath/Tobernamonine%20with%20ranging%20rod.jpg
http://www.wikidata.org/entity/Q126478483,http://www.wikidata.org/prop/direct/P31,http://www.wikidata.org/entity/Q1371047
http://www.wikidata.org/entity/Q126478483,http://www.wikidata.org/prop/direct/P31,http://www.wikidata.org/entity/Q15135589
http://www.wikidata.org/entity/Q126478483,http://www.wikidata.org/prop/direct/P31,http://www.wikidata.org/entity/Q126443332
http://www.wikidata.org/entity/Q126478483,http://www.wikidata.org/prop/direct/P131,http://www.wikidata.org/entity/Q180231
http://www.wikidata.org/entity/Q126478483,http://www.wikidata.org/prop/direct/P131,http://www.wikidata.org/entity/Q60557176
http://www.wikidata.org/entity/Q126478483,http://www.wikidata.org/prop/direct/P131,http://www.wikidata.org/entity/Q104264803
http://www.wikidata.org/entity/Q126478483,http://www.wikidata.org/prop/direct/P138,http://www.wikidata.org/entity/Q4301754
http://www.wikidata.org/entity/Q126478483,http://www.wikidata.org/prop/direct/P195,http://www.wikidata.org/entity/Q126875543
http://www.wikidata.org/entity/Q126478483,http://www.wikidata.org/prop/direct/P195,http://www.wikidata.org/entity/Q132817615
http://www.wikidata.org/entity/Q126478483,http://www.wikidata.org/prop/direct/P217,81
http://www.wikidata.org/entity/Q126478483,http://www.wikidata.org/prop/direct/P217,KHW015
http://www.wikidata.org/entity/Q126478483,http://www.wikidata.org/prop/direct/P373,"St Moninna's Well, Glencommaun"
http://www.wikidata.org/entity/Q126478483,http://www.wikidata.org/prop/direct/P625,Point(-7.3551267 52.4041519)
http://www.wikidata.org/entity/Q126478483,http://www.wikidata.org/prop/direct/P708,http://www.wikidata.org/entity/Q873607
http://www.wikidata.org/entity/Q126478483,http://www.wikidata.org/prop/direct/P841,http://www.wikidata.org/entity/Q2695
http://www.wikidata.org/entity/Q126478483,http://www.wikidata.org/prop/direct/P1343,http://www.wikidata.org/entity/Q120966194
http://www.wikidata.org/entity/Q126478483,http://www.wikidata.org/prop/direct/P1343,http://www.wikidata.org/entity/Q126374601
http://www.wikidata.org/entity/Q126478483,http://www.wikidata.org/prop/direct/P1343,http://www.wikidata.org/entity/Q126393245
http://www.wikidata.org/entity/Q126478483,http://www.wikidata.org/prop/direct/P1343,http://www.wikidata.org/entity/Q126456421
http://www.wikidata.org/entity/Q126478483,http://www.wikidata.org/prop/direct/P1343,http://www.wikidata.org/entity/Q126528008
http://www.wikidata.org/entity/Q126478483,http://www.wikidata.org/prop/direct/P1343,http://www.wikidata.org/entity/Q126540348
http://www.wikidata.org/entity/Q126478483,http://www.wikidata.org/prop/direct/P1343,http://www.wikidata.org/entity/Q126555558
http://www.wikidata.org/entity/Q126478483,http://www.wikidata.org/prop/direct/P1343,http://www.wikidata.org/entity/Q126875543
http://www.wikidata.org/entity/Q126478483,http://www.wikidata.org/prop/direct/P1343,http://www.wikidata.org/entity/Q130284129
http://www.wikidata.org/entity/Q126478483,http://www.wikidata.org/prop/direct/P1343,http://www.wikidata.org/entity/Q130486611
http://www.wikidata.org/entity/Q126478483,http://www.wikidata.org/prop/direct/P1343,http://www.wikidata.org/entity/Q132817615
http://www.wikidata.org/entity/Q126487395,http://www.wikidata.org/prop/direct/P625,Point(-7.2600183 52.3184829)
http://www.wikidata.org/entity/Q126487395,http://www.wikidata.org/prop/direct/P708,http://www.wikidata.org/entity/Q873607
http://www.wikidata.org/entity/Q126487395,http://www.wikidata.org/prop/direct/P1343,http://www.wikidata.org/entity/Q126374601
http://www.wikidata.org/entity/Q126487395,http://www.wikidata.org/prop/direct/P1343,http://www.wikidata.org/entity/Q126456421
http://www.wikidata.org/entity/Q126487395,http://www.wikidata.org/prop/direct/P1343,http://www.wikidata.org/entity/Q126528008
http://www.wikidata.org/entity/Q126487395,http://www.wikidata.org/prop/direct/P1343,http://www.wikidata.org/entity/Q126540348
http://www.wikidata.org/entity/Q126487395,http://www.wikidata.org/prop/direct/P1343,http://www.wikidata.org/entity/Q126875543
http://www.wikidata.org/entity/Q126487395,http://www.wikidata.org/prop/direct/P1343,http://www.wikidata.org/entity/Q129088050
http://www.wikidata.org/entity/Q126487395,http://www.wikidata.org/prop/direct/P1343,http://www.wikidata.org/entity/Q130284129
http://www.wikidata.org/entity/Q126487395,http://www.wikidata.org/prop/direct/P1343,http://www.wikidata.org/entity/Q130308814
http://www.wikidata.org/entity/Q126487395,http://www.wikidata.org/prop/direct/P1343,http://www.wikidata.org/entity/Q132817615
http://www.wikidata.org/entity/Q126487395,http://www.wikidata.org/prop/direct/P4057,KK042-029----
http://www.wikidata.org/entity/Q126487395,http://www.wikidata.org/prop/direct/P6375,by the side of the avenue to Silversprings House
http://www.wikidata.org/entity/Q126487395,http://www.wikidata.org/prop/direct/P6375,"""in a field left of the road from Mooncoin to Nicholastown"""
http://www.wikidata.org/entity/Q126487395,http://www.wikidata.org/prop/direct/P11693,8519011419
http://www.wikidata.org/entity/Q126487405,http://www.wikidata.org/prop/direct/P17,http://www.wikidata.org/entity/Q27
http://www.wikidata.org/entity/Q126487405,http://www.wikidata.org/prop/direct/P31,http://www.wikidata.org/entity/Q43483
http://www.wikidata.org/entity/Q126487405,http://www.wikidata.org/prop/direct/P31,http://www.wikidata.org/entity/Q1371047
http://www.wikidata.org/entity/Q126487405,http://www.wikidata.org/prop/direct/P31,http://www.wikidata.org/entity/Q126443332
http://www.wikidata.org/entity/Q126487405,http://www.wikidata.org/prop/direct/P131,http://www.wikidata.org/entity/Q180231
http://www.wikidata.org/entity/Q126487405,http://www.wikidata.org/prop/direct/P131,http://www.wikidata.org/entity/Q60556288
http://www.wikidata.org/entity/Q126487405,http://www.wikidata.org/prop/direct/P131,http://www.wikidata.org/entity/Q104265431
http://www.wikidata.org/entity/Q126487405,http://www.wikidata.org/prop/direct/P138,http://www.wikidata.org/entity/Q165479
http://www.wikidata.org/entity/Q126487405,http://www.wikidata.org/prop/direct/P195,http://www.wikidata.org/entity/Q126875543
http://www.wikidata.org/entity/Q126487405,http://www.wikidata.org/prop/direct/P195,http://www.wikidata.org/entity/Q132817615
http://www.wikidata.org/entity/Q126487405,http://www.wikidata.org/prop/direct/P217,2
http://www.wikidata.org/entity/Q126487405,http://www.wikidata.org/prop/direct/P217,KHW157
http://www.wikidata.org/entity/Q126487405,http://www.wikidata.org/prop/direct/P625,Point(-7.2534771 52.3211064)
http://www.wikidata.org/entity/Q126487405,http://www.wikidata.org/prop/direct/P708,http://www.wikidata.org/entity/Q873607
http://www.wikidata.org/entity/Q126487405,http://www.wikidata.org/prop/direct/P1343,http://www.wikidata.org/entity/Q126374601
http://www.wikidata.org/entity/Q126487405,http://www.wikidata.org/prop/direct/P1343,http://www.wikidata.org/entity/Q126456421
http://www.wikidata.org/entity/Q126487405,http://www.wikidata.org/prop/direct/P1343,http://www.wikidata.org/entity/Q126875543
http://www.wikidata.org/entity/Q126487405,http://www.wikidata.org/prop/direct/P1343,http://www.wikidata.org/entity/Q129088050
http://www.wikidata.org/entity/Q126487405,http://www.wikidata.org/prop/direct/P1343,http://www.wikidata.org/entity/Q130284129
http://www.wikidata.org/entity/Q126487405,http://www.wikidata.org/prop/direct/P1343,http://www.wikidata.org/entity/Q130308814
http://www.wikidata.org/entity/Q126487405,http://www.wikidata.org/prop/direct/P1343,http://www.wikidata.org/entity/Q132817615
http://www.wikidata.org/entity/Q126487405,http://www.wikidata.org/prop/direct/P4057,KK042-030----
http://www.wikidata.org/entity/Q126487405,http://www.wikidata.org/prop/direct/P6375,"""on the right of the avenue from Silverspring House to the lodge gate"""
http://www.wikidata.org/entity/Q126487405,http://www.wikidata.org/prop/direct/P11693,8519009298
http://www.wikidata.org/entity/Q126644654,http://www.wikidata.org/prop/direct/P17,http://www.wikidata.org/entity/Q27
http://www.wikidata.org/entity/Q126644654,http://www.wikidata.org/prop/direct/P18,http://commons.wikimedia.org/wiki/Special:FilePath/Location%20of%20St.%20Patrick%E2%80%99s%20well.jpg
http://www.wikidata.org/entity/Q126644654,http://www.wikidata.org/prop/direct/P31,http://www.wikidata.org/entity/Q124714
http://www.wikidata.org/entity/Q126644654,http://www.wikidata.org/prop/direct/P31,http://www.wikidata.org/entity/Q1371047
http://www.wikidata.org/entity/Q126644654,http://www.wikidata.org/prop/direct/P31,http://www.wikidata.org/entity/Q126443332
http://www.wikidata.org/entity/Q126644654,http://www.wikidata.org/prop/direct/P131,http://www.wikidata.org/entity/Q180231
http://www.wikidata.org/entity/Q126644654,http://www.wikidata.org/prop/direct/P131,http://www.wikidata.org/entity/Q104271216
http://www.wikidata.org/entity/Q126644654,http://www.wikidata.org/prop/direct/P138,http://www.wikidata.org/entity/Q165479
http://www.wikidata.org/entity/Q126644654,http://www.wikidata.org/prop/direct/P195,http://www.wikidata.org/entity/Q126875543
http://www.wikidata.org/entity/Q126644654,http://www.wikidata.org/prop/direct/P195,http://www.wikidata.org/entity/Q132817615
http://www.wikidata.org/entity/Q126644654,http://www.wikidata.org/prop/direct/P217,61
http://www.wikidata.org/entity/Q126644654,http://www.wikidata.org/prop/direct/P217,KHW121
http://www.wikidata.org/entity/Q126644654,http://www.wikidata.org/prop/direct/P373,Donaghmore Well (Co. Kilkenny)
http://www.wikidata.org/entity/Q126644654,http://www.wikidata.org/prop/direct/P625,Point(-7.3151103 52.7822629)
http://www.wikidata.org/entity/Q126644654,http://www.wikidata.org/prop/direct/P708,http://www.wikidata.org/entity/Q873607
http://www.wikidata.org/entity/Q126644654,http://www.wikidata.org/prop/direct/P1343,http://www.wikidata.org/entity/Q116166792
http://www.wikidata.org/entity/Q126644654,http://www.wikidata.org/prop/direct/P1343,http://www.wikidata.org/entity/Q126374601
http://www.wikidata.org/entity/Q126644654,http://www.wikidata.org/prop/direct/P1343,http://www.wikidata.org/entity/Q126474972
http://www.wikidata.org/entity/Q126644654,http://www.wikidata.org/prop/direct/P1343,http://www.wikidata.org/entity/Q126528008
http://www.wikidata.org/entity/Q126644654,http://www.wikidata.org/prop/direct/P1343,http://www.wikidata.org/entity/Q126875543
http://www.wikidata.org/entity/Q126644654,http://www.wikidata.org/prop/direct/P1343,http://www.wikidata.org/entity/Q128306212
http://www.wikidata.org/entity/Q126644654,http://www.wikidata.org/prop/direct/P1343,http://www.wikidata.org/entity/Q129997565
http://www.wikidata.org/entity/Q126644654,http://www.wikidata.org/prop/direct/P1343,http://www.wikidata.org/entity/Q130284129
http://www.wikidata.org/entity/Q126644654,http://www.wikidata.org/prop/direct/P1343,http://www.wikidata.org/entity/Q130308814
http://www.wikidata.org/entity/Q126644654,http://www.wikidata.org/prop/direct/P1343,http://www.wikidata.org/entity/Q130378020
http://www.wikidata.org/entity/Q126644654,http://www.wikidata.org/prop/direct/P1343,http://www.wikidata.org/entity/Q132817615
http://www.wikidata.org/entity/Q126644654,http://www.wikidata.org/prop/direct/P4057,KK010-086----
http://www.wikidata.org/entity/Q126644654,http://www.wikidata.org/prop/direct/P6375,"""about a furlong east of the Church"" (OS Letters)"
http://www.wikidata.org/entity/Q126644654,http://www.wikidata.org/prop/direct/P6375,a little to the Northwest of the graveyard (Carrigan)
http://www.wikidata.org/entity/Q126644654,http://www.wikidata.org/prop/direct/P6375,in the Well Field
http://www.wikidata.org/entity/Q126644654,http://www.wikidata.org/prop/direct/P11693,12103583081
http://www.wikidata.org/entity/Q126645328,http://www.wikidata.org/prop/direct/P17,http://www.wikidata.org/entity/Q27
http://www.wikidata.org/entity/Q126645328,http://www.wikidata.org/prop/direct/P31,http://www.wikidata.org/entity/Q1371047
http://www.wikidata.org/entity/Q126645328,http://www.wikidata.org/prop/direct/P31,http://www.wikidata.org/entity/Q126443332
http://www.wikidata.org/entity/Q126645328,http://www.wikidata.org/prop/direct/P131,http://www.wikidata.org/entity/Q180231
http://www.wikidata.org/entity/Q126645328,http://www.wikidata.org/prop/direct/P138,http://www.wikidata.org/entity/Q345
http://www.wikidata.org/entity/Q126645328,http://www.wikidata.org/prop/direct/P138,http://www.wikidata.org/entity/Q132539
http://www.wikidata.org/entity/Q126645328,http://www.wikidata.org/prop/direct/P195,http://www.wikidata.org/entity/Q126875543
http://www.wikidata.org/entity/Q126645328,http://www.wikidata.org/prop/direct/P195,http://www.wikidata.org/entity/Q132817615
http://www.wikidata.org/entity/Q126645328,http://www.wikidata.org/prop/direct/P217,50
http://www.wikidata.org/entity/Q126645328,http://www.wikidata.org/prop/direct/P217,KHW2-14
http://www.wikidata.org/entity/Q126645328,http://www.wikidata.org/prop/direct/P373,"The Rosary Well, Coan"
http://www.wikidata.org/entity/Q126645328,http://www.wikidata.org/prop/direct/P625,Point(-7.1165071 52.787228)
http://www.wikidata.org/entity/Q126645328,http://www.wikidata.org/prop/direct/P708,http://www.wikidata.org/entity/Q873607
http://www.wikidata.org/entity/Q122303936,http://www.wikidata.org/prop/direct/P131,http://www.wikidata.org/entity/Q180231
http://www.wikidata.org/entity/Q122303936,http://www.wikidata.org/prop/direct/P131,http://www.wikidata.org/entity/Q60554958
http://www.wikidata.org/entity/Q122303936,http://www.wikidata.org/prop/direct/P138,http://www.wikidata.org/entity/Q4927045
http://www.wikidata.org/entity/Q122303936,http://www.wikidata.org/prop/direct/P195,http://www.wikidata.org/entity/Q126875543
http://www.wikidata.org/entity/Q122303936,http://www.wikidata.org/prop/direct/P195,http://www.wikidata.org/entity/Q132817615
http://www.wikidata.org/entity/Q122303936,http://www.wikidata.org/prop/direct/P217,127
http://www.wikidata.org/entity/Q122303936,http://www.wikidata.org/prop/direct/P217,KHW031
http://www.wikidata.org/entity/Q122303936,http://www.wikidata.org/prop/direct/P625,Point(-7.1857032 52.396613)
http://www.wikidata.org/entity/Q122303936,http://www.wikidata.org/prop/direct/P708,http://www.wikidata.org/entity/Q873607
http://www.wikidata.org/entity/Q122303936,http://www.wikidata.org/prop/direct/P841,http://www.wikidata.org/entity/Q2720
http://www.wikidata.org/entity/Q122303936,http://www.wikidata.org/prop/direct/P1343,http://www.wikidata.org/entity/Q126374601
http://www.wikidata.org/entity/Q122303936,http://www.wikidata.org/prop/direct/P1343,http://www.wikidata.org/entity/Q126393245
http://www.wikidata.org/entity/Q122303936,http://www.wikidata.org/prop/direct/P1343,http://www.wikidata.org/entity/Q126456421
http://www.wikidata.org/entity/Q122303936,http://www.wikidata.org/prop/direct/P1343,http://www.wikidata.org/entity/Q126528008
http://www.wikidata.org/entity/Q122303936,http://www.wikidata.org/prop/direct/P1343,http://www.wikidata.org/entity/Q126540348
http://www.wikidata.org/entity/Q122303936,http://www.wikidata.org/prop/direct/P1343,http://www.wikidata.org/entity/Q126871352
http://www.wikidata.org/entity/Q122303936,http://www.wikidata.org/prop/direct/P1343,http://www.wikidata.org/entity/Q126875543
http://www.wikidata.org/entity/Q122303936,http://www.wikidata.org/prop/direct/P1343,http://www.wikidata.org/entity/Q130284129
http://www.wikidata.org/entity/Q122303936,http://www.wikidata.org/prop/direct/P1343,http://www.wikidata.org/entity/Q130308814
http://www.wikidata.org/entity/Q122303936,http://www.wikidata.org/prop/direct/P1343,http://www.wikidata.org/entity/Q132817615
http://www.wikidata.org/entity/Q122303936,http://www.wikidata.org/prop/direct/P2186,IE-KK-0321
http://www.wikidata.org/entity/Q122303936,http://www.wikidata.org/prop/direct/P4057,KK036-030----
http://www.wikidata.org/entity/Q122303936,http://www.wikidata.org/prop/direct/P11693,8526425065
http://www.wikidata.org/entity/Q122304309,http://www.wikidata.org/prop/direct/P10,http://commons.wikimedia.org/wiki/Special:FilePath/St%20Moling%27s%20Well%20Mullinakill.webm
http://www.wikidata.org/entity/Q122304309,http://www.wikidata.org/prop/direct/P17,http://www.wikidata.org/entity/Q27
http://www.wikidata.org/entity/Q122304309,http://www.wikidata.org/prop/direct/P18,http://commons.wikimedia.org/wiki/Special:FilePath/St%20Molin%27s%20Well%2C%20Mullennakill%2C%20Co.Kilkenny%20-%20geograph.org.uk%20-%20213492.jpg
http://www.wikidata.org/entity/Q122304309,http://www.wikidata.org/prop/direct/P31,http://www.wikidata.org/entity/Q1371047
http://www.wikidata.org/entity/Q122304309,http://www.wikidata.org/prop/direct/P31,http://www.wikidata.org/entity/Q105889895
http://www.wikidata.org/entity/Q122304309,http://www.wikidata.org/prop/direct/P31,http://www.wikidata.org/entity/Q126443332
http://www.wikidata.org/entity/Q122304309,http://www.wikidata.org/prop/direct/P131,http://www.wikidata.org/entity/Q180231
http://www.wikidata.org/entity/Q122304309,http://www.wikidata.org/prop/direct/P131,http://www.wikidata.org/entity/Q60554520
http://www.wikidata.org/entity/Q122304309,http://www.wikidata.org/prop/direct/P131,http://www.wikidata.org/entity/Q104266023
http://www.wikidata.org/entity/Q122304309,http://www.wikidata.org/prop/direct/P138,http://www.wikidata.org/entity/Q4300418
http://www.wikidata.org/entity/Q122304309,http://www.wikidata.org/prop/direct/P195,http://www.wikidata.org/entity/Q126875543
http://www.wikidata.org/entity/Q122304309,http://www.wikidata.org/prop/direct/P195,http://www.wikidata.org/entity/Q132817615
http://www.wikidata.org/entity/Q122304309,http://www.wikidata.org/prop/direct/P217,140
http://www.wikidata.org/entity/Q122304309,http://www.wikidata.org/prop/direct/P217,KHW020
http://www.wikidata.org/entity/Q122304309,http://www.wikidata.org/prop/direct/P373,"St Molin's Well, Mullennakill"
http://www.wikidata.org/entity/Q122304309,http://www.wikidata.org/prop/direct/P625,Point(-7.11584 52.4307541)
http://www.wikidata.org/entity/Q122304309,http://www.wikidata.org/prop/direct/P708,http://www.wikidata.org/entity/Q873607
http://www.wikidata.org/entity/Q122304309,http://www.wikidata.org/prop/direct/P973,https://curiousireland.ie/st-molins-well/
http://www.wikidata.org/entity/Q129348459,http://www.wikidata.org/prop/direct/P403,http://www.wikidata.org/entity/Q126486548
http://www.wikidata.org/entity/Q129348459,http://www.wikidata.org/prop/direct/P625,Point(-7.317274 52.486141)
http://www.wikidata.org/entity/Q129348459,http://www.wikidata.org/prop/direct/P708,http://www.wikidata.org/entity/Q873607
http://www.wikidata.org/entity/Q129348459,http://www.wikidata.org/prop/direct/P1343,http://www.wikidata.org/entity/Q25469578
http://www.wikidata.org/entity/Q129348459,http://www.wikidata.org/prop/direct/P1343,http://www.wikidata.org/entity/Q126528008
http://www.wikidata.org/entity/Q129348459,http://www.wikidata.org/prop/direct/P4057,KK031-010----
http://www.wikidata.org/entity/Q129348459,http://www.wikidata.org/prop/direct/P11693,12120843670
http://www.wikidata.org/entity/Q129906303,http://www.wikidata.org/prop/direct/P17,http://www.wikidata.org/entity/Q27
http://www.wikidata.org/entity/Q129906303,http://www.wikidata.org/prop/direct/P31,http://www.wikidata.org/entity/Q1371047
http://www.wikidata.org/entity/Q129906303,http://www.wikidata.org/prop/direct/P31,http://www.wikidata.org/entity/Q126443332
http://www.wikidata.org/entity/Q129906303,http://www.wikidata.org/prop/direct/P131,http://www.wikidata.org/entity/Q55299
http://www.wikidata.org/entity/Q129906303,http://www.wikidata.org/prop/direct/P138,http://www.wikidata.org/entity/Q1133742
http://www.wikidata.org/entity/Q129906303,http://www.wikidata.org/prop/direct/P625,Point(-7.514728 52.921361)
http://www.wikidata.org/entity/Q129906303,http://www.wikidata.org/prop/direct/P708,http://www.wikidata.org/entity/Q873607
http://www.wikidata.org/entity/Q129906303,http://www.wikidata.org/prop/direct/P1343,http://www.wikidata.org/entity/Q116166792
http://www.wikidata.org/entity/Q129906303,http://www.wikidata.org/prop/direct/P1343,http://www.wikidata.org/entity/Q129905816
http://www.wikidata.org/entity/Q129906303,http://www.wikidata.org/prop/direct/P1343,http://www.wikidata.org/entity/Q130308814
http://www.wikidata.org/entity/Q129906303,http://www.wikidata.org/prop/direct/P4057,LA022-019006-
http://www.wikidata.org/entity/Q130266414,http://www.wikidata.org/prop/direct/P17,http://www.wikidata.org/entity/Q27
http://www.wikidata.org/entity/Q130266414,http://www.wikidata.org/prop/direct/P31,http://www.wikidata.org/entity/Q1371047
http://www.wikidata.org/entity/Q130266414,http://www.wikidata.org/prop/direct/P31,http://www.wikidata.org/entity/Q126443332
http://www.wikidata.org/entity/Q130266414,http://www.wikidata.org/prop/direct/P131,http://www.wikidata.org/entity/Q55299
http://www.wikidata.org/entity/Q130266414,http://www.wikidata.org/prop/direct/P625,Point(-7.419903 53.011028)
http://www.wikidata.org/entity/Q130266414,http://www.wikidata.org/prop/direct/P1343,http://www.wikidata.org/entity/Q120966194
http://www.wikidata.org/entity/Q130266414,http://www.wikidata.org/prop/direct/P1343,http://www.wikidata.org/entity/Q130266394
http://www.wikidata.org/entity/Q130266414,http://www.wikidata.org/prop/direct/P4057,LA017-003003-
http://www.wikidata.org/entity/Q130266513,http://www.wikidata.org/prop/direct/P17,http://www.wikidata.org/entity/Q27
http://www.wikidata.org/entity/Q130266513,http://www.wikidata.org/prop/direct/P31,http://www.wikidata.org/entity/Q1371047
http://www.wikidata.org/entity/Q130266513,http://www.wikidata.org/prop/direct/P31,http://www.wikidata.org/entity/Q126443332
http://www.wikidata.org/entity/Q130266513,http://www.wikidata.org/prop/direct/P131,http://www.wikidata.org/entity/Q184445
http://www.wikidata.org/entity/Q130266513,http://www.wikidata.org/prop/direct/P625,Point(-7.790414 53.066093)
http://www.wikidata.org/entity/Q130266513,http://www.wikidata.org/prop/direct/P4057,OF039-006----
http://www.wikidata.org/entity/Q130313770,http://www.wikidata.org/prop/direct/P17,http://www.wikidata.org/entity/Q27
http://www.wikidata.org/entity/Q130313770,http://www.wikidata.org/prop/direct/P31,http://www.wikidata.org/entity/Q1371047
http://www.wikidata.org/entity/Q122306366,http://www.wikidata.org/prop/direct/P1343,http://www.wikidata.org/entity/Q126393245
http://www.wikidata.org/entity/Q122306366,http://www.wikidata.org/prop/direct/P1343,http://www.wikidata.org/entity/Q126454465
http://www.wikidata.org/entity/Q122306366,http://www.wikidata.org/prop/direct/P1343,http://www.wikidata.org/entity/Q126474972
http://www.wikidata.org/entity/Q122306366,http://www.wikidata.org/prop/direct/P1343,http://www.wikidata.org/entity/Q126528008
http://www.wikidata.org/entity/Q122306366,http://www.wikidata.org/prop/direct/P1343,http://www.wikidata.org/entity/Q126540348
http://www.wikidata.org/entity/Q122306366,http://www.wikidata.org/prop/direct/P1343,http://www.wikidata.org/entity/Q126875543
http://www.wikidata.org/entity/Q122306366,http://www.wikidata.org/prop/direct/P1343,http://www.wikidata.org/entity/Q129086114
http://www.wikidata.org/entity/Q122306366,http://www.wikidata.org/prop/direct/P1343,http://www.wikidata.org/entity/Q130284129
http://www.wikidata.org/entity/Q122306366,http://www.wikidata.org/prop/direct/P1343,http://www.wikidata.org/entity/Q130308814
http://www.wikidata.org/entity/Q122306366,http://www.wikidata.org/prop/direct/P1343,http://www.wikidata.org/entity/Q132817615
http://www.wikidata.org/entity/Q122306366,http://www.wikidata.org/prop/direct/P1343,http://www.wikidata.org/entity/Q133258128
http://www.wikidata.org/entity/Q122306366,http://www.wikidata.org/prop/direct/P2186,IE-KK-0325
http://www.wikidata.org/entity/Q122306366,http://www.wikidata.org/prop/direct/P4057,KK018-031----
http://www.wikidata.org/entity/Q122306366,http://www.wikidata.org/prop/direct/P11693,8515624782
http://www.wikidata.org/entity/Q122307282,http://www.wikidata.org/prop/direct/P17,http://www.wikidata.org/entity/Q27
http://www.wikidata.org/entity/Q122307282,http://www.wikidata.org/prop/direct/P18,http://commons.wikimedia.org/wiki/Special:FilePath/Angel%27s%20Well%20near%20the%20Black%20Abbey.jpg
http://www.wikidata.org/entity/Q122307282,http://www.wikidata.org/prop/direct/P31,http://www.wikidata.org/entity/Q1371047
http://www.wikidata.org/entity/Q122307282,http://www.wikidata.org/prop/direct/P31,http://www.wikidata.org/entity/Q105889895
http://www.wikidata.org/entity/Q122307282,http://www.wikidata.org/prop/direct/P31,http://www.wikidata.org/entity/Q126443332
http://www.wikidata.org/entity/Q122307282,http://www.wikidata.org/prop/direct/P131,http://www.wikidata.org/entity/Q180231
http://www.wikidata.org/entity/Q122307282,http://www.wikidata.org/prop/direct/P131,http://www.wikidata.org/entity/Q60556627
http://www.wikidata.org/entity/Q122307282,http://www.wikidata.org/prop/direct/P138,http://www.wikidata.org/entity/Q45581
http://www.wikidata.org/entity/Q122307282,http://www.wikidata.org/prop/direct/P195,http://www.wikidata.org/entity/Q126875543
http://www.wikidata.org/entity/Q122307282,http://www.wikidata.org/prop/direct/P195,http://www.wikidata.org/entity/Q132817615
http://www.wikidata.org/entity/Q122307282,http://www.wikidata.org/prop/direct/P217,74
http://www.wikidata.org/entity/Q122307282,http://www.wikidata.org/prop/direct/P217,KHW108
http://www.wikidata.org/entity/Q122307282,http://www.wikidata.org/prop/direct/P373,"Angel's Well, Kilkenny"
http://www.wikidata.org/entity/Q122307282,http://www.wikidata.org/prop/direct/P625,Point(-7.2569636 52.6542782)
http://www.wikidata.org/entity/Q122307282,http://www.wikidata.org/prop/direct/P708,http://www.wikidata.org/entity/Q873607
http://www.wikidata.org/entity/Q122307282,http://www.wikidata.org/prop/direct/P973,https://irelandsholywells.blogspot.com/2013/02/angels-well-black-abbey-kilkenny.html
http://www.wikidata.org/entity/Q122307282,http://www.wikidata.org/prop/direct/P973,https://kilkennyarchaeologicalsociety.ie/reputed-holy-wells-of-the-city-of-kilkenny/
http://www.wikidata.org/entity/Q122307282,http://www.wikidata.org/prop/direct/P1343,http://www.wikidata.org/entity/Q120966194
http://www.wikidata.org/entity/Q122307282,http://www.wikidata.org/prop/direct/P1343,http://www.wikidata.org/entity/Q126393245
http://www.wikidata.org/entity/Q122307282,http://www.wikidata.org/prop/direct/P1343,http://www.wikidata.org/entity/Q126875543
http://www.wikidata.org/entity/Q122307282,http://www.wikidata.org/prop/direct/P1343,http://www.wikidata.org/entity/Q127278616
http://www.wikidata.org/entity/Q122307282,http://www.wikidata.org/prop/direct/P1343,http://www.wikidata.org/entity/Q127524368
http://www.wikidata.org/entity/Q122307282,http://www.wikidata.org/prop/direct/P1343,http://www.wikidata.org/entity/Q127619817
http://www.wikidata.org/entity/Q122307282,http://www.wikidata.org/prop/direct/P1343,http://www.wikidata.org/entity/Q130308814
http://www.wikidata.org/entity/Q122307282,http://www.wikidata.org/prop/direct/P1343,http://www.wikidata.org/entity/Q130362725
http://www.wikidata.org/entity/Q122307282,http://www.wikidata.org/prop/direct/P1343,http://www.wikidata.org/entity/Q130471945
http://www.wikidata.org/entity/Q122307282,http://www.wikidata.org/prop/direct/P1343,http://www.wikidata.org/entity/Q132817615
http://www.wikidata.org/entity/Q122307282,http://www.wikidata.org/prop/direct/P1343,http://www.wikidata.org/entity/Q133575033
http://www.wikidata.org/entity/Q122307282,http://www.wikidata.org/prop/direct/P2186,IE-KK-0326
http://www.wikidata.org/entity/Q122307282,http://www.wikidata.org/prop/direct/P4057,KK019-026022-
http://www.wikidata.org/entity/Q122307282,http://www.wikidata.org/prop/direct/P11693,5343898433
http://www.wikidata.org/entity/Q126640856,http://www.wikidata.org/prop/direct/P217,KHW118
http://www.wikidata.org/entity/Q126640856,http://www.wikidata.org/prop/direct/P625,Point(-7.21792 52.817848)
http://www.wikidata.org/entity/Q126640856,http://www.wikidata.org/prop/direct/P708,http://www.wikidata.org/entity/Q873607
http://www.wikidata.org/entity/Q126640856,http://www.wikidata.org/prop/direct/P1343,http://www.wikidata.org/entity/Q116166792
http://www.wikidata.org/entity/Q126640856,http://www.wikidata.org/prop/direct/P1343,http://www.wikidata.org/entity/Q126374601
http://www.wikidata.org/entity/Q126640856,http://www.wikidata.org/prop/direct/P1343,http://www.wikidata.org/entity/Q126393245
http://www.wikidata.org/entity/Q126640856,http://www.wikidata.org/prop/direct/P1343,http://www.wikidata.org/entity/Q126474972
http://www.wikidata.org/entity/Q126640856,http://www.wikidata.org/prop/direct/P1343,http://www.wikidata.org/entity/Q126875543
http://www.wikidata.org/entity/Q126640856,http://www.wikidata.org/prop/direct/P1343,http://www.wikidata.org/entity/Q129333352
http://www.wikidata.org/entity/Q126640856,http://www.wikidata.org/prop/direct/P1343,http://www.wikidata.org/entity/Q130284129
http://www.wikidata.org/entity/Q126640856,http://www.wikidata.org/prop/direct/P1343,http://www.wikidata.org/entity/Q130308814
http://www.wikidata.org/entity/Q126640856,http://www.wikidata.org/prop/direct/P1343,http://www.wikidata.org/entity/Q132817615
http://www.wikidata.org/entity/Q126640856,http://www.wikidata.org/prop/direct/P4057,KK005-053----
http://www.wikidata.org/entity/Q126640856,http://www.wikidata.org/prop/direct/P6375,"""a few fields north of the churchyard"""
http://www.wikidata.org/entity/Q126643252,http://www.wikidata.org/prop/direct/P17,http://www.wikidata.org/entity/Q27
http://www.wikidata.org/entity/Q126643252,http://www.wikidata.org/prop/direct/P31,http://www.wikidata.org/entity/Q1371047
http://www.wikidata.org/entity/Q126643252,http://www.wikidata.org/prop/direct/P31,http://www.wikidata.org/entity/Q126443332
http://www.wikidata.org/entity/Q126643252,http://www.wikidata.org/prop/direct/P131,http://www.wikidata.org/entity/Q180231
http://www.wikidata.org/entity/Q126643252,http://www.wikidata.org/prop/direct/P131,http://www.wikidata.org/entity/Q60553894
http://www.wikidata.org/entity/Q126643252,http://www.wikidata.org/prop/direct/P131,http://www.wikidata.org/entity/Q104265148
http://www.wikidata.org/entity/Q126643252,http://www.wikidata.org/prop/direct/P138,http://www.wikidata.org/entity/Q40558
http://www.wikidata.org/entity/Q126643252,http://www.wikidata.org/prop/direct/P195,http://www.wikidata.org/entity/Q126875543
http://www.wikidata.org/entity/Q126643252,http://www.wikidata.org/prop/direct/P195,http://www.wikidata.org/entity/Q132817615
http://www.wikidata.org/entity/Q126643252,http://www.wikidata.org/prop/direct/P217,72
http://www.wikidata.org/entity/Q126643252,http://www.wikidata.org/prop/direct/P217,KHW2-2
http://www.wikidata.org/entity/Q126643252,http://www.wikidata.org/prop/direct/P625,Point(-7.3241817 52.747585)
http://www.wikidata.org/entity/Q126643252,http://www.wikidata.org/prop/direct/P625,Point(-7.306327 52.749493)
http://www.wikidata.org/entity/Q126643252,http://www.wikidata.org/prop/direct/P1343,http://www.wikidata.org/entity/Q116166792
http://www.wikidata.org/entity/Q126643252,http://www.wikidata.org/prop/direct/P1343,http://www.wikidata.org/entity/Q126374601
http://www.wikidata.org/entity/Q126643252,http://www.wikidata.org/prop/direct/P1343,http://www.wikidata.org/entity/Q126393245
http://www.wikidata.org/entity/Q126643252,http://www.wikidata.org/prop/direct/P1343,http://www.wikidata.org/entity/Q126528008
http://www.wikidata.org/entity/Q126643252,http://www.wikidata.org/prop/direct/P1343,http://www.wikidata.org/entity/Q126875543
http://www.wikidata.org/entity/Q126643252,http://www.wikidata.org/prop/direct/P1343,http://www.wikidata.org/entity/Q130284129
http://www.wikidata.org/entity/Q126643252,http://www.wikidata.org/prop/direct/P1343,http://www.wikidata.org/entity/Q130308814
http://www.wikidata.org/entity/Q126643252,http://www.wikidata.org/prop/direct/P1343,http://www.wikidata.org/entity/Q132817615
http://www.wikidata.org/entity/Q126643252,http://www.wikidata.org/prop/direct/P11693,12003982981
http://www.wikidata.org/entity/Q133455066,http://www.wikidata.org/prop/direct/P708,http://www.wikidata.org/entity/Q873607
http://www.wikidata.org/entity/Q133455066,http://www.wikidata.org/prop/direct/P1343,http://www.wikidata.org/entity/Q133385130
http://www.wikidata.org/entity/Q133567306,http://www.wikidata.org/prop/direct/P17,http://www.wikidata.org/entity/Q27
http://www.wikidata.org/entity/Q133567306,http://www.wikidata.org/prop/direct/P31,http://www.wikidata.org/entity/Q1371047
http://www.wikidata.org/entity/Q133567306,http://www.wikidata.org/prop/direct/P31,http://www.wikidata.org/entity/Q126443332
http://www.wikidata.org/entity/Q133567306,http://www.wikidata.org/prop/direct/P131,http://www.wikidata.org/entity/Q180231
http://www.wikidata.org/entity/Q133567306,http://www.wikidata.org/prop/direct/P138,http://www.wikidata.org/entity/Q107257053
http://www.wikidata.org/entity/Q133567306,http://www.wikidata.org/prop/direct/P625,Point(-7.1579263 52.6484644)
http://www.wikidata.org/entity/Q133567306,http://www.wikidata.org/prop/direct/P708,http://www.wikidata.org/entity/Q873607
http://www.wikidata.org/entity/Q133567306,http://www.wikidata.org/prop/direct/P1343,http://www.wikidata.org/entity/Q116690389
http://www.wikidata.org/entity/Q133567306,http://www.wikidata.org/prop/direct/P1343,http://www.wikidata.org/entity/Q126374601
http://www.wikidata.org/entity/Q133567306,http://www.wikidata.org/prop/direct/P1343,http://www.wikidata.org/entity/Q126528008
http://www.wikidata.org/entity/Q133567306,http://www.wikidata.org/prop/direct/P1343,http://www.wikidata.org/entity/Q126540348
http://www.wikidata.org/entity/Q133567306,http://www.wikidata.org/prop/direct/P1343,http://www.wikidata.org/entity/Q130284129
http://www.wikidata.org/entity/Q133567306,http://www.wikidata.org/prop/direct/P11693,6965012129
http://www.wikidata.org/entity/Q133806076,http://www.wikidata.org/prop/direct/P17,http://www.wikidata.org/entity/Q27
http://www.wikidata.org/entity/Q133806076,http://www.wikidata.org/prop/direct/P18,http://commons.wikimedia.org/wiki/Special:FilePath/St%20Longory%27s%20Well%20ensemble.jpg
http://www.wikidata.org/entity/Q133806076,http://www.wikidata.org/prop/direct/P31,http://www.wikidata.org/entity/Q1371047
http://www.wikidata.org/entity/Q133806076,http://www.wikidata.org/prop/direct/P31,http://www.wikidata.org/entity/Q126443332
http://www.wikidata.org/entity/Q133806076,http://www.wikidata.org/prop/direct/P131,http://www.wikidata.org/entity/Q55299
http://www.wikidata.org/entity/Q133806076,http://www.wikidata.org/prop/direct/P373,St. Longory's Well
http://www.wikidata.org/entity/Q133806076,http://www.wikidata.org/prop/direct/P625,Point(-7.1190579 52.8285683)
http://www.wikidata.org/entity/Q133806076,http://www.wikidata.org/prop/direct/P708,http://www.wikidata.org/entity/Q873607
http://www.wikidata.org/entity/Q133806076,http://www.wikidata.org/prop/direct/P1343,http://www.wikidata.org/entity/Q120966194
http://www.wikidata.org/entity/Q133806076,http://www.wikidata.org/prop/direct/P4057,LA036-002003-
http://www.wikidata.org/entity/Q133806076,http://www.wikidata.org/prop/direct/P11693,11973547846
http://www.wikidata.org/entity/Q126662780,http://www.wikidata.org/prop/direct/P625,Point(-7.036788 52.465051)
http://www.wikidata.org/entity/Q126662780,http://www.wikidata.org/prop/direct/P708,http://www.wikidata.org/entity/Q873607
http://www.wikidata.org/entity/Q126662780,http://www.wikidata.org/prop/direct/P1343,http://www.wikidata.org/entity/Q126456421
http://www.wikidata.org/entity/Q126662780,http://www.wikidata.org/prop/direct/P1343,http://www.wikidata.org/entity/Q126875543
http://www.wikidata.org/entity/Q126662780,http://www.wikidata.org/prop/direct/P1343,http://www.wikidata.org/entity/Q129919689
http://www.wikidata.org/entity/Q126662780,http://www.wikidata.org/prop/direct/P1343,http://www.wikidata.org/entity/Q130308814
http://www.wikidata.org/entity/Q126662780,http://www.wikidata.org/prop/direct/P1343,http://www.wikidata.org/entity/Q132817615
http://www.wikidata.org/entity/Q126662780,http://www.wikidata.org/prop/direct/P4057,KK033-039----
http://www.wikidata.org/entity/Q126662780,http://www.wikidata.org/prop/direct/P6375,"""a few perches from the Quay of Cloone [i.e. Clonamery]"""
http://www.wikidata.org/entity/Q126662780,http://www.wikidata.org/prop/direct/P6375,"""quite close to another road leading to the Quay in Clonamery"""
http://www.wikidata.org/entity/Q126664812,http://www.wikidata.org/prop/direct/P17,http://www.wikidata.org/entity/Q27
http://www.wikidata.org/entity/Q126664812,http://www.wikidata.org/prop/direct/P31,http://www.wikidata.org/entity/Q1371047
http://www.wikidata.org/entity/Q126664812,http://www.wikidata.org/prop/direct/P31,http://www.wikidata.org/entity/Q126443332
http://www.wikidata.org/entity/Q126664812,http://www.wikidata.org/prop/direct/P131,http://www.wikidata.org/entity/Q180231
http://www.wikidata.org/entity/Q126664812,http://www.wikidata.org/prop/direct/P131,http://www.wikidata.org/entity/Q60555608
http://www.wikidata.org/entity/Q126664812,http://www.wikidata.org/prop/direct/P131,http://www.wikidata.org/entity/Q104265424
http://www.wikidata.org/entity/Q126664812,http://www.wikidata.org/prop/direct/P138,http://www.wikidata.org/entity/Q2280421
http://www.wikidata.org/entity/Q126664812,http://www.wikidata.org/prop/direct/P625,Point(-7.244749 52.484994)
http://www.wikidata.org/entity/Q126664812,http://www.wikidata.org/prop/direct/P708,http://www.wikidata.org/entity/Q873607
http://www.wikidata.org/entity/Q126664812,http://www.wikidata.org/prop/direct/P1343,http://www.wikidata.org/entity/Q126456421
http://www.wikidata.org/entity/Q126664812,http://www.wikidata.org/prop/direct/P6375,"""close to the church on the left hand side of the road to Dunnamaggan"" (Carrigan)"
http://www.wikidata.org/entity/Q126665980,http://www.wikidata.org/prop/direct/P17,http://www.wikidata.org/entity/Q27
http://www.wikidata.org/entity/Q126665980,http://www.wikidata.org/prop/direct/P31,http://www.wikidata.org/entity/Q43483
http://www.wikidata.org/entity/Q126665980,http://www.wikidata.org/prop/direct/P31,http://www.wikidata.org/entity/Q1371047
http://www.wikidata.org/entity/Q126665980,http://www.wikidata.org/prop/direct/P31,http://www.wikidata.org/entity/Q126443332
http://www.wikidata.org/entity/Q126665980,http://www.wikidata.org/prop/direct/P131,http://www.wikidata.org/entity/Q180231
http://www.wikidata.org/entity/Q126665980,http://www.wikidata.org/prop/direct/P131,http://www.wikidata.org/entity/Q60556294
http://www.wikidata.org/entity/Q126665980,http://www.wikidata.org/prop/direct/P131,http://www.wikidata.org/entity/Q104265543
http://www.wikidata.org/entity/Q126665980,http://www.wikidata.org/prop/direct/P138,http://www.wikidata.org/entity/Q2280421
http://www.wikidata.org/entity/Q126665980,http://www.wikidata.org/prop/direct/P195,http://www.wikidata.org/entity/Q126875543
http://www.wikidata.org/entity/Q126665980,http://www.wikidata.org/prop/direct/P195,http://www.wikidata.org/entity/Q132817615
http://www.wikidata.org/entity/Q126665980,http://www.wikidata.org/prop/direct/P217,156
http://www.wikidata.org/entity/Q126665980,http://www.wikidata.org/prop/direct/P217,KHW153
http://www.wikidata.org/entity/Q126665980,http://www.wikidata.org/prop/direct/P625,Point(-7.2299875 52.2905247)
http://www.wikidata.org/entity/Q126665980,http://www.wikidata.org/prop/direct/P708,http://www.wikidata.org/entity/Q873607
http://www.wikidata.org/entity/Q126665980,http://www.wikidata.org/prop/direct/P1343,http://www.wikidata.org/entity/Q126374601
http://www.wikidata.org/entity/Q126665980,http://www.wikidata.org/prop/direct/P1343,http://www.wikidata.org/entity/Q126456421
http://www.wikidata.org/entity/Q126665980,http://www.wikidata.org/prop/direct/P1343,http://www.wikidata.org/entity/Q126474972
http://www.wikidata.org/entity/Q126665980,http://www.wikidata.org/prop/direct/P1343,http://www.wikidata.org/entity/Q126540348
http://www.wikidata.org/entity/Q126665980,http://www.wikidata.org/prop/direct/P1343,http://www.wikidata.org/entity/Q126875543
http://www.wikidata.org/entity/Q126665980,http://www.wikidata.org/prop/direct/P1343,http://www.wikidata.org/entity/Q129088050
http://www.wikidata.org/entity/Q126665980,http://www.wikidata.org/prop/direct/P1343,http://www.wikidata.org/entity/Q130308814
http://www.wikidata.org/entity/Q126665980,http://www.wikidata.org/prop/direct/P1343,http://www.wikidata.org/entity/Q132817615
http://www.wikidata.org/entity/Q126665980,http://www.wikidata.org/prop/direct/P4057,KK042-021----
http://www.wikidata.org/entity/Q126665980,http://www.wikidata.org/prop/direct/P6375,"""half a furlong north of the Church"""
http://www.wikidata.org/entity/Q126665980,http://www.wikidata.org/prop/direct/P11693,12175522763
http://www.wikidata.org/entity/Q126678913,http://www.wikidata.org/prop/direct/P17,http://www.wikidata.org/entity/Q27
http://www.wikidata.org/entity/Q126678913,http://www.wikidata.org/prop/direct/P31,http://www.wikidata.org/entity/Q124714
http://www.wikidata.org/entity/Q126678913,http://www.wikidata.org/prop/direct/P31,http://www.wikidata.org/entity/Q1371047
http://www.wikidata.org/entity/Q126678913,http://www.wikidata.org/prop/direct/P31,http://www.wikidata.org/entity/Q126443332
http://www.wikidata.org/entity/Q126678913,http://www.wikidata.org/prop/direct/P131,http://www.wikidata.org/entity/Q180231
http://www.wikidata.org/entity/Q126678913,http://www.wikidata.org/prop/direct/P131,http://www.wikidata.org/entity/Q60554999
http://www.wikidata.org/entity/Q126678913,http://www.wikidata.org/prop/direct/P138,http://www.wikidata.org/entity/Q380356
http://www.wikidata.org/entity/Q126678913,http://www.wikidata.org/prop/direct/P195,http://www.wikidata.org/entity/Q126875543
http://www.wikidata.org/entity/Q126678913,http://www.wikidata.org/prop/direct/P195,http://www.wikidata.org/entity/Q132817615
http://www.wikidata.org/entity/Q126678913,http://www.wikidata.org/prop/direct/P217,160
http://www.wikidata.org/entity/Q126678913,http://www.wikidata.org/prop/direct/P217,KHW143
http://www.wikidata.org/entity/Q126678913,http://www.wikidata.org/prop/direct/P708,http://www.wikidata.org/entity/Q873607
http://www.wikidata.org/entity/Q126678913,http://www.wikidata.org/prop/direct/P1343,http://www.wikidata.org/entity/Q126456421
http://www.wikidata.org/entity/Q126678913,http://www.wikidata.org/prop/direct/P1343,http://www.wikidata.org/entity/Q126875543
http://www.wikidata.org/entity/Q126678913,http://www.wikidata.org/prop/direct/P1343,http://www.wikidata.org/entity/Q132817615
http://www.wikidata.org/entity/Q126678913,http://www.wikidata.org/prop/direct/P4057,KK035-094----
http://www.wikidata.org/entity/Q126678959,http://www.wikidata.org/prop/direct/P17,http://www.wikidata.org/entity/Q27
http://www.wikidata.org/entity/Q126678959,http://www.wikidata.org/prop/direct/P31,http://www.wikidata.org/entity/Q1371047
http://www.wikidata.org/entity/Q126678959,http://www.wikidata.org/prop/direct/P31,http://www.wikidata.org/entity/Q126443332
http://www.wikidata.org/entity/Q126678959,http://www.wikidata.org/prop/direct/P131,http://www.wikidata.org/entity/Q180231
http://www.wikidata.org/entity/Q126678959,http://www.wikidata.org/prop/direct/P131,http://www.wikidata.org/entity/Q60557099
http://www.wikidata.org/entity/Q126678959,http://www.wikidata.org/prop/direct/P131,http://www.wikidata.org/entity/Q104266487
http://www.wikidata.org/entity/Q126678959,http://www.wikidata.org/prop/direct/P138,http://www.wikidata.org/entity/Q380356
http://www.wikidata.org/entity/Q126678959,http://www.wikidata.org/prop/direct/P195,http://www.wikidata.org/entity/Q126875543
http://www.wikidata.org/entity/Q126678959,http://www.wikidata.org/prop/direct/P195,http://www.wikidata.org/entity/Q132817615
http://www.wikidata.org/entity/Q126678959,http://www.wikidata.org/prop/direct/P217,67
http://www.wikidata.org/entity/Q126678959,http://www.wikidata.org/prop/direct/P217,KHW141
http://www.wikidata.org/entity/Q126678959,http://www.wikidata.org/prop/direct/P708,http://www.wikidata.org/entity/Q873607
http://www.wikidata.org/entity/Q126678959,http://www.wikidata.org/prop/direct/P1343,http://www.wikidata.org/entity/Q126374601
http://www.wikidata.org/entity/Q126678959,http://www.wikidata.org/prop/direct/P1343,http://www.wikidata.org/entity/Q126456421
http://www.wikidata.org/entity/Q126678959,http://www.wikidata.org/prop/direct/P1343,http://www.wikidata.org/entity/Q126875543
http://www.wikidata.org/entity/Q126678959,http://www.wikidata.org/prop/direct/P1343,http://www.wikidata.org/entity/Q130308814
http://www.wikidata.org/entity/Q126678959,http://www.wikidata.org/prop/direct/P1343,http://www.wikidata.org/entity/Q132817615
http://www.wikidata.org/entity/Q126678959,http://www.wikidata.org/prop/direct/P4057,KK033-043----
http://www.wikidata.org/entity/Q126478483,http://www.wikidata.org/prop/direct/P4057,KK034-034----
http://www.wikidata.org/entity/Q126478483,http://www.wikidata.org/prop/direct/P11693,8522349429
http://www.wikidata.org/entity/Q126478503,http://www.wikidata.org/prop/direct/P17,http://www.wikidata.org/entity/Q27
http://www.wikidata.org/entity/Q126478503,http://www.wikidata.org/prop/direct/P18,http://commons.wikimedia.org/wiki/Special:FilePath/2024-11-27%20Tobermocuille%20site.jpg
http://www.wikidata.org/entity/Q126478503,http://www.wikidata.org/prop/direct/P31,http://www.wikidata.org/entity/Q1371047
http://www.wikidata.org/entity/Q126478503,http://www.wikidata.org/prop/direct/P31,http://www.wikidata.org/entity/Q126443332
http://www.wikidata.org/entity/Q126478503,http://www.wikidata.org/prop/direct/P131,http://www.wikidata.org/entity/Q180231
http://www.wikidata.org/entity/Q126478503,http://www.wikidata.org/prop/direct/P131,http://www.wikidata.org/entity/Q60557176
http://www.wikidata.org/entity/Q126478503,http://www.wikidata.org/prop/direct/P131,http://www.wikidata.org/entity/Q104264803
http://www.wikidata.org/entity/Q126478503,http://www.wikidata.org/prop/direct/P138,http://www.wikidata.org/entity/Q130531018
http://www.wikidata.org/entity/Q126478503,http://www.wikidata.org/prop/direct/P195,http://www.wikidata.org/entity/Q126875543
http://www.wikidata.org/entity/Q126478503,http://www.wikidata.org/prop/direct/P195,http://www.wikidata.org/entity/Q132817615
http://www.wikidata.org/entity/Q126478503,http://www.wikidata.org/prop/direct/P217,82
http://www.wikidata.org/entity/Q126478503,http://www.wikidata.org/prop/direct/P217,KHW016
http://www.wikidata.org/entity/Q126478503,http://www.wikidata.org/prop/direct/P625,Point(-7.3517775 52.4053673)
http://www.wikidata.org/entity/Q126478503,http://www.wikidata.org/prop/direct/P708,http://www.wikidata.org/entity/Q873607
http://www.wikidata.org/entity/Q126478503,http://www.wikidata.org/prop/direct/P1343,http://www.wikidata.org/entity/Q120966194
http://www.wikidata.org/entity/Q126478503,http://www.wikidata.org/prop/direct/P1343,http://www.wikidata.org/entity/Q126374601
http://www.wikidata.org/entity/Q126478503,http://www.wikidata.org/prop/direct/P1343,http://www.wikidata.org/entity/Q126393245
http://www.wikidata.org/entity/Q126478503,http://www.wikidata.org/prop/direct/P1343,http://www.wikidata.org/entity/Q126456421
http://www.wikidata.org/entity/Q126478503,http://www.wikidata.org/prop/direct/P1343,http://www.wikidata.org/entity/Q126528008
http://www.wikidata.org/entity/Q126478503,http://www.wikidata.org/prop/direct/P1343,http://www.wikidata.org/entity/Q126540348
http://www.wikidata.org/entity/Q126478503,http://www.wikidata.org/prop/direct/P1343,http://www.wikidata.org/entity/Q126875543
http://www.wikidata.org/entity/Q126478503,http://www.wikidata.org/prop/direct/P1343,http://www.wikidata.org/entity/Q130284129
http://www.wikidata.org/entity/Q126478503,http://www.wikidata.org/prop/direct/P1343,http://www.wikidata.org/entity/Q130308814
http://www.wikidata.org/entity/Q126478503,http://www.wikidata.org/prop/direct/P1343,http://www.wikidata.org/entity/Q130486611
http://www.wikidata.org/entity/Q126478503,http://www.wikidata.org/prop/direct/P1343,http://www.wikidata.org/entity/Q132817615
http://www.wikidata.org/entity/Q126478503,http://www.wikidata.org/prop/direct/P4057,KK034-035----
http://www.wikidata.org/entity/Q126478503,http://www.wikidata.org/prop/direct/P11693,8522349432
http://www.wikidata.org/entity/Q126478549,http://www.wikidata.org/prop/direct/P17,http://www.wikidata.org/entity/Q27
http://www.wikidata.org/entity/Q126478549,http://www.wikidata.org/prop/direct/P18,http://commons.wikimedia.org/wiki/Special:FilePath/Crowleys%27%20Field%20with%20spring%20enclosure.jpg
http://www.wikidata.org/entity/Q126478549,http://www.wikidata.org/prop/direct/P18,http://commons.wikimedia.org/wiki/Special:FilePath/Crokes%20Well.jpg
http://www.wikidata.org/entity/Q126486539,http://www.wikidata.org/prop/direct/P6375,"""In the same enclosure as the ruin above mentioned [church ruin] is a holy well (now closed in) called St. Rosentha's Well"""
http://www.wikidata.org/entity/Q126486675,http://www.wikidata.org/prop/direct/P17,http://www.wikidata.org/entity/Q27
http://www.wikidata.org/entity/Q126486675,http://www.wikidata.org/prop/direct/P31,http://www.wikidata.org/entity/Q43483
http://www.wikidata.org/entity/Q126486675,http://www.wikidata.org/prop/direct/P31,http://www.wikidata.org/entity/Q1371047
http://www.wikidata.org/entity/Q126486675,http://www.wikidata.org/prop/direct/P31,http://www.wikidata.org/entity/Q126443332
http://www.wikidata.org/entity/Q126486675,http://www.wikidata.org/prop/direct/P131,http://www.wikidata.org/entity/Q180231
http://www.wikidata.org/entity/Q126486675,http://www.wikidata.org/prop/direct/P131,http://www.wikidata.org/entity/Q60557179
http://www.wikidata.org/entity/Q126486675,http://www.wikidata.org/prop/direct/P131,http://www.wikidata.org/entity/Q104264439
http://www.wikidata.org/entity/Q126486675,http://www.wikidata.org/prop/direct/P138,http://www.wikidata.org/entity/Q380356
http://www.wikidata.org/entity/Q126486675,http://www.wikidata.org/prop/direct/P195,http://www.wikidata.org/entity/Q126875543
http://www.wikidata.org/entity/Q126486675,http://www.wikidata.org/prop/direct/P217,22
http://www.wikidata.org/entity/Q126486675,http://www.wikidata.org/prop/direct/P217,KHW2-4
http://www.wikidata.org/entity/Q126486675,http://www.wikidata.org/prop/direct/P625,Point(-7.5059687 52.6522946)
http://www.wikidata.org/entity/Q126486675,http://www.wikidata.org/prop/direct/P1343,http://www.wikidata.org/entity/Q126374601
http://www.wikidata.org/entity/Q126486675,http://www.wikidata.org/prop/direct/P1343,http://www.wikidata.org/entity/Q126393245
http://www.wikidata.org/entity/Q126486675,http://www.wikidata.org/prop/direct/P1343,http://www.wikidata.org/entity/Q126540348
http://www.wikidata.org/entity/Q126486675,http://www.wikidata.org/prop/direct/P1343,http://www.wikidata.org/entity/Q126555558
http://www.wikidata.org/entity/Q126486675,http://www.wikidata.org/prop/direct/P1343,http://www.wikidata.org/entity/Q126875543
http://www.wikidata.org/entity/Q126486675,http://www.wikidata.org/prop/direct/P1343,http://www.wikidata.org/entity/Q130284129
http://www.wikidata.org/entity/Q126486675,http://www.wikidata.org/prop/direct/P1343,http://www.wikidata.org/entity/Q132817615
http://www.wikidata.org/entity/Q126486675,http://www.wikidata.org/prop/direct/P11693,8538848183
http://www.wikidata.org/entity/Q126487120,http://www.wikidata.org/prop/direct/P10,http://commons.wikimedia.org/wiki/Special:FilePath/Jenkinstown%20St%20Colman%27s%20Well.webm
http://www.wikidata.org/entity/Q126487120,http://www.wikidata.org/prop/direct/P17,http://www.wikidata.org/entity/Q27
http://www.wikidata.org/entity/Q126487120,http://www.wikidata.org/prop/direct/P18,http://commons.wikimedia.org/wiki/Special:FilePath/St%20Colman%27s%20Well.jpg
http://www.wikidata.org/entity/Q126487120,http://www.wikidata.org/prop/direct/P31,http://www.wikidata.org/entity/Q1371047
http://www.wikidata.org/entity/Q126487120,http://www.wikidata.org/prop/direct/P31,http://www.wikidata.org/entity/Q126443332
http://www.wikidata.org/entity/Q126487120,http://www.wikidata.org/prop/direct/P131,http://www.wikidata.org/entity/Q180231
http://www.wikidata.org/entity/Q126487120,http://www.wikidata.org/prop/direct/P131,http://www.wikidata.org/entity/Q60555894
http://www.wikidata.org/entity/Q126487120,http://www.wikidata.org/prop/direct/P131,http://www.wikidata.org/entity/Q104265230
http://www.wikidata.org/entity/Q126487120,http://www.wikidata.org/prop/direct/P138,http://www.wikidata.org/entity/Q1110134
http://www.wikidata.org/entity/Q126487120,http://www.wikidata.org/prop/direct/P138,http://www.wikidata.org/entity/Q130549605
http://www.wikidata.org/entity/Q126487120,http://www.wikidata.org/prop/direct/P195,http://www.wikidata.org/entity/Q132817615
http://www.wikidata.org/entity/Q126487120,http://www.wikidata.org/prop/direct/P217,KHW2-3
http://www.wikidata.org/entity/Q126487120,http://www.wikidata.org/prop/direct/P373,"Saint Colman's Well, Jenkinstown Park"
http://www.wikidata.org/entity/Q126487120,http://www.wikidata.org/prop/direct/P625,Point(-7.2869104 52.7352502)
http://www.wikidata.org/entity/Q126487120,http://www.wikidata.org/prop/direct/P708,http://www.wikidata.org/entity/Q873607
http://www.wikidata.org/entity/Q126487120,http://www.wikidata.org/prop/direct/P1325,https://sketchfab.com/3d-models/jenkinstown-st-colmans-well-low-poly-6ae5988530c648aea73cfc09663954a0
http://www.wikidata.org/entity/Q126487120,http://www.wikidata.org/prop/direct/P1325,https://panoramax.openstreetmap.fr/#s=fp;s2;p162d7b2e-b846-4dd7-8ae7-883a49458a74;c29.11/-15.47/0;m18.15/52.735253/-7.287152;te;vd;bs
http://www.wikidata.org/entity/Q126487120,http://www.wikidata.org/prop/direct/P1343,http://www.wikidata.org/entity/Q132817615
http://www.wikidata.org/entity/Q126487120,http://www.wikidata.org/prop/direct/P1651,IwGiQVWd7ko
http://www.wikidata.org/entity/Q126487430,http://www.wikidata.org/prop/direct/P17,http://www.wikidata.org/entity/Q27
http://www.wikidata.org/entity/Q126487430,http://www.wikidata.org/prop/direct/P18,http://commons.wikimedia.org/wiki/Special:FilePath/St%20Molings%20well%20Listerlin%2001.jpg
http://www.wikidata.org/entity/Q126487430,http://www.wikidata.org/prop/direct/P31,http://www.wikidata.org/entity/Q124714
http://www.wikidata.org/entity/Q126487430,http://www.wikidata.org/prop/direct/P31,http://www.wikidata.org/entity/Q1004210
http://www.wikidata.org/entity/Q126487430,http://www.wikidata.org/prop/direct/P31,http://www.wikidata.org/entity/Q1371047
http://www.wikidata.org/entity/Q126487430,http://www.wikidata.org/prop/direct/P31,http://www.wikidata.org/entity/Q126443332
http://www.wikidata.org/entity/Q126487430,http://www.wikidata.org/prop/direct/P131,http://www.wikidata.org/entity/Q180231
http://www.wikidata.org/entity/Q126487430,http://www.wikidata.org/prop/direct/P131,http://www.wikidata.org/entity/Q20624137
http://www.wikidata.org/entity/Q126487430,http://www.wikidata.org/prop/direct/P131,http://www.wikidata.org/entity/Q60555755
http://www.wikidata.org/entity/Q126487430,http://www.wikidata.org/prop/direct/P131,http://www.wikidata.org/entity/Q104264337
http://www.wikidata.org/entity/Q126487430,http://www.wikidata.org/prop/direct/P138,http://www.wikidata.org/entity/Q4300418
http://www.wikidata.org/entity/Q126487430,http://www.wikidata.org/prop/direct/P195,http://www.wikidata.org/entity/Q126875543
http://www.wikidata.org/entity/Q126487430,http://www.wikidata.org/prop/direct/P195,http://www.wikidata.org/entity/Q132817615
http://www.wikidata.org/entity/Q126487430,http://www.wikidata.org/prop/direct/P217,133
http://www.wikidata.org/entity/Q126487430,http://www.wikidata.org/prop/direct/P217,KHW144
http://www.wikidata.org/entity/Q126487430,http://www.wikidata.org/prop/direct/P373,"Saint Moling's Well, Listerlin"
http://www.wikidata.org/entity/Q126487430,http://www.wikidata.org/prop/direct/P625,Point(-7.0564867 52.4072876)
http://www.wikidata.org/entity/Q126487430,http://www.wikidata.org/prop/direct/P708,http://www.wikidata.org/entity/Q873607
http://www.wikidata.org/entity/Q126487430,http://www.wikidata.org/prop/direct/P1325,https://sketchfab.com/3d-models/listerlin-st-molings-well-5abe3269d11b453f96fbd7fb5ae07499/
http://www.wikidata.org/entity/Q126487430,http://www.wikidata.org/prop/direct/P1325,https://panoramax.openstreetmap.fr/#s=fp;s2;pc4bc3525-c735-45a0-b432-1879b6d02cce;c0.00/0.00/30;m17/52.407308/-7.056367;bs
http://www.wikidata.org/entity/Q126487430,http://www.wikidata.org/prop/direct/P1343,http://www.wikidata.org/entity/Q130294561
http://www.wikidata.org/entity/Q126487430,http://www.wikidata.org/prop/direct/P1343,http://www.wikidata.org/entity/Q132817615
http://www.wikidata.org/entity/Q126487430,http://www.wikidata.org/prop/direct/P4057,KK036-048001-
http://www.wikidata.org/entity/Q126487430,http://www.wikidata.org/prop/direct/P11693,8512090888
http://www.wikidata.org/entity/Q126489046,http://www.wikidata.org/prop/direct/P10,http://commons.wikimedia.org/wiki/Special:FilePath/The%20Spout%20Ballinvarry.webm
http://www.wikidata.org/entity/Q126489046,http://www.wikidata.org/prop/direct/P17,http://www.wikidata.org/entity/Q27
http://www.wikidata.org/entity/Q126489046,http://www.wikidata.org/prop/direct/P18,http://commons.wikimedia.org/wiki/Special:FilePath/The%20Spout.jpg
http://www.wikidata.org/entity/Q126489046,http://www.wikidata.org/prop/direct/P31,http://www.wikidata.org/entity/Q1371047
http://www.wikidata.org/entity/Q126489046,http://www.wikidata.org/prop/direct/P31,http://www.wikidata.org/entity/Q126443332
http://www.wikidata.org/entity/Q126489046,http://www.wikidata.org/prop/direct/P131,http://www.wikidata.org/entity/Q180231
http://www.wikidata.org/entity/Q126489046,http://www.wikidata.org/prop/direct/P131,http://www.wikidata.org/entity/Q60557099
http://www.wikidata.org/entity/Q126489046,http://www.wikidata.org/prop/direct/P138,http://www.wikidata.org/entity/Q4300418
http://www.wikidata.org/entity/Q126489046,http://www.wikidata.org/prop/direct/P138,http://www.wikidata.org/entity/Q107194475
http://www.wikidata.org/entity/Q126489046,http://www.wikidata.org/prop/direct/P195,http://www.wikidata.org/entity/Q132817615
http://www.wikidata.org/entity/Q126489046,http://www.wikidata.org/prop/direct/P217,KHW2-10
http://www.wikidata.org/entity/Q126448724,http://www.wikidata.org/prop/direct/P373,"Tobermurry, Clomantagh"
http://www.wikidata.org/entity/Q126448724,http://www.wikidata.org/prop/direct/P625,Point(-7.4730101 52.7209032)
http://www.wikidata.org/entity/Q126448724,http://www.wikidata.org/prop/direct/P708,http://www.wikidata.org/entity/Q873607
http://www.wikidata.org/entity/Q126448724,http://www.wikidata.org/prop/direct/P1325,https://sketchfab.com/3d-models/clomantagh-tobermurry-02fd47554c604a6b8665eea1bc00f9fd
http://www.wikidata.org/entity/Q126448724,http://www.wikidata.org/prop/direct/P1343,http://www.wikidata.org/entity/Q116166792
http://www.wikidata.org/entity/Q126448724,http://www.wikidata.org/prop/direct/P1343,http://www.wikidata.org/entity/Q120966194
http://www.wikidata.org/entity/Q126448724,http://www.wikidata.org/prop/direct/P1343,http://www.wikidata.org/entity/Q126374601
http://www.wikidata.org/entity/Q126448724,http://www.wikidata.org/prop/direct/P1343,http://www.wikidata.org/entity/Q126474972
http://www.wikidata.org/entity/Q126448724,http://www.wikidata.org/prop/direct/P1343,http://www.wikidata.org/entity/Q126528008
http://www.wikidata.org/entity/Q126448724,http://www.wikidata.org/prop/direct/P1343,http://www.wikidata.org/entity/Q126540348
http://www.wikidata.org/entity/Q126448724,http://www.wikidata.org/prop/direct/P1343,http://www.wikidata.org/entity/Q126875543
http://www.wikidata.org/entity/Q126448724,http://www.wikidata.org/prop/direct/P1343,http://www.wikidata.org/entity/Q128304583
http://www.wikidata.org/entity/Q126448724,http://www.wikidata.org/prop/direct/P1343,http://www.wikidata.org/entity/Q130284129
http://www.wikidata.org/entity/Q126448724,http://www.wikidata.org/prop/direct/P1343,http://www.wikidata.org/entity/Q130308814
http://www.wikidata.org/entity/Q126448724,http://www.wikidata.org/prop/direct/P1343,http://www.wikidata.org/entity/Q132817615
http://www.wikidata.org/entity/Q126448724,http://www.wikidata.org/prop/direct/P4057,KK013-006----
http://www.wikidata.org/entity/Q126448724,http://www.wikidata.org/prop/direct/P11693,8517818852
http://www.wikidata.org/entity/Q126449613,http://www.wikidata.org/prop/direct/P17,http://www.wikidata.org/entity/Q27
http://www.wikidata.org/entity/Q126449613,http://www.wikidata.org/prop/direct/P31,http://www.wikidata.org/entity/Q1371047
http://www.wikidata.org/entity/Q126449613,http://www.wikidata.org/prop/direct/P31,http://www.wikidata.org/entity/Q126443332
http://www.wikidata.org/entity/Q126449613,http://www.wikidata.org/prop/direct/P131,http://www.wikidata.org/entity/Q180231
http://www.wikidata.org/entity/Q126449613,http://www.wikidata.org/prop/direct/P131,http://www.wikidata.org/entity/Q60553832
http://www.wikidata.org/entity/Q126449613,http://www.wikidata.org/prop/direct/P138,http://www.wikidata.org/entity/Q1133742
http://www.wikidata.org/entity/Q126449613,http://www.wikidata.org/prop/direct/P195,http://www.wikidata.org/entity/Q126875543
http://www.wikidata.org/entity/Q126449613,http://www.wikidata.org/prop/direct/P195,http://www.wikidata.org/entity/Q132817615
http://www.wikidata.org/entity/Q126449613,http://www.wikidata.org/prop/direct/P217,48
http://www.wikidata.org/entity/Q126449613,http://www.wikidata.org/prop/direct/P217,KHW008
http://www.wikidata.org/entity/Q126449613,http://www.wikidata.org/prop/direct/P625,Point(-7.286839 52.3058113)
http://www.wikidata.org/entity/Q126449613,http://www.wikidata.org/prop/direct/P708,http://www.wikidata.org/entity/Q873607
http://www.wikidata.org/entity/Q126449613,http://www.wikidata.org/prop/direct/P1343,http://www.wikidata.org/entity/Q120966194
http://www.wikidata.org/entity/Q126449613,http://www.wikidata.org/prop/direct/P1343,http://www.wikidata.org/entity/Q126374601
http://www.wikidata.org/entity/Q126449613,http://www.wikidata.org/prop/direct/P1343,http://www.wikidata.org/entity/Q126393245
http://www.wikidata.org/entity/Q126449613,http://www.wikidata.org/prop/direct/P1343,http://www.wikidata.org/entity/Q126456421
http://www.wikidata.org/entity/Q126449613,http://www.wikidata.org/prop/direct/P1343,http://www.wikidata.org/entity/Q126474972
http://www.wikidata.org/entity/Q126449613,http://www.wikidata.org/prop/direct/P1343,http://www.wikidata.org/entity/Q126528008
http://www.wikidata.org/entity/Q126449613,http://www.wikidata.org/prop/direct/P1343,http://www.wikidata.org/entity/Q126540348
http://www.wikidata.org/entity/Q126449613,http://www.wikidata.org/prop/direct/P1343,http://www.wikidata.org/entity/Q126875543
http://www.wikidata.org/entity/Q126449613,http://www.wikidata.org/prop/direct/P1343,http://www.wikidata.org/entity/Q129088050
http://www.wikidata.org/entity/Q126449613,http://www.wikidata.org/prop/direct/P1343,http://www.wikidata.org/entity/Q130284129
http://www.wikidata.org/entity/Q126449613,http://www.wikidata.org/prop/direct/P1343,http://www.wikidata.org/entity/Q130308814
http://www.wikidata.org/entity/Q126449613,http://www.wikidata.org/prop/direct/P1343,http://www.wikidata.org/entity/Q132817615
http://www.wikidata.org/entity/Q126449613,http://www.wikidata.org/prop/direct/P4057,KK042-007----
http://www.wikidata.org/entity/Q126449613,http://www.wikidata.org/prop/direct/P11693,8519066080
http://www.wikidata.org/entity/Q126645328,http://www.wikidata.org/prop/direct/P1343,http://www.wikidata.org/entity/Q126374601
http://www.wikidata.org/entity/Q126645328,http://www.wikidata.org/prop/direct/P1343,http://www.wikidata.org/entity/Q126875543
http://www.wikidata.org/entity/Q126645328,http://www.wikidata.org/prop/direct/P1343,http://www.wikidata.org/entity/Q132817615
http://www.wikidata.org/entity/Q126646306,http://www.wikidata.org/prop/direct/P17,http://www.wikidata.org/entity/Q27
http://www.wikidata.org/entity/Q126646306,http://www.wikidata.org/prop/direct/P31,http://www.wikidata.org/entity/Q1371047
http://www.wikidata.org/entity/Q126646306,http://www.wikidata.org/prop/direct/P31,http://www.wikidata.org/entity/Q126443332
http://www.wikidata.org/entity/Q126646306,http://www.wikidata.org/prop/direct/P131,http://www.wikidata.org/entity/Q180231
http://www.wikidata.org/entity/Q126646306,http://www.wikidata.org/prop/direct/P131,http://www.wikidata.org/entity/Q60557215
http://www.wikidata.org/entity/Q126646306,http://www.wikidata.org/prop/direct/P138,http://www.wikidata.org/entity/Q345
http://www.wikidata.org/entity/Q126646306,http://www.wikidata.org/prop/direct/P195,http://www.wikidata.org/entity/Q126875543
http://www.wikidata.org/entity/Q126646306,http://www.wikidata.org/prop/direct/P195,http://www.wikidata.org/entity/Q132817615
http://www.wikidata.org/entity/Q126646306,http://www.wikidata.org/prop/direct/P217,182
http://www.wikidata.org/entity/Q126646306,http://www.wikidata.org/prop/direct/P217,KHW124
http://www.wikidata.org/entity/Q126646306,http://www.wikidata.org/prop/direct/P625,Point(-15.817314 46.488181)
http://www.wikidata.org/entity/Q126646306,http://www.wikidata.org/prop/direct/P625,Point(-7.5844502 52.712537)
http://www.wikidata.org/entity/Q126646306,http://www.wikidata.org/prop/direct/P708,http://www.wikidata.org/entity/Q873607
http://www.wikidata.org/entity/Q126646306,http://www.wikidata.org/prop/direct/P1343,http://www.wikidata.org/entity/Q116166792
http://www.wikidata.org/entity/Q126646306,http://www.wikidata.org/prop/direct/P1343,http://www.wikidata.org/entity/Q126374601
http://www.wikidata.org/entity/Q126646306,http://www.wikidata.org/prop/direct/P1343,http://www.wikidata.org/entity/Q126528008
http://www.wikidata.org/entity/Q126646306,http://www.wikidata.org/prop/direct/P1343,http://www.wikidata.org/entity/Q126875543
http://www.wikidata.org/entity/Q126646306,http://www.wikidata.org/prop/direct/P1343,http://www.wikidata.org/entity/Q130308814
http://www.wikidata.org/entity/Q126646306,http://www.wikidata.org/prop/direct/P1343,http://www.wikidata.org/entity/Q132817615
http://www.wikidata.org/entity/Q126646306,http://www.wikidata.org/prop/direct/P4057,KK012-100----
http://www.wikidata.org/entity/Q126646306,http://www.wikidata.org/prop/direct/P6375,by the side of the Tóchar (causeway) road towards the Tipperary border
http://www.wikidata.org/entity/Q126647640,http://www.wikidata.org/prop/direct/P17,http://www.wikidata.org/entity/Q27
http://www.wikidata.org/entity/Q126647640,http://www.wikidata.org/prop/direct/P31,http://www.wikidata.org/entity/Q1371047
http://www.wikidata.org/entity/Q126647640,http://www.wikidata.org/prop/direct/P31,http://www.wikidata.org/entity/Q126443332
http://www.wikidata.org/entity/Q126647640,http://www.wikidata.org/prop/direct/P131,http://www.wikidata.org/entity/Q180231
http://www.wikidata.org/entity/Q126647640,http://www.wikidata.org/prop/direct/P131,http://www.wikidata.org/entity/Q60554288
http://www.wikidata.org/entity/Q126647640,http://www.wikidata.org/prop/direct/P131,http://www.wikidata.org/entity/Q104265132
http://www.wikidata.org/entity/Q126647640,http://www.wikidata.org/prop/direct/P138,http://www.wikidata.org/entity/Q107257053
http://www.wikidata.org/entity/Q126647640,http://www.wikidata.org/prop/direct/P195,http://www.wikidata.org/entity/Q132817615
http://www.wikidata.org/entity/Q126647640,http://www.wikidata.org/prop/direct/P217,KHW2-7
http://www.wikidata.org/entity/Q126647640,http://www.wikidata.org/prop/direct/P708,http://www.wikidata.org/entity/Q873607
http://www.wikidata.org/entity/Q126647640,http://www.wikidata.org/prop/direct/P841,http://www.wikidata.org/entity/Q133454946
http://www.wikidata.org/entity/Q126647640,http://www.wikidata.org/prop/direct/P1343,http://www.wikidata.org/entity/Q126374601
http://www.wikidata.org/entity/Q126647640,http://www.wikidata.org/prop/direct/P1343,http://www.wikidata.org/entity/Q132817615
http://www.wikidata.org/entity/Q126647640,http://www.wikidata.org/prop/direct/P1343,http://www.wikidata.org/entity/Q133385130
http://www.wikidata.org/entity/Q122307327,http://www.wikidata.org/prop/direct/P131,http://www.wikidata.org/entity/Q60553893
http://www.wikidata.org/entity/Q122307327,http://www.wikidata.org/prop/direct/P195,http://www.wikidata.org/entity/Q126875543
http://www.wikidata.org/entity/Q122307327,http://www.wikidata.org/prop/direct/P195,http://www.wikidata.org/entity/Q132817615
http://www.wikidata.org/entity/Q122307327,http://www.wikidata.org/prop/direct/P217,55
http://www.wikidata.org/entity/Q122307327,http://www.wikidata.org/prop/direct/P217,KHW097
http://www.wikidata.org/entity/Q122307327,http://www.wikidata.org/prop/direct/P373,"St. Monchin’s Well, Coolcashin"
http://www.wikidata.org/entity/Q122307327,http://www.wikidata.org/prop/direct/P625,Point(-7.4661385 52.7712689)
http://www.wikidata.org/entity/Q122307327,http://www.wikidata.org/prop/direct/P708,http://www.wikidata.org/entity/Q873607
http://www.wikidata.org/entity/Q122307327,http://www.wikidata.org/prop/direct/P1325,https://sketchfab.com/3d-models/coolcashin-holy-well-0b9871be582942e7a0339ca1f02ff70d
http://www.wikidata.org/entity/Q122307327,http://www.wikidata.org/prop/direct/P1343,http://www.wikidata.org/entity/Q126875543
http://www.wikidata.org/entity/Q122307327,http://www.wikidata.org/prop/direct/P2186,IE-KK-0328
http://www.wikidata.org/entity/Q122307327,http://www.wikidata.org/prop/direct/P4057,KK009-019007-
http://www.wikidata.org/entity/Q122307327,http://www.wikidata.org/prop/direct/P6375,"""twenty yards west of [the chuch]"" (OS Letters)"
http://www.wikidata.org/entity/Q122307327,http://www.wikidata.org/prop/direct/P11693,6551627967
http://www.wikidata.org/entity/Q122307353,http://www.wikidata.org/prop/direct/P10,http://commons.wikimedia.org/wiki/Special:FilePath/Stonecarthy%20Saint%20Kieran%27s%20well.webm
http://www.wikidata.org/entity/Q122307353,http://www.wikidata.org/prop/direct/P17,http://www.wikidata.org/entity/Q27
http://www.wikidata.org/entity/Q122307353,http://www.wikidata.org/prop/direct/P18,http://commons.wikimedia.org/wiki/Special:FilePath/Saint%20Kieran%27s%20Well.jpg
http://www.wikidata.org/entity/Q122307353,http://www.wikidata.org/prop/direct/P31,http://www.wikidata.org/entity/Q1371047
http://www.wikidata.org/entity/Q122307353,http://www.wikidata.org/prop/direct/P31,http://www.wikidata.org/entity/Q126443332
http://www.wikidata.org/entity/Q122307353,http://www.wikidata.org/prop/direct/P131,http://www.wikidata.org/entity/Q180231
http://www.wikidata.org/entity/Q122307353,http://www.wikidata.org/prop/direct/P138,http://www.wikidata.org/entity/Q2280421
http://www.wikidata.org/entity/Q122307353,http://www.wikidata.org/prop/direct/P195,http://www.wikidata.org/entity/Q126875543
http://www.wikidata.org/entity/Q122307353,http://www.wikidata.org/prop/direct/P195,http://www.wikidata.org/entity/Q132817615
http://www.wikidata.org/entity/Q122307353,http://www.wikidata.org/prop/direct/P217,167
http://www.wikidata.org/entity/Q122307353,http://www.wikidata.org/prop/direct/P217,KHW040
http://www.wikidata.org/entity/Q122307353,http://www.wikidata.org/prop/direct/P373,"Saint Kieran's Well, Stonecarthy West"
http://www.wikidata.org/entity/Q122307353,http://www.wikidata.org/prop/direct/P625,Point(-7.2376 52.524191)
http://www.wikidata.org/entity/Q122307353,http://www.wikidata.org/prop/direct/P708,http://www.wikidata.org/entity/Q873607
http://www.wikidata.org/entity/Q122307353,http://www.wikidata.org/prop/direct/P1343,http://www.wikidata.org/entity/Q120966194
http://www.wikidata.org/entity/Q122307353,http://www.wikidata.org/prop/direct/P1343,http://www.wikidata.org/entity/Q126374601
http://www.wikidata.org/entity/Q122307353,http://www.wikidata.org/prop/direct/P1343,http://www.wikidata.org/entity/Q126474972
http://www.wikidata.org/entity/Q122307353,http://www.wikidata.org/prop/direct/P1343,http://www.wikidata.org/entity/Q126528008
http://www.wikidata.org/entity/Q122307353,http://www.wikidata.org/prop/direct/P1343,http://www.wikidata.org/entity/Q126540348
http://www.wikidata.org/entity/Q122307353,http://www.wikidata.org/prop/direct/P1343,http://www.wikidata.org/entity/Q126875543
http://www.wikidata.org/entity/Q122307353,http://www.wikidata.org/prop/direct/P1343,http://www.wikidata.org/entity/Q127619817
http://www.wikidata.org/entity/Q122307353,http://www.wikidata.org/prop/direct/P1343,http://www.wikidata.org/entity/Q130284129
http://www.wikidata.org/entity/Q122307353,http://www.wikidata.org/prop/direct/P1343,http://www.wikidata.org/entity/Q132817615
http://www.wikidata.org/entity/Q122307353,http://www.wikidata.org/prop/direct/P1651,B6CSGieeHpY
http://www.wikidata.org/entity/Q122307353,http://www.wikidata.org/prop/direct/P2186,IE-KK-0329
http://www.wikidata.org/entity/Q122307353,http://www.wikidata.org/prop/direct/P4057,KK027-045----
http://www.wikidata.org/entity/Q122307353,http://www.wikidata.org/prop/direct/P11693,6499760794
http://www.wikidata.org/entity/Q122189562,http://www.wikidata.org/prop/direct/P10,http://commons.wikimedia.org/wiki/Special:FilePath/Callan%20Saint%20Augustine%27s%20Well%20new.webm
http://www.wikidata.org/entity/Q122189562,http://www.wikidata.org/prop/direct/P17,http://www.wikidata.org/entity/Q27
http://www.wikidata.org/entity/Q122189562,http://www.wikidata.org/prop/direct/P18,http://commons.wikimedia.org/wiki/Special:FilePath/County%20Kilkenny%20-%20Saint%20Augustine%27s%20Well%20-%2020230902133128.jpg
http://www.wikidata.org/entity/Q122189562,http://www.wikidata.org/prop/direct/P31,http://www.wikidata.org/entity/Q124714
http://www.wikidata.org/entity/Q122189562,http://www.wikidata.org/prop/direct/P31,http://www.wikidata.org/entity/Q811979
http://www.wikidata.org/entity/Q122189562,http://www.wikidata.org/prop/direct/P31,http://www.wikidata.org/entity/Q1371047
http://www.wikidata.org/entity/Q122189562,http://www.wikidata.org/prop/direct/P31,http://www.wikidata.org/entity/Q126443332
http://www.wikidata.org/entity/Q122189562,http://www.wikidata.org/prop/direct/P131,http://www.wikidata.org/entity/Q180231
http://www.wikidata.org/entity/Q122189562,http://www.wikidata.org/prop/direct/P131,http://www.wikidata.org/entity/Q60553663
http://www.wikidata.org/entity/Q122189562,http://www.wikidata.org/prop/direct/P138,http://www.wikidata.org/entity/Q8018
http://www.wikidata.org/entity/Q122189562,http://www.wikidata.org/prop/direct/P195,http://www.wikidata.org/entity/Q126875543
http://www.wikidata.org/entity/Q122189562,http://www.wikidata.org/prop/direct/P195,http://www.wikidata.org/entity/Q132817615
http://www.wikidata.org/entity/Q122189562,http://www.wikidata.org/prop/direct/P217,31
http://www.wikidata.org/entity/Q122189562,http://www.wikidata.org/prop/direct/P217,KHW058
http://www.wikidata.org/entity/Q122189562,http://www.wikidata.org/prop/direct/P373,"Saint Augustine's Well, Callan"
http://www.wikidata.org/entity/Q122189562,http://www.wikidata.org/prop/direct/P625,Point(-7.38765 52.54522)
http://www.wikidata.org/entity/Q122189562,http://www.wikidata.org/prop/direct/P708,http://www.wikidata.org/entity/Q873607
http://www.wikidata.org/entity/Q122189562,http://www.wikidata.org/prop/direct/P973,"http://www.megalithicireland.com/Callan%20Holy%20Well,%20Kilkenny.html"
http://www.wikidata.org/entity/Q122189562,http://www.wikidata.org/prop/direct/P1325,https://sketchfab.com/3d-models/callan-st-augustines-well-low-poly-9feacac0fda14a189a1a59d2e129b1e4
http://www.wikidata.org/entity/Q122189562,http://www.wikidata.org/prop/direct/P1343,http://www.wikidata.org/entity/Q94928901
http://www.wikidata.org/entity/Q122189562,http://www.wikidata.org/prop/direct/P1343,http://www.wikidata.org/entity/Q120966194
http://www.wikidata.org/entity/Q122189562,http://www.wikidata.org/prop/direct/P1343,http://www.wikidata.org/entity/Q126374601
http://www.wikidata.org/entity/Q122189562,http://www.wikidata.org/prop/direct/P1343,http://www.wikidata.org/entity/Q126393245
http://www.wikidata.org/entity/Q122189562,http://www.wikidata.org/prop/direct/P1343,http://www.wikidata.org/entity/Q126528008
http://www.wikidata.org/entity/Q122189562,http://www.wikidata.org/prop/direct/P1343,http://www.wikidata.org/entity/Q126540348
http://www.wikidata.org/entity/Q122189562,http://www.wikidata.org/prop/direct/P1343,http://www.wikidata.org/entity/Q126555558
http://www.wikidata.org/entity/Q122189562,http://www.wikidata.org/prop/direct/P1343,http://www.wikidata.org/entity/Q126685288
http://www.wikidata.org/entity/Q122189562,http://www.wikidata.org/prop/direct/P1343,http://www.wikidata.org/entity/Q126871352
http://www.wikidata.org/entity/Q122189562,http://www.wikidata.org/prop/direct/P1343,http://www.wikidata.org/entity/Q126875543
http://www.wikidata.org/entity/Q122189562,http://www.wikidata.org/prop/direct/P1343,http://www.wikidata.org/entity/Q127278423
http://www.wikidata.org/entity/Q122189562,http://www.wikidata.org/prop/direct/P1343,http://www.wikidata.org/entity/Q128305997
http://www.wikidata.org/entity/Q122189562,http://www.wikidata.org/prop/direct/P1343,http://www.wikidata.org/entity/Q129907246
http://www.wikidata.org/entity/Q122189562,http://www.wikidata.org/prop/direct/P1343,http://www.wikidata.org/entity/Q130241076
http://www.wikidata.org/entity/Q122189562,http://www.wikidata.org/prop/direct/P1343,http://www.wikidata.org/entity/Q130284129
http://www.wikidata.org/entity/Q122189562,http://www.wikidata.org/prop/direct/P1343,http://www.wikidata.org/entity/Q132817615
http://www.wikidata.org/entity/Q122189562,http://www.wikidata.org/prop/direct/P1651,Ct4dss45s0Y
http://www.wikidata.org/entity/Q122189562,http://www.wikidata.org/prop/direct/P2186,IE-KK-0258
http://www.wikidata.org/entity/Q122189562,http://www.wikidata.org/prop/direct/P4057,KK026-010018-
http://www.wikidata.org/entity/Q122189562,http://www.wikidata.org/prop/direct/P5816,http://www.wikidata.org/entity/Q56557591
http://www.wikidata.org/entity/Q122189562,http://www.wikidata.org/prop/direct/P10689,698016313
http://www.wikidata.org/entity/Q126435825,http://www.wikidata.org/prop/direct/P10,http://commons.wikimedia.org/wiki/Special:FilePath/Aghaviller%20St%20Brendan%27s%20Well.webm
http://www.wikidata.org/entity/Q126435825,http://www.wikidata.org/prop/direct/P17,http://www.wikidata.org/entity/Q27
http://www.wikidata.org/entity/Q126435825,http://www.wikidata.org/prop/direct/P18,http://commons.wikimedia.org/wiki/Special:FilePath/Saint%20Brendan%27s%20Well.jpg
http://www.wikidata.org/entity/Q126435825,http://www.wikidata.org/prop/direct/P31,http://www.wikidata.org/entity/Q1371047
http://www.wikidata.org/entity/Q126435825,http://www.wikidata.org/prop/direct/P31,http://www.wikidata.org/entity/Q126443332
http://www.wikidata.org/entity/Q126435825,http://www.wikidata.org/prop/direct/P131,http://www.wikidata.org/entity/Q180231
http://www.wikidata.org/entity/Q126435825,http://www.wikidata.org/prop/direct/P131,http://www.wikidata.org/entity/Q60552531
http://www.wikidata.org/entity/Q126435825,http://www.wikidata.org/prop/direct/P138,http://www.wikidata.org/entity/Q250370
http://www.wikidata.org/entity/Q126435825,http://www.wikidata.org/prop/direct/P195,http://www.wikidata.org/entity/Q126875543
http://www.wikidata.org/entity/Q126435825,http://www.wikidata.org/prop/direct/P195,http://www.wikidata.org/entity/Q132817615
http://www.wikidata.org/entity/Q126435825,http://www.wikidata.org/prop/direct/P217,3
http://www.wikidata.org/entity/Q126435825,http://www.wikidata.org/prop/direct/P217,KHW039
http://www.wikidata.org/entity/Q126435825,http://www.wikidata.org/prop/direct/P373,"Saint Brendan's Well, Aghaviller"
http://www.wikidata.org/entity/Q126435825,http://www.wikidata.org/prop/direct/P625,Point(-7.2707298 52.4669135)
http://www.wikidata.org/entity/Q126435825,http://www.wikidata.org/prop/direct/P708,http://www.wikidata.org/entity/Q873607
http://www.wikidata.org/entity/Q126435825,http://www.wikidata.org/prop/direct/P973,https://www.irishstones.org/place.aspx?p=165&i=4
http://www.wikidata.org/entity/Q126435825,http://www.wikidata.org/prop/direct/P973,http://www.megalithicireland.com/Aghaviller%20Round%20Tower.html
http://www.wikidata.org/entity/Q126435825,http://www.wikidata.org/prop/direct/P1343,http://www.wikidata.org/entity/Q120966194
http://www.wikidata.org/entity/Q126435825,http://www.wikidata.org/prop/direct/P1343,http://www.wikidata.org/entity/Q126374601
http://www.wikidata.org/entity/Q126435825,http://www.wikidata.org/prop/direct/P1343,http://www.wikidata.org/entity/Q126393245
http://www.wikidata.org/entity/Q126435825,http://www.wikidata.org/prop/direct/P1343,http://www.wikidata.org/entity/Q126456421
http://www.wikidata.org/entity/Q126435825,http://www.wikidata.org/prop/direct/P1343,http://www.wikidata.org/entity/Q126528008
http://www.wikidata.org/entity/Q126435825,http://www.wikidata.org/prop/direct/P1343,http://www.wikidata.org/entity/Q126540348
http://www.wikidata.org/entity/Q126435825,http://www.wikidata.org/prop/direct/P1343,http://www.wikidata.org/entity/Q126555558
http://www.wikidata.org/entity/Q126435825,http://www.wikidata.org/prop/direct/P1343,http://www.wikidata.org/entity/Q126875543
http://www.wikidata.org/entity/Q126435825,http://www.wikidata.org/prop/direct/P1343,http://www.wikidata.org/entity/Q130284129
http://www.wikidata.org/entity/Q126435825,http://www.wikidata.org/prop/direct/P1343,http://www.wikidata.org/entity/Q132817615
http://www.wikidata.org/entity/Q126435825,http://www.wikidata.org/prop/direct/P1651,-GUwyEhKLco
http://www.wikidata.org/entity/Q126435825,http://www.wikidata.org/prop/direct/P4057,KK031-029----
http://www.wikidata.org/entity/Q126435825,http://www.wikidata.org/prop/direct/P11693,8526348855
http://www.wikidata.org/entity/Q126680965,http://www.wikidata.org/prop/direct/P17,http://www.wikidata.org/entity/Q27
http://www.wikidata.org/entity/Q126680965,http://www.wikidata.org/prop/direct/P31,http://www.wikidata.org/entity/Q1371047
http://www.wikidata.org/entity/Q126680965,http://www.wikidata.org/prop/direct/P31,http://www.wikidata.org/entity/Q126443332
http://www.wikidata.org/entity/Q126680965,http://www.wikidata.org/prop/direct/P131,http://www.wikidata.org/entity/Q180231
http://www.wikidata.org/entity/Q126680965,http://www.wikidata.org/prop/direct/P131,http://www.wikidata.org/entity/Q60557167
http://www.wikidata.org/entity/Q126680965,http://www.wikidata.org/prop/direct/P131,http://www.wikidata.org/entity/Q104264842
http://www.wikidata.org/entity/Q126680965,http://www.wikidata.org/prop/direct/P138,http://www.wikidata.org/entity/Q44269
http://www.wikidata.org/entity/Q126680965,http://www.wikidata.org/prop/direct/P195,http://www.wikidata.org/entity/Q126875543
http://www.wikidata.org/entity/Q126680965,http://www.wikidata.org/prop/direct/P195,http://www.wikidata.org/entity/Q132817615
http://www.wikidata.org/entity/Q126680965,http://www.wikidata.org/prop/direct/P217,96
http://www.wikidata.org/entity/Q126680965,http://www.wikidata.org/prop/direct/P217,KHW129
http://www.wikidata.org/entity/Q126680965,http://www.wikidata.org/prop/direct/P625,Point(-7.3795768 52.6031725)
http://www.wikidata.org/entity/Q126680965,http://www.wikidata.org/prop/direct/P708,http://www.wikidata.org/entity/Q873607
http://www.wikidata.org/entity/Q126680965,http://www.wikidata.org/prop/direct/P1343,http://www.wikidata.org/entity/Q126374601
http://www.wikidata.org/entity/Q126680965,http://www.wikidata.org/prop/direct/P1343,http://www.wikidata.org/entity/Q126393245
http://www.wikidata.org/entity/Q126680965,http://www.wikidata.org/prop/direct/P1343,http://www.wikidata.org/entity/Q126454465
http://www.wikidata.org/entity/Q126680965,http://www.wikidata.org/prop/direct/P1343,http://www.wikidata.org/entity/Q126875543
http://www.wikidata.org/entity/Q126680965,http://www.wikidata.org/prop/direct/P1343,http://www.wikidata.org/entity/Q130308814
http://www.wikidata.org/entity/Q126680965,http://www.wikidata.org/prop/direct/P1343,http://www.wikidata.org/entity/Q130458689
http://www.wikidata.org/entity/Q126680965,http://www.wikidata.org/prop/direct/P1343,http://www.wikidata.org/entity/Q132817615
http://www.wikidata.org/entity/Q126680965,http://www.wikidata.org/prop/direct/P4057,KK022-042----
http://www.wikidata.org/entity/Q126680965,http://www.wikidata.org/prop/direct/P6375,"""west of the church"""
http://www.wikidata.org/entity/Q126680965,http://www.wikidata.org/prop/direct/P6375,just west of the ancient Kyleballykeefe church
http://www.wikidata.org/entity/Q126681001,http://www.wikidata.org/prop/direct/P17,http://www.wikidata.org/entity/Q27
http://www.wikidata.org/entity/Q126681001,http://www.wikidata.org/prop/direct/P31,http://www.wikidata.org/entity/Q1004210
http://www.wikidata.org/entity/Q126681001,http://www.wikidata.org/prop/direct/P31,http://www.wikidata.org/entity/Q1371047
http://www.wikidata.org/entity/Q126681001,http://www.wikidata.org/prop/direct/P31,http://www.wikidata.org/entity/Q126443332
http://www.wikidata.org/entity/Q126681001,http://www.wikidata.org/prop/direct/P110,http://www.wikidata.org/entity/Q130265942
http://www.wikidata.org/entity/Q126681001,http://www.wikidata.org/prop/direct/P131,http://www.wikidata.org/entity/Q180231
http://www.wikidata.org/entity/Q126681001,http://www.wikidata.org/prop/direct/P131,http://www.wikidata.org/entity/Q104266227
http://www.wikidata.org/entity/Q126681001,http://www.wikidata.org/prop/direct/P138,http://www.wikidata.org/entity/Q165479
http://www.wikidata.org/entity/Q126681001,http://www.wikidata.org/prop/direct/P195,http://www.wikidata.org/entity/Q126875543
http://www.wikidata.org/entity/Q126681001,http://www.wikidata.org/prop/direct/P195,http://www.wikidata.org/entity/Q132817615
http://www.wikidata.org/entity/Q126681001,http://www.wikidata.org/prop/direct/P217,58
http://www.wikidata.org/entity/Q126681001,http://www.wikidata.org/prop/direct/P217,KHW2-15
http://www.wikidata.org/entity/Q126681001,http://www.wikidata.org/prop/direct/P625,Point(-7.0683171 52.3178311)
http://www.wikidata.org/entity/Q126454685,http://www.wikidata.org/prop/direct/P17,http://www.wikidata.org/entity/Q27
http://www.wikidata.org/entity/Q126454685,http://www.wikidata.org/prop/direct/P31,http://www.wikidata.org/entity/Q1371047
http://www.wikidata.org/entity/Q126454685,http://www.wikidata.org/prop/direct/P31,http://www.wikidata.org/entity/Q10713454
http://www.wikidata.org/entity/Q126454685,http://www.wikidata.org/prop/direct/P31,http://www.wikidata.org/entity/Q126443332
http://www.wikidata.org/entity/Q126454685,http://www.wikidata.org/prop/direct/P131,http://www.wikidata.org/entity/Q180231
http://www.wikidata.org/entity/Q126454685,http://www.wikidata.org/prop/direct/P131,http://www.wikidata.org/entity/Q60554237
http://www.wikidata.org/entity/Q126454685,http://www.wikidata.org/prop/direct/P131,http://www.wikidata.org/entity/Q104264375
http://www.wikidata.org/entity/Q126454685,http://www.wikidata.org/prop/direct/P138,http://www.wikidata.org/entity/Q42603
http://www.wikidata.org/entity/Q126454685,http://www.wikidata.org/prop/direct/P195,http://www.wikidata.org/entity/Q126875543
http://www.wikidata.org/entity/Q126454685,http://www.wikidata.org/prop/direct/P195,http://www.wikidata.org/entity/Q132817615
http://www.wikidata.org/entity/Q126454685,http://www.wikidata.org/prop/direct/P217,18
http://www.wikidata.org/entity/Q126454685,http://www.wikidata.org/prop/direct/P217,KHW087
http://www.wikidata.org/entity/Q126454685,http://www.wikidata.org/prop/direct/P625,Point(-7.587655 52.788088)
http://www.wikidata.org/entity/Q126454685,http://www.wikidata.org/prop/direct/P708,http://www.wikidata.org/entity/Q873607
http://www.wikidata.org/entity/Q126454685,http://www.wikidata.org/prop/direct/P1343,http://www.wikidata.org/entity/Q120966194
http://www.wikidata.org/entity/Q126454685,http://www.wikidata.org/prop/direct/P1343,http://www.wikidata.org/entity/Q126374601
http://www.wikidata.org/entity/Q126454685,http://www.wikidata.org/prop/direct/P1343,http://www.wikidata.org/entity/Q126528008
http://www.wikidata.org/entity/Q126454685,http://www.wikidata.org/prop/direct/P1343,http://www.wikidata.org/entity/Q126875543
http://www.wikidata.org/entity/Q126454685,http://www.wikidata.org/prop/direct/P1343,http://www.wikidata.org/entity/Q132817615
http://www.wikidata.org/entity/Q126454685,http://www.wikidata.org/prop/direct/P4057,KK008-013----
http://www.wikidata.org/entity/Q126454685,http://www.wikidata.org/prop/direct/P5817,http://www.wikidata.org/entity/Q63065035
http://www.wikidata.org/entity/Q126454692,http://www.wikidata.org/prop/direct/P17,http://www.wikidata.org/entity/Q27
http://www.wikidata.org/entity/Q126454692,http://www.wikidata.org/prop/direct/P31,http://www.wikidata.org/entity/Q1371047
http://www.wikidata.org/entity/Q126454692,http://www.wikidata.org/prop/direct/P31,http://www.wikidata.org/entity/Q126443332
http://www.wikidata.org/entity/Q126454692,http://www.wikidata.org/prop/direct/P131,http://www.wikidata.org/entity/Q180231
http://www.wikidata.org/entity/Q126454692,http://www.wikidata.org/prop/direct/P131,http://www.wikidata.org/entity/Q60554237
http://www.wikidata.org/entity/Q126454692,http://www.wikidata.org/prop/direct/P131,http://www.wikidata.org/entity/Q104264360
http://www.wikidata.org/entity/Q126454692,http://www.wikidata.org/prop/direct/P138,http://www.wikidata.org/entity/Q345
http://www.wikidata.org/entity/Q126454692,http://www.wikidata.org/prop/direct/P138,http://www.wikidata.org/entity/Q45581
http://www.wikidata.org/entity/Q126454692,http://www.wikidata.org/prop/direct/P195,http://www.wikidata.org/entity/Q126875543
http://www.wikidata.org/entity/Q126454692,http://www.wikidata.org/prop/direct/P195,http://www.wikidata.org/entity/Q132817615
http://www.wikidata.org/entity/Q126454692,http://www.wikidata.org/prop/direct/P217,21
http://www.wikidata.org/entity/Q126454692,http://www.wikidata.org/prop/direct/P217,KHW088
http://www.wikidata.org/entity/Q126454692,http://www.wikidata.org/prop/direct/P625,Point(-7.6178959 52.7784911)
http://www.wikidata.org/entity/Q126489046,http://www.wikidata.org/prop/direct/P373,"The Spout, Ballinvarry"
http://www.wikidata.org/entity/Q126489046,http://www.wikidata.org/prop/direct/P625,Point(-6.9438284 52.4894269)
http://www.wikidata.org/entity/Q126489046,http://www.wikidata.org/prop/direct/P708,http://www.wikidata.org/entity/Q873607
http://www.wikidata.org/entity/Q126489046,http://www.wikidata.org/prop/direct/P1343,http://www.wikidata.org/entity/Q126393245
http://www.wikidata.org/entity/Q126489046,http://www.wikidata.org/prop/direct/P1343,http://www.wikidata.org/entity/Q126528008
http://www.wikidata.org/entity/Q126489046,http://www.wikidata.org/prop/direct/P1343,http://www.wikidata.org/entity/Q132817615
http://www.wikidata.org/entity/Q126489046,http://www.wikidata.org/prop/direct/P1651,DiRjs8tRopg
http://www.wikidata.org/entity/Q126489046,http://www.wikidata.org/prop/direct/P6375,beside the main road to Graignamanagh
http://www.wikidata.org/entity/Q126489046,http://www.wikidata.org/prop/direct/P6375,opposite the view point
http://www.wikidata.org/entity/Q126489046,http://www.wikidata.org/prop/direct/P11693,12083506839
http://www.wikidata.org/entity/Q126489560,http://www.wikidata.org/prop/direct/P17,http://www.wikidata.org/entity/Q27
http://www.wikidata.org/entity/Q126489560,http://www.wikidata.org/prop/direct/P18,http://commons.wikimedia.org/wiki/Special:FilePath/Carrigan%20Kieran%27s%20Well.png
http://www.wikidata.org/entity/Q126489560,http://www.wikidata.org/prop/direct/P31,http://www.wikidata.org/entity/Q1371047
http://www.wikidata.org/entity/Q126489560,http://www.wikidata.org/prop/direct/P31,http://www.wikidata.org/entity/Q126443332
http://www.wikidata.org/entity/Q126489560,http://www.wikidata.org/prop/direct/P131,http://www.wikidata.org/entity/Q180231
http://www.wikidata.org/entity/Q126489560,http://www.wikidata.org/prop/direct/P131,http://www.wikidata.org/entity/Q126689104
http://www.wikidata.org/entity/Q126489560,http://www.wikidata.org/prop/direct/P138,http://www.wikidata.org/entity/Q2280421
http://www.wikidata.org/entity/Q126489560,http://www.wikidata.org/prop/direct/P195,http://www.wikidata.org/entity/Q126875543
http://www.wikidata.org/entity/Q126489560,http://www.wikidata.org/prop/direct/P195,http://www.wikidata.org/entity/Q132817615
http://www.wikidata.org/entity/Q126489560,http://www.wikidata.org/prop/direct/P217,77
http://www.wikidata.org/entity/Q126489560,http://www.wikidata.org/prop/direct/P217,KHW113
http://www.wikidata.org/entity/Q126489560,http://www.wikidata.org/prop/direct/P373,"Saint Kieran's Well, Kilkenny"
http://www.wikidata.org/entity/Q126489560,http://www.wikidata.org/prop/direct/P625,Point(-7.2531512 52.6533144)
http://www.wikidata.org/entity/Q126489560,http://www.wikidata.org/prop/direct/P708,http://www.wikidata.org/entity/Q873607
http://www.wikidata.org/entity/Q126489560,http://www.wikidata.org/prop/direct/P973,https://kilkennyarchaeologicalsociety.ie/reputed-holy-wells-of-the-city-of-kilkenny/
http://www.wikidata.org/entity/Q126489560,http://www.wikidata.org/prop/direct/P1343,http://www.wikidata.org/entity/Q128034982
http://www.wikidata.org/entity/Q126489560,http://www.wikidata.org/prop/direct/P1343,http://www.wikidata.org/entity/Q130362725
http://www.wikidata.org/entity/Q126489560,http://www.wikidata.org/prop/direct/P6375,"Market Yard, St. Mary's"
http://www.wikidata.org/entity/Q126489560,http://www.wikidata.org/prop/direct/P11693,12059554024
http://www.wikidata.org/entity/Q126876178,http://www.wikidata.org/prop/direct/P17,http://www.wikidata.org/entity/Q27
http://www.wikidata.org/entity/Q126876178,http://www.wikidata.org/prop/direct/P31,http://www.wikidata.org/entity/Q124714
http://www.wikidata.org/entity/Q126876178,http://www.wikidata.org/prop/direct/P31,http://www.wikidata.org/entity/Q1371047
http://www.wikidata.org/entity/Q126876178,http://www.wikidata.org/prop/direct/P31,http://www.wikidata.org/entity/Q126443332
http://www.wikidata.org/entity/Q126876178,http://www.wikidata.org/prop/direct/P131,http://www.wikidata.org/entity/Q180231
http://www.wikidata.org/entity/Q126876178,http://www.wikidata.org/prop/direct/P131,http://www.wikidata.org/entity/Q104265699
http://www.wikidata.org/entity/Q126876178,http://www.wikidata.org/prop/direct/P195,http://www.wikidata.org/entity/Q126875543
http://www.wikidata.org/entity/Q126876178,http://www.wikidata.org/prop/direct/P195,http://www.wikidata.org/entity/Q132817615
http://www.wikidata.org/entity/Q126876178,http://www.wikidata.org/prop/direct/P217,4
http://www.wikidata.org/entity/Q126876178,http://www.wikidata.org/prop/direct/P217,KHW2-13
http://www.wikidata.org/entity/Q126876178,http://www.wikidata.org/prop/direct/P625,Point(-7.2109428 52.881009)
http://www.wikidata.org/entity/Q126876178,http://www.wikidata.org/prop/direct/P708,http://www.wikidata.org/entity/Q873607
http://www.wikidata.org/entity/Q126876178,http://www.wikidata.org/prop/direct/P1343,http://www.wikidata.org/entity/Q116166792
http://www.wikidata.org/entity/Q126876178,http://www.wikidata.org/prop/direct/P1343,http://www.wikidata.org/entity/Q126393245
http://www.wikidata.org/entity/Q126876178,http://www.wikidata.org/prop/direct/P1343,http://www.wikidata.org/entity/Q126540348
http://www.wikidata.org/entity/Q126876178,http://www.wikidata.org/prop/direct/P1343,http://www.wikidata.org/entity/Q126555558
http://www.wikidata.org/entity/Q126876178,http://www.wikidata.org/prop/direct/P1343,http://www.wikidata.org/entity/Q126875543
http://www.wikidata.org/entity/Q126876178,http://www.wikidata.org/prop/direct/P1343,http://www.wikidata.org/entity/Q132817615
http://www.wikidata.org/entity/Q126876178,http://www.wikidata.org/prop/direct/P6375,"""on the land of J. Bradley"" (Schools' Collection)"
http://www.wikidata.org/entity/Q126878516,http://www.wikidata.org/prop/direct/P17,http://www.wikidata.org/entity/Q27
http://www.wikidata.org/entity/Q126878516,http://www.wikidata.org/prop/direct/P31,http://www.wikidata.org/entity/Q1371047
http://www.wikidata.org/entity/Q126878516,http://www.wikidata.org/prop/direct/P31,http://www.wikidata.org/entity/Q126443332
http://www.wikidata.org/entity/Q126878516,http://www.wikidata.org/prop/direct/P131,http://www.wikidata.org/entity/Q180231
http://www.wikidata.org/entity/Q126878516,http://www.wikidata.org/prop/direct/P131,http://www.wikidata.org/entity/Q59419933
http://www.wikidata.org/entity/Q126878516,http://www.wikidata.org/prop/direct/P131,http://www.wikidata.org/entity/Q60553962
http://www.wikidata.org/entity/Q126878516,http://www.wikidata.org/prop/direct/P138,http://www.wikidata.org/entity/Q45581
http://www.wikidata.org/entity/Q126878516,http://www.wikidata.org/prop/direct/P195,http://www.wikidata.org/entity/Q126875543
http://www.wikidata.org/entity/Q126878516,http://www.wikidata.org/prop/direct/P195,http://www.wikidata.org/entity/Q132817615
http://www.wikidata.org/entity/Q126878516,http://www.wikidata.org/prop/direct/P217,12
http://www.wikidata.org/entity/Q126878516,http://www.wikidata.org/prop/direct/P217,KHW135
http://www.wikidata.org/entity/Q126878516,http://www.wikidata.org/prop/direct/P625,Point(-7.243734 52.566101)
http://www.wikidata.org/entity/Q126878516,http://www.wikidata.org/prop/direct/P708,http://www.wikidata.org/entity/Q873607
http://www.wikidata.org/entity/Q126878516,http://www.wikidata.org/prop/direct/P1343,http://www.wikidata.org/entity/Q126374601
http://www.wikidata.org/entity/Q126878516,http://www.wikidata.org/prop/direct/P1343,http://www.wikidata.org/entity/Q126875543
http://www.wikidata.org/entity/Q126878516,http://www.wikidata.org/prop/direct/P1343,http://www.wikidata.org/entity/Q132817615
http://www.wikidata.org/entity/Q126878516,http://www.wikidata.org/prop/direct/P4057,KK023-103----
http://www.wikidata.org/entity/Q126878516,http://www.wikidata.org/prop/direct/P6375,"""at the end of Ballyda Lane"""
http://www.wikidata.org/entity/Q126448411,http://www.wikidata.org/prop/direct/P18,http://commons.wikimedia.org/wiki/Special:FilePath/St%20Colman%E2%80%99s%20Well.jpg
http://www.wikidata.org/entity/Q126448411,http://www.wikidata.org/prop/direct/P31,http://www.wikidata.org/entity/Q43483
http://www.wikidata.org/entity/Q126448411,http://www.wikidata.org/prop/direct/P31,http://www.wikidata.org/entity/Q1371047
http://www.wikidata.org/entity/Q126448411,http://www.wikidata.org/prop/direct/P31,http://www.wikidata.org/entity/Q126443332
http://www.wikidata.org/entity/Q126448411,http://www.wikidata.org/prop/direct/P131,http://www.wikidata.org/entity/Q180231
http://www.wikidata.org/entity/Q126448411,http://www.wikidata.org/prop/direct/P138,http://www.wikidata.org/entity/Q2697141
http://www.wikidata.org/entity/Q126448411,http://www.wikidata.org/prop/direct/P138,http://www.wikidata.org/entity/Q107257053
http://www.wikidata.org/entity/Q126448411,http://www.wikidata.org/prop/direct/P195,http://www.wikidata.org/entity/Q126875543
http://www.wikidata.org/entity/Q126448411,http://www.wikidata.org/prop/direct/P195,http://www.wikidata.org/entity/Q132817615
http://www.wikidata.org/entity/Q126448411,http://www.wikidata.org/prop/direct/P217,42
http://www.wikidata.org/entity/Q126448411,http://www.wikidata.org/prop/direct/P217,KHW042
http://www.wikidata.org/entity/Q126448411,http://www.wikidata.org/prop/direct/P373,"Saint Colman's Well, Churchclara"
http://www.wikidata.org/entity/Q126448411,http://www.wikidata.org/prop/direct/P625,Point(-7.1468339 52.6560583)
http://www.wikidata.org/entity/Q126448411,http://www.wikidata.org/prop/direct/P708,http://www.wikidata.org/entity/Q873607
http://www.wikidata.org/entity/Q126448411,http://www.wikidata.org/prop/direct/P973,https://visionsofthepastblog.com/2022/11/25/churchclara-church-kilkenny-ireland/
http://www.wikidata.org/entity/Q126448411,http://www.wikidata.org/prop/direct/P1325,https://sketchfab.com/3d-models/churchclara-st-colmans-well-cfa7c6ef4e0c42758d330f80bd30cdbc
http://www.wikidata.org/entity/Q126448411,http://www.wikidata.org/prop/direct/P1343,http://www.wikidata.org/entity/Q116690389
http://www.wikidata.org/entity/Q126448411,http://www.wikidata.org/prop/direct/P1343,http://www.wikidata.org/entity/Q120966194
http://www.wikidata.org/entity/Q126448411,http://www.wikidata.org/prop/direct/P1343,http://www.wikidata.org/entity/Q126374601
http://www.wikidata.org/entity/Q126448411,http://www.wikidata.org/prop/direct/P1343,http://www.wikidata.org/entity/Q126393245
http://www.wikidata.org/entity/Q126448411,http://www.wikidata.org/prop/direct/P1343,http://www.wikidata.org/entity/Q126454465
http://www.wikidata.org/entity/Q126448411,http://www.wikidata.org/prop/direct/P1343,http://www.wikidata.org/entity/Q126528008
http://www.wikidata.org/entity/Q126448411,http://www.wikidata.org/prop/direct/P1343,http://www.wikidata.org/entity/Q126875543
http://www.wikidata.org/entity/Q126448411,http://www.wikidata.org/prop/direct/P1343,http://www.wikidata.org/entity/Q127619817
http://www.wikidata.org/entity/Q126448411,http://www.wikidata.org/prop/direct/P1343,http://www.wikidata.org/entity/Q129836610
http://www.wikidata.org/entity/Q126448411,http://www.wikidata.org/prop/direct/P1343,http://www.wikidata.org/entity/Q130284129
http://www.wikidata.org/entity/Q126448411,http://www.wikidata.org/prop/direct/P1343,http://www.wikidata.org/entity/Q130308814
http://www.wikidata.org/entity/Q126448411,http://www.wikidata.org/prop/direct/P1343,http://www.wikidata.org/entity/Q130378225
http://www.wikidata.org/entity/Q126448411,http://www.wikidata.org/prop/direct/P1343,http://www.wikidata.org/entity/Q132817615
http://www.wikidata.org/entity/Q126448411,http://www.wikidata.org/prop/direct/P4057,KK020-017006-
http://www.wikidata.org/entity/Q126448411,http://www.wikidata.org/prop/direct/P6375,a few perches North of the Church
http://www.wikidata.org/entity/Q126448411,http://www.wikidata.org/prop/direct/P11693,8481126001
http://www.wikidata.org/entity/Q126448724,http://www.wikidata.org/prop/direct/P17,http://www.wikidata.org/entity/Q27
http://www.wikidata.org/entity/Q126448724,http://www.wikidata.org/prop/direct/P18,http://commons.wikimedia.org/wiki/Special:FilePath/Our%20Lady%27s%20Well.jpg
http://www.wikidata.org/entity/Q126448724,http://www.wikidata.org/prop/direct/P31,http://www.wikidata.org/entity/Q124714
http://www.wikidata.org/entity/Q126448724,http://www.wikidata.org/prop/direct/P31,http://www.wikidata.org/entity/Q446013
http://www.wikidata.org/entity/Q126448724,http://www.wikidata.org/prop/direct/P31,http://www.wikidata.org/entity/Q1371047
http://www.wikidata.org/entity/Q126448724,http://www.wikidata.org/prop/direct/P31,http://www.wikidata.org/entity/Q126443332
http://www.wikidata.org/entity/Q126448724,http://www.wikidata.org/prop/direct/P131,http://www.wikidata.org/entity/Q180231
http://www.wikidata.org/entity/Q126448724,http://www.wikidata.org/prop/direct/P131,http://www.wikidata.org/entity/Q60553771
http://www.wikidata.org/entity/Q126448724,http://www.wikidata.org/prop/direct/P131,http://www.wikidata.org/entity/Q104264478
http://www.wikidata.org/entity/Q126448724,http://www.wikidata.org/prop/direct/P138,http://www.wikidata.org/entity/Q345
http://www.wikidata.org/entity/Q126448724,http://www.wikidata.org/prop/direct/P195,http://www.wikidata.org/entity/Q126875543
http://www.wikidata.org/entity/Q126448724,http://www.wikidata.org/prop/direct/P195,http://www.wikidata.org/entity/Q132817615
http://www.wikidata.org/entity/Q126448724,http://www.wikidata.org/prop/direct/P217,45
http://www.wikidata.org/entity/Q126448724,http://www.wikidata.org/prop/direct/P217,KHW091
http://www.wikidata.org/entity/Q126685062,http://www.wikidata.org/prop/direct/P373,"Lacken Well, Kilkenny"
http://www.wikidata.org/entity/Q126685062,http://www.wikidata.org/prop/direct/P625,Point(-7.23905 52.65153)
http://www.wikidata.org/entity/Q126685062,http://www.wikidata.org/prop/direct/P708,http://www.wikidata.org/entity/Q873607
http://www.wikidata.org/entity/Q126685062,http://www.wikidata.org/prop/direct/P973,https://new.keepkilkennybeautiful.com/?tag=lacken
http://www.wikidata.org/entity/Q126685062,http://www.wikidata.org/prop/direct/P973,https://www.kilkennypeople.ie/news/local-news/727710/mayor-calls-for-review-of-kilkenny-citys-wells.html
http://www.wikidata.org/entity/Q126685062,http://www.wikidata.org/prop/direct/P1343,http://www.wikidata.org/entity/Q126393245
http://www.wikidata.org/entity/Q126685062,http://www.wikidata.org/prop/direct/P1343,http://www.wikidata.org/entity/Q126540348
http://www.wikidata.org/entity/Q126685062,http://www.wikidata.org/prop/direct/P1343,http://www.wikidata.org/entity/Q127524368
http://www.wikidata.org/entity/Q126685062,http://www.wikidata.org/prop/direct/P1343,http://www.wikidata.org/entity/Q128033900
http://www.wikidata.org/entity/Q126685062,http://www.wikidata.org/prop/direct/P1343,http://www.wikidata.org/entity/Q129421697
http://www.wikidata.org/entity/Q126685062,http://www.wikidata.org/prop/direct/P1343,http://www.wikidata.org/entity/Q132817615
http://www.wikidata.org/entity/Q126685062,http://www.wikidata.org/prop/direct/P1343,http://www.wikidata.org/entity/Q133575033
http://www.wikidata.org/entity/Q126685062,http://www.wikidata.org/prop/direct/P1651,4JPYRMSQ0lM
http://www.wikidata.org/entity/Q126685062,http://www.wikidata.org/prop/direct/P11693,5343898432
http://www.wikidata.org/entity/Q126685172,http://www.wikidata.org/prop/direct/P17,http://www.wikidata.org/entity/Q27
http://www.wikidata.org/entity/Q126685172,http://www.wikidata.org/prop/direct/P31,http://www.wikidata.org/entity/Q43483
http://www.wikidata.org/entity/Q126685172,http://www.wikidata.org/prop/direct/P31,http://www.wikidata.org/entity/Q1371047
http://www.wikidata.org/entity/Q126685172,http://www.wikidata.org/prop/direct/P31,http://www.wikidata.org/entity/Q126443332
http://www.wikidata.org/entity/Q126685172,http://www.wikidata.org/prop/direct/P131,http://www.wikidata.org/entity/Q180231
http://www.wikidata.org/entity/Q126685172,http://www.wikidata.org/prop/direct/P131,http://www.wikidata.org/entity/Q60554348
http://www.wikidata.org/entity/Q126685172,http://www.wikidata.org/prop/direct/P131,http://www.wikidata.org/entity/Q104264390
http://www.wikidata.org/entity/Q126685172,http://www.wikidata.org/prop/direct/P138,http://www.wikidata.org/entity/Q2280421
http://www.wikidata.org/entity/Q126685172,http://www.wikidata.org/prop/direct/P195,http://www.wikidata.org/entity/Q126875543
http://www.wikidata.org/entity/Q126685172,http://www.wikidata.org/prop/direct/P195,http://www.wikidata.org/entity/Q132817615
http://www.wikidata.org/entity/Q126685172,http://www.wikidata.org/prop/direct/P217,88
http://www.wikidata.org/entity/Q126685172,http://www.wikidata.org/prop/direct/P217,KHW120
http://www.wikidata.org/entity/Q126685172,http://www.wikidata.org/prop/direct/P708,http://www.wikidata.org/entity/Q873607
http://www.wikidata.org/entity/Q126685172,http://www.wikidata.org/prop/direct/P1343,http://www.wikidata.org/entity/Q116166792
http://www.wikidata.org/entity/Q126685172,http://www.wikidata.org/prop/direct/P1343,http://www.wikidata.org/entity/Q126374601
http://www.wikidata.org/entity/Q126685172,http://www.wikidata.org/prop/direct/P1343,http://www.wikidata.org/entity/Q126393245
http://www.wikidata.org/entity/Q126685172,http://www.wikidata.org/prop/direct/P1343,http://www.wikidata.org/entity/Q126456421
http://www.wikidata.org/entity/Q126685172,http://www.wikidata.org/prop/direct/P1343,http://www.wikidata.org/entity/Q126474972
http://www.wikidata.org/entity/Q126685172,http://www.wikidata.org/prop/direct/P1343,http://www.wikidata.org/entity/Q126871352
http://www.wikidata.org/entity/Q126685172,http://www.wikidata.org/prop/direct/P1343,http://www.wikidata.org/entity/Q126875543
http://www.wikidata.org/entity/Q126685172,http://www.wikidata.org/prop/direct/P1343,http://www.wikidata.org/entity/Q129998019
http://www.wikidata.org/entity/Q126685172,http://www.wikidata.org/prop/direct/P1343,http://www.wikidata.org/entity/Q132817615
http://www.wikidata.org/entity/Q126685172,http://www.wikidata.org/prop/direct/P4057,KK008-047008-
http://www.wikidata.org/entity/Q126685172,http://www.wikidata.org/prop/direct/P6375,north of the Round Tower
http://www.wikidata.org/entity/Q126454380,http://www.wikidata.org/prop/direct/P17,http://www.wikidata.org/entity/Q27
http://www.wikidata.org/entity/Q126454380,http://www.wikidata.org/prop/direct/P18,http://commons.wikimedia.org/wiki/Special:FilePath/Alleged%20location%20of%20St%20Mary%27s%20Well.jpg
http://www.wikidata.org/entity/Q126454380,http://www.wikidata.org/prop/direct/P18,http://commons.wikimedia.org/wiki/Special:FilePath/Probable%20location%20of%20St%20Mary%27s%20Well.jpg
http://www.wikidata.org/entity/Q126454380,http://www.wikidata.org/prop/direct/P31,http://www.wikidata.org/entity/Q1371047
http://www.wikidata.org/entity/Q126454380,http://www.wikidata.org/prop/direct/P31,http://www.wikidata.org/entity/Q126443332
http://www.wikidata.org/entity/Q126454380,http://www.wikidata.org/prop/direct/P131,http://www.wikidata.org/entity/Q180231
http://www.wikidata.org/entity/Q126454380,http://www.wikidata.org/prop/direct/P131,http://www.wikidata.org/entity/Q60553891
http://www.wikidata.org/entity/Q126454380,http://www.wikidata.org/prop/direct/P138,http://www.wikidata.org/entity/Q345
http://www.wikidata.org/entity/Q126454380,http://www.wikidata.org/prop/direct/P195,http://www.wikidata.org/entity/Q126875543
http://www.wikidata.org/entity/Q126454380,http://www.wikidata.org/prop/direct/P195,http://www.wikidata.org/entity/Q132817615
http://www.wikidata.org/entity/Q126454380,http://www.wikidata.org/prop/direct/P217,KHW038
http://www.wikidata.org/entity/Q126454380,http://www.wikidata.org/prop/direct/P373,"Site of Saint Mary's Well, Coolaghmore"
http://www.wikidata.org/entity/Q126454380,http://www.wikidata.org/prop/direct/P625,Point(-7.384327 52.501843)
http://www.wikidata.org/entity/Q126454380,http://www.wikidata.org/prop/direct/P625,Point(-7.3833865 52.5009047)
http://www.wikidata.org/entity/Q126454380,http://www.wikidata.org/prop/direct/P708,http://www.wikidata.org/entity/Q873607
http://www.wikidata.org/entity/Q126454380,http://www.wikidata.org/prop/direct/P1343,http://www.wikidata.org/entity/Q120966194
http://www.wikidata.org/entity/Q126454380,http://www.wikidata.org/prop/direct/P1343,http://www.wikidata.org/entity/Q129907246
http://www.wikidata.org/entity/Q126454380,http://www.wikidata.org/prop/direct/P1343,http://www.wikidata.org/entity/Q129907831
http://www.wikidata.org/entity/Q126454380,http://www.wikidata.org/prop/direct/P1343,http://www.wikidata.org/entity/Q130284129
http://www.wikidata.org/entity/Q126454380,http://www.wikidata.org/prop/direct/P1343,http://www.wikidata.org/entity/Q132817615
http://www.wikidata.org/entity/Q126454380,http://www.wikidata.org/prop/direct/P4057,KK030-004008-
http://www.wikidata.org/entity/Q126454393,http://www.wikidata.org/prop/direct/P17,http://www.wikidata.org/entity/Q27
http://www.wikidata.org/entity/Q126454393,http://www.wikidata.org/prop/direct/P31,http://www.wikidata.org/entity/Q1371047
http://www.wikidata.org/entity/Q126454393,http://www.wikidata.org/prop/direct/P31,http://www.wikidata.org/entity/Q126443332
http://www.wikidata.org/entity/Q126454393,http://www.wikidata.org/prop/direct/P131,http://www.wikidata.org/entity/Q180231
http://www.wikidata.org/entity/Q126454393,http://www.wikidata.org/prop/direct/P131,http://www.wikidata.org/entity/Q60554020
http://www.wikidata.org/entity/Q126454393,http://www.wikidata.org/prop/direct/P138,http://www.wikidata.org/entity/Q622223
http://www.wikidata.org/entity/Q126454393,http://www.wikidata.org/prop/direct/P195,http://www.wikidata.org/entity/Q126875543
http://www.wikidata.org/entity/Q126454393,http://www.wikidata.org/prop/direct/P195,http://www.wikidata.org/entity/Q132817615
http://www.wikidata.org/entity/Q126454393,http://www.wikidata.org/prop/direct/P217,68
http://www.wikidata.org/entity/Q126454393,http://www.wikidata.org/prop/direct/P217,KHW103
http://www.wikidata.org/entity/Q126454393,http://www.wikidata.org/prop/direct/P625,Point(-7.308869 52.795375)
http://www.wikidata.org/entity/Q126454393,http://www.wikidata.org/prop/direct/P708,http://www.wikidata.org/entity/Q873607
http://www.wikidata.org/entity/Q126454393,http://www.wikidata.org/prop/direct/P1343,http://www.wikidata.org/entity/Q116166792
http://www.wikidata.org/entity/Q126454393,http://www.wikidata.org/prop/direct/P1343,http://www.wikidata.org/entity/Q120966194
http://www.wikidata.org/entity/Q126454393,http://www.wikidata.org/prop/direct/P1343,http://www.wikidata.org/entity/Q126374601
http://www.wikidata.org/entity/Q126454393,http://www.wikidata.org/prop/direct/P1343,http://www.wikidata.org/entity/Q126393245
http://www.wikidata.org/entity/Q126454393,http://www.wikidata.org/prop/direct/P1343,http://www.wikidata.org/entity/Q126875543
http://www.wikidata.org/entity/Q126454393,http://www.wikidata.org/prop/direct/P1343,http://www.wikidata.org/entity/Q128306212
http://www.wikidata.org/entity/Q126454393,http://www.wikidata.org/prop/direct/P1343,http://www.wikidata.org/entity/Q129333352
http://www.wikidata.org/entity/Q126454393,http://www.wikidata.org/prop/direct/P1343,http://www.wikidata.org/entity/Q130284129
http://www.wikidata.org/entity/Q126648035,http://www.wikidata.org/prop/direct/P17,http://www.wikidata.org/entity/Q27
http://www.wikidata.org/entity/Q126648035,http://www.wikidata.org/prop/direct/P31,http://www.wikidata.org/entity/Q1371047
http://www.wikidata.org/entity/Q126648035,http://www.wikidata.org/prop/direct/P31,http://www.wikidata.org/entity/Q126443332
http://www.wikidata.org/entity/Q126648035,http://www.wikidata.org/prop/direct/P131,http://www.wikidata.org/entity/Q180231
http://www.wikidata.org/entity/Q126648035,http://www.wikidata.org/prop/direct/P131,http://www.wikidata.org/entity/Q60552557
http://www.wikidata.org/entity/Q126648035,http://www.wikidata.org/prop/direct/P131,http://www.wikidata.org/entity/Q104265846
http://www.wikidata.org/entity/Q126648035,http://www.wikidata.org/prop/direct/P138,http://www.wikidata.org/entity/Q130535684
http://www.wikidata.org/entity/Q126648035,http://www.wikidata.org/prop/direct/P195,http://www.wikidata.org/entity/Q126875543
http://www.wikidata.org/entity/Q126648035,http://www.wikidata.org/prop/direct/P195,http://www.wikidata.org/entity/Q132817615
http://www.wikidata.org/entity/Q126648035,http://www.wikidata.org/prop/direct/P217,115
http://www.wikidata.org/entity/Q126648035,http://www.wikidata.org/prop/direct/P217,KHW158
http://www.wikidata.org/entity/Q126648035,http://www.wikidata.org/prop/direct/P625,Point(-7.144154 52.278003)
http://www.wikidata.org/entity/Q126648035,http://www.wikidata.org/prop/direct/P708,http://www.wikidata.org/entity/Q873607
http://www.wikidata.org/entity/Q126648035,http://www.wikidata.org/prop/direct/P841,http://www.wikidata.org/entity/Q2828
http://www.wikidata.org/entity/Q126648035,http://www.wikidata.org/prop/direct/P1343,http://www.wikidata.org/entity/Q126374601
http://www.wikidata.org/entity/Q126648035,http://www.wikidata.org/prop/direct/P1343,http://www.wikidata.org/entity/Q126875543
http://www.wikidata.org/entity/Q126648035,http://www.wikidata.org/prop/direct/P1343,http://www.wikidata.org/entity/Q130284129
http://www.wikidata.org/entity/Q126648035,http://www.wikidata.org/prop/direct/P1343,http://www.wikidata.org/entity/Q130486611
http://www.wikidata.org/entity/Q126648035,http://www.wikidata.org/prop/direct/P1343,http://www.wikidata.org/entity/Q132817615
http://www.wikidata.org/entity/Q126648035,http://www.wikidata.org/prop/direct/P4057,KK043-062----
http://www.wikidata.org/entity/Q126649228,http://www.wikidata.org/prop/direct/P10,http://commons.wikimedia.org/wiki/Special:FilePath/Garrynamann%20Lacken%20Well.webm
http://www.wikidata.org/entity/Q126649228,http://www.wikidata.org/prop/direct/P17,http://www.wikidata.org/entity/Q27
http://www.wikidata.org/entity/Q126649228,http://www.wikidata.org/prop/direct/P18,http://commons.wikimedia.org/wiki/Special:FilePath/Lacken%20Well%201%20-%20Kells%2C%20County%20Kilkenny%20-%20geograph.org.uk%20-%205259695.jpg
http://www.wikidata.org/entity/Q126649228,http://www.wikidata.org/prop/direct/P31,http://www.wikidata.org/entity/Q1371047
http://www.wikidata.org/entity/Q126649228,http://www.wikidata.org/prop/direct/P31,http://www.wikidata.org/entity/Q126443332
http://www.wikidata.org/entity/Q126649228,http://www.wikidata.org/prop/direct/P131,http://www.wikidata.org/entity/Q180231
http://www.wikidata.org/entity/Q126649228,http://www.wikidata.org/prop/direct/P131,http://www.wikidata.org/entity/Q30589034
http://www.wikidata.org/entity/Q126649228,http://www.wikidata.org/prop/direct/P131,http://www.wikidata.org/entity/Q104265348
http://www.wikidata.org/entity/Q126649228,http://www.wikidata.org/prop/direct/P373,"Lacken Well, Kells"
http://www.wikidata.org/entity/Q126649228,http://www.wikidata.org/prop/direct/P625,Point(-7.2775479 52.5438145)
http://www.wikidata.org/entity/Q126649228,http://www.wikidata.org/prop/direct/P708,http://www.wikidata.org/entity/Q873607
http://www.wikidata.org/entity/Q126649228,http://www.wikidata.org/prop/direct/P1325,https://sketchfab.com/3d-models/garrynamann-lower-lacken-well-d5beb9cc7adb4b248c1bb6c2ec542582
http://www.wikidata.org/entity/Q126649228,http://www.wikidata.org/prop/direct/P1343,http://www.wikidata.org/entity/Q126374601
http://www.wikidata.org/entity/Q126649228,http://www.wikidata.org/prop/direct/P1343,http://www.wikidata.org/entity/Q126393245
http://www.wikidata.org/entity/Q126649228,http://www.wikidata.org/prop/direct/P1343,http://www.wikidata.org/entity/Q126528008
http://www.wikidata.org/entity/Q126649228,http://www.wikidata.org/prop/direct/P1343,http://www.wikidata.org/entity/Q130284129
http://www.wikidata.org/entity/Q126649228,http://www.wikidata.org/prop/direct/P1651,yHAp0gbV8Xs
http://www.wikidata.org/entity/Q126649228,http://www.wikidata.org/prop/direct/P11693,9886802295
http://www.wikidata.org/entity/Q122307310,http://www.wikidata.org/prop/direct/P10,http://commons.wikimedia.org/wiki/Special:FilePath/Rathlogan%20Tobar%20na%20S%C3%BAl.webm
http://www.wikidata.org/entity/Q122307310,http://www.wikidata.org/prop/direct/P17,http://www.wikidata.org/entity/Q27
http://www.wikidata.org/entity/Q122307310,http://www.wikidata.org/prop/direct/P18,http://commons.wikimedia.org/wiki/Special:FilePath/Tobar%20na%20s%C3%BAl.jpg
http://www.wikidata.org/entity/Q122307310,http://www.wikidata.org/prop/direct/P18,http://commons.wikimedia.org/wiki/Special:FilePath/Access%20point%20into%20Tobar%20na%20s%C3%BAl.jpg
http://www.wikidata.org/entity/Q122307310,http://www.wikidata.org/prop/direct/P18,http://commons.wikimedia.org/wiki/Special:FilePath/Rag%20tree%20at%20Tobar%20na%20s%C3%BAl.jpg
http://www.wikidata.org/entity/Q122307310,http://www.wikidata.org/prop/direct/P31,http://www.wikidata.org/entity/Q1371047
http://www.wikidata.org/entity/Q122307310,http://www.wikidata.org/prop/direct/P31,http://www.wikidata.org/entity/Q126443332
http://www.wikidata.org/entity/Q122307310,http://www.wikidata.org/prop/direct/P131,http://www.wikidata.org/entity/Q180231
http://www.wikidata.org/entity/Q122307310,http://www.wikidata.org/prop/direct/P131,http://www.wikidata.org/entity/Q60553357
http://www.wikidata.org/entity/Q122307310,http://www.wikidata.org/prop/direct/P131,http://www.wikidata.org/entity/Q104264421
http://www.wikidata.org/entity/Q122307310,http://www.wikidata.org/prop/direct/P138,http://www.wikidata.org/entity/Q7364
http://www.wikidata.org/entity/Q122307310,http://www.wikidata.org/prop/direct/P195,http://www.wikidata.org/entity/Q126875543
http://www.wikidata.org/entity/Q122307310,http://www.wikidata.org/prop/direct/P195,http://www.wikidata.org/entity/Q132817615
http://www.wikidata.org/entity/Q122307310,http://www.wikidata.org/prop/direct/P217,84
http://www.wikidata.org/entity/Q122307310,http://www.wikidata.org/prop/direct/P217,KHW096
http://www.wikidata.org/entity/Q122307310,http://www.wikidata.org/prop/direct/P373,"Tobar na súl, Rathlogan"
http://www.wikidata.org/entity/Q122307310,http://www.wikidata.org/prop/direct/P625,Point(-7.5009061 52.77438)
http://www.wikidata.org/entity/Q122307310,http://www.wikidata.org/prop/direct/P708,http://www.wikidata.org/entity/Q873607
http://www.wikidata.org/entity/Q122307310,http://www.wikidata.org/prop/direct/P1343,http://www.wikidata.org/entity/Q116166792
http://www.wikidata.org/entity/Q122307310,http://www.wikidata.org/prop/direct/P1343,http://www.wikidata.org/entity/Q120966194
http://www.wikidata.org/entity/Q122307310,http://www.wikidata.org/prop/direct/P1343,http://www.wikidata.org/entity/Q126374601
http://www.wikidata.org/entity/Q122307310,http://www.wikidata.org/prop/direct/P1343,http://www.wikidata.org/entity/Q126393245
http://www.wikidata.org/entity/Q122307310,http://www.wikidata.org/prop/direct/P1343,http://www.wikidata.org/entity/Q126474972
http://www.wikidata.org/entity/Q122307310,http://www.wikidata.org/prop/direct/P1343,http://www.wikidata.org/entity/Q126875543
http://www.wikidata.org/entity/Q122307310,http://www.wikidata.org/prop/direct/P1343,http://www.wikidata.org/entity/Q127619817
http://www.wikidata.org/entity/Q122307310,http://www.wikidata.org/prop/direct/P1343,http://www.wikidata.org/entity/Q129333352
http://www.wikidata.org/entity/Q122307310,http://www.wikidata.org/prop/direct/P1343,http://www.wikidata.org/entity/Q129998019
http://www.wikidata.org/entity/Q122307310,http://www.wikidata.org/prop/direct/P1343,http://www.wikidata.org/entity/Q130308814
http://www.wikidata.org/entity/Q122307310,http://www.wikidata.org/prop/direct/P1343,http://www.wikidata.org/entity/Q130378388
http://www.wikidata.org/entity/Q122307310,http://www.wikidata.org/prop/direct/P1343,http://www.wikidata.org/entity/Q132817615
http://www.wikidata.org/entity/Q122307310,http://www.wikidata.org/prop/direct/P2186,IE-KK-0327
http://www.wikidata.org/entity/Q122307310,http://www.wikidata.org/prop/direct/P4057,KK008-133----
http://www.wikidata.org/entity/Q122307310,http://www.wikidata.org/prop/direct/P6375,"""a quarter of a mile east of the Church"""
http://www.wikidata.org/entity/Q122307310,http://www.wikidata.org/prop/direct/P11693,8530298594
http://www.wikidata.org/entity/Q122307327,http://www.wikidata.org/prop/direct/P17,http://www.wikidata.org/entity/Q27
http://www.wikidata.org/entity/Q122307327,http://www.wikidata.org/prop/direct/P18,http://commons.wikimedia.org/wiki/Special:FilePath/St.%20Monchin%E2%80%99s%20Well.jpg
http://www.wikidata.org/entity/Q122307327,http://www.wikidata.org/prop/direct/P31,http://www.wikidata.org/entity/Q1371047
http://www.wikidata.org/entity/Q122307327,http://www.wikidata.org/prop/direct/P31,http://www.wikidata.org/entity/Q126443332
http://www.wikidata.org/entity/Q122307327,http://www.wikidata.org/prop/direct/P131,http://www.wikidata.org/entity/Q180231
http://www.wikidata.org/entity/Q126888828,http://www.wikidata.org/prop/direct/P625,Point(-7.2929779 52.584445)
http://www.wikidata.org/entity/Q126888828,http://www.wikidata.org/prop/direct/P708,http://www.wikidata.org/entity/Q873607
http://www.wikidata.org/entity/Q126888828,http://www.wikidata.org/prop/direct/P1343,http://www.wikidata.org/entity/Q126374601
http://www.wikidata.org/entity/Q126888828,http://www.wikidata.org/prop/direct/P1343,http://www.wikidata.org/entity/Q126875543
http://www.wikidata.org/entity/Q126888828,http://www.wikidata.org/prop/direct/P1343,http://www.wikidata.org/entity/Q132817615
http://www.wikidata.org/entity/Q126888828,http://www.wikidata.org/prop/direct/P4057,KK023-099----
http://www.wikidata.org/entity/Q126888828,http://www.wikidata.org/prop/direct/P4057,KK023-101----
http://www.wikidata.org/entity/Q126889963,http://www.wikidata.org/prop/direct/P17,http://www.wikidata.org/entity/Q27
http://www.wikidata.org/entity/Q126889963,http://www.wikidata.org/prop/direct/P31,http://www.wikidata.org/entity/Q1371047
http://www.wikidata.org/entity/Q126889963,http://www.wikidata.org/prop/direct/P31,http://www.wikidata.org/entity/Q126443332
http://www.wikidata.org/entity/Q126889963,http://www.wikidata.org/prop/direct/P131,http://www.wikidata.org/entity/Q180231
http://www.wikidata.org/entity/Q126889963,http://www.wikidata.org/prop/direct/P131,http://www.wikidata.org/entity/Q60556096
http://www.wikidata.org/entity/Q126889963,http://www.wikidata.org/prop/direct/P131,http://www.wikidata.org/entity/Q104265855
http://www.wikidata.org/entity/Q126889963,http://www.wikidata.org/prop/direct/P138,http://www.wikidata.org/entity/Q2151232
http://www.wikidata.org/entity/Q126889963,http://www.wikidata.org/prop/direct/P195,http://www.wikidata.org/entity/Q126875543
http://www.wikidata.org/entity/Q126889963,http://www.wikidata.org/prop/direct/P217,44
http://www.wikidata.org/entity/Q126889963,http://www.wikidata.org/prop/direct/P708,http://www.wikidata.org/entity/Q873607
http://www.wikidata.org/entity/Q126889963,http://www.wikidata.org/prop/direct/P1343,http://www.wikidata.org/entity/Q126875543
http://www.wikidata.org/entity/Q126889963,http://www.wikidata.org/prop/direct/P4057,KK011-024----
http://www.wikidata.org/entity/Q126890019,http://www.wikidata.org/prop/direct/P17,http://www.wikidata.org/entity/Q27
http://www.wikidata.org/entity/Q126890019,http://www.wikidata.org/prop/direct/P31,http://www.wikidata.org/entity/Q1371047
http://www.wikidata.org/entity/Q126890019,http://www.wikidata.org/prop/direct/P31,http://www.wikidata.org/entity/Q126443332
http://www.wikidata.org/entity/Q126890019,http://www.wikidata.org/prop/direct/P131,http://www.wikidata.org/entity/Q180231
http://www.wikidata.org/entity/Q126890019,http://www.wikidata.org/prop/direct/P131,http://www.wikidata.org/entity/Q104265255
http://www.wikidata.org/entity/Q126890019,http://www.wikidata.org/prop/direct/P138,http://www.wikidata.org/entity/Q2151232
http://www.wikidata.org/entity/Q126890019,http://www.wikidata.org/prop/direct/P195,http://www.wikidata.org/entity/Q126875543
http://www.wikidata.org/entity/Q126890019,http://www.wikidata.org/prop/direct/P195,http://www.wikidata.org/entity/Q132817615
http://www.wikidata.org/entity/Q126890019,http://www.wikidata.org/prop/direct/P217,47
http://www.wikidata.org/entity/Q126890019,http://www.wikidata.org/prop/direct/P217,KHW154
http://www.wikidata.org/entity/Q126890019,http://www.wikidata.org/prop/direct/P625,Point(-7.2887152 52.302896)
http://www.wikidata.org/entity/Q126890019,http://www.wikidata.org/prop/direct/P708,http://www.wikidata.org/entity/Q873607
http://www.wikidata.org/entity/Q126890019,http://www.wikidata.org/prop/direct/P1343,http://www.wikidata.org/entity/Q126528008
http://www.wikidata.org/entity/Q126890019,http://www.wikidata.org/prop/direct/P1343,http://www.wikidata.org/entity/Q126875543
http://www.wikidata.org/entity/Q126890019,http://www.wikidata.org/prop/direct/P1343,http://www.wikidata.org/entity/Q132817615
http://www.wikidata.org/entity/Q126890019,http://www.wikidata.org/prop/direct/P4057,KK042-026----
http://www.wikidata.org/entity/Q126890019,http://www.wikidata.org/prop/direct/P11693,12628110993
http://www.wikidata.org/entity/Q126890179,http://www.wikidata.org/prop/direct/P17,http://www.wikidata.org/entity/Q27
http://www.wikidata.org/entity/Q126436485,http://www.wikidata.org/prop/direct/P17,http://www.wikidata.org/entity/Q27
http://www.wikidata.org/entity/Q126436485,http://www.wikidata.org/prop/direct/P31,http://www.wikidata.org/entity/Q1371047
http://www.wikidata.org/entity/Q126436485,http://www.wikidata.org/prop/direct/P31,http://www.wikidata.org/entity/Q126443332
http://www.wikidata.org/entity/Q126436485,http://www.wikidata.org/prop/direct/P131,http://www.wikidata.org/entity/Q180231
http://www.wikidata.org/entity/Q126436485,http://www.wikidata.org/prop/direct/P131,http://www.wikidata.org/entity/Q60553245
http://www.wikidata.org/entity/Q126436485,http://www.wikidata.org/prop/direct/P138,http://www.wikidata.org/entity/Q80979
http://www.wikidata.org/entity/Q126436485,http://www.wikidata.org/prop/direct/P195,http://www.wikidata.org/entity/Q126875543
http://www.wikidata.org/entity/Q126436485,http://www.wikidata.org/prop/direct/P195,http://www.wikidata.org/entity/Q132817615
http://www.wikidata.org/entity/Q126436485,http://www.wikidata.org/prop/direct/P217,9
http://www.wikidata.org/entity/Q126436485,http://www.wikidata.org/prop/direct/P217,KHW104
http://www.wikidata.org/entity/Q126436485,http://www.wikidata.org/prop/direct/P417,http://www.wikidata.org/entity/Q80979
http://www.wikidata.org/entity/Q126436485,http://www.wikidata.org/prop/direct/P625,Point(-7.3632748 52.7903396)
http://www.wikidata.org/entity/Q126436485,http://www.wikidata.org/prop/direct/P708,http://www.wikidata.org/entity/Q873607
http://www.wikidata.org/entity/Q126436485,http://www.wikidata.org/prop/direct/P1343,http://www.wikidata.org/entity/Q116166792
http://www.wikidata.org/entity/Q126436485,http://www.wikidata.org/prop/direct/P1343,http://www.wikidata.org/entity/Q120966194
http://www.wikidata.org/entity/Q126436485,http://www.wikidata.org/prop/direct/P1343,http://www.wikidata.org/entity/Q126374601
http://www.wikidata.org/entity/Q126436485,http://www.wikidata.org/prop/direct/P1343,http://www.wikidata.org/entity/Q126393245
http://www.wikidata.org/entity/Q126436485,http://www.wikidata.org/prop/direct/P1343,http://www.wikidata.org/entity/Q126875543
http://www.wikidata.org/entity/Q126436485,http://www.wikidata.org/prop/direct/P1343,http://www.wikidata.org/entity/Q129996423
http://www.wikidata.org/entity/Q126436485,http://www.wikidata.org/prop/direct/P1343,http://www.wikidata.org/entity/Q130308814
http://www.wikidata.org/entity/Q126436485,http://www.wikidata.org/prop/direct/P1343,http://www.wikidata.org/entity/Q132817615
http://www.wikidata.org/entity/Q126436485,http://www.wikidata.org/prop/direct/P4057,KK009-013004-
http://www.wikidata.org/entity/Q126436485,http://www.wikidata.org/prop/direct/P6375,"in a field called the ""Bualadh Dubh"""
http://www.wikidata.org/entity/Q126436485,http://www.wikidata.org/prop/direct/P11693,11124027029
http://www.wikidata.org/entity/Q126438084,http://www.wikidata.org/prop/direct/P17,http://www.wikidata.org/entity/Q27
http://www.wikidata.org/entity/Q126438084,http://www.wikidata.org/prop/direct/P31,http://www.wikidata.org/entity/Q1371047
http://www.wikidata.org/entity/Q126438084,http://www.wikidata.org/prop/direct/P31,http://www.wikidata.org/entity/Q126443332
http://www.wikidata.org/entity/Q126438084,http://www.wikidata.org/prop/direct/P131,http://www.wikidata.org/entity/Q180231
http://www.wikidata.org/entity/Q126438084,http://www.wikidata.org/prop/direct/P131,http://www.wikidata.org/entity/Q60553364
http://www.wikidata.org/entity/Q126438084,http://www.wikidata.org/prop/direct/P138,http://www.wikidata.org/entity/Q37090
http://www.wikidata.org/entity/Q126438084,http://www.wikidata.org/prop/direct/P195,http://www.wikidata.org/entity/Q126875543
http://www.wikidata.org/entity/Q126438084,http://www.wikidata.org/prop/direct/P195,http://www.wikidata.org/entity/Q132817615
http://www.wikidata.org/entity/Q126438084,http://www.wikidata.org/prop/direct/P217,8
http://www.wikidata.org/entity/Q126438084,http://www.wikidata.org/prop/direct/P217,KHW080
http://www.wikidata.org/entity/Q126438084,http://www.wikidata.org/prop/direct/P625,Point(-7.3757517 52.6860666)
http://www.wikidata.org/entity/Q126438084,http://www.wikidata.org/prop/direct/P708,http://www.wikidata.org/entity/Q873607
http://www.wikidata.org/entity/Q126438084,http://www.wikidata.org/prop/direct/P841,http://www.wikidata.org/entity/Q541946
http://www.wikidata.org/entity/Q126438084,http://www.wikidata.org/prop/direct/P1343,http://www.wikidata.org/entity/Q6407043
http://www.wikidata.org/entity/Q126438084,http://www.wikidata.org/prop/direct/P1343,http://www.wikidata.org/entity/Q116166792
http://www.wikidata.org/entity/Q126438084,http://www.wikidata.org/prop/direct/P1343,http://www.wikidata.org/entity/Q120966194
http://www.wikidata.org/entity/Q126438084,http://www.wikidata.org/prop/direct/P1343,http://www.wikidata.org/entity/Q126374601
http://www.wikidata.org/entity/Q126438084,http://www.wikidata.org/prop/direct/P1343,http://www.wikidata.org/entity/Q126393245
http://www.wikidata.org/entity/Q126438084,http://www.wikidata.org/prop/direct/P1343,http://www.wikidata.org/entity/Q126474972
http://www.wikidata.org/entity/Q126438084,http://www.wikidata.org/prop/direct/P1343,http://www.wikidata.org/entity/Q126528008
http://www.wikidata.org/entity/Q126438084,http://www.wikidata.org/prop/direct/P1343,http://www.wikidata.org/entity/Q126540348
http://www.wikidata.org/entity/Q126438084,http://www.wikidata.org/prop/direct/P1343,http://www.wikidata.org/entity/Q126555558
http://www.wikidata.org/entity/Q126438084,http://www.wikidata.org/prop/direct/P1343,http://www.wikidata.org/entity/Q126875543
http://www.wikidata.org/entity/Q126438084,http://www.wikidata.org/prop/direct/P1343,http://www.wikidata.org/entity/Q129181072
http://www.wikidata.org/entity/Q126655791,http://www.wikidata.org/prop/direct/P17,http://www.wikidata.org/entity/Q27
http://www.wikidata.org/entity/Q126655791,http://www.wikidata.org/prop/direct/P31,http://www.wikidata.org/entity/Q43483
http://www.wikidata.org/entity/Q126655791,http://www.wikidata.org/prop/direct/P31,http://www.wikidata.org/entity/Q1371047
http://www.wikidata.org/entity/Q126655791,http://www.wikidata.org/prop/direct/P31,http://www.wikidata.org/entity/Q15135589
http://www.wikidata.org/entity/Q126655791,http://www.wikidata.org/prop/direct/P31,http://www.wikidata.org/entity/Q126443332
http://www.wikidata.org/entity/Q126655791,http://www.wikidata.org/prop/direct/P131,http://www.wikidata.org/entity/Q180231
http://www.wikidata.org/entity/Q126655791,http://www.wikidata.org/prop/direct/P131,http://www.wikidata.org/entity/Q104265954
http://www.wikidata.org/entity/Q126655791,http://www.wikidata.org/prop/direct/P138,http://www.wikidata.org/entity/Q209542
http://www.wikidata.org/entity/Q126655791,http://www.wikidata.org/prop/direct/P195,http://www.wikidata.org/entity/Q126875543
http://www.wikidata.org/entity/Q126655791,http://www.wikidata.org/prop/direct/P195,http://www.wikidata.org/entity/Q132817615
http://www.wikidata.org/entity/Q126655791,http://www.wikidata.org/prop/direct/P217,57
http://www.wikidata.org/entity/Q126655791,http://www.wikidata.org/prop/direct/P217,KHW119
http://www.wikidata.org/entity/Q126655791,http://www.wikidata.org/prop/direct/P625,Point(-7.1313489 52.813868)
http://www.wikidata.org/entity/Q126655791,http://www.wikidata.org/prop/direct/P708,http://www.wikidata.org/entity/Q873607
http://www.wikidata.org/entity/Q126655791,http://www.wikidata.org/prop/direct/P1343,http://www.wikidata.org/entity/Q126393245
http://www.wikidata.org/entity/Q126655791,http://www.wikidata.org/prop/direct/P1343,http://www.wikidata.org/entity/Q126454465
http://www.wikidata.org/entity/Q126655791,http://www.wikidata.org/prop/direct/P1343,http://www.wikidata.org/entity/Q126528008
http://www.wikidata.org/entity/Q126655791,http://www.wikidata.org/prop/direct/P1343,http://www.wikidata.org/entity/Q126875543
http://www.wikidata.org/entity/Q126655791,http://www.wikidata.org/prop/direct/P1343,http://www.wikidata.org/entity/Q129333352
http://www.wikidata.org/entity/Q126655791,http://www.wikidata.org/prop/direct/P1343,http://www.wikidata.org/entity/Q130284129
http://www.wikidata.org/entity/Q126655791,http://www.wikidata.org/prop/direct/P1343,http://www.wikidata.org/entity/Q130308814
http://www.wikidata.org/entity/Q126655791,http://www.wikidata.org/prop/direct/P1343,http://www.wikidata.org/entity/Q132817615
http://www.wikidata.org/entity/Q126655791,http://www.wikidata.org/prop/direct/P4057,KK006-014----
http://www.wikidata.org/entity/Q126655791,http://www.wikidata.org/prop/direct/P6375,in Mrs. Brenan's land
http://www.wikidata.org/entity/Q126655791,http://www.wikidata.org/prop/direct/P6375,"""at the end of Lyng's Lane"""
http://www.wikidata.org/entity/Q126655791,http://www.wikidata.org/prop/direct/P6375,"The Well Field, Cuilatobair, Croghtenclogh, Co. Kilkenny"
http://www.wikidata.org/entity/Q126657210,http://www.wikidata.org/prop/direct/P17,http://www.wikidata.org/entity/Q27
http://www.wikidata.org/entity/Q126657210,http://www.wikidata.org/prop/direct/P18,http://commons.wikimedia.org/wiki/Special:FilePath/Saint%20David%27s%20Well.jpg
http://www.wikidata.org/entity/Q126657210,http://www.wikidata.org/prop/direct/P31,http://www.wikidata.org/entity/Q43483
http://www.wikidata.org/entity/Q126657210,http://www.wikidata.org/prop/direct/P31,http://www.wikidata.org/entity/Q1371047
http://www.wikidata.org/entity/Q126657210,http://www.wikidata.org/prop/direct/P31,http://www.wikidata.org/entity/Q126443332
http://www.wikidata.org/entity/Q126657210,http://www.wikidata.org/prop/direct/P131,http://www.wikidata.org/entity/Q180231
http://www.wikidata.org/entity/Q126657210,http://www.wikidata.org/prop/direct/P131,http://www.wikidata.org/entity/Q104265200
http://www.wikidata.org/entity/Q126657210,http://www.wikidata.org/prop/direct/P138,http://www.wikidata.org/entity/Q331697
http://www.wikidata.org/entity/Q126657210,http://www.wikidata.org/prop/direct/P195,http://www.wikidata.org/entity/Q126875543
http://www.wikidata.org/entity/Q126657210,http://www.wikidata.org/prop/direct/P195,http://www.wikidata.org/entity/Q132817615
http://www.wikidata.org/entity/Q126657210,http://www.wikidata.org/prop/direct/P217,39
http://www.wikidata.org/entity/Q126657210,http://www.wikidata.org/prop/direct/P217,KHW133
http://www.wikidata.org/entity/Q126657210,http://www.wikidata.org/prop/direct/P373,"Saint David's Well, Castleinch"
http://www.wikidata.org/entity/Q126657210,http://www.wikidata.org/prop/direct/P625,Point(-15.817314 46.488181)
http://www.wikidata.org/entity/Q126657210,http://www.wikidata.org/prop/direct/P625,Point(-7.2979334 52.6195581)
http://www.wikidata.org/entity/Q126657210,http://www.wikidata.org/prop/direct/P625,Point(-7.29792158 52.619558017)
http://www.wikidata.org/entity/Q126657210,http://www.wikidata.org/prop/direct/P708,http://www.wikidata.org/entity/Q873607
http://www.wikidata.org/entity/Q126657210,http://www.wikidata.org/prop/direct/P1325,https://sketchfab.com/3d-models/castleinch-st-davids-well-4b6eae78a6cc43c2aee79bb6ab7c69a8
http://www.wikidata.org/entity/Q126657210,http://www.wikidata.org/prop/direct/P1343,http://www.wikidata.org/entity/Q126393245
http://www.wikidata.org/entity/Q126657210,http://www.wikidata.org/prop/direct/P1343,http://www.wikidata.org/entity/Q126454465
http://www.wikidata.org/entity/Q126657210,http://www.wikidata.org/prop/direct/P1343,http://www.wikidata.org/entity/Q126528008
http://www.wikidata.org/entity/Q126657210,http://www.wikidata.org/prop/direct/P1343,http://www.wikidata.org/entity/Q126875543
http://www.wikidata.org/entity/Q126657210,http://www.wikidata.org/prop/direct/P1343,http://www.wikidata.org/entity/Q129992765
http://www.wikidata.org/entity/Q126473306,http://www.wikidata.org/prop/direct/P625,Point(-6.986868 52.579222)
http://www.wikidata.org/entity/Q126473306,http://www.wikidata.org/prop/direct/P708,http://www.wikidata.org/entity/Q873607
http://www.wikidata.org/entity/Q126473306,http://www.wikidata.org/prop/direct/P1343,http://www.wikidata.org/entity/Q120966194
http://www.wikidata.org/entity/Q126473306,http://www.wikidata.org/prop/direct/P1343,http://www.wikidata.org/entity/Q126473440
http://www.wikidata.org/entity/Q126473306,http://www.wikidata.org/prop/direct/P1343,http://www.wikidata.org/entity/Q126875543
http://www.wikidata.org/entity/Q126473306,http://www.wikidata.org/prop/direct/P1343,http://www.wikidata.org/entity/Q128234462
http://www.wikidata.org/entity/Q126473306,http://www.wikidata.org/prop/direct/P1343,http://www.wikidata.org/entity/Q130393656
http://www.wikidata.org/entity/Q126473306,http://www.wikidata.org/prop/direct/P1343,http://www.wikidata.org/entity/Q132817615
http://www.wikidata.org/entity/Q126473306,http://www.wikidata.org/prop/direct/P4057,KK025-035002-
http://www.wikidata.org/entity/Q126473306,http://www.wikidata.org/prop/direct/P11693,11126368482
http://www.wikidata.org/entity/Q126473935,http://www.wikidata.org/prop/direct/P17,http://www.wikidata.org/entity/Q27
http://www.wikidata.org/entity/Q126473935,http://www.wikidata.org/prop/direct/P31,http://www.wikidata.org/entity/Q1371047
http://www.wikidata.org/entity/Q126473935,http://www.wikidata.org/prop/direct/P31,http://www.wikidata.org/entity/Q126443332
http://www.wikidata.org/entity/Q126473935,http://www.wikidata.org/prop/direct/P131,http://www.wikidata.org/entity/Q180231
http://www.wikidata.org/entity/Q126473935,http://www.wikidata.org/prop/direct/P131,http://www.wikidata.org/entity/Q28224604
http://www.wikidata.org/entity/Q126473935,http://www.wikidata.org/prop/direct/P131,http://www.wikidata.org/entity/Q60556298
http://www.wikidata.org/entity/Q126473935,http://www.wikidata.org/prop/direct/P131,http://www.wikidata.org/entity/Q104266457
http://www.wikidata.org/entity/Q126473935,http://www.wikidata.org/prop/direct/P138,http://www.wikidata.org/entity/Q16970
http://www.wikidata.org/entity/Q126473935,http://www.wikidata.org/prop/direct/P195,http://www.wikidata.org/entity/Q126875543
http://www.wikidata.org/entity/Q126473935,http://www.wikidata.org/prop/direct/P195,http://www.wikidata.org/entity/Q132817615
http://www.wikidata.org/entity/Q126473935,http://www.wikidata.org/prop/direct/P217,149
http://www.wikidata.org/entity/Q126473935,http://www.wikidata.org/prop/direct/P217,KHW076
http://www.wikidata.org/entity/Q126473935,http://www.wikidata.org/prop/direct/P625,Point(-6.9785474 52.5958102)
http://www.wikidata.org/entity/Q126473935,http://www.wikidata.org/prop/direct/P708,http://www.wikidata.org/entity/Q873607
http://www.wikidata.org/entity/Q126473935,http://www.wikidata.org/prop/direct/P1343,http://www.wikidata.org/entity/Q120966194
http://www.wikidata.org/entity/Q126473935,http://www.wikidata.org/prop/direct/P1343,http://www.wikidata.org/entity/Q126374601
http://www.wikidata.org/entity/Q126473935,http://www.wikidata.org/prop/direct/P1343,http://www.wikidata.org/entity/Q126528008
http://www.wikidata.org/entity/Q126473935,http://www.wikidata.org/prop/direct/P1343,http://www.wikidata.org/entity/Q126540348
http://www.wikidata.org/entity/Q126473935,http://www.wikidata.org/prop/direct/P1343,http://www.wikidata.org/entity/Q126875543
http://www.wikidata.org/entity/Q126473935,http://www.wikidata.org/prop/direct/P1343,http://www.wikidata.org/entity/Q130284129
http://www.wikidata.org/entity/Q126473935,http://www.wikidata.org/prop/direct/P1343,http://www.wikidata.org/entity/Q132817615
http://www.wikidata.org/entity/Q126473935,http://www.wikidata.org/prop/direct/P4057,KK025-026----
http://www.wikidata.org/entity/Q126473935,http://www.wikidata.org/prop/direct/P11693,11126382864
http://www.wikidata.org/entity/Q126474220,http://www.wikidata.org/prop/direct/P17,http://www.wikidata.org/entity/Q27
http://www.wikidata.org/entity/Q126474220,http://www.wikidata.org/prop/direct/P31,http://www.wikidata.org/entity/Q1371047
http://www.wikidata.org/entity/Q126474220,http://www.wikidata.org/prop/direct/P31,http://www.wikidata.org/entity/Q126443332
http://www.wikidata.org/entity/Q126474220,http://www.wikidata.org/prop/direct/P131,http://www.wikidata.org/entity/Q180231
http://www.wikidata.org/entity/Q126919152,http://www.wikidata.org/prop/direct/P11693,12015634751
http://www.wikidata.org/entity/Q126919273,http://www.wikidata.org/prop/direct/P17,http://www.wikidata.org/entity/Q27
http://www.wikidata.org/entity/Q126919273,http://www.wikidata.org/prop/direct/P31,http://www.wikidata.org/entity/Q124714
http://www.wikidata.org/entity/Q126919273,http://www.wikidata.org/prop/direct/P31,http://www.wikidata.org/entity/Q1371047
http://www.wikidata.org/entity/Q126919273,http://www.wikidata.org/prop/direct/P31,http://www.wikidata.org/entity/Q126443332
http://www.wikidata.org/entity/Q126919273,http://www.wikidata.org/prop/direct/P131,http://www.wikidata.org/entity/Q180231
http://www.wikidata.org/entity/Q126919273,http://www.wikidata.org/prop/direct/P131,http://www.wikidata.org/entity/Q104264804
http://www.wikidata.org/entity/Q126919273,http://www.wikidata.org/prop/direct/P138,http://www.wikidata.org/entity/Q548320
http://www.wikidata.org/entity/Q126919273,http://www.wikidata.org/prop/direct/P195,http://www.wikidata.org/entity/Q126875543
http://www.wikidata.org/entity/Q126919273,http://www.wikidata.org/prop/direct/P195,http://www.wikidata.org/entity/Q132817615
http://www.wikidata.org/entity/Q126919273,http://www.wikidata.org/prop/direct/P217,111
http://www.wikidata.org/entity/Q126919273,http://www.wikidata.org/prop/direct/P217,KHW2-8
http://www.wikidata.org/entity/Q126919273,http://www.wikidata.org/prop/direct/P625,Point(-7.395456 52.367945)
http://www.wikidata.org/entity/Q126919273,http://www.wikidata.org/prop/direct/P708,http://www.wikidata.org/entity/Q873607
http://www.wikidata.org/entity/Q126919273,http://www.wikidata.org/prop/direct/P1343,http://www.wikidata.org/entity/Q126374601
http://www.wikidata.org/entity/Q126919273,http://www.wikidata.org/prop/direct/P1343,http://www.wikidata.org/entity/Q126393245
http://www.wikidata.org/entity/Q126919273,http://www.wikidata.org/prop/direct/P1343,http://www.wikidata.org/entity/Q126456421
http://www.wikidata.org/entity/Q126919273,http://www.wikidata.org/prop/direct/P1343,http://www.wikidata.org/entity/Q126875543
http://www.wikidata.org/entity/Q126919273,http://www.wikidata.org/prop/direct/P1343,http://www.wikidata.org/entity/Q132817615
http://www.wikidata.org/entity/Q126919273,http://www.wikidata.org/prop/direct/P1343,http://www.wikidata.org/entity/Q133263165
http://www.wikidata.org/entity/Q126919273,http://www.wikidata.org/prop/direct/P1343,http://www.wikidata.org/entity/Q133385130
http://www.wikidata.org/entity/Q126919343,http://www.wikidata.org/prop/direct/P17,http://www.wikidata.org/entity/Q27
http://www.wikidata.org/entity/Q126919343,http://www.wikidata.org/prop/direct/P31,http://www.wikidata.org/entity/Q124714
http://www.wikidata.org/entity/Q126919343,http://www.wikidata.org/prop/direct/P31,http://www.wikidata.org/entity/Q1371047
http://www.wikidata.org/entity/Q126919343,http://www.wikidata.org/prop/direct/P31,http://www.wikidata.org/entity/Q126443332
http://www.wikidata.org/entity/Q126919343,http://www.wikidata.org/prop/direct/P131,http://www.wikidata.org/entity/Q180231
http://www.wikidata.org/entity/Q126919343,http://www.wikidata.org/prop/direct/P131,http://www.wikidata.org/entity/Q104264857
http://www.wikidata.org/entity/Q126919343,http://www.wikidata.org/prop/direct/P138,http://www.wikidata.org/entity/Q80979
http://www.wikidata.org/entity/Q126919343,http://www.wikidata.org/prop/direct/P195,http://www.wikidata.org/entity/Q126875543
http://www.wikidata.org/entity/Q126919343,http://www.wikidata.org/prop/direct/P195,http://www.wikidata.org/entity/Q132817615
http://www.wikidata.org/entity/Q126919343,http://www.wikidata.org/prop/direct/P217,114
http://www.wikidata.org/entity/Q126919343,http://www.wikidata.org/prop/direct/P217,KHW2-20
http://www.wikidata.org/entity/Q126919343,http://www.wikidata.org/prop/direct/P625,Point(-7.371152 52.414575)
http://www.wikidata.org/entity/Q126919343,http://www.wikidata.org/prop/direct/P1343,http://www.wikidata.org/entity/Q126393245
http://www.wikidata.org/entity/Q126919343,http://www.wikidata.org/prop/direct/P1343,http://www.wikidata.org/entity/Q126875543
http://www.wikidata.org/entity/Q126919343,http://www.wikidata.org/prop/direct/P1343,http://www.wikidata.org/entity/Q130284129
http://www.wikidata.org/entity/Q126919343,http://www.wikidata.org/prop/direct/P1343,http://www.wikidata.org/entity/Q132817615
http://www.wikidata.org/entity/Q126919343,http://www.wikidata.org/prop/direct/P11693,8522351158
http://www.wikidata.org/entity/Q126454730,http://www.wikidata.org/prop/direct/P17,http://www.wikidata.org/entity/Q27
http://www.wikidata.org/entity/Q126454730,http://www.wikidata.org/prop/direct/P31,http://www.wikidata.org/entity/Q1371047
http://www.wikidata.org/entity/Q126454730,http://www.wikidata.org/prop/direct/P31,http://www.wikidata.org/entity/Q126443332
http://www.wikidata.org/entity/Q126454730,http://www.wikidata.org/prop/direct/P131,http://www.wikidata.org/entity/Q180231
http://www.wikidata.org/entity/Q126454730,http://www.wikidata.org/prop/direct/P131,http://www.wikidata.org/entity/Q60554288
http://www.wikidata.org/entity/Q126454730,http://www.wikidata.org/prop/direct/P131,http://www.wikidata.org/entity/Q104265308
http://www.wikidata.org/entity/Q126454730,http://www.wikidata.org/prop/direct/P138,http://www.wikidata.org/entity/Q10884
http://www.wikidata.org/entity/Q126454730,http://www.wikidata.org/prop/direct/P195,http://www.wikidata.org/entity/Q126875543
http://www.wikidata.org/entity/Q126454730,http://www.wikidata.org/prop/direct/P195,http://www.wikidata.org/entity/Q132817615
http://www.wikidata.org/entity/Q126454730,http://www.wikidata.org/prop/direct/P217,123
http://www.wikidata.org/entity/Q126454730,http://www.wikidata.org/prop/direct/P217,KHW036
http://www.wikidata.org/entity/Q126454730,http://www.wikidata.org/prop/direct/P625,Point(-7.264163 52.405097)
http://www.wikidata.org/entity/Q126454730,http://www.wikidata.org/prop/direct/P708,http://www.wikidata.org/entity/Q873607
http://www.wikidata.org/entity/Q126454730,http://www.wikidata.org/prop/direct/P1343,http://www.wikidata.org/entity/Q120966194
http://www.wikidata.org/entity/Q126454730,http://www.wikidata.org/prop/direct/P1343,http://www.wikidata.org/entity/Q126374601
http://www.wikidata.org/entity/Q126454730,http://www.wikidata.org/prop/direct/P1343,http://www.wikidata.org/entity/Q126393245
http://www.wikidata.org/entity/Q126454730,http://www.wikidata.org/prop/direct/P1343,http://www.wikidata.org/entity/Q126456421
http://www.wikidata.org/entity/Q126454730,http://www.wikidata.org/prop/direct/P1343,http://www.wikidata.org/entity/Q126875543
http://www.wikidata.org/entity/Q126454730,http://www.wikidata.org/prop/direct/P1343,http://www.wikidata.org/entity/Q132817615
http://www.wikidata.org/entity/Q126454730,http://www.wikidata.org/prop/direct/P1343,http://www.wikidata.org/entity/Q133385130
http://www.wikidata.org/entity/Q126454730,http://www.wikidata.org/prop/direct/P4057,KK035-085004-
http://www.wikidata.org/entity/Q126454730,http://www.wikidata.org/prop/direct/P6375,in the Therthawn sub-division
http://www.wikidata.org/entity/Q126454730,http://www.wikidata.org/prop/direct/P6375,in Therthawn
http://www.wikidata.org/entity/Q126454746,http://www.wikidata.org/prop/direct/P17,http://www.wikidata.org/entity/Q27
http://www.wikidata.org/entity/Q126454746,http://www.wikidata.org/prop/direct/P31,http://www.wikidata.org/entity/Q1371047
http://www.wikidata.org/entity/Q126454746,http://www.wikidata.org/prop/direct/P31,http://www.wikidata.org/entity/Q126443332
http://www.wikidata.org/entity/Q126454746,http://www.wikidata.org/prop/direct/P131,http://www.wikidata.org/entity/Q180231
http://www.wikidata.org/entity/Q126454746,http://www.wikidata.org/prop/direct/P131,http://www.wikidata.org/entity/Q60554288
http://www.wikidata.org/entity/Q126454746,http://www.wikidata.org/prop/direct/P138,http://www.wikidata.org/entity/Q1543947
http://www.wikidata.org/entity/Q126454746,http://www.wikidata.org/prop/direct/P195,http://www.wikidata.org/entity/Q126875543
http://www.wikidata.org/entity/Q126454746,http://www.wikidata.org/prop/direct/P195,http://www.wikidata.org/entity/Q132817615
http://www.wikidata.org/entity/Q126454746,http://www.wikidata.org/prop/direct/P217,173
http://www.wikidata.org/entity/Q126454746,http://www.wikidata.org/prop/direct/P217,KHW007
http://www.wikidata.org/entity/Q126454746,http://www.wikidata.org/prop/direct/P625,Point(-7.2786871 52.3488449)
http://www.wikidata.org/entity/Q126454746,http://www.wikidata.org/prop/direct/P708,http://www.wikidata.org/entity/Q873607
http://www.wikidata.org/entity/Q126454746,http://www.wikidata.org/prop/direct/P1343,http://www.wikidata.org/entity/Q126374601
http://www.wikidata.org/entity/Q126454746,http://www.wikidata.org/prop/direct/P1343,http://www.wikidata.org/entity/Q126456421
http://www.wikidata.org/entity/Q126454746,http://www.wikidata.org/prop/direct/P1343,http://www.wikidata.org/entity/Q126528008
http://www.wikidata.org/entity/Q126454746,http://www.wikidata.org/prop/direct/P1343,http://www.wikidata.org/entity/Q126540348
http://www.wikidata.org/entity/Q126454746,http://www.wikidata.org/prop/direct/P1343,http://www.wikidata.org/entity/Q126875543
http://www.wikidata.org/entity/Q126454746,http://www.wikidata.org/prop/direct/P1343,http://www.wikidata.org/entity/Q130284129
http://www.wikidata.org/entity/Q126454746,http://www.wikidata.org/prop/direct/P1343,http://www.wikidata.org/entity/Q130308814
http://www.wikidata.org/entity/Q126454746,http://www.wikidata.org/prop/direct/P1343,http://www.wikidata.org/entity/Q132817615
http://www.wikidata.org/entity/Q126454746,http://www.wikidata.org/prop/direct/P1343,http://www.wikidata.org/entity/Q133263165
http://www.wikidata.org/entity/Q126454746,http://www.wikidata.org/prop/direct/P4057,KK039-025001-
http://www.wikidata.org/entity/Q126454746,http://www.wikidata.org/prop/direct/P11693,8494440980
http://www.wikidata.org/entity/Q126881319,http://www.wikidata.org/prop/direct/P17,http://www.wikidata.org/entity/Q27
http://www.wikidata.org/entity/Q126881319,http://www.wikidata.org/prop/direct/P18,http://commons.wikimedia.org/wiki/Special:FilePath/Alleged%20site%20of%20Ballyreddy%20Holy%20Well.jpg
http://www.wikidata.org/entity/Q126881319,http://www.wikidata.org/prop/direct/P31,http://www.wikidata.org/entity/Q1371047
http://www.wikidata.org/entity/Q126881319,http://www.wikidata.org/prop/direct/P31,http://www.wikidata.org/entity/Q126443332
http://www.wikidata.org/entity/Q126881319,http://www.wikidata.org/prop/direct/P131,http://www.wikidata.org/entity/Q180231
http://www.wikidata.org/entity/Q126881319,http://www.wikidata.org/prop/direct/P195,http://www.wikidata.org/entity/Q126875543
http://www.wikidata.org/entity/Q126881319,http://www.wikidata.org/prop/direct/P195,http://www.wikidata.org/entity/Q132817615
http://www.wikidata.org/entity/Q126881319,http://www.wikidata.org/prop/direct/P217,17
http://www.wikidata.org/entity/Q126881319,http://www.wikidata.org/prop/direct/P217,KHW021
http://www.wikidata.org/entity/Q126881319,http://www.wikidata.org/prop/direct/P625,Point(-7.0201831 52.411366)
http://www.wikidata.org/entity/Q126881319,http://www.wikidata.org/prop/direct/P1343,http://www.wikidata.org/entity/Q126875543
http://www.wikidata.org/entity/Q126881319,http://www.wikidata.org/prop/direct/P1343,http://www.wikidata.org/entity/Q132817615
http://www.wikidata.org/entity/Q126881319,http://www.wikidata.org/prop/direct/P1343,http://www.wikidata.org/entity/Q133263165
http://www.wikidata.org/entity/Q126881319,http://www.wikidata.org/prop/direct/P4057,KK037-010004-
http://www.wikidata.org/entity/Q126888497,http://www.wikidata.org/prop/direct/P17,http://www.wikidata.org/entity/Q27
http://www.wikidata.org/entity/Q126888497,http://www.wikidata.org/prop/direct/P31,http://www.wikidata.org/entity/Q1371047
http://www.wikidata.org/entity/Q126888497,http://www.wikidata.org/prop/direct/P31,http://www.wikidata.org/entity/Q126443332
http://www.wikidata.org/entity/Q126888497,http://www.wikidata.org/prop/direct/P131,http://www.wikidata.org/entity/Q104264439
http://www.wikidata.org/entity/Q126888497,http://www.wikidata.org/prop/direct/P138,http://www.wikidata.org/entity/Q165479
http://www.wikidata.org/entity/Q126888497,http://www.wikidata.org/prop/direct/P195,http://www.wikidata.org/entity/Q126875543
http://www.wikidata.org/entity/Q126888497,http://www.wikidata.org/prop/direct/P195,http://www.wikidata.org/entity/Q132817615
http://www.wikidata.org/entity/Q126888497,http://www.wikidata.org/prop/direct/P217,23
http://www.wikidata.org/entity/Q126888497,http://www.wikidata.org/prop/direct/P217,KHW2-5
http://www.wikidata.org/entity/Q126888497,http://www.wikidata.org/prop/direct/P625,Point(-7.5209252 52.65539)
http://www.wikidata.org/entity/Q126888497,http://www.wikidata.org/prop/direct/P708,http://www.wikidata.org/entity/Q873607
http://www.wikidata.org/entity/Q126888497,http://www.wikidata.org/prop/direct/P1343,http://www.wikidata.org/entity/Q126393245
http://www.wikidata.org/entity/Q126888497,http://www.wikidata.org/prop/direct/P1343,http://www.wikidata.org/entity/Q126875543
http://www.wikidata.org/entity/Q126888497,http://www.wikidata.org/prop/direct/P1343,http://www.wikidata.org/entity/Q132817615
http://www.wikidata.org/entity/Q126888518,http://www.wikidata.org/prop/direct/P17,http://www.wikidata.org/entity/Q27
http://www.wikidata.org/entity/Q126888518,http://www.wikidata.org/prop/direct/P31,http://www.wikidata.org/entity/Q1004210
http://www.wikidata.org/entity/Q126888518,http://www.wikidata.org/prop/direct/P31,http://www.wikidata.org/entity/Q1371047
http://www.wikidata.org/entity/Q126888518,http://www.wikidata.org/prop/direct/P31,http://www.wikidata.org/entity/Q126443332
http://www.wikidata.org/entity/Q126888518,http://www.wikidata.org/prop/direct/P131,http://www.wikidata.org/entity/Q180231
http://www.wikidata.org/entity/Q126888518,http://www.wikidata.org/prop/direct/P131,http://www.wikidata.org/entity/Q60557179
http://www.wikidata.org/entity/Q126888518,http://www.wikidata.org/prop/direct/P131,http://www.wikidata.org/entity/Q104264439
http://www.wikidata.org/entity/Q126888518,http://www.wikidata.org/prop/direct/P138,http://www.wikidata.org/entity/Q380356
http://www.wikidata.org/entity/Q126888518,http://www.wikidata.org/prop/direct/P195,http://www.wikidata.org/entity/Q126875543
http://www.wikidata.org/entity/Q126888518,http://www.wikidata.org/prop/direct/P195,http://www.wikidata.org/entity/Q132817615
http://www.wikidata.org/entity/Q126888518,http://www.wikidata.org/prop/direct/P217,24
http://www.wikidata.org/entity/Q126888518,http://www.wikidata.org/prop/direct/P217,KHW126
http://www.wikidata.org/entity/Q126454692,http://www.wikidata.org/prop/direct/P708,http://www.wikidata.org/entity/Q873607
http://www.wikidata.org/entity/Q126454692,http://www.wikidata.org/prop/direct/P1343,http://www.wikidata.org/entity/Q116166792
http://www.wikidata.org/entity/Q126454692,http://www.wikidata.org/prop/direct/P1343,http://www.wikidata.org/entity/Q120966194
http://www.wikidata.org/entity/Q126454692,http://www.wikidata.org/prop/direct/P1343,http://www.wikidata.org/entity/Q126374601
http://www.wikidata.org/entity/Q126454692,http://www.wikidata.org/prop/direct/P1343,http://www.wikidata.org/entity/Q126393245
http://www.wikidata.org/entity/Q126454692,http://www.wikidata.org/prop/direct/P1343,http://www.wikidata.org/entity/Q126474972
http://www.wikidata.org/entity/Q126454692,http://www.wikidata.org/prop/direct/P1343,http://www.wikidata.org/entity/Q126528008
http://www.wikidata.org/entity/Q126454692,http://www.wikidata.org/prop/direct/P1343,http://www.wikidata.org/entity/Q126540348
http://www.wikidata.org/entity/Q126454692,http://www.wikidata.org/prop/direct/P1343,http://www.wikidata.org/entity/Q126555558
http://www.wikidata.org/entity/Q126454692,http://www.wikidata.org/prop/direct/P1343,http://www.wikidata.org/entity/Q126875543
http://www.wikidata.org/entity/Q126454692,http://www.wikidata.org/prop/direct/P1343,http://www.wikidata.org/entity/Q130284129
http://www.wikidata.org/entity/Q126454692,http://www.wikidata.org/prop/direct/P1343,http://www.wikidata.org/entity/Q130308814
http://www.wikidata.org/entity/Q126454692,http://www.wikidata.org/prop/direct/P1343,http://www.wikidata.org/entity/Q132817615
http://www.wikidata.org/entity/Q126454692,http://www.wikidata.org/prop/direct/P1343,http://www.wikidata.org/entity/Q133263165
http://www.wikidata.org/entity/Q126454692,http://www.wikidata.org/prop/direct/P4057,KK008-037----
http://www.wikidata.org/entity/Q126454692,http://www.wikidata.org/prop/direct/P6375,"""enclosed in Mr. Butler's kitchen garden"""
http://www.wikidata.org/entity/Q126454692,http://www.wikidata.org/prop/direct/P6375,"""in Mr. Connell's Garden"""
http://www.wikidata.org/entity/Q126454692,http://www.wikidata.org/prop/direct/P11693,6545523566
http://www.wikidata.org/entity/Q126454720,http://www.wikidata.org/prop/direct/P17,http://www.wikidata.org/entity/Q27
http://www.wikidata.org/entity/Q126454720,http://www.wikidata.org/prop/direct/P31,http://www.wikidata.org/entity/Q1371047
http://www.wikidata.org/entity/Q126454720,http://www.wikidata.org/prop/direct/P31,http://www.wikidata.org/entity/Q126443332
http://www.wikidata.org/entity/Q126454720,http://www.wikidata.org/prop/direct/P131,http://www.wikidata.org/entity/Q180231
http://www.wikidata.org/entity/Q126454720,http://www.wikidata.org/prop/direct/P131,http://www.wikidata.org/entity/Q60554288
http://www.wikidata.org/entity/Q126454720,http://www.wikidata.org/prop/direct/P131,http://www.wikidata.org/entity/Q104265111
http://www.wikidata.org/entity/Q126454720,http://www.wikidata.org/prop/direct/P138,http://www.wikidata.org/entity/Q16970
http://www.wikidata.org/entity/Q126454720,http://www.wikidata.org/prop/direct/P195,http://www.wikidata.org/entity/Q126875543
http://www.wikidata.org/entity/Q126454720,http://www.wikidata.org/prop/direct/P195,http://www.wikidata.org/entity/Q132817615
http://www.wikidata.org/entity/Q126454720,http://www.wikidata.org/prop/direct/P217,120
http://www.wikidata.org/entity/Q126454720,http://www.wikidata.org/prop/direct/P217,KHW006
http://www.wikidata.org/entity/Q126454720,http://www.wikidata.org/prop/direct/P625,Point(-7.322077 52.382451)
http://www.wikidata.org/entity/Q126454720,http://www.wikidata.org/prop/direct/P708,http://www.wikidata.org/entity/Q873607
http://www.wikidata.org/entity/Q126454720,http://www.wikidata.org/prop/direct/P1343,http://www.wikidata.org/entity/Q120966194
http://www.wikidata.org/entity/Q126454720,http://www.wikidata.org/prop/direct/P1343,http://www.wikidata.org/entity/Q126374601
http://www.wikidata.org/entity/Q126454720,http://www.wikidata.org/prop/direct/P1343,http://www.wikidata.org/entity/Q126393245
http://www.wikidata.org/entity/Q126454720,http://www.wikidata.org/prop/direct/P1343,http://www.wikidata.org/entity/Q126456421
http://www.wikidata.org/entity/Q126454720,http://www.wikidata.org/prop/direct/P1343,http://www.wikidata.org/entity/Q126875543
http://www.wikidata.org/entity/Q126454720,http://www.wikidata.org/prop/direct/P1343,http://www.wikidata.org/entity/Q130235257
http://www.wikidata.org/entity/Q126454720,http://www.wikidata.org/prop/direct/P1343,http://www.wikidata.org/entity/Q132817615
http://www.wikidata.org/entity/Q126454720,http://www.wikidata.org/prop/direct/P1343,http://www.wikidata.org/entity/Q133263165
http://www.wikidata.org/entity/Q126454720,http://www.wikidata.org/prop/direct/P1343,http://www.wikidata.org/entity/Q133385130
http://www.wikidata.org/entity/Q126454720,http://www.wikidata.org/prop/direct/P4057,KK039-003004-
http://www.wikidata.org/entity/Q126454720,http://www.wikidata.org/prop/direct/P6375,"""few perches to the south [of the church site], in the hollow"""
http://www.wikidata.org/entity/Q126459109,http://www.wikidata.org/prop/direct/P17,http://www.wikidata.org/entity/Q27
http://www.wikidata.org/entity/Q126459109,http://www.wikidata.org/prop/direct/P31,http://www.wikidata.org/entity/Q43483
http://www.wikidata.org/entity/Q126459109,http://www.wikidata.org/prop/direct/P31,http://www.wikidata.org/entity/Q1371047
http://www.wikidata.org/entity/Q126459109,http://www.wikidata.org/prop/direct/P31,http://www.wikidata.org/entity/Q126443332
http://www.wikidata.org/entity/Q126459109,http://www.wikidata.org/prop/direct/P131,http://www.wikidata.org/entity/Q180231
http://www.wikidata.org/entity/Q126459109,http://www.wikidata.org/prop/direct/P131,http://www.wikidata.org/entity/Q60555011
http://www.wikidata.org/entity/Q126459109,http://www.wikidata.org/prop/direct/P131,http://www.wikidata.org/entity/Q104264678
http://www.wikidata.org/entity/Q126459109,http://www.wikidata.org/prop/direct/P138,http://www.wikidata.org/entity/Q13147
http://www.wikidata.org/entity/Q126459109,http://www.wikidata.org/prop/direct/P138,http://www.wikidata.org/entity/Q1723890
http://www.wikidata.org/entity/Q126459109,http://www.wikidata.org/prop/direct/P195,http://www.wikidata.org/entity/Q126875543
http://www.wikidata.org/entity/Q126459109,http://www.wikidata.org/prop/direct/P195,http://www.wikidata.org/entity/Q132817615
http://www.wikidata.org/entity/Q126459109,http://www.wikidata.org/prop/direct/P217,126
http://www.wikidata.org/entity/Q126459109,http://www.wikidata.org/prop/direct/P217,KHW012
http://www.wikidata.org/entity/Q126459109,http://www.wikidata.org/prop/direct/P625,Point(-7.408839 52.4410859)
http://www.wikidata.org/entity/Q126459109,http://www.wikidata.org/prop/direct/P708,http://www.wikidata.org/entity/Q873607
http://www.wikidata.org/entity/Q126459109,http://www.wikidata.org/prop/direct/P1343,http://www.wikidata.org/entity/Q120966194
http://www.wikidata.org/entity/Q126459109,http://www.wikidata.org/prop/direct/P1343,http://www.wikidata.org/entity/Q126374601
http://www.wikidata.org/entity/Q126459109,http://www.wikidata.org/prop/direct/P1343,http://www.wikidata.org/entity/Q126528008
http://www.wikidata.org/entity/Q126459109,http://www.wikidata.org/prop/direct/P1343,http://www.wikidata.org/entity/Q126555558
http://www.wikidata.org/entity/Q126459109,http://www.wikidata.org/prop/direct/P1343,http://www.wikidata.org/entity/Q126871352
http://www.wikidata.org/entity/Q126459109,http://www.wikidata.org/prop/direct/P1343,http://www.wikidata.org/entity/Q126875543
http://www.wikidata.org/entity/Q126459109,http://www.wikidata.org/prop/direct/P1343,http://www.wikidata.org/entity/Q130245242
http://www.wikidata.org/entity/Q126459109,http://www.wikidata.org/prop/direct/P1343,http://www.wikidata.org/entity/Q130284129
http://www.wikidata.org/entity/Q126459109,http://www.wikidata.org/prop/direct/P1343,http://www.wikidata.org/entity/Q132817615
http://www.wikidata.org/entity/Q126459109,http://www.wikidata.org/prop/direct/P4057,KK034-003----
http://www.wikidata.org/entity/Q126459109,http://www.wikidata.org/prop/direct/P11693,8278980341
http://www.wikidata.org/entity/Q126459695,http://www.wikidata.org/prop/direct/P17,http://www.wikidata.org/entity/Q27
http://www.wikidata.org/entity/Q126459695,http://www.wikidata.org/prop/direct/P31,http://www.wikidata.org/entity/Q1371047
http://www.wikidata.org/entity/Q126459695,http://www.wikidata.org/prop/direct/P31,http://www.wikidata.org/entity/Q126443332
http://www.wikidata.org/entity/Q126459695,http://www.wikidata.org/prop/direct/P131,http://www.wikidata.org/entity/Q180231
http://www.wikidata.org/entity/Q126459695,http://www.wikidata.org/prop/direct/P131,http://www.wikidata.org/entity/Q60555206
http://www.wikidata.org/entity/Q126459695,http://www.wikidata.org/prop/direct/P138,http://www.wikidata.org/entity/Q345
http://www.wikidata.org/entity/Q126459695,http://www.wikidata.org/prop/direct/P195,http://www.wikidata.org/entity/Q126875543
http://www.wikidata.org/entity/Q126459695,http://www.wikidata.org/prop/direct/P195,http://www.wikidata.org/entity/Q132817615
http://www.wikidata.org/entity/Q126459695,http://www.wikidata.org/prop/direct/P217,71
http://www.wikidata.org/entity/Q126459695,http://www.wikidata.org/prop/direct/P217,KHW024
http://www.wikidata.org/entity/Q126949628,http://www.wikidata.org/prop/direct/P17,http://www.wikidata.org/entity/Q27
http://www.wikidata.org/entity/Q126949628,http://www.wikidata.org/prop/direct/P31,http://www.wikidata.org/entity/Q1371047
http://www.wikidata.org/entity/Q126949628,http://www.wikidata.org/prop/direct/P31,http://www.wikidata.org/entity/Q126443332
http://www.wikidata.org/entity/Q126949628,http://www.wikidata.org/prop/direct/P131,http://www.wikidata.org/entity/Q180231
http://www.wikidata.org/entity/Q126949628,http://www.wikidata.org/prop/direct/P131,http://www.wikidata.org/entity/Q60553962
http://www.wikidata.org/entity/Q126949628,http://www.wikidata.org/prop/direct/P131,http://www.wikidata.org/entity/Q104264933
http://www.wikidata.org/entity/Q126949628,http://www.wikidata.org/prop/direct/P195,http://www.wikidata.org/entity/Q126875543
http://www.wikidata.org/entity/Q126949628,http://www.wikidata.org/prop/direct/P195,http://www.wikidata.org/entity/Q132817615
http://www.wikidata.org/entity/Q126949628,http://www.wikidata.org/prop/direct/P217,161
http://www.wikidata.org/entity/Q126949628,http://www.wikidata.org/prop/direct/P217,KHW130
http://www.wikidata.org/entity/Q126949628,http://www.wikidata.org/prop/direct/P625,Point(-7.3553108 52.5784119)
http://www.wikidata.org/entity/Q126949628,http://www.wikidata.org/prop/direct/P1343,http://www.wikidata.org/entity/Q126875543
http://www.wikidata.org/entity/Q126949628,http://www.wikidata.org/prop/direct/P1343,http://www.wikidata.org/entity/Q130284129
http://www.wikidata.org/entity/Q126949628,http://www.wikidata.org/prop/direct/P1343,http://www.wikidata.org/entity/Q132817615
http://www.wikidata.org/entity/Q126949628,http://www.wikidata.org/prop/direct/P4057,KK022-048----
http://www.wikidata.org/entity/Q126949787,http://www.wikidata.org/prop/direct/P17,http://www.wikidata.org/entity/Q27
http://www.wikidata.org/entity/Q126949787,http://www.wikidata.org/prop/direct/P31,http://www.wikidata.org/entity/Q124714
http://www.wikidata.org/entity/Q126949787,http://www.wikidata.org/prop/direct/P31,http://www.wikidata.org/entity/Q1371047
http://www.wikidata.org/entity/Q126949787,http://www.wikidata.org/prop/direct/P31,http://www.wikidata.org/entity/Q126443332
http://www.wikidata.org/entity/Q126949787,http://www.wikidata.org/prop/direct/P131,http://www.wikidata.org/entity/Q180231
http://www.wikidata.org/entity/Q126949787,http://www.wikidata.org/prop/direct/P131,http://www.wikidata.org/entity/Q60553414
http://www.wikidata.org/entity/Q126949787,http://www.wikidata.org/prop/direct/P131,http://www.wikidata.org/entity/Q104265004
http://www.wikidata.org/entity/Q126949787,http://www.wikidata.org/prop/direct/P138,http://www.wikidata.org/entity/Q2151232
http://www.wikidata.org/entity/Q126949787,http://www.wikidata.org/prop/direct/P195,http://www.wikidata.org/entity/Q126875543
http://www.wikidata.org/entity/Q126949787,http://www.wikidata.org/prop/direct/P195,http://www.wikidata.org/entity/Q132817615
http://www.wikidata.org/entity/Q126949787,http://www.wikidata.org/prop/direct/P217,163
http://www.wikidata.org/entity/Q126949787,http://www.wikidata.org/prop/direct/P217,KHW127
http://www.wikidata.org/entity/Q126949787,http://www.wikidata.org/prop/direct/P625,Point(-7.344272 52.62132)
http://www.wikidata.org/entity/Q126949787,http://www.wikidata.org/prop/direct/P841,http://www.wikidata.org/entity/Q154502
http://www.wikidata.org/entity/Q126949787,http://www.wikidata.org/prop/direct/P1343,http://www.wikidata.org/entity/Q126473056
http://www.wikidata.org/entity/Q126949787,http://www.wikidata.org/prop/direct/P1343,http://www.wikidata.org/entity/Q126528008
http://www.wikidata.org/entity/Q126949787,http://www.wikidata.org/prop/direct/P1343,http://www.wikidata.org/entity/Q126875543
http://www.wikidata.org/entity/Q126949787,http://www.wikidata.org/prop/direct/P1343,http://www.wikidata.org/entity/Q130284129
http://www.wikidata.org/entity/Q126949787,http://www.wikidata.org/prop/direct/P1343,http://www.wikidata.org/entity/Q130308814
http://www.wikidata.org/entity/Q126949787,http://www.wikidata.org/prop/direct/P1343,http://www.wikidata.org/entity/Q130458689
http://www.wikidata.org/entity/Q126949787,http://www.wikidata.org/prop/direct/P1343,http://www.wikidata.org/entity/Q132817615
http://www.wikidata.org/entity/Q126949787,http://www.wikidata.org/prop/direct/P4057,KK018-095----
http://www.wikidata.org/entity/Q126681001,http://www.wikidata.org/prop/direct/P708,http://www.wikidata.org/entity/Q873607
http://www.wikidata.org/entity/Q126681001,http://www.wikidata.org/prop/direct/P1343,http://www.wikidata.org/entity/Q126374601
http://www.wikidata.org/entity/Q126681001,http://www.wikidata.org/prop/direct/P1343,http://www.wikidata.org/entity/Q126393245
http://www.wikidata.org/entity/Q126681001,http://www.wikidata.org/prop/direct/P1343,http://www.wikidata.org/entity/Q126456421
http://www.wikidata.org/entity/Q126681001,http://www.wikidata.org/prop/direct/P1343,http://www.wikidata.org/entity/Q126474972
http://www.wikidata.org/entity/Q126681001,http://www.wikidata.org/prop/direct/P1343,http://www.wikidata.org/entity/Q126528008
http://www.wikidata.org/entity/Q126681001,http://www.wikidata.org/prop/direct/P1343,http://www.wikidata.org/entity/Q126871352
http://www.wikidata.org/entity/Q126681001,http://www.wikidata.org/prop/direct/P1343,http://www.wikidata.org/entity/Q126875543
http://www.wikidata.org/entity/Q126681001,http://www.wikidata.org/prop/direct/P1343,http://www.wikidata.org/entity/Q130265908
http://www.wikidata.org/entity/Q126681001,http://www.wikidata.org/prop/direct/P1343,http://www.wikidata.org/entity/Q130284129
http://www.wikidata.org/entity/Q126681001,http://www.wikidata.org/prop/direct/P1343,http://www.wikidata.org/entity/Q132817615
http://www.wikidata.org/entity/Q126681001,http://www.wikidata.org/prop/direct/P11693,7416988427
http://www.wikidata.org/entity/Q126681256,http://www.wikidata.org/prop/direct/P17,http://www.wikidata.org/entity/Q27
http://www.wikidata.org/entity/Q126681256,http://www.wikidata.org/prop/direct/P31,http://www.wikidata.org/entity/Q1371047
http://www.wikidata.org/entity/Q126681256,http://www.wikidata.org/prop/direct/P31,http://www.wikidata.org/entity/Q126443332
http://www.wikidata.org/entity/Q126681256,http://www.wikidata.org/prop/direct/P131,http://www.wikidata.org/entity/Q180231
http://www.wikidata.org/entity/Q126681256,http://www.wikidata.org/prop/direct/P131,http://www.wikidata.org/entity/Q104266262
http://www.wikidata.org/entity/Q126681256,http://www.wikidata.org/prop/direct/P138,http://www.wikidata.org/entity/Q80979
http://www.wikidata.org/entity/Q126681256,http://www.wikidata.org/prop/direct/P195,http://www.wikidata.org/entity/Q126875543
http://www.wikidata.org/entity/Q126681256,http://www.wikidata.org/prop/direct/P195,http://www.wikidata.org/entity/Q132817615
http://www.wikidata.org/entity/Q126681256,http://www.wikidata.org/prop/direct/P217,99
http://www.wikidata.org/entity/Q126681256,http://www.wikidata.org/prop/direct/P217,KHW116
http://www.wikidata.org/entity/Q126681256,http://www.wikidata.org/prop/direct/P625,Point(-7.0589943 52.3689138)
http://www.wikidata.org/entity/Q126681256,http://www.wikidata.org/prop/direct/P708,http://www.wikidata.org/entity/Q873607
http://www.wikidata.org/entity/Q126681256,http://www.wikidata.org/prop/direct/P1343,http://www.wikidata.org/entity/Q126374601
http://www.wikidata.org/entity/Q126681256,http://www.wikidata.org/prop/direct/P1343,http://www.wikidata.org/entity/Q126393245
http://www.wikidata.org/entity/Q126681256,http://www.wikidata.org/prop/direct/P1343,http://www.wikidata.org/entity/Q126456421
http://www.wikidata.org/entity/Q126681256,http://www.wikidata.org/prop/direct/P1343,http://www.wikidata.org/entity/Q126474972
http://www.wikidata.org/entity/Q126681256,http://www.wikidata.org/prop/direct/P1343,http://www.wikidata.org/entity/Q126875543
http://www.wikidata.org/entity/Q126681256,http://www.wikidata.org/prop/direct/P1343,http://www.wikidata.org/entity/Q129907246
http://www.wikidata.org/entity/Q126681256,http://www.wikidata.org/prop/direct/P1343,http://www.wikidata.org/entity/Q130284129
http://www.wikidata.org/entity/Q126681256,http://www.wikidata.org/prop/direct/P1343,http://www.wikidata.org/entity/Q130308814
http://www.wikidata.org/entity/Q126681256,http://www.wikidata.org/prop/direct/P1343,http://www.wikidata.org/entity/Q132817615
http://www.wikidata.org/entity/Q126681256,http://www.wikidata.org/prop/direct/P4057,KK040-046----
http://www.wikidata.org/entity/Q126685062,http://www.wikidata.org/prop/direct/P17,http://www.wikidata.org/entity/Q27
http://www.wikidata.org/entity/Q126685062,http://www.wikidata.org/prop/direct/P18,http://commons.wikimedia.org/wiki/Special:FilePath/Lacken%20Well%20Kilkenny.jpg
http://www.wikidata.org/entity/Q126685062,http://www.wikidata.org/prop/direct/P31,http://www.wikidata.org/entity/Q1371047
http://www.wikidata.org/entity/Q126685062,http://www.wikidata.org/prop/direct/P31,http://www.wikidata.org/entity/Q126443332
http://www.wikidata.org/entity/Q126685062,http://www.wikidata.org/prop/direct/P131,http://www.wikidata.org/entity/Q109092
http://www.wikidata.org/entity/Q126685062,http://www.wikidata.org/prop/direct/P131,http://www.wikidata.org/entity/Q180231
http://www.wikidata.org/entity/Q126685062,http://www.wikidata.org/prop/direct/P138,http://www.wikidata.org/entity/Q944588
http://www.wikidata.org/entity/Q126685062,http://www.wikidata.org/prop/direct/P195,http://www.wikidata.org/entity/Q132817615
http://www.wikidata.org/entity/Q126685062,http://www.wikidata.org/prop/direct/P217,KHW115
http://www.wikidata.org/entity/Q126454954,http://www.wikidata.org/prop/direct/P1343,http://www.wikidata.org/entity/Q130284129
http://www.wikidata.org/entity/Q126454954,http://www.wikidata.org/prop/direct/P1343,http://www.wikidata.org/entity/Q130308814
http://www.wikidata.org/entity/Q126454954,http://www.wikidata.org/prop/direct/P1343,http://www.wikidata.org/entity/Q132817615
http://www.wikidata.org/entity/Q126454954,http://www.wikidata.org/prop/direct/P4057,KK028-066----
http://www.wikidata.org/entity/Q126454954,http://www.wikidata.org/prop/direct/P11693,8513793048
http://www.wikidata.org/entity/Q126456399,http://www.wikidata.org/prop/direct/P17,http://www.wikidata.org/entity/Q27
http://www.wikidata.org/entity/Q126456399,http://www.wikidata.org/prop/direct/P31,http://www.wikidata.org/entity/Q1371047
http://www.wikidata.org/entity/Q126456399,http://www.wikidata.org/prop/direct/P31,http://www.wikidata.org/entity/Q126443332
http://www.wikidata.org/entity/Q126456399,http://www.wikidata.org/prop/direct/P131,http://www.wikidata.org/entity/Q180231
http://www.wikidata.org/entity/Q126456399,http://www.wikidata.org/prop/direct/P131,http://www.wikidata.org/entity/Q60554507
http://www.wikidata.org/entity/Q126456399,http://www.wikidata.org/prop/direct/P138,http://www.wikidata.org/entity/Q2280421
http://www.wikidata.org/entity/Q126456399,http://www.wikidata.org/prop/direct/P195,http://www.wikidata.org/entity/Q126875543
http://www.wikidata.org/entity/Q126456399,http://www.wikidata.org/prop/direct/P195,http://www.wikidata.org/entity/Q132817615
http://www.wikidata.org/entity/Q126456399,http://www.wikidata.org/prop/direct/P217,32
http://www.wikidata.org/entity/Q126456399,http://www.wikidata.org/prop/direct/P217,KHW055
http://www.wikidata.org/entity/Q126456399,http://www.wikidata.org/prop/direct/P625,Point(-7.0504285 52.507721)
http://www.wikidata.org/entity/Q126456399,http://www.wikidata.org/prop/direct/P708,http://www.wikidata.org/entity/Q873607
http://www.wikidata.org/entity/Q126456399,http://www.wikidata.org/prop/direct/P1343,http://www.wikidata.org/entity/Q120966194
http://www.wikidata.org/entity/Q126456399,http://www.wikidata.org/prop/direct/P1343,http://www.wikidata.org/entity/Q126374601
http://www.wikidata.org/entity/Q126456399,http://www.wikidata.org/prop/direct/P1343,http://www.wikidata.org/entity/Q126393245
http://www.wikidata.org/entity/Q126456399,http://www.wikidata.org/prop/direct/P1343,http://www.wikidata.org/entity/Q126456421
http://www.wikidata.org/entity/Q126456399,http://www.wikidata.org/prop/direct/P1343,http://www.wikidata.org/entity/Q126474972
http://www.wikidata.org/entity/Q126456399,http://www.wikidata.org/prop/direct/P1343,http://www.wikidata.org/entity/Q126528008
http://www.wikidata.org/entity/Q126456399,http://www.wikidata.org/prop/direct/P1343,http://www.wikidata.org/entity/Q126540348
http://www.wikidata.org/entity/Q126456399,http://www.wikidata.org/prop/direct/P1343,http://www.wikidata.org/entity/Q126871352
http://www.wikidata.org/entity/Q126456399,http://www.wikidata.org/prop/direct/P1343,http://www.wikidata.org/entity/Q126875543
http://www.wikidata.org/entity/Q126456399,http://www.wikidata.org/prop/direct/P1343,http://www.wikidata.org/entity/Q130284129
http://www.wikidata.org/entity/Q126456399,http://www.wikidata.org/prop/direct/P1343,http://www.wikidata.org/entity/Q132817615
http://www.wikidata.org/entity/Q126456399,http://www.wikidata.org/prop/direct/P4057,KK029-026----
http://www.wikidata.org/entity/Q126456399,http://www.wikidata.org/prop/direct/P11693,8280023083
http://www.wikidata.org/entity/Q126456441,http://www.wikidata.org/prop/direct/P10,http://commons.wikimedia.org/wiki/Special:FilePath/St%20Colombkille%27s%20Well.webm
http://www.wikidata.org/entity/Q126456441,http://www.wikidata.org/prop/direct/P17,http://www.wikidata.org/entity/Q27
http://www.wikidata.org/entity/Q126456441,http://www.wikidata.org/prop/direct/P18,http://commons.wikimedia.org/wiki/Special:FilePath/Inistioge%20Saint%20Columbkille%27s%20Well.png
http://www.wikidata.org/entity/Q126456441,http://www.wikidata.org/prop/direct/P18,http://commons.wikimedia.org/wiki/Special:FilePath/Water%20source%20at%20Columbkille%27s%20Well.jpg
http://www.wikidata.org/entity/Q126456441,http://www.wikidata.org/prop/direct/P18,http://commons.wikimedia.org/wiki/Special:FilePath/Water%20tap%20from%20Columbkille%27s%20Well.jpg
http://www.wikidata.org/entity/Q126456441,http://www.wikidata.org/prop/direct/P31,http://www.wikidata.org/entity/Q839954
http://www.wikidata.org/entity/Q126456441,http://www.wikidata.org/prop/direct/P31,http://www.wikidata.org/entity/Q1371047
http://www.wikidata.org/entity/Q126456441,http://www.wikidata.org/prop/direct/P31,http://www.wikidata.org/entity/Q10713454
http://www.wikidata.org/entity/Q126456441,http://www.wikidata.org/prop/direct/P31,http://www.wikidata.org/entity/Q126443332
http://www.wikidata.org/entity/Q126454785,http://www.wikidata.org/prop/direct/P17,http://www.wikidata.org/entity/Q27
http://www.wikidata.org/entity/Q126454785,http://www.wikidata.org/prop/direct/P18,http://commons.wikimedia.org/wiki/Special:FilePath/Possible%20location%20of%20Tobernapeastia.jpg
http://www.wikidata.org/entity/Q126454785,http://www.wikidata.org/prop/direct/P31,http://www.wikidata.org/entity/Q124714
http://www.wikidata.org/entity/Q126454785,http://www.wikidata.org/prop/direct/P31,http://www.wikidata.org/entity/Q1371047
http://www.wikidata.org/entity/Q126454785,http://www.wikidata.org/prop/direct/P31,http://www.wikidata.org/entity/Q126443332
http://www.wikidata.org/entity/Q126454785,http://www.wikidata.org/prop/direct/P131,http://www.wikidata.org/entity/Q180231
http://www.wikidata.org/entity/Q126454785,http://www.wikidata.org/prop/direct/P131,http://www.wikidata.org/entity/Q60554307
http://www.wikidata.org/entity/Q126454785,http://www.wikidata.org/prop/direct/P131,http://www.wikidata.org/entity/Q104264662
http://www.wikidata.org/entity/Q126454785,http://www.wikidata.org/prop/direct/P138,http://www.wikidata.org/entity/Q2102
http://www.wikidata.org/entity/Q126454785,http://www.wikidata.org/prop/direct/P138,http://www.wikidata.org/entity/Q1909343
http://www.wikidata.org/entity/Q126454785,http://www.wikidata.org/prop/direct/P195,http://www.wikidata.org/entity/Q126875543
http://www.wikidata.org/entity/Q126454785,http://www.wikidata.org/prop/direct/P195,http://www.wikidata.org/entity/Q132817615
http://www.wikidata.org/entity/Q126454785,http://www.wikidata.org/prop/direct/P217,174
http://www.wikidata.org/entity/Q126454785,http://www.wikidata.org/prop/direct/P217,KHW099
http://www.wikidata.org/entity/Q126454785,http://www.wikidata.org/prop/direct/P373,Tobernapeastia
http://www.wikidata.org/entity/Q126454785,http://www.wikidata.org/prop/direct/P625,Point(-7.420264 52.7358354)
http://www.wikidata.org/entity/Q126454785,http://www.wikidata.org/prop/direct/P708,http://www.wikidata.org/entity/Q873607
http://www.wikidata.org/entity/Q126454785,http://www.wikidata.org/prop/direct/P1343,http://www.wikidata.org/entity/Q116166792
http://www.wikidata.org/entity/Q126454785,http://www.wikidata.org/prop/direct/P1343,http://www.wikidata.org/entity/Q120966194
http://www.wikidata.org/entity/Q126454785,http://www.wikidata.org/prop/direct/P1343,http://www.wikidata.org/entity/Q126374601
http://www.wikidata.org/entity/Q126454785,http://www.wikidata.org/prop/direct/P1343,http://www.wikidata.org/entity/Q126393245
http://www.wikidata.org/entity/Q126454785,http://www.wikidata.org/prop/direct/P1343,http://www.wikidata.org/entity/Q126474972
http://www.wikidata.org/entity/Q126454785,http://www.wikidata.org/prop/direct/P1343,http://www.wikidata.org/entity/Q126871352
http://www.wikidata.org/entity/Q126454785,http://www.wikidata.org/prop/direct/P1343,http://www.wikidata.org/entity/Q126875543
http://www.wikidata.org/entity/Q126454785,http://www.wikidata.org/prop/direct/P1343,http://www.wikidata.org/entity/Q129181072
http://www.wikidata.org/entity/Q126454785,http://www.wikidata.org/prop/direct/P1343,http://www.wikidata.org/entity/Q130284129
http://www.wikidata.org/entity/Q126454785,http://www.wikidata.org/prop/direct/P1343,http://www.wikidata.org/entity/Q130308814
http://www.wikidata.org/entity/Q126454785,http://www.wikidata.org/prop/direct/P1343,http://www.wikidata.org/entity/Q131192390
http://www.wikidata.org/entity/Q126454785,http://www.wikidata.org/prop/direct/P1343,http://www.wikidata.org/entity/Q132817615
http://www.wikidata.org/entity/Q126454785,http://www.wikidata.org/prop/direct/P4057,KK009-064----
http://www.wikidata.org/entity/Q126454785,http://www.wikidata.org/prop/direct/P11693,7017364370
http://www.wikidata.org/entity/Q126454804,http://www.wikidata.org/prop/direct/P17,http://www.wikidata.org/entity/Q27
http://www.wikidata.org/entity/Q126454804,http://www.wikidata.org/prop/direct/P18,http://commons.wikimedia.org/wiki/Special:FilePath/Looking%20towards%20Saint%20Elakan%27s%20Well.jpg
http://www.wikidata.org/entity/Q126454804,http://www.wikidata.org/prop/direct/P31,http://www.wikidata.org/entity/Q1371047
http://www.wikidata.org/entity/Q126454804,http://www.wikidata.org/prop/direct/P31,http://www.wikidata.org/entity/Q126443332
http://www.wikidata.org/entity/Q126454804,http://www.wikidata.org/prop/direct/P131,http://www.wikidata.org/entity/Q180231
http://www.wikidata.org/entity/Q126454804,http://www.wikidata.org/prop/direct/P131,http://www.wikidata.org/entity/Q60554348
http://www.wikidata.org/entity/Q126454804,http://www.wikidata.org/prop/direct/P131,http://www.wikidata.org/entity/Q104264421
http://www.wikidata.org/entity/Q126454804,http://www.wikidata.org/prop/direct/P195,http://www.wikidata.org/entity/Q126875543
http://www.wikidata.org/entity/Q126454804,http://www.wikidata.org/prop/direct/P195,http://www.wikidata.org/entity/Q132817615
http://www.wikidata.org/entity/Q126454804,http://www.wikidata.org/prop/direct/P217,158
http://www.wikidata.org/entity/Q126454804,http://www.wikidata.org/prop/direct/P217,KHW096
http://www.wikidata.org/entity/Q126454804,http://www.wikidata.org/prop/direct/P625,Point(-7.4985966 52.7742288)
http://www.wikidata.org/entity/Q126454804,http://www.wikidata.org/prop/direct/P708,http://www.wikidata.org/entity/Q873607
http://www.wikidata.org/entity/Q126454804,http://www.wikidata.org/prop/direct/P1343,http://www.wikidata.org/entity/Q116166792
http://www.wikidata.org/entity/Q126454804,http://www.wikidata.org/prop/direct/P1343,http://www.wikidata.org/entity/Q120966194
http://www.wikidata.org/entity/Q126454804,http://www.wikidata.org/prop/direct/P1343,http://www.wikidata.org/entity/Q126374601
http://www.wikidata.org/entity/Q126454804,http://www.wikidata.org/prop/direct/P1343,http://www.wikidata.org/entity/Q126393245
http://www.wikidata.org/entity/Q126454804,http://www.wikidata.org/prop/direct/P1343,http://www.wikidata.org/entity/Q126474972
http://www.wikidata.org/entity/Q126454804,http://www.wikidata.org/prop/direct/P1343,http://www.wikidata.org/entity/Q126875543
http://www.wikidata.org/entity/Q126454804,http://www.wikidata.org/prop/direct/P1343,http://www.wikidata.org/entity/Q129998019
http://www.wikidata.org/entity/Q126454804,http://www.wikidata.org/prop/direct/P1343,http://www.wikidata.org/entity/Q130308814
http://www.wikidata.org/entity/Q126454804,http://www.wikidata.org/prop/direct/P1343,http://www.wikidata.org/entity/Q132817615
http://www.wikidata.org/entity/Q126454804,http://www.wikidata.org/prop/direct/P1343,http://www.wikidata.org/entity/Q133263165
http://www.wikidata.org/entity/Q126454804,http://www.wikidata.org/prop/direct/P2175,http://www.wikidata.org/entity/Q21077147
http://www.wikidata.org/entity/Q126454804,http://www.wikidata.org/prop/direct/P4057,KK008-132----
http://www.wikidata.org/entity/Q126454804,http://www.wikidata.org/prop/direct/P11693,6153432366
http://www.wikidata.org/entity/Q126454823,http://www.wikidata.org/prop/direct/P17,http://www.wikidata.org/entity/Q27
http://www.wikidata.org/entity/Q126454823,http://www.wikidata.org/prop/direct/P31,http://www.wikidata.org/entity/Q43483
http://www.wikidata.org/entity/Q126454823,http://www.wikidata.org/prop/direct/P31,http://www.wikidata.org/entity/Q1371047
http://www.wikidata.org/entity/Q126454823,http://www.wikidata.org/prop/direct/P31,http://www.wikidata.org/entity/Q126443332
http://www.wikidata.org/entity/Q126454823,http://www.wikidata.org/prop/direct/P131,http://www.wikidata.org/entity/Q180231
http://www.wikidata.org/entity/Q126454823,http://www.wikidata.org/prop/direct/P131,http://www.wikidata.org/entity/Q1131989
http://www.wikidata.org/entity/Q126454823,http://www.wikidata.org/prop/direct/P131,http://www.wikidata.org/entity/Q60554376
http://www.wikidata.org/entity/Q126454823,http://www.wikidata.org/prop/direct/P138,http://www.wikidata.org/entity/Q165479
http://www.wikidata.org/entity/Q126454823,http://www.wikidata.org/prop/direct/P195,http://www.wikidata.org/entity/Q132817615
http://www.wikidata.org/entity/Q126454823,http://www.wikidata.org/prop/direct/P217,KHW073
http://www.wikidata.org/entity/Q126454823,http://www.wikidata.org/prop/direct/P625,Point(-7.0723801 52.6272302)
http://www.wikidata.org/entity/Q126454823,http://www.wikidata.org/prop/direct/P708,http://www.wikidata.org/entity/Q873607
http://www.wikidata.org/entity/Q126454823,http://www.wikidata.org/prop/direct/P1343,http://www.wikidata.org/entity/Q120966194
http://www.wikidata.org/entity/Q126454823,http://www.wikidata.org/prop/direct/P1343,http://www.wikidata.org/entity/Q126393245
http://www.wikidata.org/entity/Q126454823,http://www.wikidata.org/prop/direct/P1343,http://www.wikidata.org/entity/Q126540348
http://www.wikidata.org/entity/Q126454823,http://www.wikidata.org/prop/direct/P1343,http://www.wikidata.org/entity/Q126555558
http://www.wikidata.org/entity/Q126454823,http://www.wikidata.org/prop/direct/P1343,http://www.wikidata.org/entity/Q130284129
http://www.wikidata.org/entity/Q126454823,http://www.wikidata.org/prop/direct/P1343,http://www.wikidata.org/entity/Q132817615
http://www.wikidata.org/entity/Q126454823,http://www.wikidata.org/prop/direct/P4057,KK020-060017-
http://www.wikidata.org/entity/Q126454823,http://www.wikidata.org/prop/direct/P11693,11124677772
http://www.wikidata.org/entity/Q126443543,http://www.wikidata.org/prop/direct/P217,KHW089
http://www.wikidata.org/entity/Q126443543,http://www.wikidata.org/prop/direct/P625,Point(-7.5555955 52.7225113)
http://www.wikidata.org/entity/Q126443543,http://www.wikidata.org/prop/direct/P708,http://www.wikidata.org/entity/Q873607
http://www.wikidata.org/entity/Q126443543,http://www.wikidata.org/prop/direct/P1343,http://www.wikidata.org/entity/Q116166792
http://www.wikidata.org/entity/Q126443543,http://www.wikidata.org/prop/direct/P1343,http://www.wikidata.org/entity/Q120966194
http://www.wikidata.org/entity/Q126443543,http://www.wikidata.org/prop/direct/P1343,http://www.wikidata.org/entity/Q126374601
http://www.wikidata.org/entity/Q126443543,http://www.wikidata.org/prop/direct/P1343,http://www.wikidata.org/entity/Q126393245
http://www.wikidata.org/entity/Q126443543,http://www.wikidata.org/prop/direct/P1343,http://www.wikidata.org/entity/Q126474972
http://www.wikidata.org/entity/Q126443543,http://www.wikidata.org/prop/direct/P1343,http://www.wikidata.org/entity/Q126528008
http://www.wikidata.org/entity/Q126443543,http://www.wikidata.org/prop/direct/P1343,http://www.wikidata.org/entity/Q126540348
http://www.wikidata.org/entity/Q126443543,http://www.wikidata.org/prop/direct/P1343,http://www.wikidata.org/entity/Q126555558
http://www.wikidata.org/entity/Q126443543,http://www.wikidata.org/prop/direct/P1343,http://www.wikidata.org/entity/Q126875543
http://www.wikidata.org/entity/Q126443543,http://www.wikidata.org/prop/direct/P1343,http://www.wikidata.org/entity/Q129407299
http://www.wikidata.org/entity/Q126443543,http://www.wikidata.org/prop/direct/P1343,http://www.wikidata.org/entity/Q130308814
http://www.wikidata.org/entity/Q126443543,http://www.wikidata.org/prop/direct/P1343,http://www.wikidata.org/entity/Q132817615
http://www.wikidata.org/entity/Q126443543,http://www.wikidata.org/prop/direct/P4057,KK012-007----
http://www.wikidata.org/entity/Q126443543,http://www.wikidata.org/prop/direct/P11693,11124070372
http://www.wikidata.org/entity/Q126445800,http://www.wikidata.org/prop/direct/P17,http://www.wikidata.org/entity/Q27
http://www.wikidata.org/entity/Q126445800,http://www.wikidata.org/prop/direct/P31,http://www.wikidata.org/entity/Q1371047
http://www.wikidata.org/entity/Q126445800,http://www.wikidata.org/prop/direct/P31,http://www.wikidata.org/entity/Q126443332
http://www.wikidata.org/entity/Q126445800,http://www.wikidata.org/prop/direct/P131,http://www.wikidata.org/entity/Q180231
http://www.wikidata.org/entity/Q126445800,http://www.wikidata.org/prop/direct/P131,http://www.wikidata.org/entity/Q60553644
http://www.wikidata.org/entity/Q126445800,http://www.wikidata.org/prop/direct/P138,http://www.wikidata.org/entity/Q1277655
http://www.wikidata.org/entity/Q126445800,http://www.wikidata.org/prop/direct/P195,http://www.wikidata.org/entity/Q126875543
http://www.wikidata.org/entity/Q126445800,http://www.wikidata.org/prop/direct/P195,http://www.wikidata.org/entity/Q132817615
http://www.wikidata.org/entity/Q126445800,http://www.wikidata.org/prop/direct/P217,29
http://www.wikidata.org/entity/Q126445800,http://www.wikidata.org/prop/direct/P217,KHW093
http://www.wikidata.org/entity/Q126445800,http://www.wikidata.org/prop/direct/P625,Point(-7.2930503 52.5844902)
http://www.wikidata.org/entity/Q126445800,http://www.wikidata.org/prop/direct/P708,http://www.wikidata.org/entity/Q873607
http://www.wikidata.org/entity/Q126445800,http://www.wikidata.org/prop/direct/P841,http://www.wikidata.org/entity/Q2286
http://www.wikidata.org/entity/Q126445800,http://www.wikidata.org/prop/direct/P1343,http://www.wikidata.org/entity/Q120966194
http://www.wikidata.org/entity/Q126445800,http://www.wikidata.org/prop/direct/P1343,http://www.wikidata.org/entity/Q126374601
http://www.wikidata.org/entity/Q126445800,http://www.wikidata.org/prop/direct/P1343,http://www.wikidata.org/entity/Q126454465
http://www.wikidata.org/entity/Q126445800,http://www.wikidata.org/prop/direct/P1343,http://www.wikidata.org/entity/Q126474972
http://www.wikidata.org/entity/Q126445800,http://www.wikidata.org/prop/direct/P1343,http://www.wikidata.org/entity/Q126528008
http://www.wikidata.org/entity/Q126445800,http://www.wikidata.org/prop/direct/P1343,http://www.wikidata.org/entity/Q126871352
http://www.wikidata.org/entity/Q126445800,http://www.wikidata.org/prop/direct/P1343,http://www.wikidata.org/entity/Q126875543
http://www.wikidata.org/entity/Q126445800,http://www.wikidata.org/prop/direct/P1343,http://www.wikidata.org/entity/Q127619817
http://www.wikidata.org/entity/Q126445800,http://www.wikidata.org/prop/direct/P1343,http://www.wikidata.org/entity/Q130284129
http://www.wikidata.org/entity/Q126445800,http://www.wikidata.org/prop/direct/P1343,http://www.wikidata.org/entity/Q130308814
http://www.wikidata.org/entity/Q126445800,http://www.wikidata.org/prop/direct/P1343,http://www.wikidata.org/entity/Q130372700
http://www.wikidata.org/entity/Q126445800,http://www.wikidata.org/prop/direct/P1343,http://www.wikidata.org/entity/Q130471945
http://www.wikidata.org/entity/Q126445800,http://www.wikidata.org/prop/direct/P1343,http://www.wikidata.org/entity/Q132817615
http://www.wikidata.org/entity/Q126445800,http://www.wikidata.org/prop/direct/P4057,KK023-053003-
http://www.wikidata.org/entity/Q126445800,http://www.wikidata.org/prop/direct/P11693,8515142213
http://www.wikidata.org/entity/Q126454422,http://www.wikidata.org/prop/direct/P31,http://www.wikidata.org/entity/Q126443332
http://www.wikidata.org/entity/Q126454422,http://www.wikidata.org/prop/direct/P131,http://www.wikidata.org/entity/Q180231
http://www.wikidata.org/entity/Q126454422,http://www.wikidata.org/prop/direct/P131,http://www.wikidata.org/entity/Q60554190
http://www.wikidata.org/entity/Q126454422,http://www.wikidata.org/prop/direct/P131,http://www.wikidata.org/entity/Q104265202
http://www.wikidata.org/entity/Q126454422,http://www.wikidata.org/prop/direct/P138,http://www.wikidata.org/entity/Q558148
http://www.wikidata.org/entity/Q126454422,http://www.wikidata.org/prop/direct/P138,http://www.wikidata.org/entity/Q130535426
http://www.wikidata.org/entity/Q126454422,http://www.wikidata.org/prop/direct/P195,http://www.wikidata.org/entity/Q126875543
http://www.wikidata.org/entity/Q126454422,http://www.wikidata.org/prop/direct/P195,http://www.wikidata.org/entity/Q132817615
http://www.wikidata.org/entity/Q126454422,http://www.wikidata.org/prop/direct/P217,64
http://www.wikidata.org/entity/Q126454422,http://www.wikidata.org/prop/direct/P217,KHW034
http://www.wikidata.org/entity/Q126454422,http://www.wikidata.org/prop/direct/P373,"St Leonard's Well, Dunnamaggan"
http://www.wikidata.org/entity/Q126454422,http://www.wikidata.org/prop/direct/P625,Point(-7.2955635 52.5006254)
http://www.wikidata.org/entity/Q126454422,http://www.wikidata.org/prop/direct/P708,http://www.wikidata.org/entity/Q873607
http://www.wikidata.org/entity/Q126454422,http://www.wikidata.org/prop/direct/P841,http://www.wikidata.org/entity/Q2992
http://www.wikidata.org/entity/Q126454422,http://www.wikidata.org/prop/direct/P973,https://kclr96fm.com/documentary/episode-7-st-leonards-well/
http://www.wikidata.org/entity/Q126454422,http://www.wikidata.org/prop/direct/P973,https://pilgrimagemedievalireland.com/2020/11/08/st-leonards-holy-well-at-dunnamaggin-co-kilkenny/
http://www.wikidata.org/entity/Q126454422,http://www.wikidata.org/prop/direct/P973,https://seamussweeney.net/2017/05/17/st-leonards-well-dunnamaggin-kilkenny/
http://www.wikidata.org/entity/Q126454422,http://www.wikidata.org/prop/direct/P1325,https://sketchfab.com/3d-models/st-leonards-well-c6e89f2e2ae147ba90553a3a16fda690
http://www.wikidata.org/entity/Q126454422,http://www.wikidata.org/prop/direct/P1343,http://www.wikidata.org/entity/Q120966194
http://www.wikidata.org/entity/Q126454422,http://www.wikidata.org/prop/direct/P1343,http://www.wikidata.org/entity/Q126374601
http://www.wikidata.org/entity/Q126454422,http://www.wikidata.org/prop/direct/P1343,http://www.wikidata.org/entity/Q126393245
http://www.wikidata.org/entity/Q126454422,http://www.wikidata.org/prop/direct/P1343,http://www.wikidata.org/entity/Q126456421
http://www.wikidata.org/entity/Q126454422,http://www.wikidata.org/prop/direct/P1343,http://www.wikidata.org/entity/Q126474972
http://www.wikidata.org/entity/Q126454422,http://www.wikidata.org/prop/direct/P1343,http://www.wikidata.org/entity/Q126540348
http://www.wikidata.org/entity/Q126454422,http://www.wikidata.org/prop/direct/P1343,http://www.wikidata.org/entity/Q126871352
http://www.wikidata.org/entity/Q126454422,http://www.wikidata.org/prop/direct/P1343,http://www.wikidata.org/entity/Q126875543
http://www.wikidata.org/entity/Q126454422,http://www.wikidata.org/prop/direct/P1343,http://www.wikidata.org/entity/Q128034009
http://www.wikidata.org/entity/Q126454422,http://www.wikidata.org/prop/direct/P1343,http://www.wikidata.org/entity/Q130235307
http://www.wikidata.org/entity/Q126454422,http://www.wikidata.org/prop/direct/P1343,http://www.wikidata.org/entity/Q130284129
http://www.wikidata.org/entity/Q126454422,http://www.wikidata.org/prop/direct/P1343,http://www.wikidata.org/entity/Q130308814
http://www.wikidata.org/entity/Q126454422,http://www.wikidata.org/prop/direct/P1343,http://www.wikidata.org/entity/Q130479296
http://www.wikidata.org/entity/Q126454422,http://www.wikidata.org/prop/direct/P1343,http://www.wikidata.org/entity/Q132817615
http://www.wikidata.org/entity/Q126454422,http://www.wikidata.org/prop/direct/P1651,LoQOnPvmS_Q
http://www.wikidata.org/entity/Q126454422,http://www.wikidata.org/prop/direct/P4057,KK031-003001-
http://www.wikidata.org/entity/Q126454422,http://www.wikidata.org/prop/direct/P11693,7412516778
http://www.wikidata.org/entity/Q126454436,http://www.wikidata.org/prop/direct/P17,http://www.wikidata.org/entity/Q27
http://www.wikidata.org/entity/Q126454436,http://www.wikidata.org/prop/direct/P18,http://commons.wikimedia.org/wiki/Special:FilePath/Cait%20Ryder%27s%20well.jpg
http://www.wikidata.org/entity/Q126454436,http://www.wikidata.org/prop/direct/P31,http://www.wikidata.org/entity/Q43483
http://www.wikidata.org/entity/Q126454436,http://www.wikidata.org/prop/direct/P31,http://www.wikidata.org/entity/Q1371047
http://www.wikidata.org/entity/Q126454436,http://www.wikidata.org/prop/direct/P31,http://www.wikidata.org/entity/Q126443332
http://www.wikidata.org/entity/Q126454436,http://www.wikidata.org/prop/direct/P131,http://www.wikidata.org/entity/Q180231
http://www.wikidata.org/entity/Q126454393,http://www.wikidata.org/prop/direct/P1343,http://www.wikidata.org/entity/Q130308814
http://www.wikidata.org/entity/Q126454393,http://www.wikidata.org/prop/direct/P1343,http://www.wikidata.org/entity/Q132817615
http://www.wikidata.org/entity/Q126454393,http://www.wikidata.org/prop/direct/P4057,KK005-063004-
http://www.wikidata.org/entity/Q126454405,http://www.wikidata.org/prop/direct/P17,http://www.wikidata.org/entity/Q27
http://www.wikidata.org/entity/Q126454405,http://www.wikidata.org/prop/direct/P18,http://commons.wikimedia.org/wiki/Special:FilePath/Area%20of%20St.%20Finan%27s%20Well.jpg
http://www.wikidata.org/entity/Q126454405,http://www.wikidata.org/prop/direct/P31,http://www.wikidata.org/entity/Q1371047
http://www.wikidata.org/entity/Q126454405,http://www.wikidata.org/prop/direct/P31,http://www.wikidata.org/entity/Q126443332
http://www.wikidata.org/entity/Q126454405,http://www.wikidata.org/prop/direct/P131,http://www.wikidata.org/entity/Q180231
http://www.wikidata.org/entity/Q126454405,http://www.wikidata.org/prop/direct/P131,http://www.wikidata.org/entity/Q60554020
http://www.wikidata.org/entity/Q126454405,http://www.wikidata.org/prop/direct/P131,http://www.wikidata.org/entity/Q104265087
http://www.wikidata.org/entity/Q126454405,http://www.wikidata.org/prop/direct/P138,http://www.wikidata.org/entity/Q622223
http://www.wikidata.org/entity/Q126454405,http://www.wikidata.org/prop/direct/P195,http://www.wikidata.org/entity/Q126875543
http://www.wikidata.org/entity/Q126454405,http://www.wikidata.org/prop/direct/P195,http://www.wikidata.org/entity/Q132817615
http://www.wikidata.org/entity/Q126454405,http://www.wikidata.org/prop/direct/P217,171
http://www.wikidata.org/entity/Q126454405,http://www.wikidata.org/prop/direct/P217,KHW102
http://www.wikidata.org/entity/Q126454405,http://www.wikidata.org/prop/direct/P373,"Saint Finan's Well, Tinnalintan"
http://www.wikidata.org/entity/Q126454405,http://www.wikidata.org/prop/direct/P625,Point(-7.3331526 52.8193781)
http://www.wikidata.org/entity/Q126454405,http://www.wikidata.org/prop/direct/P708,http://www.wikidata.org/entity/Q873607
http://www.wikidata.org/entity/Q126454405,http://www.wikidata.org/prop/direct/P1343,http://www.wikidata.org/entity/Q116166792
http://www.wikidata.org/entity/Q126454405,http://www.wikidata.org/prop/direct/P1343,http://www.wikidata.org/entity/Q120966194
http://www.wikidata.org/entity/Q126454405,http://www.wikidata.org/prop/direct/P1343,http://www.wikidata.org/entity/Q126374601
http://www.wikidata.org/entity/Q126454405,http://www.wikidata.org/prop/direct/P1343,http://www.wikidata.org/entity/Q126393245
http://www.wikidata.org/entity/Q126454405,http://www.wikidata.org/prop/direct/P1343,http://www.wikidata.org/entity/Q126474972
http://www.wikidata.org/entity/Q126454405,http://www.wikidata.org/prop/direct/P1343,http://www.wikidata.org/entity/Q126871352
http://www.wikidata.org/entity/Q126454405,http://www.wikidata.org/prop/direct/P1343,http://www.wikidata.org/entity/Q126875543
http://www.wikidata.org/entity/Q126454405,http://www.wikidata.org/prop/direct/P1343,http://www.wikidata.org/entity/Q130284129
http://www.wikidata.org/entity/Q126454405,http://www.wikidata.org/prop/direct/P1343,http://www.wikidata.org/entity/Q130308814
http://www.wikidata.org/entity/Q126454405,http://www.wikidata.org/prop/direct/P1343,http://www.wikidata.org/entity/Q132817615
http://www.wikidata.org/entity/Q126454405,http://www.wikidata.org/prop/direct/P4057,KK005-012001-
http://www.wikidata.org/entity/Q126454405,http://www.wikidata.org/prop/direct/P11693,11123986964
http://www.wikidata.org/entity/Q126454422,http://www.wikidata.org/prop/direct/P10,http://commons.wikimedia.org/wiki/Special:FilePath/Saint%20Leonard%27s%20Well.webm
http://www.wikidata.org/entity/Q126454422,http://www.wikidata.org/prop/direct/P17,http://www.wikidata.org/entity/Q27
http://www.wikidata.org/entity/Q126454422,http://www.wikidata.org/prop/direct/P18,http://commons.wikimedia.org/wiki/Special:FilePath/St%20Leonard%27s%20Well%2C%20Dunnamaggan%20-%20geograph.org.uk%20-%204277319.jpg
http://www.wikidata.org/entity/Q126454422,http://www.wikidata.org/prop/direct/P18,http://commons.wikimedia.org/wiki/Special:FilePath/St%20Leonard%27s%20Well%20flooded.jpg
http://www.wikidata.org/entity/Q126454422,http://www.wikidata.org/prop/direct/P18,http://commons.wikimedia.org/wiki/Special:FilePath/St%20Leonard%27s%20Well%20from%20a%20distance.jpg
http://www.wikidata.org/entity/Q126454422,http://www.wikidata.org/prop/direct/P31,http://www.wikidata.org/entity/Q1371047
http://www.wikidata.org/entity/Q126454471,http://www.wikidata.org/prop/direct/P31,http://www.wikidata.org/entity/Q126443332
http://www.wikidata.org/entity/Q126454471,http://www.wikidata.org/prop/direct/P131,http://www.wikidata.org/entity/Q180231
http://www.wikidata.org/entity/Q126454471,http://www.wikidata.org/prop/direct/P131,http://www.wikidata.org/entity/Q60554214
http://www.wikidata.org/entity/Q126454471,http://www.wikidata.org/prop/direct/P131,http://www.wikidata.org/entity/Q104265195
http://www.wikidata.org/entity/Q126454471,http://www.wikidata.org/prop/direct/P138,http://www.wikidata.org/entity/Q80979
http://www.wikidata.org/entity/Q126454471,http://www.wikidata.org/prop/direct/P195,http://www.wikidata.org/entity/Q126875543
http://www.wikidata.org/entity/Q126454471,http://www.wikidata.org/prop/direct/P195,http://www.wikidata.org/entity/Q132817615
http://www.wikidata.org/entity/Q126454471,http://www.wikidata.org/prop/direct/P217,142
http://www.wikidata.org/entity/Q126454471,http://www.wikidata.org/prop/direct/P217,KHW062
http://www.wikidata.org/entity/Q126454471,http://www.wikidata.org/prop/direct/P403,http://www.wikidata.org/entity/Q15238543
http://www.wikidata.org/entity/Q126454471,http://www.wikidata.org/prop/direct/P625,Point(-7.3038835 52.5426666)
http://www.wikidata.org/entity/Q126454471,http://www.wikidata.org/prop/direct/P708,http://www.wikidata.org/entity/Q873607
http://www.wikidata.org/entity/Q126454471,http://www.wikidata.org/prop/direct/P1343,http://www.wikidata.org/entity/Q120966194
http://www.wikidata.org/entity/Q126454471,http://www.wikidata.org/prop/direct/P1343,http://www.wikidata.org/entity/Q126374601
http://www.wikidata.org/entity/Q126454471,http://www.wikidata.org/prop/direct/P1343,http://www.wikidata.org/entity/Q126393245
http://www.wikidata.org/entity/Q126454471,http://www.wikidata.org/prop/direct/P1343,http://www.wikidata.org/entity/Q126454465
http://www.wikidata.org/entity/Q126454471,http://www.wikidata.org/prop/direct/P1343,http://www.wikidata.org/entity/Q126474972
http://www.wikidata.org/entity/Q126454471,http://www.wikidata.org/prop/direct/P1343,http://www.wikidata.org/entity/Q126528008
http://www.wikidata.org/entity/Q126454471,http://www.wikidata.org/prop/direct/P1343,http://www.wikidata.org/entity/Q126540348
http://www.wikidata.org/entity/Q126454471,http://www.wikidata.org/prop/direct/P1343,http://www.wikidata.org/entity/Q126875543
http://www.wikidata.org/entity/Q126454471,http://www.wikidata.org/prop/direct/P1343,http://www.wikidata.org/entity/Q127619817
http://www.wikidata.org/entity/Q126454471,http://www.wikidata.org/prop/direct/P1343,http://www.wikidata.org/entity/Q127818015
http://www.wikidata.org/entity/Q126454471,http://www.wikidata.org/prop/direct/P1343,http://www.wikidata.org/entity/Q128308754
http://www.wikidata.org/entity/Q126454471,http://www.wikidata.org/prop/direct/P1343,http://www.wikidata.org/entity/Q129907246
http://www.wikidata.org/entity/Q126454471,http://www.wikidata.org/prop/direct/P1343,http://www.wikidata.org/entity/Q130284129
http://www.wikidata.org/entity/Q126454471,http://www.wikidata.org/prop/direct/P1343,http://www.wikidata.org/entity/Q132817615
http://www.wikidata.org/entity/Q126454471,http://www.wikidata.org/prop/direct/P4057,KK027-014----
http://www.wikidata.org/entity/Q126454471,http://www.wikidata.org/prop/direct/P6375,"""about half a mile east of the Church [in Newtown], near Major Butler's House"" (OS Letter)"
http://www.wikidata.org/entity/Q126454471,http://www.wikidata.org/prop/direct/P6375,"""near Killinny on the land once owned by Colonel Mullins"""
http://www.wikidata.org/entity/Q126454471,http://www.wikidata.org/prop/direct/P11693,8515208074
http://www.wikidata.org/entity/Q126454486,http://www.wikidata.org/prop/direct/P17,http://www.wikidata.org/entity/Q27
http://www.wikidata.org/entity/Q126454486,http://www.wikidata.org/prop/direct/P31,http://www.wikidata.org/entity/Q1371047
http://www.wikidata.org/entity/Q126454486,http://www.wikidata.org/prop/direct/P31,http://www.wikidata.org/entity/Q126443332
http://www.wikidata.org/entity/Q126454486,http://www.wikidata.org/prop/direct/P131,http://www.wikidata.org/entity/Q180231
http://www.wikidata.org/entity/Q126454486,http://www.wikidata.org/prop/direct/P131,http://www.wikidata.org/entity/Q60554214
http://www.wikidata.org/entity/Q126454486,http://www.wikidata.org/prop/direct/P131,http://www.wikidata.org/entity/Q104265176
http://www.wikidata.org/entity/Q126454486,http://www.wikidata.org/prop/direct/P138,http://www.wikidata.org/entity/Q86
http://www.wikidata.org/entity/Q126454486,http://www.wikidata.org/prop/direct/P138,http://www.wikidata.org/entity/Q23640
http://www.wikidata.org/entity/Q126454486,http://www.wikidata.org/prop/direct/P195,http://www.wikidata.org/entity/Q126875543
http://www.wikidata.org/entity/Q126454486,http://www.wikidata.org/prop/direct/P195,http://www.wikidata.org/entity/Q132817615
http://www.wikidata.org/entity/Q126454486,http://www.wikidata.org/prop/direct/P217,145
http://www.wikidata.org/entity/Q126454486,http://www.wikidata.org/prop/direct/P217,KHW061
http://www.wikidata.org/entity/Q126454486,http://www.wikidata.org/prop/direct/P625,Point(-7.3114049 52.5532153)
http://www.wikidata.org/entity/Q126454486,http://www.wikidata.org/prop/direct/P708,http://www.wikidata.org/entity/Q873607
http://www.wikidata.org/entity/Q126891133,http://www.wikidata.org/prop/direct/P708,http://www.wikidata.org/entity/Q873607
http://www.wikidata.org/entity/Q126891133,http://www.wikidata.org/prop/direct/P1343,http://www.wikidata.org/entity/Q126393245
http://www.wikidata.org/entity/Q126891133,http://www.wikidata.org/prop/direct/P1343,http://www.wikidata.org/entity/Q126875543
http://www.wikidata.org/entity/Q126891207,http://www.wikidata.org/prop/direct/P17,http://www.wikidata.org/entity/Q27
http://www.wikidata.org/entity/Q126891207,http://www.wikidata.org/prop/direct/P31,http://www.wikidata.org/entity/Q1371047
http://www.wikidata.org/entity/Q126891207,http://www.wikidata.org/prop/direct/P31,http://www.wikidata.org/entity/Q126443332
http://www.wikidata.org/entity/Q126891207,http://www.wikidata.org/prop/direct/P131,http://www.wikidata.org/entity/Q180231
http://www.wikidata.org/entity/Q126891207,http://www.wikidata.org/prop/direct/P131,http://www.wikidata.org/entity/Q60554376
http://www.wikidata.org/entity/Q126891207,http://www.wikidata.org/prop/direct/P131,http://www.wikidata.org/entity/Q104266134
http://www.wikidata.org/entity/Q126891207,http://www.wikidata.org/prop/direct/P138,http://www.wikidata.org/entity/Q165479
http://www.wikidata.org/entity/Q126891207,http://www.wikidata.org/prop/direct/P195,http://www.wikidata.org/entity/Q126875543
http://www.wikidata.org/entity/Q126891207,http://www.wikidata.org/prop/direct/P195,http://www.wikidata.org/entity/Q132817615
http://www.wikidata.org/entity/Q126891207,http://www.wikidata.org/prop/direct/P217,65
http://www.wikidata.org/entity/Q126891207,http://www.wikidata.org/prop/direct/P217,KHW2-17
http://www.wikidata.org/entity/Q126891207,http://www.wikidata.org/prop/direct/P708,http://www.wikidata.org/entity/Q873607
http://www.wikidata.org/entity/Q126891207,http://www.wikidata.org/prop/direct/P1343,http://www.wikidata.org/entity/Q126393245
http://www.wikidata.org/entity/Q126891207,http://www.wikidata.org/prop/direct/P1343,http://www.wikidata.org/entity/Q126875543
http://www.wikidata.org/entity/Q126891207,http://www.wikidata.org/prop/direct/P1343,http://www.wikidata.org/entity/Q130284129
http://www.wikidata.org/entity/Q126891207,http://www.wikidata.org/prop/direct/P1343,http://www.wikidata.org/entity/Q132817615
http://www.wikidata.org/entity/Q126891250,http://www.wikidata.org/prop/direct/P17,http://www.wikidata.org/entity/Q27
http://www.wikidata.org/entity/Q126891250,http://www.wikidata.org/prop/direct/P31,http://www.wikidata.org/entity/Q1371047
http://www.wikidata.org/entity/Q126891250,http://www.wikidata.org/prop/direct/P31,http://www.wikidata.org/entity/Q126443332
http://www.wikidata.org/entity/Q126891250,http://www.wikidata.org/prop/direct/P131,http://www.wikidata.org/entity/Q180231
http://www.wikidata.org/entity/Q126891250,http://www.wikidata.org/prop/direct/P131,http://www.wikidata.org/entity/Q60553710
http://www.wikidata.org/entity/Q126891250,http://www.wikidata.org/prop/direct/P195,http://www.wikidata.org/entity/Q126875543
http://www.wikidata.org/entity/Q126891250,http://www.wikidata.org/prop/direct/P195,http://www.wikidata.org/entity/Q132817615
http://www.wikidata.org/entity/Q126891250,http://www.wikidata.org/prop/direct/P217,69
http://www.wikidata.org/entity/Q126891250,http://www.wikidata.org/prop/direct/P217,KHW117
http://www.wikidata.org/entity/Q126891250,http://www.wikidata.org/prop/direct/P708,http://www.wikidata.org/entity/Q873607
http://www.wikidata.org/entity/Q126891250,http://www.wikidata.org/prop/direct/P1343,http://www.wikidata.org/entity/Q126374601
http://www.wikidata.org/entity/Q126891250,http://www.wikidata.org/prop/direct/P1343,http://www.wikidata.org/entity/Q126393245
http://www.wikidata.org/entity/Q126891250,http://www.wikidata.org/prop/direct/P1343,http://www.wikidata.org/entity/Q126875543
http://www.wikidata.org/entity/Q126891250,http://www.wikidata.org/prop/direct/P1343,http://www.wikidata.org/entity/Q127813016
http://www.wikidata.org/entity/Q126891250,http://www.wikidata.org/prop/direct/P1343,http://www.wikidata.org/entity/Q129333352
http://www.wikidata.org/entity/Q126891250,http://www.wikidata.org/prop/direct/P1343,http://www.wikidata.org/entity/Q132817615
http://www.wikidata.org/entity/Q126891250,http://www.wikidata.org/prop/direct/P4057,KK005-038----
http://www.wikidata.org/entity/Q126903155,http://www.wikidata.org/prop/direct/P17,http://www.wikidata.org/entity/Q27
http://www.wikidata.org/entity/Q126903155,http://www.wikidata.org/prop/direct/P31,http://www.wikidata.org/entity/Q1371047
http://www.wikidata.org/entity/Q126438084,http://www.wikidata.org/prop/direct/P1343,http://www.wikidata.org/entity/Q130284129
http://www.wikidata.org/entity/Q126438084,http://www.wikidata.org/prop/direct/P1343,http://www.wikidata.org/entity/Q130308814
http://www.wikidata.org/entity/Q126438084,http://www.wikidata.org/prop/direct/P1343,http://www.wikidata.org/entity/Q132817615
http://www.wikidata.org/entity/Q126438084,http://www.wikidata.org/prop/direct/P4057,KK013-085----
http://www.wikidata.org/entity/Q126438084,http://www.wikidata.org/prop/direct/P6375,"""about 400 yards southeast of the graveyard"""
http://www.wikidata.org/entity/Q126438084,http://www.wikidata.org/prop/direct/P11693,8517739108
http://www.wikidata.org/entity/Q126442215,http://www.wikidata.org/prop/direct/P17,http://www.wikidata.org/entity/Q27
http://www.wikidata.org/entity/Q126442215,http://www.wikidata.org/prop/direct/P31,http://www.wikidata.org/entity/Q124714
http://www.wikidata.org/entity/Q126442215,http://www.wikidata.org/prop/direct/P31,http://www.wikidata.org/entity/Q1371047
http://www.wikidata.org/entity/Q126442215,http://www.wikidata.org/prop/direct/P31,http://www.wikidata.org/entity/Q126443332
http://www.wikidata.org/entity/Q126442215,http://www.wikidata.org/prop/direct/P131,http://www.wikidata.org/entity/Q180231
http://www.wikidata.org/entity/Q126442215,http://www.wikidata.org/prop/direct/P131,http://www.wikidata.org/entity/Q60553548
http://www.wikidata.org/entity/Q126442215,http://www.wikidata.org/prop/direct/P138,http://www.wikidata.org/entity/Q345
http://www.wikidata.org/entity/Q126442215,http://www.wikidata.org/prop/direct/P195,http://www.wikidata.org/entity/Q126875543
http://www.wikidata.org/entity/Q126442215,http://www.wikidata.org/prop/direct/P195,http://www.wikidata.org/entity/Q132817615
http://www.wikidata.org/entity/Q126442215,http://www.wikidata.org/prop/direct/P217,30
http://www.wikidata.org/entity/Q126442215,http://www.wikidata.org/prop/direct/P217,KHW071
http://www.wikidata.org/entity/Q126442215,http://www.wikidata.org/prop/direct/P625,Point(-7.337388 52.5205383)
http://www.wikidata.org/entity/Q126442215,http://www.wikidata.org/prop/direct/P708,http://www.wikidata.org/entity/Q873607
http://www.wikidata.org/entity/Q126442215,http://www.wikidata.org/prop/direct/P1343,http://www.wikidata.org/entity/Q120966194
http://www.wikidata.org/entity/Q126442215,http://www.wikidata.org/prop/direct/P1343,http://www.wikidata.org/entity/Q126374601
http://www.wikidata.org/entity/Q126442215,http://www.wikidata.org/prop/direct/P1343,http://www.wikidata.org/entity/Q126456421
http://www.wikidata.org/entity/Q126442215,http://www.wikidata.org/prop/direct/P1343,http://www.wikidata.org/entity/Q126875543
http://www.wikidata.org/entity/Q126442215,http://www.wikidata.org/prop/direct/P1343,http://www.wikidata.org/entity/Q130308814
http://www.wikidata.org/entity/Q126442215,http://www.wikidata.org/prop/direct/P1343,http://www.wikidata.org/entity/Q132817615
http://www.wikidata.org/entity/Q126442215,http://www.wikidata.org/prop/direct/P4057,KK027-071----
http://www.wikidata.org/entity/Q126442215,http://www.wikidata.org/prop/direct/P11693,11126390777
http://www.wikidata.org/entity/Q126443543,http://www.wikidata.org/prop/direct/P17,http://www.wikidata.org/entity/Q27
http://www.wikidata.org/entity/Q126443543,http://www.wikidata.org/prop/direct/P31,http://www.wikidata.org/entity/Q124714
http://www.wikidata.org/entity/Q126443543,http://www.wikidata.org/prop/direct/P31,http://www.wikidata.org/entity/Q1371047
http://www.wikidata.org/entity/Q126443543,http://www.wikidata.org/prop/direct/P31,http://www.wikidata.org/entity/Q126443332
http://www.wikidata.org/entity/Q126443543,http://www.wikidata.org/prop/direct/P131,http://www.wikidata.org/entity/Q180231
http://www.wikidata.org/entity/Q126443543,http://www.wikidata.org/prop/direct/P131,http://www.wikidata.org/entity/Q60553607
http://www.wikidata.org/entity/Q126443543,http://www.wikidata.org/prop/direct/P138,http://www.wikidata.org/entity/Q165479
http://www.wikidata.org/entity/Q126443543,http://www.wikidata.org/prop/direct/P195,http://www.wikidata.org/entity/Q126875543
http://www.wikidata.org/entity/Q126443543,http://www.wikidata.org/prop/direct/P195,http://www.wikidata.org/entity/Q132817615
http://www.wikidata.org/entity/Q126443543,http://www.wikidata.org/prop/direct/P217,25
http://www.wikidata.org/entity/Q126888518,http://www.wikidata.org/prop/direct/P1343,http://www.wikidata.org/entity/Q126454465
http://www.wikidata.org/entity/Q126888518,http://www.wikidata.org/prop/direct/P1343,http://www.wikidata.org/entity/Q126875543
http://www.wikidata.org/entity/Q126888518,http://www.wikidata.org/prop/direct/P1343,http://www.wikidata.org/entity/Q130308814
http://www.wikidata.org/entity/Q126888518,http://www.wikidata.org/prop/direct/P1343,http://www.wikidata.org/entity/Q132817615
http://www.wikidata.org/entity/Q126888518,http://www.wikidata.org/prop/direct/P4057,KK017-008----
http://www.wikidata.org/entity/Q126888633,http://www.wikidata.org/prop/direct/P17,http://www.wikidata.org/entity/Q27
http://www.wikidata.org/entity/Q126888633,http://www.wikidata.org/prop/direct/P31,http://www.wikidata.org/entity/Q1371047
http://www.wikidata.org/entity/Q126888633,http://www.wikidata.org/prop/direct/P31,http://www.wikidata.org/entity/Q126443332
http://www.wikidata.org/entity/Q126888633,http://www.wikidata.org/prop/direct/P131,http://www.wikidata.org/entity/Q180231
http://www.wikidata.org/entity/Q126888633,http://www.wikidata.org/prop/direct/P131,http://www.wikidata.org/entity/Q60554378
http://www.wikidata.org/entity/Q126888633,http://www.wikidata.org/prop/direct/P131,http://www.wikidata.org/entity/Q104266527
http://www.wikidata.org/entity/Q126888633,http://www.wikidata.org/prop/direct/P138,http://www.wikidata.org/entity/Q80979
http://www.wikidata.org/entity/Q126888633,http://www.wikidata.org/prop/direct/P195,http://www.wikidata.org/entity/Q126875543
http://www.wikidata.org/entity/Q126888633,http://www.wikidata.org/prop/direct/P195,http://www.wikidata.org/entity/Q132817615
http://www.wikidata.org/entity/Q126888633,http://www.wikidata.org/prop/direct/P217,27
http://www.wikidata.org/entity/Q126888633,http://www.wikidata.org/prop/direct/P217,KHW138
http://www.wikidata.org/entity/Q126888633,http://www.wikidata.org/prop/direct/P625,Point(-6.9604757 52.536488)
http://www.wikidata.org/entity/Q126888633,http://www.wikidata.org/prop/direct/P625,Point(-6.96051 52.53738)
http://www.wikidata.org/entity/Q126888633,http://www.wikidata.org/prop/direct/P708,http://www.wikidata.org/entity/Q873607
http://www.wikidata.org/entity/Q126888633,http://www.wikidata.org/prop/direct/P1343,http://www.wikidata.org/entity/Q126374601
http://www.wikidata.org/entity/Q126888633,http://www.wikidata.org/prop/direct/P1343,http://www.wikidata.org/entity/Q126875543
http://www.wikidata.org/entity/Q126888633,http://www.wikidata.org/prop/direct/P1343,http://www.wikidata.org/entity/Q127432104
http://www.wikidata.org/entity/Q126888633,http://www.wikidata.org/prop/direct/P1343,http://www.wikidata.org/entity/Q128234462
http://www.wikidata.org/entity/Q126888633,http://www.wikidata.org/prop/direct/P1343,http://www.wikidata.org/entity/Q128694249
http://www.wikidata.org/entity/Q126888633,http://www.wikidata.org/prop/direct/P1343,http://www.wikidata.org/entity/Q132817615
http://www.wikidata.org/entity/Q126888633,http://www.wikidata.org/prop/direct/P4057,KK029-037----
http://www.wikidata.org/entity/Q126888828,http://www.wikidata.org/prop/direct/P17,http://www.wikidata.org/entity/Q27
http://www.wikidata.org/entity/Q126888828,http://www.wikidata.org/prop/direct/P31,http://www.wikidata.org/entity/Q1371047
http://www.wikidata.org/entity/Q126888828,http://www.wikidata.org/prop/direct/P31,http://www.wikidata.org/entity/Q126443332
http://www.wikidata.org/entity/Q126888828,http://www.wikidata.org/prop/direct/P131,http://www.wikidata.org/entity/Q180231
http://www.wikidata.org/entity/Q126888828,http://www.wikidata.org/prop/direct/P131,http://www.wikidata.org/entity/Q60553962
http://www.wikidata.org/entity/Q126888828,http://www.wikidata.org/prop/direct/P131,http://www.wikidata.org/entity/Q104265235
http://www.wikidata.org/entity/Q126888828,http://www.wikidata.org/prop/direct/P138,http://www.wikidata.org/entity/Q345
http://www.wikidata.org/entity/Q126888828,http://www.wikidata.org/prop/direct/P195,http://www.wikidata.org/entity/Q126875543
http://www.wikidata.org/entity/Q126888828,http://www.wikidata.org/prop/direct/P195,http://www.wikidata.org/entity/Q132817615
http://www.wikidata.org/entity/Q126888828,http://www.wikidata.org/prop/direct/P217,28
http://www.wikidata.org/entity/Q126888828,http://www.wikidata.org/prop/direct/P217,KHW134
http://www.wikidata.org/entity/Q126923120,http://www.wikidata.org/prop/direct/P17,http://www.wikidata.org/entity/Q27
http://www.wikidata.org/entity/Q126923120,http://www.wikidata.org/prop/direct/P31,http://www.wikidata.org/entity/Q1371047
http://www.wikidata.org/entity/Q126923120,http://www.wikidata.org/prop/direct/P31,http://www.wikidata.org/entity/Q126443332
http://www.wikidata.org/entity/Q126923120,http://www.wikidata.org/prop/direct/P131,http://www.wikidata.org/entity/Q180231
http://www.wikidata.org/entity/Q126923120,http://www.wikidata.org/prop/direct/P131,http://www.wikidata.org/entity/Q60553962
http://www.wikidata.org/entity/Q126923120,http://www.wikidata.org/prop/direct/P131,http://www.wikidata.org/entity/Q104265331
http://www.wikidata.org/entity/Q126923120,http://www.wikidata.org/prop/direct/P138,http://www.wikidata.org/entity/Q548320
http://www.wikidata.org/entity/Q126923120,http://www.wikidata.org/prop/direct/P138,http://www.wikidata.org/entity/Q2151232
http://www.wikidata.org/entity/Q126923120,http://www.wikidata.org/prop/direct/P195,http://www.wikidata.org/entity/Q126875543
http://www.wikidata.org/entity/Q126923120,http://www.wikidata.org/prop/direct/P195,http://www.wikidata.org/entity/Q132817615
http://www.wikidata.org/entity/Q126923120,http://www.wikidata.org/prop/direct/P217,121
http://www.wikidata.org/entity/Q126923120,http://www.wikidata.org/prop/direct/P217,KHW131
http://www.wikidata.org/entity/Q126923120,http://www.wikidata.org/prop/direct/P625,Point(-7.265683 52.60868)
http://www.wikidata.org/entity/Q126923120,http://www.wikidata.org/prop/direct/P708,http://www.wikidata.org/entity/Q873607
http://www.wikidata.org/entity/Q126923120,http://www.wikidata.org/prop/direct/P1343,http://www.wikidata.org/entity/Q120966194
http://www.wikidata.org/entity/Q126923120,http://www.wikidata.org/prop/direct/P1343,http://www.wikidata.org/entity/Q126374601
http://www.wikidata.org/entity/Q126923120,http://www.wikidata.org/prop/direct/P1343,http://www.wikidata.org/entity/Q126875543
http://www.wikidata.org/entity/Q126923120,http://www.wikidata.org/prop/direct/P1343,http://www.wikidata.org/entity/Q132817615
http://www.wikidata.org/entity/Q126923120,http://www.wikidata.org/prop/direct/P4057,KK023-009005-
http://www.wikidata.org/entity/Q126923120,http://www.wikidata.org/prop/direct/P6375,"""Tom Kearney's Field"" (O'Kelly)"
http://www.wikidata.org/entity/Q126923187,http://www.wikidata.org/prop/direct/P17,http://www.wikidata.org/entity/Q27
http://www.wikidata.org/entity/Q126923187,http://www.wikidata.org/prop/direct/P31,http://www.wikidata.org/entity/Q43483
http://www.wikidata.org/entity/Q126923187,http://www.wikidata.org/prop/direct/P31,http://www.wikidata.org/entity/Q1371047
http://www.wikidata.org/entity/Q126923187,http://www.wikidata.org/prop/direct/P31,http://www.wikidata.org/entity/Q126443332
http://www.wikidata.org/entity/Q126923187,http://www.wikidata.org/prop/direct/P131,http://www.wikidata.org/entity/Q180231
http://www.wikidata.org/entity/Q126923187,http://www.wikidata.org/prop/direct/P138,http://www.wikidata.org/entity/Q2151232
http://www.wikidata.org/entity/Q126923187,http://www.wikidata.org/prop/direct/P195,http://www.wikidata.org/entity/Q126875543
http://www.wikidata.org/entity/Q126923187,http://www.wikidata.org/prop/direct/P195,http://www.wikidata.org/entity/Q132817615
http://www.wikidata.org/entity/Q126923187,http://www.wikidata.org/prop/direct/P217,122
http://www.wikidata.org/entity/Q126923187,http://www.wikidata.org/prop/direct/P217,KHW142
http://www.wikidata.org/entity/Q126923187,http://www.wikidata.org/prop/direct/P708,http://www.wikidata.org/entity/Q873607
http://www.wikidata.org/entity/Q126923187,http://www.wikidata.org/prop/direct/P1343,http://www.wikidata.org/entity/Q120966194
http://www.wikidata.org/entity/Q126923187,http://www.wikidata.org/prop/direct/P1343,http://www.wikidata.org/entity/Q126875543
http://www.wikidata.org/entity/Q126923187,http://www.wikidata.org/prop/direct/P1343,http://www.wikidata.org/entity/Q130308814
http://www.wikidata.org/entity/Q126923187,http://www.wikidata.org/prop/direct/P1343,http://www.wikidata.org/entity/Q132817615
http://www.wikidata.org/entity/Q126923187,http://www.wikidata.org/prop/direct/P1343,http://www.wikidata.org/entity/Q133263165
http://www.wikidata.org/entity/Q126923187,http://www.wikidata.org/prop/direct/P4057,KK035-086001-
http://www.wikidata.org/entity/Q126454436,http://www.wikidata.org/prop/direct/P625,Point(-7.0188188 52.4035959)
http://www.wikidata.org/entity/Q126454436,http://www.wikidata.org/prop/direct/P708,http://www.wikidata.org/entity/Q873607
http://www.wikidata.org/entity/Q126454436,http://www.wikidata.org/prop/direct/P1343,http://www.wikidata.org/entity/Q120966194
http://www.wikidata.org/entity/Q126454436,http://www.wikidata.org/prop/direct/P1343,http://www.wikidata.org/entity/Q126374601
http://www.wikidata.org/entity/Q126454436,http://www.wikidata.org/prop/direct/P1343,http://www.wikidata.org/entity/Q126393245
http://www.wikidata.org/entity/Q126454436,http://www.wikidata.org/prop/direct/P1343,http://www.wikidata.org/entity/Q126456421
http://www.wikidata.org/entity/Q126454444,http://www.wikidata.org/prop/direct/P17,http://www.wikidata.org/entity/Q27
http://www.wikidata.org/entity/Q126454444,http://www.wikidata.org/prop/direct/P31,http://www.wikidata.org/entity/Q1371047
http://www.wikidata.org/entity/Q126454444,http://www.wikidata.org/prop/direct/P31,http://www.wikidata.org/entity/Q126443332
http://www.wikidata.org/entity/Q126454444,http://www.wikidata.org/prop/direct/P131,http://www.wikidata.org/entity/Q180231
http://www.wikidata.org/entity/Q126454444,http://www.wikidata.org/prop/direct/P131,http://www.wikidata.org/entity/Q60554214
http://www.wikidata.org/entity/Q126454444,http://www.wikidata.org/prop/direct/P131,http://www.wikidata.org/entity/Q104265054
http://www.wikidata.org/entity/Q126454444,http://www.wikidata.org/prop/direct/P138,http://www.wikidata.org/entity/Q107257053
http://www.wikidata.org/entity/Q126454444,http://www.wikidata.org/prop/direct/P195,http://www.wikidata.org/entity/Q126875543
http://www.wikidata.org/entity/Q126454444,http://www.wikidata.org/prop/direct/P195,http://www.wikidata.org/entity/Q132817615
http://www.wikidata.org/entity/Q126454444,http://www.wikidata.org/prop/direct/P217,37
http://www.wikidata.org/entity/Q126454444,http://www.wikidata.org/prop/direct/P217,KHW063
http://www.wikidata.org/entity/Q126454444,http://www.wikidata.org/prop/direct/P625,Point(-7.3356296 52.5417788)
http://www.wikidata.org/entity/Q126454444,http://www.wikidata.org/prop/direct/P708,http://www.wikidata.org/entity/Q873607
http://www.wikidata.org/entity/Q126454444,http://www.wikidata.org/prop/direct/P1343,http://www.wikidata.org/entity/Q120966194
http://www.wikidata.org/entity/Q126454444,http://www.wikidata.org/prop/direct/P1343,http://www.wikidata.org/entity/Q126374601
http://www.wikidata.org/entity/Q126454444,http://www.wikidata.org/prop/direct/P1343,http://www.wikidata.org/entity/Q126393245
http://www.wikidata.org/entity/Q126454444,http://www.wikidata.org/prop/direct/P1343,http://www.wikidata.org/entity/Q126454465
http://www.wikidata.org/entity/Q126454444,http://www.wikidata.org/prop/direct/P1343,http://www.wikidata.org/entity/Q126474972
http://www.wikidata.org/entity/Q126454444,http://www.wikidata.org/prop/direct/P1343,http://www.wikidata.org/entity/Q126528008
http://www.wikidata.org/entity/Q126454444,http://www.wikidata.org/prop/direct/P1343,http://www.wikidata.org/entity/Q126540348
http://www.wikidata.org/entity/Q126454444,http://www.wikidata.org/prop/direct/P1343,http://www.wikidata.org/entity/Q126555558
http://www.wikidata.org/entity/Q126454444,http://www.wikidata.org/prop/direct/P1343,http://www.wikidata.org/entity/Q126871352
http://www.wikidata.org/entity/Q126454444,http://www.wikidata.org/prop/direct/P1343,http://www.wikidata.org/entity/Q126875543
http://www.wikidata.org/entity/Q126454444,http://www.wikidata.org/prop/direct/P1343,http://www.wikidata.org/entity/Q127818015
http://www.wikidata.org/entity/Q126454444,http://www.wikidata.org/prop/direct/P1343,http://www.wikidata.org/entity/Q128308754
http://www.wikidata.org/entity/Q126454444,http://www.wikidata.org/prop/direct/P1343,http://www.wikidata.org/entity/Q129907246
http://www.wikidata.org/entity/Q126454444,http://www.wikidata.org/prop/direct/P1343,http://www.wikidata.org/entity/Q130284129
http://www.wikidata.org/entity/Q126454444,http://www.wikidata.org/prop/direct/P1343,http://www.wikidata.org/entity/Q132817615
http://www.wikidata.org/entity/Q126454444,http://www.wikidata.org/prop/direct/P4057,KK027-023----
http://www.wikidata.org/entity/Q126454444,http://www.wikidata.org/prop/direct/P6375,"""a little to the West of the church [of Earlstown parish]"""
http://www.wikidata.org/entity/Q126454444,http://www.wikidata.org/prop/direct/P11693,6557864663
http://www.wikidata.org/entity/Q126454471,http://www.wikidata.org/prop/direct/P17,http://www.wikidata.org/entity/Q27
http://www.wikidata.org/entity/Q126454471,http://www.wikidata.org/prop/direct/P31,http://www.wikidata.org/entity/Q1371047
http://www.wikidata.org/entity/Q126918872,http://www.wikidata.org/prop/direct/P1343,http://www.wikidata.org/entity/Q133263165
http://www.wikidata.org/entity/Q126918872,http://www.wikidata.org/prop/direct/P6375,"""south of Kilfane House"" (Egan's Kilkenny Guide)"
http://www.wikidata.org/entity/Q126918872,http://www.wikidata.org/prop/direct/P6375,"""To the south of Kilfane House is a well with a very ancient cross"""
http://www.wikidata.org/entity/Q126918993,http://www.wikidata.org/prop/direct/P10,http://commons.wikimedia.org/wiki/Special:FilePath/Kilkeasy%20Holy%20Well.webm
http://www.wikidata.org/entity/Q126918993,http://www.wikidata.org/prop/direct/P17,http://www.wikidata.org/entity/Q27
http://www.wikidata.org/entity/Q126918993,http://www.wikidata.org/prop/direct/P18,http://commons.wikimedia.org/wiki/Special:FilePath/Kilkeasy%20Holy%20Well.jpg
http://www.wikidata.org/entity/Q126918993,http://www.wikidata.org/prop/direct/P31,http://www.wikidata.org/entity/Q1371047
http://www.wikidata.org/entity/Q126918993,http://www.wikidata.org/prop/direct/P31,http://www.wikidata.org/entity/Q126443332
http://www.wikidata.org/entity/Q126918993,http://www.wikidata.org/prop/direct/P131,http://www.wikidata.org/entity/Q180231
http://www.wikidata.org/entity/Q126918993,http://www.wikidata.org/prop/direct/P131,http://www.wikidata.org/entity/Q60552531
http://www.wikidata.org/entity/Q126918993,http://www.wikidata.org/prop/direct/P131,http://www.wikidata.org/entity/Q104265569
http://www.wikidata.org/entity/Q126918993,http://www.wikidata.org/prop/direct/P138,http://www.wikidata.org/entity/Q2151232
http://www.wikidata.org/entity/Q126918993,http://www.wikidata.org/prop/direct/P195,http://www.wikidata.org/entity/Q126875543
http://www.wikidata.org/entity/Q126918993,http://www.wikidata.org/prop/direct/P195,http://www.wikidata.org/entity/Q132817615
http://www.wikidata.org/entity/Q126918993,http://www.wikidata.org/prop/direct/P217,107
http://www.wikidata.org/entity/Q126918993,http://www.wikidata.org/prop/direct/P217,KHW2-19
http://www.wikidata.org/entity/Q126918993,http://www.wikidata.org/prop/direct/P373,Kilkeasy Holy Well
http://www.wikidata.org/entity/Q126918993,http://www.wikidata.org/prop/direct/P625,Point(-7.2246427 52.4410735)
http://www.wikidata.org/entity/Q126918993,http://www.wikidata.org/prop/direct/P625,Point(-7.224659265 52.441104263)
http://www.wikidata.org/entity/Q126918993,http://www.wikidata.org/prop/direct/P1325,https://sketchfab.com/3d-models/kilkeasy-holy-well-67a39daeb3c54539a8ab314ecb29f367
http://www.wikidata.org/entity/Q126918993,http://www.wikidata.org/prop/direct/P1343,http://www.wikidata.org/entity/Q126393245
http://www.wikidata.org/entity/Q126918993,http://www.wikidata.org/prop/direct/P1343,http://www.wikidata.org/entity/Q126875543
http://www.wikidata.org/entity/Q126918993,http://www.wikidata.org/prop/direct/P1343,http://www.wikidata.org/entity/Q132817615
http://www.wikidata.org/entity/Q126918993,http://www.wikidata.org/prop/direct/P11693,12015630647
http://www.wikidata.org/entity/Q126919152,http://www.wikidata.org/prop/direct/P17,http://www.wikidata.org/entity/Q27
http://www.wikidata.org/entity/Q126919152,http://www.wikidata.org/prop/direct/P31,http://www.wikidata.org/entity/Q1371047
http://www.wikidata.org/entity/Q126919152,http://www.wikidata.org/prop/direct/P31,http://www.wikidata.org/entity/Q126443332
http://www.wikidata.org/entity/Q126919152,http://www.wikidata.org/prop/direct/P131,http://www.wikidata.org/entity/Q180231
http://www.wikidata.org/entity/Q126919152,http://www.wikidata.org/prop/direct/P131,http://www.wikidata.org/entity/Q60554507
http://www.wikidata.org/entity/Q126919152,http://www.wikidata.org/prop/direct/P131,http://www.wikidata.org/entity/Q104266318
http://www.wikidata.org/entity/Q126919152,http://www.wikidata.org/prop/direct/P138,http://www.wikidata.org/entity/Q2280421
http://www.wikidata.org/entity/Q126919152,http://www.wikidata.org/prop/direct/P195,http://www.wikidata.org/entity/Q126875543
http://www.wikidata.org/entity/Q126919152,http://www.wikidata.org/prop/direct/P195,http://www.wikidata.org/entity/Q132817615
http://www.wikidata.org/entity/Q126919152,http://www.wikidata.org/prop/direct/P217,109
http://www.wikidata.org/entity/Q126919152,http://www.wikidata.org/prop/direct/P217,KHW139
http://www.wikidata.org/entity/Q126919152,http://www.wikidata.org/prop/direct/P625,Point(-7.0451819 52.5149676)
http://www.wikidata.org/entity/Q126919152,http://www.wikidata.org/prop/direct/P1343,http://www.wikidata.org/entity/Q126456421
http://www.wikidata.org/entity/Q126919152,http://www.wikidata.org/prop/direct/P1343,http://www.wikidata.org/entity/Q126875543
http://www.wikidata.org/entity/Q126919152,http://www.wikidata.org/prop/direct/P1343,http://www.wikidata.org/entity/Q132817615
http://www.wikidata.org/entity/Q126919152,http://www.wikidata.org/prop/direct/P4057,KK029-040----
http://www.wikidata.org/entity/Q126454486,http://www.wikidata.org/prop/direct/P1343,http://www.wikidata.org/entity/Q120966194
http://www.wikidata.org/entity/Q126454486,http://www.wikidata.org/prop/direct/P1343,http://www.wikidata.org/entity/Q126374601
http://www.wikidata.org/entity/Q126454486,http://www.wikidata.org/prop/direct/P1343,http://www.wikidata.org/entity/Q126393245
http://www.wikidata.org/entity/Q126454486,http://www.wikidata.org/prop/direct/P1343,http://www.wikidata.org/entity/Q126454465
http://www.wikidata.org/entity/Q126454486,http://www.wikidata.org/prop/direct/P1343,http://www.wikidata.org/entity/Q126474972
http://www.wikidata.org/entity/Q126454486,http://www.wikidata.org/prop/direct/P1343,http://www.wikidata.org/entity/Q126528008
http://www.wikidata.org/entity/Q126454486,http://www.wikidata.org/prop/direct/P1343,http://www.wikidata.org/entity/Q126540348
http://www.wikidata.org/entity/Q126454486,http://www.wikidata.org/prop/direct/P1343,http://www.wikidata.org/entity/Q126875543
http://www.wikidata.org/entity/Q126454486,http://www.wikidata.org/prop/direct/P1343,http://www.wikidata.org/entity/Q127818015
http://www.wikidata.org/entity/Q126454486,http://www.wikidata.org/prop/direct/P1343,http://www.wikidata.org/entity/Q128308754
http://www.wikidata.org/entity/Q126454486,http://www.wikidata.org/prop/direct/P1343,http://www.wikidata.org/entity/Q129907246
http://www.wikidata.org/entity/Q126454486,http://www.wikidata.org/prop/direct/P1343,http://www.wikidata.org/entity/Q130284129
http://www.wikidata.org/entity/Q126454486,http://www.wikidata.org/prop/direct/P1343,http://www.wikidata.org/entity/Q130308814
http://www.wikidata.org/entity/Q126454486,http://www.wikidata.org/prop/direct/P1343,http://www.wikidata.org/entity/Q132817615
http://www.wikidata.org/entity/Q126454486,http://www.wikidata.org/prop/direct/P4057,KK027-001002-
http://www.wikidata.org/entity/Q126454486,http://www.wikidata.org/prop/direct/P11693,8515246136
http://www.wikidata.org/entity/Q126454603,http://www.wikidata.org/prop/direct/P17,http://www.wikidata.org/entity/Q27
http://www.wikidata.org/entity/Q126454603,http://www.wikidata.org/prop/direct/P18,http://commons.wikimedia.org/wiki/Special:FilePath/St%20Mogue%27s%20well%20site%20frontal.jpg
http://www.wikidata.org/entity/Q126454603,http://www.wikidata.org/prop/direct/P31,http://www.wikidata.org/entity/Q43483
http://www.wikidata.org/entity/Q126454603,http://www.wikidata.org/prop/direct/P31,http://www.wikidata.org/entity/Q1371047
http://www.wikidata.org/entity/Q126454603,http://www.wikidata.org/prop/direct/P31,http://www.wikidata.org/entity/Q126443332
http://www.wikidata.org/entity/Q126454603,http://www.wikidata.org/prop/direct/P131,http://www.wikidata.org/entity/Q180231
http://www.wikidata.org/entity/Q126454603,http://www.wikidata.org/prop/direct/P131,http://www.wikidata.org/entity/Q60554236
http://www.wikidata.org/entity/Q126454603,http://www.wikidata.org/prop/direct/P138,http://www.wikidata.org/entity/Q404099
http://www.wikidata.org/entity/Q126454603,http://www.wikidata.org/prop/direct/P138,http://www.wikidata.org/entity/Q130531057
http://www.wikidata.org/entity/Q126454603,http://www.wikidata.org/prop/direct/P195,http://www.wikidata.org/entity/Q126875543
http://www.wikidata.org/entity/Q126454603,http://www.wikidata.org/prop/direct/P195,http://www.wikidata.org/entity/Q132817615
http://www.wikidata.org/entity/Q126454603,http://www.wikidata.org/prop/direct/P217,66
http://www.wikidata.org/entity/Q126454603,http://www.wikidata.org/prop/direct/P217,KHW029
http://www.wikidata.org/entity/Q126454603,http://www.wikidata.org/prop/direct/P373,"Site of Saint Mogue's Well, Ennisnag"
http://www.wikidata.org/entity/Q126454603,http://www.wikidata.org/prop/direct/P625,Point(-7.230081 52.5462408)
http://www.wikidata.org/entity/Q126454603,http://www.wikidata.org/prop/direct/P708,http://www.wikidata.org/entity/Q873607
http://www.wikidata.org/entity/Q126454603,http://www.wikidata.org/prop/direct/P1343,http://www.wikidata.org/entity/Q120966194
http://www.wikidata.org/entity/Q126454603,http://www.wikidata.org/prop/direct/P1343,http://www.wikidata.org/entity/Q126374601
http://www.wikidata.org/entity/Q126454603,http://www.wikidata.org/prop/direct/P1343,http://www.wikidata.org/entity/Q126454465
http://www.wikidata.org/entity/Q126454603,http://www.wikidata.org/prop/direct/P1343,http://www.wikidata.org/entity/Q126528008
http://www.wikidata.org/entity/Q126454603,http://www.wikidata.org/prop/direct/P1343,http://www.wikidata.org/entity/Q126540348
http://www.wikidata.org/entity/Q126454603,http://www.wikidata.org/prop/direct/P1343,http://www.wikidata.org/entity/Q126555558
http://www.wikidata.org/entity/Q126454603,http://www.wikidata.org/prop/direct/P1343,http://www.wikidata.org/entity/Q126875543
http://www.wikidata.org/entity/Q126454603,http://www.wikidata.org/prop/direct/P1343,http://www.wikidata.org/entity/Q130223691
http://www.wikidata.org/entity/Q126454603,http://www.wikidata.org/prop/direct/P1343,http://www.wikidata.org/entity/Q130284129
http://www.wikidata.org/entity/Q126454603,http://www.wikidata.org/prop/direct/P1343,http://www.wikidata.org/entity/Q130308814
http://www.wikidata.org/entity/Q126454603,http://www.wikidata.org/prop/direct/P1343,http://www.wikidata.org/entity/Q132817615
http://www.wikidata.org/entity/Q126454603,http://www.wikidata.org/prop/direct/P1801,http://commons.wikimedia.org/wiki/Special:FilePath/Plaque%20for%20site%20of%20Tober%20Mogue.jpg
http://www.wikidata.org/entity/Q126454603,http://www.wikidata.org/prop/direct/P2186,IE-KK-0347
http://www.wikidata.org/entity/Q126454603,http://www.wikidata.org/prop/direct/P4057,KK027-019----
http://www.wikidata.org/entity/Q126454603,http://www.wikidata.org/prop/direct/P5817,http://www.wikidata.org/entity/Q63065035
http://www.wikidata.org/entity/Q126454603,http://www.wikidata.org/prop/direct/P11693,7995685476
http://www.wikidata.org/entity/Q126456441,http://www.wikidata.org/prop/direct/P131,http://www.wikidata.org/entity/Q180231
http://www.wikidata.org/entity/Q126456441,http://www.wikidata.org/prop/direct/P131,http://www.wikidata.org/entity/Q60554507
http://www.wikidata.org/entity/Q126456441,http://www.wikidata.org/prop/direct/P131,http://www.wikidata.org/entity/Q104266220
http://www.wikidata.org/entity/Q126456441,http://www.wikidata.org/prop/direct/P138,http://www.wikidata.org/entity/Q236326
http://www.wikidata.org/entity/Q126456441,http://www.wikidata.org/prop/direct/P195,http://www.wikidata.org/entity/Q126875543
http://www.wikidata.org/entity/Q126456441,http://www.wikidata.org/prop/direct/P195,http://www.wikidata.org/entity/Q132817615
http://www.wikidata.org/entity/Q126456441,http://www.wikidata.org/prop/direct/P217,91
http://www.wikidata.org/entity/Q126456441,http://www.wikidata.org/prop/direct/P217,KHW056
http://www.wikidata.org/entity/Q126456441,http://www.wikidata.org/prop/direct/P276,http://www.wikidata.org/entity/Q1861954
http://www.wikidata.org/entity/Q126456441,http://www.wikidata.org/prop/direct/P373,"St Columbkill's Well, Inistioge"
http://www.wikidata.org/entity/Q126456441,http://www.wikidata.org/prop/direct/P403,http://www.wikidata.org/entity/Q134511675
http://www.wikidata.org/entity/Q126456441,http://www.wikidata.org/prop/direct/P625,Point(-7.0681791 52.4892388)
http://www.wikidata.org/entity/Q126456441,http://www.wikidata.org/prop/direct/P708,http://www.wikidata.org/entity/Q873607
http://www.wikidata.org/entity/Q126456441,http://www.wikidata.org/prop/direct/P841,http://www.wikidata.org/entity/Q2618
http://www.wikidata.org/entity/Q126456441,http://www.wikidata.org/prop/direct/P973,"http://www.megalithicireland.com/St%20Columcille's%20Holy%20Well,%20Inistioge,%20Kilkenny.html"
http://www.wikidata.org/entity/Q126456441,http://www.wikidata.org/prop/direct/P1325,https://sketchfab.com/3d-models/inistioge-st-columbkills-well-low-poly-b0845424e49d40cfa4f04376c98ac7f5
http://www.wikidata.org/entity/Q126456441,http://www.wikidata.org/prop/direct/P1343,http://www.wikidata.org/entity/Q120966194
http://www.wikidata.org/entity/Q126456441,http://www.wikidata.org/prop/direct/P1343,http://www.wikidata.org/entity/Q126374601
http://www.wikidata.org/entity/Q126456441,http://www.wikidata.org/prop/direct/P1343,http://www.wikidata.org/entity/Q126393245
http://www.wikidata.org/entity/Q126456441,http://www.wikidata.org/prop/direct/P1343,http://www.wikidata.org/entity/Q126507417
http://www.wikidata.org/entity/Q126456441,http://www.wikidata.org/prop/direct/P1343,http://www.wikidata.org/entity/Q126528008
http://www.wikidata.org/entity/Q126456441,http://www.wikidata.org/prop/direct/P1343,http://www.wikidata.org/entity/Q126540348
http://www.wikidata.org/entity/Q126456441,http://www.wikidata.org/prop/direct/P1343,http://www.wikidata.org/entity/Q126555558
http://www.wikidata.org/entity/Q126456441,http://www.wikidata.org/prop/direct/P1343,http://www.wikidata.org/entity/Q126875543
http://www.wikidata.org/entity/Q126456441,http://www.wikidata.org/prop/direct/P1343,http://www.wikidata.org/entity/Q127278549
http://www.wikidata.org/entity/Q126456441,http://www.wikidata.org/prop/direct/P1343,http://www.wikidata.org/entity/Q129903535
http://www.wikidata.org/entity/Q126456441,http://www.wikidata.org/prop/direct/P1343,http://www.wikidata.org/entity/Q129916785
http://www.wikidata.org/entity/Q126456441,http://www.wikidata.org/prop/direct/P1343,http://www.wikidata.org/entity/Q130265580
http://www.wikidata.org/entity/Q126456441,http://www.wikidata.org/prop/direct/P1343,http://www.wikidata.org/entity/Q130284129
http://www.wikidata.org/entity/Q126456441,http://www.wikidata.org/prop/direct/P1343,http://www.wikidata.org/entity/Q132817615
http://www.wikidata.org/entity/Q126456441,http://www.wikidata.org/prop/direct/P1343,http://www.wikidata.org/entity/Q133809285
http://www.wikidata.org/entity/Q126456441,http://www.wikidata.org/prop/direct/P1343,http://www.wikidata.org/entity/Q133861888
http://www.wikidata.org/entity/Q126456441,http://www.wikidata.org/prop/direct/P1651,kxRnXwX0HAM
http://www.wikidata.org/entity/Q126456441,http://www.wikidata.org/prop/direct/P2186,IE-KK-0316
http://www.wikidata.org/entity/Q126456441,http://www.wikidata.org/prop/direct/P4057,KK032-017011-
http://www.wikidata.org/entity/Q126456441,http://www.wikidata.org/prop/direct/P11693,8513597500
http://www.wikidata.org/entity/Q126456468,http://www.wikidata.org/prop/direct/P17,http://www.wikidata.org/entity/Q27
http://www.wikidata.org/entity/Q126456468,http://www.wikidata.org/prop/direct/P18,http://commons.wikimedia.org/wiki/Special:FilePath/Holy%20Cross%20Well%2C%20Kilcross.jpg
http://www.wikidata.org/entity/Q126456468,http://www.wikidata.org/prop/direct/P31,http://www.wikidata.org/entity/Q1371047
http://www.wikidata.org/entity/Q126456468,http://www.wikidata.org/prop/direct/P31,http://www.wikidata.org/entity/Q126443332
http://www.wikidata.org/entity/Q126456468,http://www.wikidata.org/prop/direct/P110,http://www.wikidata.org/entity/Q130265942
http://www.wikidata.org/entity/Q126456468,http://www.wikidata.org/prop/direct/P131,http://www.wikidata.org/entity/Q180231
http://www.wikidata.org/entity/Q126456468,http://www.wikidata.org/prop/direct/P131,http://www.wikidata.org/entity/Q60554507
http://www.wikidata.org/entity/Q126456468,http://www.wikidata.org/prop/direct/P131,http://www.wikidata.org/entity/Q104266270
http://www.wikidata.org/entity/Q126456468,http://www.wikidata.org/prop/direct/P138,http://www.wikidata.org/entity/Q380356
http://www.wikidata.org/entity/Q126456468,http://www.wikidata.org/prop/direct/P195,http://www.wikidata.org/entity/Q126875543
http://www.wikidata.org/entity/Q126461036,http://www.wikidata.org/prop/direct/P217,KHW022
http://www.wikidata.org/entity/Q126461036,http://www.wikidata.org/prop/direct/P625,Point(-7.0256207 52.3475564)
http://www.wikidata.org/entity/Q126461036,http://www.wikidata.org/prop/direct/P708,http://www.wikidata.org/entity/Q873607
http://www.wikidata.org/entity/Q126461036,http://www.wikidata.org/prop/direct/P1343,http://www.wikidata.org/entity/Q120966194
http://www.wikidata.org/entity/Q126461036,http://www.wikidata.org/prop/direct/P1343,http://www.wikidata.org/entity/Q126374601
http://www.wikidata.org/entity/Q126461036,http://www.wikidata.org/prop/direct/P1343,http://www.wikidata.org/entity/Q126393245
http://www.wikidata.org/entity/Q126461036,http://www.wikidata.org/prop/direct/P1343,http://www.wikidata.org/entity/Q126456421
http://www.wikidata.org/entity/Q126461036,http://www.wikidata.org/prop/direct/P1343,http://www.wikidata.org/entity/Q126474972
http://www.wikidata.org/entity/Q126461036,http://www.wikidata.org/prop/direct/P1343,http://www.wikidata.org/entity/Q126528008
http://www.wikidata.org/entity/Q126461036,http://www.wikidata.org/prop/direct/P1343,http://www.wikidata.org/entity/Q126540348
http://www.wikidata.org/entity/Q126461036,http://www.wikidata.org/prop/direct/P1343,http://www.wikidata.org/entity/Q126875543
http://www.wikidata.org/entity/Q126461036,http://www.wikidata.org/prop/direct/P1343,http://www.wikidata.org/entity/Q130284129
http://www.wikidata.org/entity/Q126461036,http://www.wikidata.org/prop/direct/P1343,http://www.wikidata.org/entity/Q130308814
http://www.wikidata.org/entity/Q126461036,http://www.wikidata.org/prop/direct/P1343,http://www.wikidata.org/entity/Q132817615
http://www.wikidata.org/entity/Q126461036,http://www.wikidata.org/prop/direct/P4057,KK041-029----
http://www.wikidata.org/entity/Q126461036,http://www.wikidata.org/prop/direct/P11693,8279946612
http://www.wikidata.org/entity/Q126472816,http://www.wikidata.org/prop/direct/P17,http://www.wikidata.org/entity/Q27
http://www.wikidata.org/entity/Q126472816,http://www.wikidata.org/prop/direct/P31,http://www.wikidata.org/entity/Q1371047
http://www.wikidata.org/entity/Q126472816,http://www.wikidata.org/prop/direct/P31,http://www.wikidata.org/entity/Q126443332
http://www.wikidata.org/entity/Q126472816,http://www.wikidata.org/prop/direct/P131,http://www.wikidata.org/entity/Q180231
http://www.wikidata.org/entity/Q126472816,http://www.wikidata.org/prop/direct/P131,http://www.wikidata.org/entity/Q60555245
http://www.wikidata.org/entity/Q126472816,http://www.wikidata.org/prop/direct/P131,http://www.wikidata.org/entity/Q104264497
http://www.wikidata.org/entity/Q126472816,http://www.wikidata.org/prop/direct/P138,http://www.wikidata.org/entity/Q130535806
http://www.wikidata.org/entity/Q126472816,http://www.wikidata.org/prop/direct/P195,http://www.wikidata.org/entity/Q126875543
http://www.wikidata.org/entity/Q126472816,http://www.wikidata.org/prop/direct/P195,http://www.wikidata.org/entity/Q132817615
http://www.wikidata.org/entity/Q126472816,http://www.wikidata.org/prop/direct/P217,98
http://www.wikidata.org/entity/Q126472816,http://www.wikidata.org/prop/direct/P217,KHW069
http://www.wikidata.org/entity/Q126472816,http://www.wikidata.org/prop/direct/P625,Point(-7.45858 52.594875)
http://www.wikidata.org/entity/Q126472816,http://www.wikidata.org/prop/direct/P708,http://www.wikidata.org/entity/Q873607
http://www.wikidata.org/entity/Q126472816,http://www.wikidata.org/prop/direct/P841,http://www.wikidata.org/entity/Q2584
http://www.wikidata.org/entity/Q126472816,http://www.wikidata.org/prop/direct/P1343,http://www.wikidata.org/entity/Q120966194
http://www.wikidata.org/entity/Q126472816,http://www.wikidata.org/prop/direct/P1343,http://www.wikidata.org/entity/Q126454465
http://www.wikidata.org/entity/Q126472816,http://www.wikidata.org/prop/direct/P1343,http://www.wikidata.org/entity/Q126875543
http://www.wikidata.org/entity/Q126472816,http://www.wikidata.org/prop/direct/P1343,http://www.wikidata.org/entity/Q130308814
http://www.wikidata.org/entity/Q126472816,http://www.wikidata.org/prop/direct/P1343,http://www.wikidata.org/entity/Q130458689
http://www.wikidata.org/entity/Q126472816,http://www.wikidata.org/prop/direct/P1343,http://www.wikidata.org/entity/Q132817615
http://www.wikidata.org/entity/Q126472816,http://www.wikidata.org/prop/direct/P4057,KK022-044----
http://www.wikidata.org/entity/Q126946514,http://www.wikidata.org/prop/direct/P217,148
http://www.wikidata.org/entity/Q126946514,http://www.wikidata.org/prop/direct/P625,Point(-6.984672 52.598915)
http://www.wikidata.org/entity/Q126946514,http://www.wikidata.org/prop/direct/P1343,http://www.wikidata.org/entity/Q120966194
http://www.wikidata.org/entity/Q126946514,http://www.wikidata.org/prop/direct/P1343,http://www.wikidata.org/entity/Q126528008
http://www.wikidata.org/entity/Q126946514,http://www.wikidata.org/prop/direct/P1343,http://www.wikidata.org/entity/Q126540348
http://www.wikidata.org/entity/Q126946514,http://www.wikidata.org/prop/direct/P1343,http://www.wikidata.org/entity/Q126555558
http://www.wikidata.org/entity/Q126946514,http://www.wikidata.org/prop/direct/P1343,http://www.wikidata.org/entity/Q126875543
http://www.wikidata.org/entity/Q126946514,http://www.wikidata.org/prop/direct/P1343,http://www.wikidata.org/entity/Q130284129
http://www.wikidata.org/entity/Q126946514,http://www.wikidata.org/prop/direct/P4057,KK025-025----
http://www.wikidata.org/entity/Q126946657,http://www.wikidata.org/prop/direct/P17,http://www.wikidata.org/entity/Q27
http://www.wikidata.org/entity/Q126946657,http://www.wikidata.org/prop/direct/P31,http://www.wikidata.org/entity/Q124714
http://www.wikidata.org/entity/Q126946657,http://www.wikidata.org/prop/direct/P31,http://www.wikidata.org/entity/Q1371047
http://www.wikidata.org/entity/Q126946657,http://www.wikidata.org/prop/direct/P31,http://www.wikidata.org/entity/Q126443332
http://www.wikidata.org/entity/Q126946657,http://www.wikidata.org/prop/direct/P131,http://www.wikidata.org/entity/Q180231
http://www.wikidata.org/entity/Q126946657,http://www.wikidata.org/prop/direct/P131,http://www.wikidata.org/entity/Q60553592
http://www.wikidata.org/entity/Q126946657,http://www.wikidata.org/prop/direct/P131,http://www.wikidata.org/entity/Q104265836
http://www.wikidata.org/entity/Q126946657,http://www.wikidata.org/prop/direct/P138,http://www.wikidata.org/entity/Q466428
http://www.wikidata.org/entity/Q126946657,http://www.wikidata.org/prop/direct/P195,http://www.wikidata.org/entity/Q126875543
http://www.wikidata.org/entity/Q126946657,http://www.wikidata.org/prop/direct/P195,http://www.wikidata.org/entity/Q132817615
http://www.wikidata.org/entity/Q126946657,http://www.wikidata.org/prop/direct/P217,154
http://www.wikidata.org/entity/Q126946657,http://www.wikidata.org/prop/direct/P217,KHW2-25
http://www.wikidata.org/entity/Q126946657,http://www.wikidata.org/prop/direct/P625,Point(-7.1356135 52.641325)
http://www.wikidata.org/entity/Q126946657,http://www.wikidata.org/prop/direct/P708,http://www.wikidata.org/entity/Q873607
http://www.wikidata.org/entity/Q126946657,http://www.wikidata.org/prop/direct/P1343,http://www.wikidata.org/entity/Q126393245
http://www.wikidata.org/entity/Q126946657,http://www.wikidata.org/prop/direct/P1343,http://www.wikidata.org/entity/Q126528008
http://www.wikidata.org/entity/Q126946657,http://www.wikidata.org/prop/direct/P1343,http://www.wikidata.org/entity/Q126875543
http://www.wikidata.org/entity/Q126946657,http://www.wikidata.org/prop/direct/P1343,http://www.wikidata.org/entity/Q130284129
http://www.wikidata.org/entity/Q126946657,http://www.wikidata.org/prop/direct/P1343,http://www.wikidata.org/entity/Q132817615
http://www.wikidata.org/entity/Q126949259,http://www.wikidata.org/prop/direct/P17,http://www.wikidata.org/entity/Q27
http://www.wikidata.org/entity/Q126949259,http://www.wikidata.org/prop/direct/P31,http://www.wikidata.org/entity/Q1371047
http://www.wikidata.org/entity/Q126949259,http://www.wikidata.org/prop/direct/P31,http://www.wikidata.org/entity/Q126443332
http://www.wikidata.org/entity/Q126949259,http://www.wikidata.org/prop/direct/P131,http://www.wikidata.org/entity/Q180231
http://www.wikidata.org/entity/Q126949259,http://www.wikidata.org/prop/direct/P131,http://www.wikidata.org/entity/Q60556394
http://www.wikidata.org/entity/Q126949259,http://www.wikidata.org/prop/direct/P131,http://www.wikidata.org/entity/Q104264421
http://www.wikidata.org/entity/Q126949259,http://www.wikidata.org/prop/direct/P195,http://www.wikidata.org/entity/Q126875543
http://www.wikidata.org/entity/Q126949259,http://www.wikidata.org/prop/direct/P217,157
http://www.wikidata.org/entity/Q126949259,http://www.wikidata.org/prop/direct/P1343,http://www.wikidata.org/entity/Q126875543
http://www.wikidata.org/entity/Q126949259,http://www.wikidata.org/prop/direct/P1343,http://www.wikidata.org/entity/Q129998019
http://www.wikidata.org/entity/Q126454901,http://www.wikidata.org/prop/direct/P17,http://www.wikidata.org/entity/Q27
http://www.wikidata.org/entity/Q126454901,http://www.wikidata.org/prop/direct/P31,http://www.wikidata.org/entity/Q124714
http://www.wikidata.org/entity/Q126454901,http://www.wikidata.org/prop/direct/P31,http://www.wikidata.org/entity/Q1371047
http://www.wikidata.org/entity/Q126454901,http://www.wikidata.org/prop/direct/P31,http://www.wikidata.org/entity/Q126443332
http://www.wikidata.org/entity/Q126454901,http://www.wikidata.org/prop/direct/P131,http://www.wikidata.org/entity/Q180231
http://www.wikidata.org/entity/Q126454901,http://www.wikidata.org/prop/direct/P131,http://www.wikidata.org/entity/Q60554413
http://www.wikidata.org/entity/Q126454901,http://www.wikidata.org/prop/direct/P131,http://www.wikidata.org/entity/Q104265119
http://www.wikidata.org/entity/Q126454901,http://www.wikidata.org/prop/direct/P195,http://www.wikidata.org/entity/Q126875543
http://www.wikidata.org/entity/Q126454901,http://www.wikidata.org/prop/direct/P195,http://www.wikidata.org/entity/Q132817615
http://www.wikidata.org/entity/Q126454901,http://www.wikidata.org/prop/direct/P217,52
http://www.wikidata.org/entity/Q126454901,http://www.wikidata.org/prop/direct/P217,KHW106
http://www.wikidata.org/entity/Q126454901,http://www.wikidata.org/prop/direct/P625,Point(-7.2906733 52.7611516)
http://www.wikidata.org/entity/Q126454901,http://www.wikidata.org/prop/direct/P708,http://www.wikidata.org/entity/Q873607
http://www.wikidata.org/entity/Q126454901,http://www.wikidata.org/prop/direct/P1343,http://www.wikidata.org/entity/Q116166792
http://www.wikidata.org/entity/Q126454901,http://www.wikidata.org/prop/direct/P1343,http://www.wikidata.org/entity/Q120966194
http://www.wikidata.org/entity/Q126454901,http://www.wikidata.org/prop/direct/P1343,http://www.wikidata.org/entity/Q126374601
http://www.wikidata.org/entity/Q126454901,http://www.wikidata.org/prop/direct/P1343,http://www.wikidata.org/entity/Q126393245
http://www.wikidata.org/entity/Q126454901,http://www.wikidata.org/prop/direct/P1343,http://www.wikidata.org/entity/Q126528008
http://www.wikidata.org/entity/Q126454901,http://www.wikidata.org/prop/direct/P1343,http://www.wikidata.org/entity/Q126875543
http://www.wikidata.org/entity/Q126454901,http://www.wikidata.org/prop/direct/P1343,http://www.wikidata.org/entity/Q132817615
http://www.wikidata.org/entity/Q126454901,http://www.wikidata.org/prop/direct/P4057,KK010-102----
http://www.wikidata.org/entity/Q126454901,http://www.wikidata.org/prop/direct/P11693,11124030065
http://www.wikidata.org/entity/Q126454954,http://www.wikidata.org/prop/direct/P17,http://www.wikidata.org/entity/Q27
http://www.wikidata.org/entity/Q126454954,http://www.wikidata.org/prop/direct/P31,http://www.wikidata.org/entity/Q1371047
http://www.wikidata.org/entity/Q126454954,http://www.wikidata.org/prop/direct/P31,http://www.wikidata.org/entity/Q126443332
http://www.wikidata.org/entity/Q126454954,http://www.wikidata.org/prop/direct/P131,http://www.wikidata.org/entity/Q180231
http://www.wikidata.org/entity/Q126454954,http://www.wikidata.org/prop/direct/P131,http://www.wikidata.org/entity/Q60554507
http://www.wikidata.org/entity/Q126454954,http://www.wikidata.org/prop/direct/P131,http://www.wikidata.org/entity/Q104266248
http://www.wikidata.org/entity/Q126454954,http://www.wikidata.org/prop/direct/P138,http://www.wikidata.org/entity/Q45581
http://www.wikidata.org/entity/Q126454954,http://www.wikidata.org/prop/direct/P195,http://www.wikidata.org/entity/Q126875543
http://www.wikidata.org/entity/Q126454954,http://www.wikidata.org/prop/direct/P195,http://www.wikidata.org/entity/Q132817615
http://www.wikidata.org/entity/Q126454954,http://www.wikidata.org/prop/direct/P217,33
http://www.wikidata.org/entity/Q126454954,http://www.wikidata.org/prop/direct/P217,KHW051
http://www.wikidata.org/entity/Q126454954,http://www.wikidata.org/prop/direct/P625,Point(-7.0698108 52.5104802)
http://www.wikidata.org/entity/Q126454954,http://www.wikidata.org/prop/direct/P708,http://www.wikidata.org/entity/Q873607
http://www.wikidata.org/entity/Q126454954,http://www.wikidata.org/prop/direct/P1343,http://www.wikidata.org/entity/Q120966194
http://www.wikidata.org/entity/Q126454954,http://www.wikidata.org/prop/direct/P1343,http://www.wikidata.org/entity/Q126374601
http://www.wikidata.org/entity/Q126454954,http://www.wikidata.org/prop/direct/P1343,http://www.wikidata.org/entity/Q126456421
http://www.wikidata.org/entity/Q126454954,http://www.wikidata.org/prop/direct/P1343,http://www.wikidata.org/entity/Q126528008
http://www.wikidata.org/entity/Q126454954,http://www.wikidata.org/prop/direct/P1343,http://www.wikidata.org/entity/Q126540348
http://www.wikidata.org/entity/Q126454954,http://www.wikidata.org/prop/direct/P1343,http://www.wikidata.org/entity/Q126555558
http://www.wikidata.org/entity/Q126454954,http://www.wikidata.org/prop/direct/P1343,http://www.wikidata.org/entity/Q126875543
http://www.wikidata.org/entity/Q126454844,http://www.wikidata.org/prop/direct/P10,http://commons.wikimedia.org/wiki/Special:FilePath/Graiguenamanagh%20Ladys%20Well.webm
http://www.wikidata.org/entity/Q126454844,http://www.wikidata.org/prop/direct/P17,http://www.wikidata.org/entity/Q27
http://www.wikidata.org/entity/Q126454844,http://www.wikidata.org/prop/direct/P18,http://commons.wikimedia.org/wiki/Special:FilePath/Lady%27s%20Well%20in%20Graiguenamanagh%204.jpg
http://www.wikidata.org/entity/Q126454844,http://www.wikidata.org/prop/direct/P31,http://www.wikidata.org/entity/Q124714
http://www.wikidata.org/entity/Q126454844,http://www.wikidata.org/prop/direct/P31,http://www.wikidata.org/entity/Q1371047
http://www.wikidata.org/entity/Q126454844,http://www.wikidata.org/prop/direct/P31,http://www.wikidata.org/entity/Q10713454
http://www.wikidata.org/entity/Q126454844,http://www.wikidata.org/prop/direct/P31,http://www.wikidata.org/entity/Q126443332
http://www.wikidata.org/entity/Q126454844,http://www.wikidata.org/prop/direct/P131,http://www.wikidata.org/entity/Q180231
http://www.wikidata.org/entity/Q126454844,http://www.wikidata.org/prop/direct/P131,http://www.wikidata.org/entity/Q60554378
http://www.wikidata.org/entity/Q126454844,http://www.wikidata.org/prop/direct/P138,http://www.wikidata.org/entity/Q345
http://www.wikidata.org/entity/Q126454844,http://www.wikidata.org/prop/direct/P195,http://www.wikidata.org/entity/Q126875543
http://www.wikidata.org/entity/Q126454844,http://www.wikidata.org/prop/direct/P195,http://www.wikidata.org/entity/Q132817615
http://www.wikidata.org/entity/Q126454844,http://www.wikidata.org/prop/direct/P217,86
http://www.wikidata.org/entity/Q126454844,http://www.wikidata.org/prop/direct/P217,KHW053
http://www.wikidata.org/entity/Q126454844,http://www.wikidata.org/prop/direct/P373,"Lady's Well, Graiguenamanagh"
http://www.wikidata.org/entity/Q126454844,http://www.wikidata.org/prop/direct/P625,Point(-6.9566958 52.5411618)
http://www.wikidata.org/entity/Q126454844,http://www.wikidata.org/prop/direct/P708,http://www.wikidata.org/entity/Q873607
http://www.wikidata.org/entity/Q126454844,http://www.wikidata.org/prop/direct/P1325,https://sketchfab.com/3d-models/graiguenamanagh-ladys-well-9ed7bcf22e184897a5b8e758cef7249e
http://www.wikidata.org/entity/Q126454844,http://www.wikidata.org/prop/direct/P1343,http://www.wikidata.org/entity/Q120966194
http://www.wikidata.org/entity/Q126454844,http://www.wikidata.org/prop/direct/P1343,http://www.wikidata.org/entity/Q126393245
http://www.wikidata.org/entity/Q126454844,http://www.wikidata.org/prop/direct/P1343,http://www.wikidata.org/entity/Q126507417
http://www.wikidata.org/entity/Q126454844,http://www.wikidata.org/prop/direct/P1343,http://www.wikidata.org/entity/Q126528008
http://www.wikidata.org/entity/Q126454844,http://www.wikidata.org/prop/direct/P1343,http://www.wikidata.org/entity/Q126540348
http://www.wikidata.org/entity/Q126454844,http://www.wikidata.org/prop/direct/P1343,http://www.wikidata.org/entity/Q126875543
http://www.wikidata.org/entity/Q126454844,http://www.wikidata.org/prop/direct/P1343,http://www.wikidata.org/entity/Q127432104
http://www.wikidata.org/entity/Q126454844,http://www.wikidata.org/prop/direct/P1343,http://www.wikidata.org/entity/Q130634563
http://www.wikidata.org/entity/Q126454844,http://www.wikidata.org/prop/direct/P1343,http://www.wikidata.org/entity/Q132817615
http://www.wikidata.org/entity/Q126454844,http://www.wikidata.org/prop/direct/P1651,W8XP7xLRG04
http://www.wikidata.org/entity/Q126454844,http://www.wikidata.org/prop/direct/P4057,KK029-018007-
http://www.wikidata.org/entity/Q126454844,http://www.wikidata.org/prop/direct/P11693,8513574146
http://www.wikidata.org/entity/Q126454857,http://www.wikidata.org/prop/direct/P17,http://www.wikidata.org/entity/Q27
http://www.wikidata.org/entity/Q126454857,http://www.wikidata.org/prop/direct/P31,http://www.wikidata.org/entity/Q1371047
http://www.wikidata.org/entity/Q126454857,http://www.wikidata.org/prop/direct/P31,http://www.wikidata.org/entity/Q126443332
http://www.wikidata.org/entity/Q126454857,http://www.wikidata.org/prop/direct/P131,http://www.wikidata.org/entity/Q180231
http://www.wikidata.org/entity/Q126454857,http://www.wikidata.org/prop/direct/P131,http://www.wikidata.org/entity/Q60554378
http://www.wikidata.org/entity/Q126454857,http://www.wikidata.org/prop/direct/P131,http://www.wikidata.org/entity/Q104266383
http://www.wikidata.org/entity/Q126454857,http://www.wikidata.org/prop/direct/P138,http://www.wikidata.org/entity/Q953927
http://www.wikidata.org/entity/Q126454857,http://www.wikidata.org/prop/direct/P195,http://www.wikidata.org/entity/Q126875543
http://www.wikidata.org/entity/Q126454857,http://www.wikidata.org/prop/direct/P195,http://www.wikidata.org/entity/Q132817615
http://www.wikidata.org/entity/Q126454857,http://www.wikidata.org/prop/direct/P217,170
http://www.wikidata.org/entity/Q126454857,http://www.wikidata.org/prop/direct/P217,KHW052
http://www.wikidata.org/entity/Q126919511,http://www.wikidata.org/prop/direct/P17,http://www.wikidata.org/entity/Q27
http://www.wikidata.org/entity/Q126919511,http://www.wikidata.org/prop/direct/P31,http://www.wikidata.org/entity/Q124714
http://www.wikidata.org/entity/Q126919511,http://www.wikidata.org/prop/direct/P31,http://www.wikidata.org/entity/Q1371047
http://www.wikidata.org/entity/Q126919511,http://www.wikidata.org/prop/direct/P31,http://www.wikidata.org/entity/Q126443332
http://www.wikidata.org/entity/Q126919511,http://www.wikidata.org/prop/direct/P131,http://www.wikidata.org/entity/Q180231
http://www.wikidata.org/entity/Q126919511,http://www.wikidata.org/prop/direct/P131,http://www.wikidata.org/entity/Q60554507
http://www.wikidata.org/entity/Q126919511,http://www.wikidata.org/prop/direct/P131,http://www.wikidata.org/entity/Q104266184
http://www.wikidata.org/entity/Q126919511,http://www.wikidata.org/prop/direct/P138,http://www.wikidata.org/entity/Q10884
http://www.wikidata.org/entity/Q126919511,http://www.wikidata.org/prop/direct/P195,http://www.wikidata.org/entity/Q126875543
http://www.wikidata.org/entity/Q126919511,http://www.wikidata.org/prop/direct/P195,http://www.wikidata.org/entity/Q132817615
http://www.wikidata.org/entity/Q126919511,http://www.wikidata.org/prop/direct/P217,117
http://www.wikidata.org/entity/Q126919511,http://www.wikidata.org/prop/direct/P217,KHW2-23
http://www.wikidata.org/entity/Q126919511,http://www.wikidata.org/prop/direct/P708,http://www.wikidata.org/entity/Q873607
http://www.wikidata.org/entity/Q126919511,http://www.wikidata.org/prop/direct/P1343,http://www.wikidata.org/entity/Q126374601
http://www.wikidata.org/entity/Q126919511,http://www.wikidata.org/prop/direct/P1343,http://www.wikidata.org/entity/Q126456421
http://www.wikidata.org/entity/Q126919511,http://www.wikidata.org/prop/direct/P1343,http://www.wikidata.org/entity/Q126528008
http://www.wikidata.org/entity/Q126919511,http://www.wikidata.org/prop/direct/P1343,http://www.wikidata.org/entity/Q126875543
http://www.wikidata.org/entity/Q126919579,http://www.wikidata.org/prop/direct/P17,http://www.wikidata.org/entity/Q27
http://www.wikidata.org/entity/Q126919579,http://www.wikidata.org/prop/direct/P18,http://commons.wikimedia.org/wiki/Special:FilePath/Site%20of%20St.%20Mogarra%E2%80%99s%20Well.jpg
http://www.wikidata.org/entity/Q126919579,http://www.wikidata.org/prop/direct/P18,http://commons.wikimedia.org/wiki/Special:FilePath/St.%20Mogarra%E2%80%99s%20Well.jpg
http://www.wikidata.org/entity/Q126919579,http://www.wikidata.org/prop/direct/P31,http://www.wikidata.org/entity/Q124714
http://www.wikidata.org/entity/Q126919579,http://www.wikidata.org/prop/direct/P31,http://www.wikidata.org/entity/Q1371047
http://www.wikidata.org/entity/Q126919579,http://www.wikidata.org/prop/direct/P31,http://www.wikidata.org/entity/Q126443332
http://www.wikidata.org/entity/Q126919579,http://www.wikidata.org/prop/direct/P131,http://www.wikidata.org/entity/Q180231
http://www.wikidata.org/entity/Q126919579,http://www.wikidata.org/prop/direct/P131,http://www.wikidata.org/entity/Q4222952
http://www.wikidata.org/entity/Q126919579,http://www.wikidata.org/prop/direct/P131,http://www.wikidata.org/entity/Q60553754
http://www.wikidata.org/entity/Q126919579,http://www.wikidata.org/prop/direct/P131,http://www.wikidata.org/entity/Q104265893
http://www.wikidata.org/entity/Q126919579,http://www.wikidata.org/prop/direct/P195,http://www.wikidata.org/entity/Q126875543
http://www.wikidata.org/entity/Q126919579,http://www.wikidata.org/prop/direct/P195,http://www.wikidata.org/entity/Q132817615
http://www.wikidata.org/entity/Q126919579,http://www.wikidata.org/prop/direct/P217,119
http://www.wikidata.org/entity/Q126919579,http://www.wikidata.org/prop/direct/P217,KHW2-24
http://www.wikidata.org/entity/Q126919579,http://www.wikidata.org/prop/direct/P373,"Saint Mogarra's Well, Kilmagar"
http://www.wikidata.org/entity/Q126919579,http://www.wikidata.org/prop/direct/P625,Point(-7.149174 52.6724766)
http://www.wikidata.org/entity/Q126919579,http://www.wikidata.org/prop/direct/P708,http://www.wikidata.org/entity/Q873607
http://www.wikidata.org/entity/Q126919579,http://www.wikidata.org/prop/direct/P1325,https://sketchfab.com/3d-models/kilmagar-st-mogarras-well-c4b4d9af367245b198efd8bd6accacf5
http://www.wikidata.org/entity/Q126919579,http://www.wikidata.org/prop/direct/P1343,http://www.wikidata.org/entity/Q126393245
http://www.wikidata.org/entity/Q126919579,http://www.wikidata.org/prop/direct/P1343,http://www.wikidata.org/entity/Q126528008
http://www.wikidata.org/entity/Q126919579,http://www.wikidata.org/prop/direct/P1343,http://www.wikidata.org/entity/Q126875543
http://www.wikidata.org/entity/Q126919579,http://www.wikidata.org/prop/direct/P1343,http://www.wikidata.org/entity/Q129423431
http://www.wikidata.org/entity/Q126919579,http://www.wikidata.org/prop/direct/P1343,http://www.wikidata.org/entity/Q132817615
http://www.wikidata.org/entity/Q126919579,http://www.wikidata.org/prop/direct/P11693,12015913450
http://www.wikidata.org/entity/Q126923572,http://www.wikidata.org/prop/direct/P17,http://www.wikidata.org/entity/Q27
http://www.wikidata.org/entity/Q126923572,http://www.wikidata.org/prop/direct/P31,http://www.wikidata.org/entity/Q1371047
http://www.wikidata.org/entity/Q126923572,http://www.wikidata.org/prop/direct/P31,http://www.wikidata.org/entity/Q15135589
http://www.wikidata.org/entity/Q126923572,http://www.wikidata.org/prop/direct/P31,http://www.wikidata.org/entity/Q126443332
http://www.wikidata.org/entity/Q126923572,http://www.wikidata.org/prop/direct/P131,http://www.wikidata.org/entity/Q180231
http://www.wikidata.org/entity/Q126923572,http://www.wikidata.org/prop/direct/P195,http://www.wikidata.org/entity/Q126875543
http://www.wikidata.org/entity/Q126923572,http://www.wikidata.org/prop/direct/P217,134
http://www.wikidata.org/entity/Q126923572,http://www.wikidata.org/prop/direct/P625,Point(-7.2543803 52.7734159)
http://www.wikidata.org/entity/Q126923572,http://www.wikidata.org/prop/direct/P1343,http://www.wikidata.org/entity/Q126875543
http://www.wikidata.org/entity/Q126923572,http://www.wikidata.org/prop/direct/P1343,http://www.wikidata.org/entity/Q129333352
http://www.wikidata.org/entity/Q126923572,http://www.wikidata.org/prop/direct/P1343,http://www.wikidata.org/entity/Q130284129
http://www.wikidata.org/entity/Q126923572,http://www.wikidata.org/prop/direct/P4057,KK010-195----
http://www.wikidata.org/entity/Q126923720,http://www.wikidata.org/prop/direct/P17,http://www.wikidata.org/entity/Q27
http://www.wikidata.org/entity/Q126923720,http://www.wikidata.org/prop/direct/P31,http://www.wikidata.org/entity/Q1371047
http://www.wikidata.org/entity/Q126923720,http://www.wikidata.org/prop/direct/P31,http://www.wikidata.org/entity/Q126443332
http://www.wikidata.org/entity/Q126923720,http://www.wikidata.org/prop/direct/P131,http://www.wikidata.org/entity/Q180231
http://www.wikidata.org/entity/Q126923720,http://www.wikidata.org/prop/direct/P131,http://www.wikidata.org/entity/Q60556096
http://www.wikidata.org/entity/Q126923720,http://www.wikidata.org/prop/direct/P131,http://www.wikidata.org/entity/Q104265623
http://www.wikidata.org/entity/Q126923720,http://www.wikidata.org/prop/direct/P195,http://www.wikidata.org/entity/Q126875543
http://www.wikidata.org/entity/Q126923720,http://www.wikidata.org/prop/direct/P195,http://www.wikidata.org/entity/Q132817615
http://www.wikidata.org/entity/Q126923720,http://www.wikidata.org/prop/direct/P217,139
http://www.wikidata.org/entity/Q126923720,http://www.wikidata.org/prop/direct/P217,KHW123
http://www.wikidata.org/entity/Q126923720,http://www.wikidata.org/prop/direct/P1343,http://www.wikidata.org/entity/Q126374601
http://www.wikidata.org/entity/Q126923720,http://www.wikidata.org/prop/direct/P1343,http://www.wikidata.org/entity/Q126454465
http://www.wikidata.org/entity/Q126923720,http://www.wikidata.org/prop/direct/P1343,http://www.wikidata.org/entity/Q126875543
http://www.wikidata.org/entity/Q126923720,http://www.wikidata.org/prop/direct/P1343,http://www.wikidata.org/entity/Q130308814
http://www.wikidata.org/entity/Q126923720,http://www.wikidata.org/prop/direct/P1343,http://www.wikidata.org/entity/Q132817615
http://www.wikidata.org/entity/Q126923720,http://www.wikidata.org/prop/direct/P4057,KK010-106----
http://www.wikidata.org/entity/Q126923720,http://www.wikidata.org/prop/direct/P6375,"in Mr. Hunt's ""Faugha"", a couple of fields north-east of the church"
http://www.wikidata.org/entity/Q126928234,http://www.wikidata.org/prop/direct/P17,http://www.wikidata.org/entity/Q27
http://www.wikidata.org/entity/Q126928234,http://www.wikidata.org/prop/direct/P31,http://www.wikidata.org/entity/Q1371047
http://www.wikidata.org/entity/Q126928234,http://www.wikidata.org/prop/direct/P31,http://www.wikidata.org/entity/Q126443332
http://www.wikidata.org/entity/Q126928234,http://www.wikidata.org/prop/direct/P131,http://www.wikidata.org/entity/Q180231
http://www.wikidata.org/entity/Q126928234,http://www.wikidata.org/prop/direct/P131,http://www.wikidata.org/entity/Q104265256
http://www.wikidata.org/entity/Q126928234,http://www.wikidata.org/prop/direct/P138,http://www.wikidata.org/entity/Q2151232
http://www.wikidata.org/entity/Q126928234,http://www.wikidata.org/prop/direct/P195,http://www.wikidata.org/entity/Q126875543
http://www.wikidata.org/entity/Q126928234,http://www.wikidata.org/prop/direct/P195,http://www.wikidata.org/entity/Q132817615
http://www.wikidata.org/entity/Q126928234,http://www.wikidata.org/prop/direct/P217,144
http://www.wikidata.org/entity/Q126928234,http://www.wikidata.org/prop/direct/P217,KHW147
http://www.wikidata.org/entity/Q126474220,http://www.wikidata.org/prop/direct/P131,http://www.wikidata.org/entity/Q60556298
http://www.wikidata.org/entity/Q126474220,http://www.wikidata.org/prop/direct/P131,http://www.wikidata.org/entity/Q104266457
http://www.wikidata.org/entity/Q126474220,http://www.wikidata.org/prop/direct/P138,http://www.wikidata.org/entity/Q47521
http://www.wikidata.org/entity/Q126474220,http://www.wikidata.org/prop/direct/P195,http://www.wikidata.org/entity/Q126875543
http://www.wikidata.org/entity/Q126474220,http://www.wikidata.org/prop/direct/P195,http://www.wikidata.org/entity/Q132817615
http://www.wikidata.org/entity/Q126474220,http://www.wikidata.org/prop/direct/P217,150
http://www.wikidata.org/entity/Q126474220,http://www.wikidata.org/prop/direct/P217,KHW077
http://www.wikidata.org/entity/Q126474220,http://www.wikidata.org/prop/direct/P625,Point(-6.972305 52.601909)
http://www.wikidata.org/entity/Q126474220,http://www.wikidata.org/prop/direct/P708,http://www.wikidata.org/entity/Q873607
http://www.wikidata.org/entity/Q126474220,http://www.wikidata.org/prop/direct/P1343,http://www.wikidata.org/entity/Q120966194
http://www.wikidata.org/entity/Q126474220,http://www.wikidata.org/prop/direct/P1343,http://www.wikidata.org/entity/Q126374601
http://www.wikidata.org/entity/Q126474220,http://www.wikidata.org/prop/direct/P1343,http://www.wikidata.org/entity/Q126528008
http://www.wikidata.org/entity/Q126474220,http://www.wikidata.org/prop/direct/P1343,http://www.wikidata.org/entity/Q126540348
http://www.wikidata.org/entity/Q126474220,http://www.wikidata.org/prop/direct/P1343,http://www.wikidata.org/entity/Q126871352
http://www.wikidata.org/entity/Q126474220,http://www.wikidata.org/prop/direct/P1343,http://www.wikidata.org/entity/Q126875543
http://www.wikidata.org/entity/Q126474220,http://www.wikidata.org/prop/direct/P1343,http://www.wikidata.org/entity/Q130284129
http://www.wikidata.org/entity/Q126474220,http://www.wikidata.org/prop/direct/P1343,http://www.wikidata.org/entity/Q132817615
http://www.wikidata.org/entity/Q126474220,http://www.wikidata.org/prop/direct/P4057,KK025-028----
http://www.wikidata.org/entity/Q126474220,http://www.wikidata.org/prop/direct/P11693,11126382876
http://www.wikidata.org/entity/Q126474430,http://www.wikidata.org/prop/direct/P17,http://www.wikidata.org/entity/Q27
http://www.wikidata.org/entity/Q126474430,http://www.wikidata.org/prop/direct/P31,http://www.wikidata.org/entity/Q43483
http://www.wikidata.org/entity/Q126474430,http://www.wikidata.org/prop/direct/P31,http://www.wikidata.org/entity/Q1371047
http://www.wikidata.org/entity/Q126474430,http://www.wikidata.org/prop/direct/P31,http://www.wikidata.org/entity/Q126443332
http://www.wikidata.org/entity/Q126474430,http://www.wikidata.org/prop/direct/P131,http://www.wikidata.org/entity/Q180231
http://www.wikidata.org/entity/Q126474430,http://www.wikidata.org/prop/direct/P131,http://www.wikidata.org/entity/Q104266457
http://www.wikidata.org/entity/Q126474430,http://www.wikidata.org/prop/direct/P625,Point(-6.971132 52.600542)
http://www.wikidata.org/entity/Q126474430,http://www.wikidata.org/prop/direct/P708,http://www.wikidata.org/entity/Q873607
http://www.wikidata.org/entity/Q126474430,http://www.wikidata.org/prop/direct/P1343,http://www.wikidata.org/entity/Q126374601
http://www.wikidata.org/entity/Q126474430,http://www.wikidata.org/prop/direct/P1343,http://www.wikidata.org/entity/Q126528008
http://www.wikidata.org/entity/Q126474430,http://www.wikidata.org/prop/direct/P1343,http://www.wikidata.org/entity/Q126540348
http://www.wikidata.org/entity/Q126474430,http://www.wikidata.org/prop/direct/P1343,http://www.wikidata.org/entity/Q130284129
http://www.wikidata.org/entity/Q126474430,http://www.wikidata.org/prop/direct/P11693,11126382877
http://www.wikidata.org/entity/Q126474583,http://www.wikidata.org/prop/direct/P17,http://www.wikidata.org/entity/Q27
http://www.wikidata.org/entity/Q126474583,http://www.wikidata.org/prop/direct/P18,http://commons.wikimedia.org/wiki/Special:FilePath/St%20catherine%27s%20Well%20site.png
http://www.wikidata.org/entity/Q126474583,http://www.wikidata.org/prop/direct/P31,http://www.wikidata.org/entity/Q1371047
http://www.wikidata.org/entity/Q126474583,http://www.wikidata.org/prop/direct/P31,http://www.wikidata.org/entity/Q126443332
http://www.wikidata.org/entity/Q126474583,http://www.wikidata.org/prop/direct/P131,http://www.wikidata.org/entity/Q180231
http://www.wikidata.org/entity/Q126474583,http://www.wikidata.org/prop/direct/P131,http://www.wikidata.org/entity/Q60556343
http://www.wikidata.org/entity/Q126474583,http://www.wikidata.org/prop/direct/P131,http://www.wikidata.org/entity/Q104264941
http://www.wikidata.org/entity/Q126474583,http://www.wikidata.org/prop/direct/P138,http://www.wikidata.org/entity/Q179718
http://www.wikidata.org/entity/Q126474583,http://www.wikidata.org/prop/direct/P195,http://www.wikidata.org/entity/Q126875543
http://www.wikidata.org/entity/Q126474583,http://www.wikidata.org/prop/direct/P195,http://www.wikidata.org/entity/Q132817615
http://www.wikidata.org/entity/Q126474583,http://www.wikidata.org/prop/direct/P217,153
http://www.wikidata.org/entity/Q126474583,http://www.wikidata.org/prop/direct/P217,KHW105
http://www.wikidata.org/entity/Q126657210,http://www.wikidata.org/prop/direct/P1343,http://www.wikidata.org/entity/Q130308814
http://www.wikidata.org/entity/Q126657210,http://www.wikidata.org/prop/direct/P1343,http://www.wikidata.org/entity/Q130372700
http://www.wikidata.org/entity/Q126657210,http://www.wikidata.org/prop/direct/P1343,http://www.wikidata.org/entity/Q130471945
http://www.wikidata.org/entity/Q126657210,http://www.wikidata.org/prop/direct/P1343,http://www.wikidata.org/entity/Q132817615
http://www.wikidata.org/entity/Q126657210,http://www.wikidata.org/prop/direct/P4057,KK023-089----
http://www.wikidata.org/entity/Q126657210,http://www.wikidata.org/prop/direct/P6375,in the Castle Field
http://www.wikidata.org/entity/Q126657210,http://www.wikidata.org/prop/direct/P6375,in the field to the west of the Church
http://www.wikidata.org/entity/Q126657210,http://www.wikidata.org/prop/direct/P11693,12144379129
http://www.wikidata.org/entity/Q126661717,http://www.wikidata.org/prop/direct/P17,http://www.wikidata.org/entity/Q27
http://www.wikidata.org/entity/Q126661717,http://www.wikidata.org/prop/direct/P31,http://www.wikidata.org/entity/Q1371047
http://www.wikidata.org/entity/Q126661717,http://www.wikidata.org/prop/direct/P31,http://www.wikidata.org/entity/Q126443332
http://www.wikidata.org/entity/Q126661717,http://www.wikidata.org/prop/direct/P131,http://www.wikidata.org/entity/Q180231
http://www.wikidata.org/entity/Q126661717,http://www.wikidata.org/prop/direct/P138,http://www.wikidata.org/entity/Q944588
http://www.wikidata.org/entity/Q126661717,http://www.wikidata.org/prop/direct/P195,http://www.wikidata.org/entity/Q126875543
http://www.wikidata.org/entity/Q126661717,http://www.wikidata.org/prop/direct/P195,http://www.wikidata.org/entity/Q132817615
http://www.wikidata.org/entity/Q126661717,http://www.wikidata.org/prop/direct/P217,35
http://www.wikidata.org/entity/Q126661717,http://www.wikidata.org/prop/direct/P217,KHW150
http://www.wikidata.org/entity/Q126661717,http://www.wikidata.org/prop/direct/P625,Point(-7.275597 52.345053)
http://www.wikidata.org/entity/Q126661717,http://www.wikidata.org/prop/direct/P708,http://www.wikidata.org/entity/Q873607
http://www.wikidata.org/entity/Q126661717,http://www.wikidata.org/prop/direct/P1343,http://www.wikidata.org/entity/Q126374601
http://www.wikidata.org/entity/Q126661717,http://www.wikidata.org/prop/direct/P1343,http://www.wikidata.org/entity/Q126456421
http://www.wikidata.org/entity/Q126661717,http://www.wikidata.org/prop/direct/P1343,http://www.wikidata.org/entity/Q126875543
http://www.wikidata.org/entity/Q126661717,http://www.wikidata.org/prop/direct/P1343,http://www.wikidata.org/entity/Q129088050
http://www.wikidata.org/entity/Q126661717,http://www.wikidata.org/prop/direct/P1343,http://www.wikidata.org/entity/Q132817615
http://www.wikidata.org/entity/Q126661717,http://www.wikidata.org/prop/direct/P4057,KK039-086----
http://www.wikidata.org/entity/Q126662780,http://www.wikidata.org/prop/direct/P17,http://www.wikidata.org/entity/Q27
http://www.wikidata.org/entity/Q126662780,http://www.wikidata.org/prop/direct/P31,http://www.wikidata.org/entity/Q1371047
http://www.wikidata.org/entity/Q126662780,http://www.wikidata.org/prop/direct/P31,http://www.wikidata.org/entity/Q126443332
http://www.wikidata.org/entity/Q126662780,http://www.wikidata.org/prop/direct/P131,http://www.wikidata.org/entity/Q180231
http://www.wikidata.org/entity/Q126662780,http://www.wikidata.org/prop/direct/P131,http://www.wikidata.org/entity/Q60553777
http://www.wikidata.org/entity/Q126662780,http://www.wikidata.org/prop/direct/P131,http://www.wikidata.org/entity/Q104266348
http://www.wikidata.org/entity/Q126662780,http://www.wikidata.org/prop/direct/P195,http://www.wikidata.org/entity/Q126875543
http://www.wikidata.org/entity/Q126662780,http://www.wikidata.org/prop/direct/P195,http://www.wikidata.org/entity/Q132817615
http://www.wikidata.org/entity/Q126662780,http://www.wikidata.org/prop/direct/P217,46
http://www.wikidata.org/entity/Q126662780,http://www.wikidata.org/prop/direct/P217,KHW140
http://www.wikidata.org/entity/Q126890179,http://www.wikidata.org/prop/direct/P31,http://www.wikidata.org/entity/Q1371047
http://www.wikidata.org/entity/Q126890179,http://www.wikidata.org/prop/direct/P31,http://www.wikidata.org/entity/Q126443332
http://www.wikidata.org/entity/Q126890179,http://www.wikidata.org/prop/direct/P131,http://www.wikidata.org/entity/Q180231
http://www.wikidata.org/entity/Q126890179,http://www.wikidata.org/prop/direct/P131,http://www.wikidata.org/entity/Q60553663
http://www.wikidata.org/entity/Q126890179,http://www.wikidata.org/prop/direct/P131,http://www.wikidata.org/entity/Q104264838
http://www.wikidata.org/entity/Q126890179,http://www.wikidata.org/prop/direct/P138,http://www.wikidata.org/entity/Q345
http://www.wikidata.org/entity/Q126890179,http://www.wikidata.org/prop/direct/P195,http://www.wikidata.org/entity/Q126875543
http://www.wikidata.org/entity/Q126890179,http://www.wikidata.org/prop/direct/P217,53
http://www.wikidata.org/entity/Q126890179,http://www.wikidata.org/prop/direct/P708,http://www.wikidata.org/entity/Q873607
http://www.wikidata.org/entity/Q126890179,http://www.wikidata.org/prop/direct/P1343,http://www.wikidata.org/entity/Q126875543
http://www.wikidata.org/entity/Q126890179,http://www.wikidata.org/prop/direct/P1343,http://www.wikidata.org/entity/Q129907246
http://www.wikidata.org/entity/Q126891080,http://www.wikidata.org/prop/direct/P17,http://www.wikidata.org/entity/Q27
http://www.wikidata.org/entity/Q126891080,http://www.wikidata.org/prop/direct/P31,http://www.wikidata.org/entity/Q1371047
http://www.wikidata.org/entity/Q126891080,http://www.wikidata.org/prop/direct/P31,http://www.wikidata.org/entity/Q126443332
http://www.wikidata.org/entity/Q126891080,http://www.wikidata.org/prop/direct/P131,http://www.wikidata.org/entity/Q180231
http://www.wikidata.org/entity/Q126891080,http://www.wikidata.org/prop/direct/P131,http://www.wikidata.org/entity/Q104265770
http://www.wikidata.org/entity/Q126891080,http://www.wikidata.org/prop/direct/P138,http://www.wikidata.org/entity/Q2151232
http://www.wikidata.org/entity/Q126891080,http://www.wikidata.org/prop/direct/P195,http://www.wikidata.org/entity/Q126393245
http://www.wikidata.org/entity/Q126891080,http://www.wikidata.org/prop/direct/P195,http://www.wikidata.org/entity/Q126875543
http://www.wikidata.org/entity/Q126891080,http://www.wikidata.org/prop/direct/P195,http://www.wikidata.org/entity/Q132817615
http://www.wikidata.org/entity/Q126891080,http://www.wikidata.org/prop/direct/P217,59
http://www.wikidata.org/entity/Q126891080,http://www.wikidata.org/prop/direct/P217,0848.085
http://www.wikidata.org/entity/Q126891080,http://www.wikidata.org/prop/direct/P217,0848.094
http://www.wikidata.org/entity/Q126891080,http://www.wikidata.org/prop/direct/P217,KHW2-16
http://www.wikidata.org/entity/Q126891080,http://www.wikidata.org/prop/direct/P373,Derrynahinch Holy Well
http://www.wikidata.org/entity/Q126891080,http://www.wikidata.org/prop/direct/P625,Point(-7.185629 52.473324)
http://www.wikidata.org/entity/Q126891080,http://www.wikidata.org/prop/direct/P708,http://www.wikidata.org/entity/Q873607
http://www.wikidata.org/entity/Q126891080,http://www.wikidata.org/prop/direct/P1343,http://www.wikidata.org/entity/Q126393245
http://www.wikidata.org/entity/Q126891080,http://www.wikidata.org/prop/direct/P1343,http://www.wikidata.org/entity/Q126875543
http://www.wikidata.org/entity/Q126891080,http://www.wikidata.org/prop/direct/P1343,http://www.wikidata.org/entity/Q130308814
http://www.wikidata.org/entity/Q126891080,http://www.wikidata.org/prop/direct/P1343,http://www.wikidata.org/entity/Q132817615
http://www.wikidata.org/entity/Q126891080,http://www.wikidata.org/prop/direct/P6375,In the townland of Derrynahinch in a field at the back of Mac Bride's
http://www.wikidata.org/entity/Q126891133,http://www.wikidata.org/prop/direct/P17,http://www.wikidata.org/entity/Q27
http://www.wikidata.org/entity/Q126891133,http://www.wikidata.org/prop/direct/P31,http://www.wikidata.org/entity/Q1371047
http://www.wikidata.org/entity/Q126891133,http://www.wikidata.org/prop/direct/P31,http://www.wikidata.org/entity/Q126443332
http://www.wikidata.org/entity/Q126891133,http://www.wikidata.org/prop/direct/P131,http://www.wikidata.org/entity/Q180231
http://www.wikidata.org/entity/Q126891133,http://www.wikidata.org/prop/direct/P131,http://www.wikidata.org/entity/Q60553710
http://www.wikidata.org/entity/Q126891133,http://www.wikidata.org/prop/direct/P131,http://www.wikidata.org/entity/Q104265473
http://www.wikidata.org/entity/Q126891133,http://www.wikidata.org/prop/direct/P138,http://www.wikidata.org/entity/Q2151232
http://www.wikidata.org/entity/Q126891133,http://www.wikidata.org/prop/direct/P195,http://www.wikidata.org/entity/Q126875543
http://www.wikidata.org/entity/Q126891133,http://www.wikidata.org/prop/direct/P217,62
http://www.wikidata.org/entity/Q126891133,http://www.wikidata.org/prop/direct/P217,0865.051
http://www.wikidata.org/entity/Q126476470,http://www.wikidata.org/prop/direct/P625,Point(-7.0740663 52.2757005)
http://www.wikidata.org/entity/Q126476470,http://www.wikidata.org/prop/direct/P708,http://www.wikidata.org/entity/Q873607
http://www.wikidata.org/entity/Q126476470,http://www.wikidata.org/prop/direct/P1343,http://www.wikidata.org/entity/Q120966194
http://www.wikidata.org/entity/Q126476470,http://www.wikidata.org/prop/direct/P1343,http://www.wikidata.org/entity/Q126374601
http://www.wikidata.org/entity/Q126476470,http://www.wikidata.org/prop/direct/P1343,http://www.wikidata.org/entity/Q126393245
http://www.wikidata.org/entity/Q126476470,http://www.wikidata.org/prop/direct/P1343,http://www.wikidata.org/entity/Q126456421
http://www.wikidata.org/entity/Q126476470,http://www.wikidata.org/prop/direct/P1343,http://www.wikidata.org/entity/Q126474972
http://www.wikidata.org/entity/Q126476470,http://www.wikidata.org/prop/direct/P1343,http://www.wikidata.org/entity/Q126528008
http://www.wikidata.org/entity/Q126476470,http://www.wikidata.org/prop/direct/P1343,http://www.wikidata.org/entity/Q126540348
http://www.wikidata.org/entity/Q126476470,http://www.wikidata.org/prop/direct/P1343,http://www.wikidata.org/entity/Q126555558
http://www.wikidata.org/entity/Q126476470,http://www.wikidata.org/prop/direct/P1343,http://www.wikidata.org/entity/Q126875543
http://www.wikidata.org/entity/Q126476470,http://www.wikidata.org/prop/direct/P1343,http://www.wikidata.org/entity/Q130138050
http://www.wikidata.org/entity/Q126476470,http://www.wikidata.org/prop/direct/P1343,http://www.wikidata.org/entity/Q130284129
http://www.wikidata.org/entity/Q126476470,http://www.wikidata.org/prop/direct/P1343,http://www.wikidata.org/entity/Q130386158
http://www.wikidata.org/entity/Q126476470,http://www.wikidata.org/prop/direct/P1343,http://www.wikidata.org/entity/Q132817615
http://www.wikidata.org/entity/Q126476470,http://www.wikidata.org/prop/direct/P1343,http://www.wikidata.org/entity/Q133520241
http://www.wikidata.org/entity/Q126476470,http://www.wikidata.org/prop/direct/P4057,KK043-037001-
http://www.wikidata.org/entity/Q126476470,http://www.wikidata.org/prop/direct/P11693,5874254292
http://www.wikidata.org/entity/Q126476487,http://www.wikidata.org/prop/direct/P17,http://www.wikidata.org/entity/Q27
http://www.wikidata.org/entity/Q126476487,http://www.wikidata.org/prop/direct/P31,http://www.wikidata.org/entity/Q1371047
http://www.wikidata.org/entity/Q126476487,http://www.wikidata.org/prop/direct/P31,http://www.wikidata.org/entity/Q126443332
http://www.wikidata.org/entity/Q126476487,http://www.wikidata.org/prop/direct/P131,http://www.wikidata.org/entity/Q109092
http://www.wikidata.org/entity/Q126476487,http://www.wikidata.org/prop/direct/P131,http://www.wikidata.org/entity/Q180231
http://www.wikidata.org/entity/Q126476487,http://www.wikidata.org/prop/direct/P131,http://www.wikidata.org/entity/Q104265371
http://www.wikidata.org/entity/Q126476487,http://www.wikidata.org/prop/direct/P138,http://www.wikidata.org/entity/Q7386467
http://www.wikidata.org/entity/Q126476487,http://www.wikidata.org/prop/direct/P195,http://www.wikidata.org/entity/Q126875543
http://www.wikidata.org/entity/Q126476487,http://www.wikidata.org/prop/direct/P195,http://www.wikidata.org/entity/Q132817615
http://www.wikidata.org/entity/Q126476487,http://www.wikidata.org/prop/direct/P217,92
http://www.wikidata.org/entity/Q126476487,http://www.wikidata.org/prop/direct/P217,KHW110
http://www.wikidata.org/entity/Q126476487,http://www.wikidata.org/prop/direct/P625,Point(-7.2573876 52.6491293)
http://www.wikidata.org/entity/Q126476487,http://www.wikidata.org/prop/direct/P708,http://www.wikidata.org/entity/Q873607
http://www.wikidata.org/entity/Q126476487,http://www.wikidata.org/prop/direct/P841,http://www.wikidata.org/entity/Q20830799
http://www.wikidata.org/entity/Q126476487,http://www.wikidata.org/prop/direct/P973,https://kilkennyarchaeologicalsociety.ie/reputed-holy-wells-of-the-city-of-kilkenny/
http://www.wikidata.org/entity/Q126476487,http://www.wikidata.org/prop/direct/P1343,http://www.wikidata.org/entity/Q15753377
http://www.wikidata.org/entity/Q126476487,http://www.wikidata.org/prop/direct/P1343,http://www.wikidata.org/entity/Q120966194
http://www.wikidata.org/entity/Q126476487,http://www.wikidata.org/prop/direct/P1343,http://www.wikidata.org/entity/Q126393245
http://www.wikidata.org/entity/Q126476487,http://www.wikidata.org/prop/direct/P1343,http://www.wikidata.org/entity/Q126454465
http://www.wikidata.org/entity/Q126476487,http://www.wikidata.org/prop/direct/P1343,http://www.wikidata.org/entity/Q126473089
http://www.wikidata.org/entity/Q126476487,http://www.wikidata.org/prop/direct/P1343,http://www.wikidata.org/entity/Q126485974
http://www.wikidata.org/entity/Q126476487,http://www.wikidata.org/prop/direct/P1343,http://www.wikidata.org/entity/Q126875543
http://www.wikidata.org/entity/Q126476487,http://www.wikidata.org/prop/direct/P1343,http://www.wikidata.org/entity/Q127278616
http://www.wikidata.org/entity/Q126476487,http://www.wikidata.org/prop/direct/P1343,http://www.wikidata.org/entity/Q127606032
http://www.wikidata.org/entity/Q126476487,http://www.wikidata.org/prop/direct/P1343,http://www.wikidata.org/entity/Q127619817
http://www.wikidata.org/entity/Q126476487,http://www.wikidata.org/prop/direct/P1343,http://www.wikidata.org/entity/Q130139598
http://www.wikidata.org/entity/Q126459695,http://www.wikidata.org/prop/direct/P625,Point(-7.0412334 52.3693873)
http://www.wikidata.org/entity/Q126459695,http://www.wikidata.org/prop/direct/P708,http://www.wikidata.org/entity/Q873607
http://www.wikidata.org/entity/Q126459695,http://www.wikidata.org/prop/direct/P973,https://glenmore-history.com/tag/tobar-mhire-holy-well/
http://www.wikidata.org/entity/Q126459695,http://www.wikidata.org/prop/direct/P1343,http://www.wikidata.org/entity/Q120966194
http://www.wikidata.org/entity/Q126459695,http://www.wikidata.org/prop/direct/P1343,http://www.wikidata.org/entity/Q126374601
http://www.wikidata.org/entity/Q126459695,http://www.wikidata.org/prop/direct/P1343,http://www.wikidata.org/entity/Q126393245
http://www.wikidata.org/entity/Q126459695,http://www.wikidata.org/prop/direct/P1343,http://www.wikidata.org/entity/Q126456421
http://www.wikidata.org/entity/Q126459695,http://www.wikidata.org/prop/direct/P1343,http://www.wikidata.org/entity/Q126474972
http://www.wikidata.org/entity/Q126459695,http://www.wikidata.org/prop/direct/P1343,http://www.wikidata.org/entity/Q126528008
http://www.wikidata.org/entity/Q126459695,http://www.wikidata.org/prop/direct/P1343,http://www.wikidata.org/entity/Q126540348
http://www.wikidata.org/entity/Q126459695,http://www.wikidata.org/prop/direct/P1343,http://www.wikidata.org/entity/Q126555558
http://www.wikidata.org/entity/Q126459695,http://www.wikidata.org/prop/direct/P1343,http://www.wikidata.org/entity/Q126875543
http://www.wikidata.org/entity/Q126459695,http://www.wikidata.org/prop/direct/P1343,http://www.wikidata.org/entity/Q127605637
http://www.wikidata.org/entity/Q126459695,http://www.wikidata.org/prop/direct/P1343,http://www.wikidata.org/entity/Q130284129
http://www.wikidata.org/entity/Q126459695,http://www.wikidata.org/prop/direct/P1343,http://www.wikidata.org/entity/Q130308814
http://www.wikidata.org/entity/Q126459695,http://www.wikidata.org/prop/direct/P1343,http://www.wikidata.org/entity/Q132817615
http://www.wikidata.org/entity/Q126459695,http://www.wikidata.org/prop/direct/P4057,KK041-015001-
http://www.wikidata.org/entity/Q126459695,http://www.wikidata.org/prop/direct/P6375,"""about one mile from [the church of Cill Chuain] is a holy well called Tobermurry or the Virgin Mary's Well"""
http://www.wikidata.org/entity/Q126459695,http://www.wikidata.org/prop/direct/P11693,8512077750
http://www.wikidata.org/entity/Q126460137,http://www.wikidata.org/prop/direct/P17,http://www.wikidata.org/entity/Q27
http://www.wikidata.org/entity/Q126460137,http://www.wikidata.org/prop/direct/P31,http://www.wikidata.org/entity/Q43483
http://www.wikidata.org/entity/Q126460137,http://www.wikidata.org/prop/direct/P31,http://www.wikidata.org/entity/Q1371047
http://www.wikidata.org/entity/Q126460137,http://www.wikidata.org/prop/direct/P31,http://www.wikidata.org/entity/Q126443332
http://www.wikidata.org/entity/Q126460137,http://www.wikidata.org/prop/direct/P131,http://www.wikidata.org/entity/Q180231
http://www.wikidata.org/entity/Q126460137,http://www.wikidata.org/prop/direct/P131,http://www.wikidata.org/entity/Q60555206
http://www.wikidata.org/entity/Q126460137,http://www.wikidata.org/prop/direct/P131,http://www.wikidata.org/entity/Q104266315
http://www.wikidata.org/entity/Q126460137,http://www.wikidata.org/prop/direct/P138,http://www.wikidata.org/entity/Q130535583
http://www.wikidata.org/entity/Q126460137,http://www.wikidata.org/prop/direct/P195,http://www.wikidata.org/entity/Q126875543
http://www.wikidata.org/entity/Q126460137,http://www.wikidata.org/prop/direct/P195,http://www.wikidata.org/entity/Q132817615
http://www.wikidata.org/entity/Q126460137,http://www.wikidata.org/prop/direct/P217,70
http://www.wikidata.org/entity/Q126460137,http://www.wikidata.org/prop/direct/P217,KHW025
http://www.wikidata.org/entity/Q126460137,http://www.wikidata.org/prop/direct/P625,Point(-7.0419389 52.369158)
http://www.wikidata.org/entity/Q126460137,http://www.wikidata.org/prop/direct/P708,http://www.wikidata.org/entity/Q873607
http://www.wikidata.org/entity/Q126460137,http://www.wikidata.org/prop/direct/P1343,http://www.wikidata.org/entity/Q120966194
http://www.wikidata.org/entity/Q126460137,http://www.wikidata.org/prop/direct/P1343,http://www.wikidata.org/entity/Q126374601
http://www.wikidata.org/entity/Q126460137,http://www.wikidata.org/prop/direct/P1343,http://www.wikidata.org/entity/Q126393245
http://www.wikidata.org/entity/Q126460137,http://www.wikidata.org/prop/direct/P1343,http://www.wikidata.org/entity/Q126456421
http://www.wikidata.org/entity/Q126460137,http://www.wikidata.org/prop/direct/P1343,http://www.wikidata.org/entity/Q126528008
http://www.wikidata.org/entity/Q126460137,http://www.wikidata.org/prop/direct/P1343,http://www.wikidata.org/entity/Q126540348
http://www.wikidata.org/entity/Q126460137,http://www.wikidata.org/prop/direct/P1343,http://www.wikidata.org/entity/Q126875543
http://www.wikidata.org/entity/Q126460137,http://www.wikidata.org/prop/direct/P1343,http://www.wikidata.org/entity/Q130284129
http://www.wikidata.org/entity/Q126460137,http://www.wikidata.org/prop/direct/P1343,http://www.wikidata.org/entity/Q130308814
http://www.wikidata.org/entity/Q126460137,http://www.wikidata.org/prop/direct/P1343,http://www.wikidata.org/entity/Q130486611
http://www.wikidata.org/entity/Q126460137,http://www.wikidata.org/prop/direct/P1343,http://www.wikidata.org/entity/Q132817615
http://www.wikidata.org/entity/Q126460137,http://www.wikidata.org/prop/direct/P4057,KK041-015002-
http://www.wikidata.org/entity/Q126460137,http://www.wikidata.org/prop/direct/P11693,11134783323
http://www.wikidata.org/entity/Q126474583,http://www.wikidata.org/prop/direct/P373,"St. Catherine's Well, Rathbeagh"
http://www.wikidata.org/entity/Q126474583,http://www.wikidata.org/prop/direct/P625,Point(-7.3454855 52.7536764)
http://www.wikidata.org/entity/Q126474583,http://www.wikidata.org/prop/direct/P708,http://www.wikidata.org/entity/Q873607
http://www.wikidata.org/entity/Q126474583,http://www.wikidata.org/prop/direct/P841,http://www.wikidata.org/entity/Q2665
http://www.wikidata.org/entity/Q126474583,http://www.wikidata.org/prop/direct/P973,https://kilkennygraveyards.blogspot.com/2019/01/rathbeagh-parish-of-lisdowneycounty.html
http://www.wikidata.org/entity/Q126474583,http://www.wikidata.org/prop/direct/P1343,http://www.wikidata.org/entity/Q64077931
http://www.wikidata.org/entity/Q126474583,http://www.wikidata.org/prop/direct/P1343,http://www.wikidata.org/entity/Q116166792
http://www.wikidata.org/entity/Q126474583,http://www.wikidata.org/prop/direct/P1343,http://www.wikidata.org/entity/Q120966194
http://www.wikidata.org/entity/Q126474583,http://www.wikidata.org/prop/direct/P1343,http://www.wikidata.org/entity/Q126374601
http://www.wikidata.org/entity/Q126474583,http://www.wikidata.org/prop/direct/P1343,http://www.wikidata.org/entity/Q126474972
http://www.wikidata.org/entity/Q126474583,http://www.wikidata.org/prop/direct/P1343,http://www.wikidata.org/entity/Q126528008
http://www.wikidata.org/entity/Q126474583,http://www.wikidata.org/prop/direct/P1343,http://www.wikidata.org/entity/Q126540348
http://www.wikidata.org/entity/Q126474583,http://www.wikidata.org/prop/direct/P1343,http://www.wikidata.org/entity/Q126555558
http://www.wikidata.org/entity/Q126474583,http://www.wikidata.org/prop/direct/P1343,http://www.wikidata.org/entity/Q126875543
http://www.wikidata.org/entity/Q126474583,http://www.wikidata.org/prop/direct/P1343,http://www.wikidata.org/entity/Q129571698
http://www.wikidata.org/entity/Q126474583,http://www.wikidata.org/prop/direct/P1343,http://www.wikidata.org/entity/Q130284129
http://www.wikidata.org/entity/Q126474583,http://www.wikidata.org/prop/direct/P1343,http://www.wikidata.org/entity/Q130308814
http://www.wikidata.org/entity/Q126474583,http://www.wikidata.org/prop/direct/P1343,http://www.wikidata.org/entity/Q132817615
http://www.wikidata.org/entity/Q126474583,http://www.wikidata.org/prop/direct/P4057,KK009-049----
http://www.wikidata.org/entity/Q126474583,http://www.wikidata.org/prop/direct/P11693,8514900868
http://www.wikidata.org/entity/Q126474774,http://www.wikidata.org/prop/direct/P17,http://www.wikidata.org/entity/Q27
http://www.wikidata.org/entity/Q126474774,http://www.wikidata.org/prop/direct/P18,http://commons.wikimedia.org/wiki/Special:FilePath/Johnswell%20-%20St%20John%27s%20Well%20-%2020230901144641.jpg
http://www.wikidata.org/entity/Q126474774,http://www.wikidata.org/prop/direct/P31,http://www.wikidata.org/entity/Q1371047
http://www.wikidata.org/entity/Q126474774,http://www.wikidata.org/prop/direct/P31,http://www.wikidata.org/entity/Q126443332
http://www.wikidata.org/entity/Q126474774,http://www.wikidata.org/prop/direct/P110,http://www.wikidata.org/entity/Q56986634
http://www.wikidata.org/entity/Q126474774,http://www.wikidata.org/prop/direct/P131,http://www.wikidata.org/entity/Q180231
http://www.wikidata.org/entity/Q126474774,http://www.wikidata.org/prop/direct/P131,http://www.wikidata.org/entity/Q60556356
http://www.wikidata.org/entity/Q126474774,http://www.wikidata.org/prop/direct/P131,http://www.wikidata.org/entity/Q104265878
http://www.wikidata.org/entity/Q126474774,http://www.wikidata.org/prop/direct/P138,http://www.wikidata.org/entity/Q40662
http://www.wikidata.org/entity/Q126474774,http://www.wikidata.org/prop/direct/P195,http://www.wikidata.org/entity/Q126875543
http://www.wikidata.org/entity/Q126474774,http://www.wikidata.org/prop/direct/P195,http://www.wikidata.org/entity/Q132817615
http://www.wikidata.org/entity/Q126474774,http://www.wikidata.org/prop/direct/P217,94
http://www.wikidata.org/entity/Q126474774,http://www.wikidata.org/prop/direct/P217,KHW082
http://www.wikidata.org/entity/Q126474774,http://www.wikidata.org/prop/direct/P276,http://www.wikidata.org/entity/Q4160459
http://www.wikidata.org/entity/Q126474774,http://www.wikidata.org/prop/direct/P373,"St John's Well, Johnswell"
http://www.wikidata.org/entity/Q126474774,http://www.wikidata.org/prop/direct/P625,Point(-7.169588 52.7028688)
http://www.wikidata.org/entity/Q126474774,http://www.wikidata.org/prop/direct/P708,http://www.wikidata.org/entity/Q873607
http://www.wikidata.org/entity/Q126474774,http://www.wikidata.org/prop/direct/P841,http://www.wikidata.org/entity/Q2668
http://www.wikidata.org/entity/Q126474774,http://www.wikidata.org/prop/direct/P973,https://irelandsholywells.blogspot.com/2012/05/saint-john-baptists-well-johnswell.html
http://www.wikidata.org/entity/Q126474774,http://www.wikidata.org/prop/direct/P973,https://kilkennyobserver.ie/kilkennys-holy-wells/
http://www.wikidata.org/entity/Q126474774,http://www.wikidata.org/prop/direct/P1325,https://sketchfab.com/3d-models/johnswell-johns-well-interior-541578dcb8f144abafe2f6495a89de5b
http://www.wikidata.org/entity/Q126474774,http://www.wikidata.org/prop/direct/P1343,http://www.wikidata.org/entity/Q129918417
http://www.wikidata.org/entity/Q126474774,http://www.wikidata.org/prop/direct/P2186,IE-KK-0179
http://www.wikidata.org/entity/Q126474774,http://www.wikidata.org/prop/direct/P4057,KK015-009----
http://www.wikidata.org/entity/Q126460326,http://www.wikidata.org/prop/direct/P17,http://www.wikidata.org/entity/Q27
http://www.wikidata.org/entity/Q126460326,http://www.wikidata.org/prop/direct/P31,http://www.wikidata.org/entity/Q1371047
http://www.wikidata.org/entity/Q126460326,http://www.wikidata.org/prop/direct/P31,http://www.wikidata.org/entity/Q111286333
http://www.wikidata.org/entity/Q126460326,http://www.wikidata.org/prop/direct/P31,http://www.wikidata.org/entity/Q126443332
http://www.wikidata.org/entity/Q126460326,http://www.wikidata.org/prop/direct/P131,http://www.wikidata.org/entity/Q180231
http://www.wikidata.org/entity/Q126460326,http://www.wikidata.org/prop/direct/P131,http://www.wikidata.org/entity/Q60555206
http://www.wikidata.org/entity/Q126460326,http://www.wikidata.org/prop/direct/P138,http://www.wikidata.org/entity/Q130535684
http://www.wikidata.org/entity/Q126460326,http://www.wikidata.org/prop/direct/P195,http://www.wikidata.org/entity/Q126875543
http://www.wikidata.org/entity/Q126460326,http://www.wikidata.org/prop/direct/P195,http://www.wikidata.org/entity/Q132817615
http://www.wikidata.org/entity/Q126460326,http://www.wikidata.org/prop/direct/P217,116
http://www.wikidata.org/entity/Q126460326,http://www.wikidata.org/prop/direct/P217,KHW010
http://www.wikidata.org/entity/Q126460326,http://www.wikidata.org/prop/direct/P625,Point(-7.167368 52.3039766)
http://www.wikidata.org/entity/Q126460326,http://www.wikidata.org/prop/direct/P708,http://www.wikidata.org/entity/Q873607
http://www.wikidata.org/entity/Q126460326,http://www.wikidata.org/prop/direct/P841,http://www.wikidata.org/entity/Q2828
http://www.wikidata.org/entity/Q126460326,http://www.wikidata.org/prop/direct/P841,http://www.wikidata.org/entity/Q51203119
http://www.wikidata.org/entity/Q126460326,http://www.wikidata.org/prop/direct/P1343,http://www.wikidata.org/entity/Q120966194
http://www.wikidata.org/entity/Q126460326,http://www.wikidata.org/prop/direct/P1343,http://www.wikidata.org/entity/Q126393245
http://www.wikidata.org/entity/Q126460326,http://www.wikidata.org/prop/direct/P1343,http://www.wikidata.org/entity/Q126456421
http://www.wikidata.org/entity/Q126460326,http://www.wikidata.org/prop/direct/P1343,http://www.wikidata.org/entity/Q126540348
http://www.wikidata.org/entity/Q126460326,http://www.wikidata.org/prop/direct/P1343,http://www.wikidata.org/entity/Q126555558
http://www.wikidata.org/entity/Q126460326,http://www.wikidata.org/prop/direct/P1343,http://www.wikidata.org/entity/Q126875543
http://www.wikidata.org/entity/Q126460326,http://www.wikidata.org/prop/direct/P1343,http://www.wikidata.org/entity/Q129086805
http://www.wikidata.org/entity/Q126460326,http://www.wikidata.org/prop/direct/P1343,http://www.wikidata.org/entity/Q130284129
http://www.wikidata.org/entity/Q126460326,http://www.wikidata.org/prop/direct/P1343,http://www.wikidata.org/entity/Q130308814
http://www.wikidata.org/entity/Q126460326,http://www.wikidata.org/prop/direct/P1343,http://www.wikidata.org/entity/Q130362406
http://www.wikidata.org/entity/Q126460326,http://www.wikidata.org/prop/direct/P1343,http://www.wikidata.org/entity/Q130486611
http://www.wikidata.org/entity/Q126460326,http://www.wikidata.org/prop/direct/P1343,http://www.wikidata.org/entity/Q132817615
http://www.wikidata.org/entity/Q126460326,http://www.wikidata.org/prop/direct/P4057,KK043-006----
http://www.wikidata.org/entity/Q126460326,http://www.wikidata.org/prop/direct/P11693,11121637179
http://www.wikidata.org/entity/Q126461036,http://www.wikidata.org/prop/direct/P17,http://www.wikidata.org/entity/Q27
http://www.wikidata.org/entity/Q126461036,http://www.wikidata.org/prop/direct/P31,http://www.wikidata.org/entity/Q1371047
http://www.wikidata.org/entity/Q126461036,http://www.wikidata.org/prop/direct/P31,http://www.wikidata.org/entity/Q126443332
http://www.wikidata.org/entity/Q126461036,http://www.wikidata.org/prop/direct/P131,http://www.wikidata.org/entity/Q180231
http://www.wikidata.org/entity/Q126461036,http://www.wikidata.org/prop/direct/P131,http://www.wikidata.org/entity/Q60555233
http://www.wikidata.org/entity/Q126461036,http://www.wikidata.org/prop/direct/P131,http://www.wikidata.org/entity/Q104266381
http://www.wikidata.org/entity/Q126461036,http://www.wikidata.org/prop/direct/P138,http://www.wikidata.org/entity/Q43999
http://www.wikidata.org/entity/Q126461036,http://www.wikidata.org/prop/direct/P195,http://www.wikidata.org/entity/Q126875543
http://www.wikidata.org/entity/Q126461036,http://www.wikidata.org/prop/direct/P195,http://www.wikidata.org/entity/Q132817615
http://www.wikidata.org/entity/Q126461036,http://www.wikidata.org/prop/direct/P217,34
http://www.wikidata.org/entity/Q126478162,http://www.wikidata.org/prop/direct/P17,http://www.wikidata.org/entity/Q27
http://www.wikidata.org/entity/Q126478162,http://www.wikidata.org/prop/direct/P31,http://www.wikidata.org/entity/Q1371047
http://www.wikidata.org/entity/Q126478162,http://www.wikidata.org/prop/direct/P31,http://www.wikidata.org/entity/Q10713454
http://www.wikidata.org/entity/Q126478162,http://www.wikidata.org/prop/direct/P31,http://www.wikidata.org/entity/Q126443332
http://www.wikidata.org/entity/Q126478162,http://www.wikidata.org/prop/direct/P131,http://www.wikidata.org/entity/Q180231
http://www.wikidata.org/entity/Q126478162,http://www.wikidata.org/prop/direct/P131,http://www.wikidata.org/entity/Q60556683
http://www.wikidata.org/entity/Q126478162,http://www.wikidata.org/prop/direct/P131,http://www.wikidata.org/entity/Q104266435
http://www.wikidata.org/entity/Q126478162,http://www.wikidata.org/prop/direct/P138,http://www.wikidata.org/entity/Q3072671
http://www.wikidata.org/entity/Q126478162,http://www.wikidata.org/prop/direct/P195,http://www.wikidata.org/entity/Q126875543
http://www.wikidata.org/entity/Q126478162,http://www.wikidata.org/prop/direct/P195,http://www.wikidata.org/entity/Q132817615
http://www.wikidata.org/entity/Q126478162,http://www.wikidata.org/prop/direct/P217,165
http://www.wikidata.org/entity/Q126478162,http://www.wikidata.org/prop/direct/P217,KHW023
http://www.wikidata.org/entity/Q126478162,http://www.wikidata.org/prop/direct/P625,Point(-6.990694 52.3853719)
http://www.wikidata.org/entity/Q126478162,http://www.wikidata.org/prop/direct/P625,Point(-6.9847 52.38751)
http://www.wikidata.org/entity/Q126478162,http://www.wikidata.org/prop/direct/P708,http://www.wikidata.org/entity/Q873607
http://www.wikidata.org/entity/Q126478162,http://www.wikidata.org/prop/direct/P1343,http://www.wikidata.org/entity/Q120966194
http://www.wikidata.org/entity/Q126478162,http://www.wikidata.org/prop/direct/P1343,http://www.wikidata.org/entity/Q126374601
http://www.wikidata.org/entity/Q126478162,http://www.wikidata.org/prop/direct/P1343,http://www.wikidata.org/entity/Q126393245
http://www.wikidata.org/entity/Q126478162,http://www.wikidata.org/prop/direct/P1343,http://www.wikidata.org/entity/Q126456421
http://www.wikidata.org/entity/Q126478162,http://www.wikidata.org/prop/direct/P1343,http://www.wikidata.org/entity/Q126478162
http://www.wikidata.org/entity/Q126478162,http://www.wikidata.org/prop/direct/P1343,http://www.wikidata.org/entity/Q126875543
http://www.wikidata.org/entity/Q126478162,http://www.wikidata.org/prop/direct/P1343,http://www.wikidata.org/entity/Q130284129
http://www.wikidata.org/entity/Q126478162,http://www.wikidata.org/prop/direct/P1343,http://www.wikidata.org/entity/Q130308814
http://www.wikidata.org/entity/Q126478162,http://www.wikidata.org/prop/direct/P1343,http://www.wikidata.org/entity/Q132817615
http://www.wikidata.org/entity/Q126478162,http://www.wikidata.org/prop/direct/P4057,KK041-036----
http://www.wikidata.org/entity/Q126478162,http://www.wikidata.org/prop/direct/P6375,"""to the west of the church"""
http://www.wikidata.org/entity/Q126478162,http://www.wikidata.org/prop/direct/P6375,north or north-east of the church
http://www.wikidata.org/entity/Q126478162,http://www.wikidata.org/prop/direct/P11693,8512181825
http://www.wikidata.org/entity/Q126478185,http://www.wikidata.org/prop/direct/P17,http://www.wikidata.org/entity/Q27
http://www.wikidata.org/entity/Q126472950,http://www.wikidata.org/prop/direct/P4057,KK039-010----
http://www.wikidata.org/entity/Q126472950,http://www.wikidata.org/prop/direct/P6375,a hundred yards [Northeast] from the church in Davis' field
http://www.wikidata.org/entity/Q126472950,http://www.wikidata.org/prop/direct/P11693,6109974993
http://www.wikidata.org/entity/Q126472968,http://www.wikidata.org/prop/direct/P17,http://www.wikidata.org/entity/Q27
http://www.wikidata.org/entity/Q126472968,http://www.wikidata.org/prop/direct/P31,http://www.wikidata.org/entity/Q1371047
http://www.wikidata.org/entity/Q126472968,http://www.wikidata.org/prop/direct/P31,http://www.wikidata.org/entity/Q126443332
http://www.wikidata.org/entity/Q126472968,http://www.wikidata.org/prop/direct/P131,http://www.wikidata.org/entity/Q180231
http://www.wikidata.org/entity/Q126472968,http://www.wikidata.org/prop/direct/P131,http://www.wikidata.org/entity/Q60556096
http://www.wikidata.org/entity/Q126472968,http://www.wikidata.org/prop/direct/P195,http://www.wikidata.org/entity/Q126875543
http://www.wikidata.org/entity/Q126472968,http://www.wikidata.org/prop/direct/P195,http://www.wikidata.org/entity/Q132817615
http://www.wikidata.org/entity/Q126472968,http://www.wikidata.org/prop/direct/P217,136
http://www.wikidata.org/entity/Q126472968,http://www.wikidata.org/prop/direct/P217,KHW032
http://www.wikidata.org/entity/Q126472968,http://www.wikidata.org/prop/direct/P625,Point(-7.2510033 52.3958311)
http://www.wikidata.org/entity/Q126472968,http://www.wikidata.org/prop/direct/P708,http://www.wikidata.org/entity/Q873607
http://www.wikidata.org/entity/Q126472968,http://www.wikidata.org/prop/direct/P1343,http://www.wikidata.org/entity/Q120966194
http://www.wikidata.org/entity/Q126472968,http://www.wikidata.org/prop/direct/P1343,http://www.wikidata.org/entity/Q126374601
http://www.wikidata.org/entity/Q126472968,http://www.wikidata.org/prop/direct/P1343,http://www.wikidata.org/entity/Q126393245
http://www.wikidata.org/entity/Q126472968,http://www.wikidata.org/prop/direct/P1343,http://www.wikidata.org/entity/Q126456421
http://www.wikidata.org/entity/Q126472968,http://www.wikidata.org/prop/direct/P1343,http://www.wikidata.org/entity/Q126474972
http://www.wikidata.org/entity/Q126472968,http://www.wikidata.org/prop/direct/P1343,http://www.wikidata.org/entity/Q126540348
http://www.wikidata.org/entity/Q126472968,http://www.wikidata.org/prop/direct/P1343,http://www.wikidata.org/entity/Q126875543
http://www.wikidata.org/entity/Q126472968,http://www.wikidata.org/prop/direct/P1343,http://www.wikidata.org/entity/Q130284129
http://www.wikidata.org/entity/Q126472968,http://www.wikidata.org/prop/direct/P1343,http://www.wikidata.org/entity/Q132817615
http://www.wikidata.org/entity/Q126472968,http://www.wikidata.org/prop/direct/P1343,http://www.wikidata.org/entity/Q133263165
http://www.wikidata.org/entity/Q126472968,http://www.wikidata.org/prop/direct/P1343,http://www.wikidata.org/entity/Q133385130
http://www.wikidata.org/entity/Q126472968,http://www.wikidata.org/prop/direct/P2175,http://www.wikidata.org/entity/Q21077147
http://www.wikidata.org/entity/Q126472968,http://www.wikidata.org/prop/direct/P4057,KK035-058----
http://www.wikidata.org/entity/Q126472968,http://www.wikidata.org/prop/direct/P6375,at Miltown [...] beside a mound
http://www.wikidata.org/entity/Q126472968,http://www.wikidata.org/prop/direct/P11693,5163419079
http://www.wikidata.org/entity/Q126456487,http://www.wikidata.org/prop/direct/P708,http://www.wikidata.org/entity/Q873607
http://www.wikidata.org/entity/Q126456487,http://www.wikidata.org/prop/direct/P1325,https://sketchfab.com/3d-models/powerswood-tobernaliha-ee333390870b4d9888a0bb342029df69
http://www.wikidata.org/entity/Q126456487,http://www.wikidata.org/prop/direct/P1343,http://www.wikidata.org/entity/Q120966194
http://www.wikidata.org/entity/Q126456487,http://www.wikidata.org/prop/direct/P1343,http://www.wikidata.org/entity/Q126374601
http://www.wikidata.org/entity/Q126456487,http://www.wikidata.org/prop/direct/P1343,http://www.wikidata.org/entity/Q126528008
http://www.wikidata.org/entity/Q126456487,http://www.wikidata.org/prop/direct/P1343,http://www.wikidata.org/entity/Q126540348
http://www.wikidata.org/entity/Q126456487,http://www.wikidata.org/prop/direct/P1343,http://www.wikidata.org/entity/Q126555558
http://www.wikidata.org/entity/Q126456487,http://www.wikidata.org/prop/direct/P1343,http://www.wikidata.org/entity/Q126871352
http://www.wikidata.org/entity/Q126456487,http://www.wikidata.org/prop/direct/P1343,http://www.wikidata.org/entity/Q126875543
http://www.wikidata.org/entity/Q126456487,http://www.wikidata.org/prop/direct/P1343,http://www.wikidata.org/entity/Q130284129
http://www.wikidata.org/entity/Q126456487,http://www.wikidata.org/prop/direct/P1343,http://www.wikidata.org/entity/Q132817615
http://www.wikidata.org/entity/Q126456487,http://www.wikidata.org/prop/direct/P4057,KK032-022----
http://www.wikidata.org/entity/Q126456487,http://www.wikidata.org/prop/direct/P11693,8518908237
http://www.wikidata.org/entity/Q126456561,http://www.wikidata.org/prop/direct/P17,http://www.wikidata.org/entity/Q27
http://www.wikidata.org/entity/Q126456561,http://www.wikidata.org/prop/direct/P31,http://www.wikidata.org/entity/Q1371047
http://www.wikidata.org/entity/Q126456561,http://www.wikidata.org/prop/direct/P31,http://www.wikidata.org/entity/Q126443332
http://www.wikidata.org/entity/Q126456561,http://www.wikidata.org/prop/direct/P131,http://www.wikidata.org/entity/Q180231
http://www.wikidata.org/entity/Q126456561,http://www.wikidata.org/prop/direct/P131,http://www.wikidata.org/entity/Q104264348
http://www.wikidata.org/entity/Q126456561,http://www.wikidata.org/prop/direct/P138,http://www.wikidata.org/entity/Q40662
http://www.wikidata.org/entity/Q126456561,http://www.wikidata.org/prop/direct/P195,http://www.wikidata.org/entity/Q126875543
http://www.wikidata.org/entity/Q126456561,http://www.wikidata.org/prop/direct/P195,http://www.wikidata.org/entity/Q132817615
http://www.wikidata.org/entity/Q126456561,http://www.wikidata.org/prop/direct/P217,56
http://www.wikidata.org/entity/Q126456561,http://www.wikidata.org/prop/direct/P217,KHW045
http://www.wikidata.org/entity/Q126456561,http://www.wikidata.org/prop/direct/P625,Point(-7.1986981 52.5398448)
http://www.wikidata.org/entity/Q126456561,http://www.wikidata.org/prop/direct/P708,http://www.wikidata.org/entity/Q873607
http://www.wikidata.org/entity/Q126456561,http://www.wikidata.org/prop/direct/P1343,http://www.wikidata.org/entity/Q120966194
http://www.wikidata.org/entity/Q126456561,http://www.wikidata.org/prop/direct/P1343,http://www.wikidata.org/entity/Q126374601
http://www.wikidata.org/entity/Q126456561,http://www.wikidata.org/prop/direct/P1343,http://www.wikidata.org/entity/Q126456421
http://www.wikidata.org/entity/Q126456561,http://www.wikidata.org/prop/direct/P1343,http://www.wikidata.org/entity/Q126528008
http://www.wikidata.org/entity/Q126456561,http://www.wikidata.org/prop/direct/P1343,http://www.wikidata.org/entity/Q126540348
http://www.wikidata.org/entity/Q126456561,http://www.wikidata.org/prop/direct/P1343,http://www.wikidata.org/entity/Q126871352
http://www.wikidata.org/entity/Q126456561,http://www.wikidata.org/prop/direct/P1343,http://www.wikidata.org/entity/Q126875543
http://www.wikidata.org/entity/Q126456561,http://www.wikidata.org/prop/direct/P1343,http://www.wikidata.org/entity/Q130308814
http://www.wikidata.org/entity/Q126456561,http://www.wikidata.org/prop/direct/P1343,http://www.wikidata.org/entity/Q132817615
http://www.wikidata.org/entity/Q126456561,http://www.wikidata.org/prop/direct/P1343,http://www.wikidata.org/entity/Q133263165
http://www.wikidata.org/entity/Q126456561,http://www.wikidata.org/prop/direct/P4057,KK028-017----
http://www.wikidata.org/entity/Q126456561,http://www.wikidata.org/prop/direct/P11693,6535302216
http://www.wikidata.org/entity/Q126456648,http://www.wikidata.org/prop/direct/P17,http://www.wikidata.org/entity/Q27
http://www.wikidata.org/entity/Q126456648,http://www.wikidata.org/prop/direct/P31,http://www.wikidata.org/entity/Q1371047
http://www.wikidata.org/entity/Q126454857,http://www.wikidata.org/prop/direct/P625,Point(-7.0118633 52.5506574)
http://www.wikidata.org/entity/Q126454857,http://www.wikidata.org/prop/direct/P708,http://www.wikidata.org/entity/Q873607
http://www.wikidata.org/entity/Q126454857,http://www.wikidata.org/prop/direct/P1343,http://www.wikidata.org/entity/Q120966194
http://www.wikidata.org/entity/Q126454857,http://www.wikidata.org/prop/direct/P1343,http://www.wikidata.org/entity/Q126374601
http://www.wikidata.org/entity/Q126454857,http://www.wikidata.org/prop/direct/P1343,http://www.wikidata.org/entity/Q126393245
http://www.wikidata.org/entity/Q126454857,http://www.wikidata.org/prop/direct/P1343,http://www.wikidata.org/entity/Q126474972
http://www.wikidata.org/entity/Q126454857,http://www.wikidata.org/prop/direct/P1343,http://www.wikidata.org/entity/Q126528008
http://www.wikidata.org/entity/Q126454857,http://www.wikidata.org/prop/direct/P1343,http://www.wikidata.org/entity/Q126540348
http://www.wikidata.org/entity/Q126454857,http://www.wikidata.org/prop/direct/P1343,http://www.wikidata.org/entity/Q126875543
http://www.wikidata.org/entity/Q126454857,http://www.wikidata.org/prop/direct/P1343,http://www.wikidata.org/entity/Q127432104
http://www.wikidata.org/entity/Q126454857,http://www.wikidata.org/prop/direct/P1343,http://www.wikidata.org/entity/Q128234462
http://www.wikidata.org/entity/Q126454857,http://www.wikidata.org/prop/direct/P1343,http://www.wikidata.org/entity/Q128694249
http://www.wikidata.org/entity/Q126454857,http://www.wikidata.org/prop/direct/P1343,http://www.wikidata.org/entity/Q130284129
http://www.wikidata.org/entity/Q126454857,http://www.wikidata.org/prop/direct/P1343,http://www.wikidata.org/entity/Q130352573
http://www.wikidata.org/entity/Q126454857,http://www.wikidata.org/prop/direct/P1343,http://www.wikidata.org/entity/Q132817615
http://www.wikidata.org/entity/Q126454857,http://www.wikidata.org/prop/direct/P4057,KK029-003----
http://www.wikidata.org/entity/Q126454857,http://www.wikidata.org/prop/direct/P6375,at a short distance to the north of [the church in Tikerlevan]
http://www.wikidata.org/entity/Q126454857,http://www.wikidata.org/prop/direct/P11693,8518870825
http://www.wikidata.org/entity/Q126454878,http://www.wikidata.org/prop/direct/P17,http://www.wikidata.org/entity/Q27
http://www.wikidata.org/entity/Q126454878,http://www.wikidata.org/prop/direct/P18,http://commons.wikimedia.org/wiki/Special:FilePath/Location%20of%20Patron%20Well.jpg
http://www.wikidata.org/entity/Q126454878,http://www.wikidata.org/prop/direct/P31,http://www.wikidata.org/entity/Q43483
http://www.wikidata.org/entity/Q126454878,http://www.wikidata.org/prop/direct/P31,http://www.wikidata.org/entity/Q1371047
http://www.wikidata.org/entity/Q126454878,http://www.wikidata.org/prop/direct/P31,http://www.wikidata.org/entity/Q126443332
http://www.wikidata.org/entity/Q126454878,http://www.wikidata.org/prop/direct/P131,http://www.wikidata.org/entity/Q180231
http://www.wikidata.org/entity/Q126454878,http://www.wikidata.org/prop/direct/P138,http://www.wikidata.org/entity/Q380356
http://www.wikidata.org/entity/Q126454878,http://www.wikidata.org/prop/direct/P195,http://www.wikidata.org/entity/Q126875543
http://www.wikidata.org/entity/Q126454878,http://www.wikidata.org/prop/direct/P195,http://www.wikidata.org/entity/Q132817615
http://www.wikidata.org/entity/Q126454878,http://www.wikidata.org/prop/direct/P217,43
http://www.wikidata.org/entity/Q126454878,http://www.wikidata.org/prop/direct/P217,KHW070
http://www.wikidata.org/entity/Q126454878,http://www.wikidata.org/prop/direct/P373,"Patron Well, Cuffesgrange"
http://www.wikidata.org/entity/Q126454878,http://www.wikidata.org/prop/direct/P625,Point(-7.305647 52.600809)
http://www.wikidata.org/entity/Q126454878,http://www.wikidata.org/prop/direct/P708,http://www.wikidata.org/entity/Q873607
http://www.wikidata.org/entity/Q126454878,http://www.wikidata.org/prop/direct/P1325,https://sketchfab.com/3d-models/cuffesgrange-patron-well-e2fc9ba71fd34e0296d071401a73649c
http://www.wikidata.org/entity/Q126454878,http://www.wikidata.org/prop/direct/P1343,http://www.wikidata.org/entity/Q120966194
http://www.wikidata.org/entity/Q126454878,http://www.wikidata.org/prop/direct/P1343,http://www.wikidata.org/entity/Q126374601
http://www.wikidata.org/entity/Q126454878,http://www.wikidata.org/prop/direct/P1343,http://www.wikidata.org/entity/Q126454465
http://www.wikidata.org/entity/Q126454878,http://www.wikidata.org/prop/direct/P1343,http://www.wikidata.org/entity/Q126528008
http://www.wikidata.org/entity/Q126454878,http://www.wikidata.org/prop/direct/P1343,http://www.wikidata.org/entity/Q126540348
http://www.wikidata.org/entity/Q126454878,http://www.wikidata.org/prop/direct/P1343,http://www.wikidata.org/entity/Q126871352
http://www.wikidata.org/entity/Q126454878,http://www.wikidata.org/prop/direct/P1343,http://www.wikidata.org/entity/Q126875543
http://www.wikidata.org/entity/Q126454878,http://www.wikidata.org/prop/direct/P1343,http://www.wikidata.org/entity/Q130284129
http://www.wikidata.org/entity/Q126454878,http://www.wikidata.org/prop/direct/P1343,http://www.wikidata.org/entity/Q130308814
http://www.wikidata.org/entity/Q126454878,http://www.wikidata.org/prop/direct/P1343,http://www.wikidata.org/entity/Q132817615
http://www.wikidata.org/entity/Q126454878,http://www.wikidata.org/prop/direct/P4057,KK023-094----
http://www.wikidata.org/entity/Q126454878,http://www.wikidata.org/prop/direct/P11693,8515244709
http://www.wikidata.org/entity/Q126903155,http://www.wikidata.org/prop/direct/P31,http://www.wikidata.org/entity/Q126443332
http://www.wikidata.org/entity/Q126903155,http://www.wikidata.org/prop/direct/P131,http://www.wikidata.org/entity/Q180231
http://www.wikidata.org/entity/Q126903155,http://www.wikidata.org/prop/direct/P131,http://www.wikidata.org/entity/Q60556262
http://www.wikidata.org/entity/Q126903155,http://www.wikidata.org/prop/direct/P131,http://www.wikidata.org/entity/Q104265152
http://www.wikidata.org/entity/Q126903155,http://www.wikidata.org/prop/direct/P138,http://www.wikidata.org/entity/Q2151232
http://www.wikidata.org/entity/Q126903155,http://www.wikidata.org/prop/direct/P195,http://www.wikidata.org/entity/Q126875543
http://www.wikidata.org/entity/Q126903155,http://www.wikidata.org/prop/direct/P195,http://www.wikidata.org/entity/Q132817615
http://www.wikidata.org/entity/Q126903155,http://www.wikidata.org/prop/direct/P217,79
http://www.wikidata.org/entity/Q126903155,http://www.wikidata.org/prop/direct/P217,0841.119-120
http://www.wikidata.org/entity/Q126903155,http://www.wikidata.org/prop/direct/P217,0844.008-009
http://www.wikidata.org/entity/Q126903155,http://www.wikidata.org/prop/direct/P217,KHW2-18
http://www.wikidata.org/entity/Q126903155,http://www.wikidata.org/prop/direct/P625,Point(-7.3078692 52.403244)
http://www.wikidata.org/entity/Q126903155,http://www.wikidata.org/prop/direct/P708,http://www.wikidata.org/entity/Q873607
http://www.wikidata.org/entity/Q126903155,http://www.wikidata.org/prop/direct/P841,http://www.wikidata.org/entity/Q2531
http://www.wikidata.org/entity/Q126903155,http://www.wikidata.org/prop/direct/P1343,http://www.wikidata.org/entity/Q126393245
http://www.wikidata.org/entity/Q126903155,http://www.wikidata.org/prop/direct/P1343,http://www.wikidata.org/entity/Q126875543
http://www.wikidata.org/entity/Q126903155,http://www.wikidata.org/prop/direct/P1343,http://www.wikidata.org/entity/Q128304747
http://www.wikidata.org/entity/Q126903155,http://www.wikidata.org/prop/direct/P1343,http://www.wikidata.org/entity/Q132817615
http://www.wikidata.org/entity/Q126903155,http://www.wikidata.org/prop/direct/P6375,"""a good distance away from the village, adjoining Mullinbeg"""
http://www.wikidata.org/entity/Q126903155,http://www.wikidata.org/prop/direct/P6375,"""in Walsh's field in Garryduff"""
http://www.wikidata.org/entity/Q126903155,http://www.wikidata.org/prop/direct/P11693,12009893295
http://www.wikidata.org/entity/Q126908400,http://www.wikidata.org/prop/direct/P17,http://www.wikidata.org/entity/Q27
http://www.wikidata.org/entity/Q126908400,http://www.wikidata.org/prop/direct/P31,http://www.wikidata.org/entity/Q1371047
http://www.wikidata.org/entity/Q126908400,http://www.wikidata.org/prop/direct/P31,http://www.wikidata.org/entity/Q126443332
http://www.wikidata.org/entity/Q126908400,http://www.wikidata.org/prop/direct/P131,http://www.wikidata.org/entity/Q180231
http://www.wikidata.org/entity/Q126908400,http://www.wikidata.org/prop/direct/P131,http://www.wikidata.org/entity/Q126908453
http://www.wikidata.org/entity/Q126908400,http://www.wikidata.org/prop/direct/P138,http://www.wikidata.org/entity/Q42603
http://www.wikidata.org/entity/Q126908400,http://www.wikidata.org/prop/direct/P195,http://www.wikidata.org/entity/Q126875543
http://www.wikidata.org/entity/Q126908400,http://www.wikidata.org/prop/direct/P195,http://www.wikidata.org/entity/Q132817615
http://www.wikidata.org/entity/Q126908400,http://www.wikidata.org/prop/direct/P217,93
http://www.wikidata.org/entity/Q126908400,http://www.wikidata.org/prop/direct/P217,KHW151
http://www.wikidata.org/entity/Q126908400,http://www.wikidata.org/prop/direct/P625,Point(-7.0196736 52.3740665)
http://www.wikidata.org/entity/Q126908400,http://www.wikidata.org/prop/direct/P625,Point(-7.020493501 52.377109118)
http://www.wikidata.org/entity/Q126908400,http://www.wikidata.org/prop/direct/P625,Point(-7.0204119 52.3771134)
http://www.wikidata.org/entity/Q126908400,http://www.wikidata.org/prop/direct/P708,http://www.wikidata.org/entity/Q873607
http://www.wikidata.org/entity/Q126908400,http://www.wikidata.org/prop/direct/P1343,http://www.wikidata.org/entity/Q126374601
http://www.wikidata.org/entity/Q126908400,http://www.wikidata.org/prop/direct/P1343,http://www.wikidata.org/entity/Q126393245
http://www.wikidata.org/entity/Q126908400,http://www.wikidata.org/prop/direct/P1343,http://www.wikidata.org/entity/Q126456421
http://www.wikidata.org/entity/Q126908400,http://www.wikidata.org/prop/direct/P1343,http://www.wikidata.org/entity/Q126875543
http://www.wikidata.org/entity/Q126908400,http://www.wikidata.org/prop/direct/P1343,http://www.wikidata.org/entity/Q130284129
http://www.wikidata.org/entity/Q126908400,http://www.wikidata.org/prop/direct/P1343,http://www.wikidata.org/entity/Q130308814
http://www.wikidata.org/entity/Q126908400,http://www.wikidata.org/prop/direct/P1343,http://www.wikidata.org/entity/Q132817615
http://www.wikidata.org/entity/Q126908400,http://www.wikidata.org/prop/direct/P4057,KK041-007005-
http://www.wikidata.org/entity/Q126472909,http://www.wikidata.org/prop/direct/P17,http://www.wikidata.org/entity/Q27
http://www.wikidata.org/entity/Q126472909,http://www.wikidata.org/prop/direct/P31,http://www.wikidata.org/entity/Q43483
http://www.wikidata.org/entity/Q126472909,http://www.wikidata.org/prop/direct/P31,http://www.wikidata.org/entity/Q1371047
http://www.wikidata.org/entity/Q126472909,http://www.wikidata.org/prop/direct/P31,http://www.wikidata.org/entity/Q126443332
http://www.wikidata.org/entity/Q126472909,http://www.wikidata.org/prop/direct/P131,http://www.wikidata.org/entity/Q180231
http://www.wikidata.org/entity/Q126472909,http://www.wikidata.org/prop/direct/P131,http://www.wikidata.org/entity/Q60555608
http://www.wikidata.org/entity/Q126472909,http://www.wikidata.org/prop/direct/P131,http://www.wikidata.org/entity/Q104265640
http://www.wikidata.org/entity/Q126472909,http://www.wikidata.org/prop/direct/P138,http://www.wikidata.org/entity/Q37090
http://www.wikidata.org/entity/Q126472909,http://www.wikidata.org/prop/direct/P195,http://www.wikidata.org/entity/Q126875543
http://www.wikidata.org/entity/Q126472909,http://www.wikidata.org/prop/direct/P195,http://www.wikidata.org/entity/Q132817615
http://www.wikidata.org/entity/Q126472909,http://www.wikidata.org/prop/direct/P217,130
http://www.wikidata.org/entity/Q126472909,http://www.wikidata.org/prop/direct/P217,KHW030
http://www.wikidata.org/entity/Q126472909,http://www.wikidata.org/prop/direct/P625,Point(-7.216696 52.482866)
http://www.wikidata.org/entity/Q126472909,http://www.wikidata.org/prop/direct/P708,http://www.wikidata.org/entity/Q873607
http://www.wikidata.org/entity/Q126472909,http://www.wikidata.org/prop/direct/P1343,http://www.wikidata.org/entity/Q6407043
http://www.wikidata.org/entity/Q126472909,http://www.wikidata.org/prop/direct/P1343,http://www.wikidata.org/entity/Q120966194
http://www.wikidata.org/entity/Q126472909,http://www.wikidata.org/prop/direct/P1343,http://www.wikidata.org/entity/Q126374601
http://www.wikidata.org/entity/Q126472909,http://www.wikidata.org/prop/direct/P1343,http://www.wikidata.org/entity/Q126393245
http://www.wikidata.org/entity/Q126472909,http://www.wikidata.org/prop/direct/P1343,http://www.wikidata.org/entity/Q126456421
http://www.wikidata.org/entity/Q126472909,http://www.wikidata.org/prop/direct/P1343,http://www.wikidata.org/entity/Q126474972
http://www.wikidata.org/entity/Q126472909,http://www.wikidata.org/prop/direct/P1343,http://www.wikidata.org/entity/Q126528008
http://www.wikidata.org/entity/Q126472909,http://www.wikidata.org/prop/direct/P1343,http://www.wikidata.org/entity/Q126540348
http://www.wikidata.org/entity/Q126472909,http://www.wikidata.org/prop/direct/P1343,http://www.wikidata.org/entity/Q126875543
http://www.wikidata.org/entity/Q126472909,http://www.wikidata.org/prop/direct/P1343,http://www.wikidata.org/entity/Q130223884
http://www.wikidata.org/entity/Q126472909,http://www.wikidata.org/prop/direct/P1343,http://www.wikidata.org/entity/Q130284129
http://www.wikidata.org/entity/Q126472909,http://www.wikidata.org/prop/direct/P1343,http://www.wikidata.org/entity/Q130308814
http://www.wikidata.org/entity/Q126472909,http://www.wikidata.org/prop/direct/P1343,http://www.wikidata.org/entity/Q130378388
http://www.wikidata.org/entity/Q126472909,http://www.wikidata.org/prop/direct/P1343,http://www.wikidata.org/entity/Q132817615
http://www.wikidata.org/entity/Q126472909,http://www.wikidata.org/prop/direct/P4057,KK031-017009-
http://www.wikidata.org/entity/Q126472933,http://www.wikidata.org/prop/direct/P17,http://www.wikidata.org/entity/Q27
http://www.wikidata.org/entity/Q126472933,http://www.wikidata.org/prop/direct/P18,http://commons.wikimedia.org/wiki/Special:FilePath/St.%20James%27s%20Well%20with%20hawthorn%20trees.jpg
http://www.wikidata.org/entity/Q126472933,http://www.wikidata.org/prop/direct/P31,http://www.wikidata.org/entity/Q1371047
http://www.wikidata.org/entity/Q126472933,http://www.wikidata.org/prop/direct/P31,http://www.wikidata.org/entity/Q126443332
http://www.wikidata.org/entity/Q126472933,http://www.wikidata.org/prop/direct/P131,http://www.wikidata.org/entity/Q180231
http://www.wikidata.org/entity/Q126472933,http://www.wikidata.org/prop/direct/P131,http://www.wikidata.org/entity/Q60555866
http://www.wikidata.org/entity/Q126472933,http://www.wikidata.org/prop/direct/P131,http://www.wikidata.org/entity/Q104264731
http://www.wikidata.org/entity/Q126472933,http://www.wikidata.org/prop/direct/P138,http://www.wikidata.org/entity/Q43999
http://www.wikidata.org/entity/Q126472933,http://www.wikidata.org/prop/direct/P138,http://www.wikidata.org/entity/Q15238543
http://www.wikidata.org/entity/Q126472933,http://www.wikidata.org/prop/direct/P195,http://www.wikidata.org/entity/Q126875543
http://www.wikidata.org/entity/Q126472933,http://www.wikidata.org/prop/direct/P195,http://www.wikidata.org/entity/Q132817615
http://www.wikidata.org/entity/Q126472933,http://www.wikidata.org/prop/direct/P217,135
http://www.wikidata.org/entity/Q126472933,http://www.wikidata.org/prop/direct/P217,KHW059
http://www.wikidata.org/entity/Q126456893,http://www.wikidata.org/prop/direct/P17,http://www.wikidata.org/entity/Q27
http://www.wikidata.org/entity/Q126456893,http://www.wikidata.org/prop/direct/P31,http://www.wikidata.org/entity/Q1371047
http://www.wikidata.org/entity/Q126456893,http://www.wikidata.org/prop/direct/P31,http://www.wikidata.org/entity/Q126443332
http://www.wikidata.org/entity/Q126456893,http://www.wikidata.org/prop/direct/P131,http://www.wikidata.org/entity/Q180231
http://www.wikidata.org/entity/Q126456893,http://www.wikidata.org/prop/direct/P131,http://www.wikidata.org/entity/Q60554973
http://www.wikidata.org/entity/Q126456893,http://www.wikidata.org/prop/direct/P138,http://www.wikidata.org/entity/Q2280421
http://www.wikidata.org/entity/Q126456893,http://www.wikidata.org/prop/direct/P195,http://www.wikidata.org/entity/Q126875543
http://www.wikidata.org/entity/Q126456893,http://www.wikidata.org/prop/direct/P195,http://www.wikidata.org/entity/Q132817615
http://www.wikidata.org/entity/Q126456893,http://www.wikidata.org/prop/direct/P217,108
http://www.wikidata.org/entity/Q126456893,http://www.wikidata.org/prop/direct/P217,KHW054
http://www.wikidata.org/entity/Q126456893,http://www.wikidata.org/prop/direct/P373,"St. Kieran’s Well, Whitechurch"
http://www.wikidata.org/entity/Q126456893,http://www.wikidata.org/prop/direct/P625,Point(-7.047064 52.512066)
http://www.wikidata.org/entity/Q126456893,http://www.wikidata.org/prop/direct/P708,http://www.wikidata.org/entity/Q873607
http://www.wikidata.org/entity/Q126456893,http://www.wikidata.org/prop/direct/P1343,http://www.wikidata.org/entity/Q120966194
http://www.wikidata.org/entity/Q126456893,http://www.wikidata.org/prop/direct/P1343,http://www.wikidata.org/entity/Q126393245
http://www.wikidata.org/entity/Q126456893,http://www.wikidata.org/prop/direct/P1343,http://www.wikidata.org/entity/Q126456421
http://www.wikidata.org/entity/Q126456893,http://www.wikidata.org/prop/direct/P1343,http://www.wikidata.org/entity/Q126528008
http://www.wikidata.org/entity/Q126456893,http://www.wikidata.org/prop/direct/P1343,http://www.wikidata.org/entity/Q126540348
http://www.wikidata.org/entity/Q126456893,http://www.wikidata.org/prop/direct/P1343,http://www.wikidata.org/entity/Q126555558
http://www.wikidata.org/entity/Q126456893,http://www.wikidata.org/prop/direct/P1343,http://www.wikidata.org/entity/Q126875543
http://www.wikidata.org/entity/Q126456893,http://www.wikidata.org/prop/direct/P1343,http://www.wikidata.org/entity/Q130284129
http://www.wikidata.org/entity/Q126456893,http://www.wikidata.org/prop/direct/P1343,http://www.wikidata.org/entity/Q130308814
http://www.wikidata.org/entity/Q126456893,http://www.wikidata.org/prop/direct/P1343,http://www.wikidata.org/entity/Q132817615
http://www.wikidata.org/entity/Q126456893,http://www.wikidata.org/prop/direct/P4057,KK029-024----
http://www.wikidata.org/entity/Q126456893,http://www.wikidata.org/prop/direct/P11693,8280023081
http://www.wikidata.org/entity/Q126456933,http://www.wikidata.org/prop/direct/P17,http://www.wikidata.org/entity/Q27
http://www.wikidata.org/entity/Q126456933,http://www.wikidata.org/prop/direct/P31,http://www.wikidata.org/entity/Q124714
http://www.wikidata.org/entity/Q126456933,http://www.wikidata.org/prop/direct/P31,http://www.wikidata.org/entity/Q1371047
http://www.wikidata.org/entity/Q126456933,http://www.wikidata.org/prop/direct/P31,http://www.wikidata.org/entity/Q126443332
http://www.wikidata.org/entity/Q126456933,http://www.wikidata.org/prop/direct/P131,http://www.wikidata.org/entity/Q180231
http://www.wikidata.org/entity/Q126456933,http://www.wikidata.org/prop/direct/P131,http://www.wikidata.org/entity/Q60554999
http://www.wikidata.org/entity/Q126456933,http://www.wikidata.org/prop/direct/P131,http://www.wikidata.org/entity/Q104265682
http://www.wikidata.org/entity/Q126456933,http://www.wikidata.org/prop/direct/P138,http://www.wikidata.org/entity/Q21196
http://www.wikidata.org/entity/Q126456933,http://www.wikidata.org/prop/direct/P195,http://www.wikidata.org/entity/Q126875543
http://www.wikidata.org/entity/Q126456933,http://www.wikidata.org/prop/direct/P195,http://www.wikidata.org/entity/Q132817615
http://www.wikidata.org/entity/Q126456933,http://www.wikidata.org/prop/direct/P217,159
http://www.wikidata.org/entity/Q126456933,http://www.wikidata.org/prop/direct/P217,KHW035
http://www.wikidata.org/entity/Q126478185,http://www.wikidata.org/prop/direct/P18,http://commons.wikimedia.org/wiki/Special:FilePath/Hermit%27s%20Well%20in%20Clontubbrid.jpg
http://www.wikidata.org/entity/Q126478185,http://www.wikidata.org/prop/direct/P31,http://www.wikidata.org/entity/Q1371047
http://www.wikidata.org/entity/Q126478185,http://www.wikidata.org/prop/direct/P31,http://www.wikidata.org/entity/Q126443332
http://www.wikidata.org/entity/Q126478185,http://www.wikidata.org/prop/direct/P131,http://www.wikidata.org/entity/Q180231
http://www.wikidata.org/entity/Q126478185,http://www.wikidata.org/prop/direct/P131,http://www.wikidata.org/entity/Q60556696
http://www.wikidata.org/entity/Q126478185,http://www.wikidata.org/prop/direct/P131,http://www.wikidata.org/entity/Q104264699
http://www.wikidata.org/entity/Q126478185,http://www.wikidata.org/prop/direct/P138,http://www.wikidata.org/entity/Q953927
http://www.wikidata.org/entity/Q126478185,http://www.wikidata.org/prop/direct/P195,http://www.wikidata.org/entity/Q126875543
http://www.wikidata.org/entity/Q126478185,http://www.wikidata.org/prop/direct/P195,http://www.wikidata.org/entity/Q132817615
http://www.wikidata.org/entity/Q126478185,http://www.wikidata.org/prop/direct/P217,49
http://www.wikidata.org/entity/Q126478185,http://www.wikidata.org/prop/direct/P217,KHW098
http://www.wikidata.org/entity/Q126478185,http://www.wikidata.org/prop/direct/P373,"Hermit's Well, Clontubbrid"
http://www.wikidata.org/entity/Q126478185,http://www.wikidata.org/prop/direct/P417,http://www.wikidata.org/entity/Q953927
http://www.wikidata.org/entity/Q126478185,http://www.wikidata.org/prop/direct/P625,Point(-7.4031571 52.7578515)
http://www.wikidata.org/entity/Q126478185,http://www.wikidata.org/prop/direct/P708,http://www.wikidata.org/entity/Q873607
http://www.wikidata.org/entity/Q126478185,http://www.wikidata.org/prop/direct/P973,https://kilkennygraveyards.blogspot.com/2019/08/tifeaghna-co-kilkenny-in-barony-of.html
http://www.wikidata.org/entity/Q126478185,http://www.wikidata.org/prop/direct/P973,http://clontubrid.ie/index.php/projects/history-projects/clontubrid-holy-well/
http://www.wikidata.org/entity/Q126478185,http://www.wikidata.org/prop/direct/P1343,http://www.wikidata.org/entity/Q116166792
http://www.wikidata.org/entity/Q126478185,http://www.wikidata.org/prop/direct/P1343,http://www.wikidata.org/entity/Q120966194
http://www.wikidata.org/entity/Q126478185,http://www.wikidata.org/prop/direct/P1343,http://www.wikidata.org/entity/Q126374601
http://www.wikidata.org/entity/Q126478185,http://www.wikidata.org/prop/direct/P1343,http://www.wikidata.org/entity/Q126393245
http://www.wikidata.org/entity/Q126478185,http://www.wikidata.org/prop/direct/P1343,http://www.wikidata.org/entity/Q126474972
http://www.wikidata.org/entity/Q126478185,http://www.wikidata.org/prop/direct/P1343,http://www.wikidata.org/entity/Q126528008
http://www.wikidata.org/entity/Q126478185,http://www.wikidata.org/prop/direct/P1343,http://www.wikidata.org/entity/Q126540348
http://www.wikidata.org/entity/Q126478185,http://www.wikidata.org/prop/direct/P1343,http://www.wikidata.org/entity/Q126555558
http://www.wikidata.org/entity/Q126478185,http://www.wikidata.org/prop/direct/P1343,http://www.wikidata.org/entity/Q126871352
http://www.wikidata.org/entity/Q126478185,http://www.wikidata.org/prop/direct/P1343,http://www.wikidata.org/entity/Q126875543
http://www.wikidata.org/entity/Q126478185,http://www.wikidata.org/prop/direct/P1343,http://www.wikidata.org/entity/Q129570937
http://www.wikidata.org/entity/Q126478185,http://www.wikidata.org/prop/direct/P1343,http://www.wikidata.org/entity/Q129571698
http://www.wikidata.org/entity/Q126478185,http://www.wikidata.org/prop/direct/P1343,http://www.wikidata.org/entity/Q129833398
http://www.wikidata.org/entity/Q126478185,http://www.wikidata.org/prop/direct/P1343,http://www.wikidata.org/entity/Q129834572
http://www.wikidata.org/entity/Q126478185,http://www.wikidata.org/prop/direct/P1343,http://www.wikidata.org/entity/Q130235176
http://www.wikidata.org/entity/Q126478185,http://www.wikidata.org/prop/direct/P1343,http://www.wikidata.org/entity/Q130284129
http://www.wikidata.org/entity/Q126478185,http://www.wikidata.org/prop/direct/P1343,http://www.wikidata.org/entity/Q130308814
http://www.wikidata.org/entity/Q126478185,http://www.wikidata.org/prop/direct/P1343,http://www.wikidata.org/entity/Q130479296
http://www.wikidata.org/entity/Q126478185,http://www.wikidata.org/prop/direct/P1343,http://www.wikidata.org/entity/Q130536454
http://www.wikidata.org/entity/Q126478185,http://www.wikidata.org/prop/direct/P1343,http://www.wikidata.org/entity/Q132817615
http://www.wikidata.org/entity/Q126478185,http://www.wikidata.org/prop/direct/P4057,KK009-044004-
http://www.wikidata.org/entity/Q126478185,http://www.wikidata.org/prop/direct/P11693,8517893962
http://www.wikidata.org/entity/Q126478219,http://www.wikidata.org/prop/direct/P17,http://www.wikidata.org/entity/Q27
http://www.wikidata.org/entity/Q126478219,http://www.wikidata.org/prop/direct/P18,http://commons.wikimedia.org/wiki/Special:FilePath/Covered%20Lady%27s%20Well%20in%20Thomastown%202.jpg
http://www.wikidata.org/entity/Q126478219,http://www.wikidata.org/prop/direct/P31,http://www.wikidata.org/entity/Q1371047
http://www.wikidata.org/entity/Q126478219,http://www.wikidata.org/prop/direct/P31,http://www.wikidata.org/entity/Q126443332
http://www.wikidata.org/entity/Q126478219,http://www.wikidata.org/prop/direct/P131,http://www.wikidata.org/entity/Q180231
http://www.wikidata.org/entity/Q126478219,http://www.wikidata.org/prop/direct/P131,http://www.wikidata.org/entity/Q59719966
http://www.wikidata.org/entity/Q126478219,http://www.wikidata.org/prop/direct/P138,http://www.wikidata.org/entity/Q345
http://www.wikidata.org/entity/Q126478219,http://www.wikidata.org/prop/direct/P195,http://www.wikidata.org/entity/Q126875543
http://www.wikidata.org/entity/Q126478219,http://www.wikidata.org/prop/direct/P195,http://www.wikidata.org/entity/Q132817615
http://www.wikidata.org/entity/Q126478219,http://www.wikidata.org/prop/direct/P217,141
http://www.wikidata.org/entity/Q126478219,http://www.wikidata.org/prop/direct/P217,KHW050
http://www.wikidata.org/entity/Q126879339,http://www.wikidata.org/prop/direct/P17,http://www.wikidata.org/entity/Q27
http://www.wikidata.org/entity/Q126879339,http://www.wikidata.org/prop/direct/P18,http://commons.wikimedia.org/wiki/Special:FilePath/Ballyda%20Holy%20well%20possible%20location.jpg
http://www.wikidata.org/entity/Q126879339,http://www.wikidata.org/prop/direct/P31,http://www.wikidata.org/entity/Q1371047
http://www.wikidata.org/entity/Q126879339,http://www.wikidata.org/prop/direct/P31,http://www.wikidata.org/entity/Q126443332
http://www.wikidata.org/entity/Q126879339,http://www.wikidata.org/prop/direct/P131,http://www.wikidata.org/entity/Q180231
http://www.wikidata.org/entity/Q126879339,http://www.wikidata.org/prop/direct/P131,http://www.wikidata.org/entity/Q60553962
http://www.wikidata.org/entity/Q126879339,http://www.wikidata.org/prop/direct/P138,http://www.wikidata.org/entity/Q2151232
http://www.wikidata.org/entity/Q126879339,http://www.wikidata.org/prop/direct/P195,http://www.wikidata.org/entity/Q126875543
http://www.wikidata.org/entity/Q126879339,http://www.wikidata.org/prop/direct/P217,10
http://www.wikidata.org/entity/Q126879339,http://www.wikidata.org/prop/direct/P373,Ballyda holy well
http://www.wikidata.org/entity/Q126879339,http://www.wikidata.org/prop/direct/P1343,http://www.wikidata.org/entity/Q126875543
http://www.wikidata.org/entity/Q126880147,http://www.wikidata.org/prop/direct/P17,http://www.wikidata.org/entity/Q27
http://www.wikidata.org/entity/Q126880147,http://www.wikidata.org/prop/direct/P31,http://www.wikidata.org/entity/Q1371047
http://www.wikidata.org/entity/Q126880147,http://www.wikidata.org/prop/direct/P31,http://www.wikidata.org/entity/Q126443332
http://www.wikidata.org/entity/Q126880147,http://www.wikidata.org/prop/direct/P131,http://www.wikidata.org/entity/Q180231
http://www.wikidata.org/entity/Q126880147,http://www.wikidata.org/prop/direct/P131,http://www.wikidata.org/entity/Q60554207
http://www.wikidata.org/entity/Q126880147,http://www.wikidata.org/prop/direct/P131,http://www.wikidata.org/entity/Q104266356
http://www.wikidata.org/entity/Q126880147,http://www.wikidata.org/prop/direct/P138,http://www.wikidata.org/entity/Q2151232
http://www.wikidata.org/entity/Q126880147,http://www.wikidata.org/prop/direct/P195,http://www.wikidata.org/entity/Q126875543
http://www.wikidata.org/entity/Q126880147,http://www.wikidata.org/prop/direct/P195,http://www.wikidata.org/entity/Q132817615
http://www.wikidata.org/entity/Q126880147,http://www.wikidata.org/prop/direct/P217,14
http://www.wikidata.org/entity/Q126880147,http://www.wikidata.org/prop/direct/P217,KHW145
http://www.wikidata.org/entity/Q126880147,http://www.wikidata.org/prop/direct/P625,Point(-7.012619 52.425781)
http://www.wikidata.org/entity/Q126880147,http://www.wikidata.org/prop/direct/P708,http://www.wikidata.org/entity/Q873607
http://www.wikidata.org/entity/Q126880147,http://www.wikidata.org/prop/direct/P841,http://www.wikidata.org/entity/Q2275
http://www.wikidata.org/entity/Q126880147,http://www.wikidata.org/prop/direct/P1343,http://www.wikidata.org/entity/Q126875543
http://www.wikidata.org/entity/Q126880147,http://www.wikidata.org/prop/direct/P1343,http://www.wikidata.org/entity/Q132817615
http://www.wikidata.org/entity/Q126880147,http://www.wikidata.org/prop/direct/P1343,http://www.wikidata.org/entity/Q133263165
http://www.wikidata.org/entity/Q126880147,http://www.wikidata.org/prop/direct/P4057,KK037-033----
http://www.wikidata.org/entity/Q126880801,http://www.wikidata.org/prop/direct/P17,http://www.wikidata.org/entity/Q27
http://www.wikidata.org/entity/Q126880801,http://www.wikidata.org/prop/direct/P31,http://www.wikidata.org/entity/Q1371047
http://www.wikidata.org/entity/Q126880801,http://www.wikidata.org/prop/direct/P31,http://www.wikidata.org/entity/Q126443332
http://www.wikidata.org/entity/Q126880801,http://www.wikidata.org/prop/direct/P131,http://www.wikidata.org/entity/Q180231
http://www.wikidata.org/entity/Q126880801,http://www.wikidata.org/prop/direct/P131,http://www.wikidata.org/entity/Q60554378
http://www.wikidata.org/entity/Q126880801,http://www.wikidata.org/prop/direct/P195,http://www.wikidata.org/entity/Q126875543
http://www.wikidata.org/entity/Q126880801,http://www.wikidata.org/prop/direct/P195,http://www.wikidata.org/entity/Q132817615
http://www.wikidata.org/entity/Q126880801,http://www.wikidata.org/prop/direct/P217,15
http://www.wikidata.org/entity/Q126880801,http://www.wikidata.org/prop/direct/P217,KHW2-12
http://www.wikidata.org/entity/Q126880801,http://www.wikidata.org/prop/direct/P625,Point(-6.93508 52.5211)
http://www.wikidata.org/entity/Q126880801,http://www.wikidata.org/prop/direct/P1343,http://www.wikidata.org/entity/Q126528008
http://www.wikidata.org/entity/Q126880801,http://www.wikidata.org/prop/direct/P1343,http://www.wikidata.org/entity/Q126875543
http://www.wikidata.org/entity/Q126880801,http://www.wikidata.org/prop/direct/P1343,http://www.wikidata.org/entity/Q132817615
http://www.wikidata.org/entity/Q126908675,http://www.wikidata.org/prop/direct/P17,http://www.wikidata.org/entity/Q27
http://www.wikidata.org/entity/Q126908675,http://www.wikidata.org/prop/direct/P31,http://www.wikidata.org/entity/Q1371047
http://www.wikidata.org/entity/Q126908675,http://www.wikidata.org/prop/direct/P31,http://www.wikidata.org/entity/Q126443332
http://www.wikidata.org/entity/Q126908675,http://www.wikidata.org/prop/direct/P131,http://www.wikidata.org/entity/Q180231
http://www.wikidata.org/entity/Q126908675,http://www.wikidata.org/prop/direct/P131,http://www.wikidata.org/entity/Q27139372
http://www.wikidata.org/entity/Q126908675,http://www.wikidata.org/prop/direct/P131,http://www.wikidata.org/entity/Q60554207
http://www.wikidata.org/entity/Q126908675,http://www.wikidata.org/prop/direct/P195,http://www.wikidata.org/entity/Q126875543
http://www.wikidata.org/entity/Q126908675,http://www.wikidata.org/prop/direct/P195,http://www.wikidata.org/entity/Q132817615
http://www.wikidata.org/entity/Q126908675,http://www.wikidata.org/prop/direct/P217,97
http://www.wikidata.org/entity/Q126908675,http://www.wikidata.org/prop/direct/P217,KHW146
http://www.wikidata.org/entity/Q126908675,http://www.wikidata.org/prop/direct/P625,Point(-7.458609 52.5948937)
http://www.wikidata.org/entity/Q126908675,http://www.wikidata.org/prop/direct/P708,http://www.wikidata.org/entity/Q873607
http://www.wikidata.org/entity/Q126908675,http://www.wikidata.org/prop/direct/P1343,http://www.wikidata.org/entity/Q126374601
http://www.wikidata.org/entity/Q126908675,http://www.wikidata.org/prop/direct/P1343,http://www.wikidata.org/entity/Q126456421
http://www.wikidata.org/entity/Q126908675,http://www.wikidata.org/prop/direct/P1343,http://www.wikidata.org/entity/Q126528008
http://www.wikidata.org/entity/Q126908675,http://www.wikidata.org/prop/direct/P1343,http://www.wikidata.org/entity/Q126875543
http://www.wikidata.org/entity/Q126908675,http://www.wikidata.org/prop/direct/P1343,http://www.wikidata.org/entity/Q130308814
http://www.wikidata.org/entity/Q126908675,http://www.wikidata.org/prop/direct/P1343,http://www.wikidata.org/entity/Q132817615
http://www.wikidata.org/entity/Q126908675,http://www.wikidata.org/prop/direct/P1343,http://www.wikidata.org/entity/Q133263165
http://www.wikidata.org/entity/Q126908675,http://www.wikidata.org/prop/direct/P4057,KK037-043----
http://www.wikidata.org/entity/Q126908675,http://www.wikidata.org/prop/direct/P6375,"""30 perches north of the church"""
http://www.wikidata.org/entity/Q126908675,http://www.wikidata.org/prop/direct/P6375,"""some distance from the church"""
http://www.wikidata.org/entity/Q126908814,http://www.wikidata.org/prop/direct/P17,http://www.wikidata.org/entity/Q27
http://www.wikidata.org/entity/Q126908814,http://www.wikidata.org/prop/direct/P31,http://www.wikidata.org/entity/Q1371047
http://www.wikidata.org/entity/Q126908814,http://www.wikidata.org/prop/direct/P31,http://www.wikidata.org/entity/Q126443332
http://www.wikidata.org/entity/Q126908814,http://www.wikidata.org/prop/direct/P131,http://www.wikidata.org/entity/Q180231
http://www.wikidata.org/entity/Q126908814,http://www.wikidata.org/prop/direct/P131,http://www.wikidata.org/entity/Q60554507
http://www.wikidata.org/entity/Q126908814,http://www.wikidata.org/prop/direct/P131,http://www.wikidata.org/entity/Q104266559
http://www.wikidata.org/entity/Q126908814,http://www.wikidata.org/prop/direct/P138,http://www.wikidata.org/entity/Q4421
http://www.wikidata.org/entity/Q126908814,http://www.wikidata.org/prop/direct/P195,http://www.wikidata.org/entity/Q126875543
http://www.wikidata.org/entity/Q126908814,http://www.wikidata.org/prop/direct/P195,http://www.wikidata.org/entity/Q132817615
http://www.wikidata.org/entity/Q126908814,http://www.wikidata.org/prop/direct/P217,100
http://www.wikidata.org/entity/Q126908814,http://www.wikidata.org/prop/direct/P217,KHW2-32
http://www.wikidata.org/entity/Q126908814,http://www.wikidata.org/prop/direct/P625,Point(-6.930207 52.481487)
http://www.wikidata.org/entity/Q126908814,http://www.wikidata.org/prop/direct/P1343,http://www.wikidata.org/entity/Q126393245
http://www.wikidata.org/entity/Q126908814,http://www.wikidata.org/prop/direct/P1343,http://www.wikidata.org/entity/Q126875543
http://www.wikidata.org/entity/Q126908814,http://www.wikidata.org/prop/direct/P1343,http://www.wikidata.org/entity/Q132817615
http://www.wikidata.org/entity/Q126456933,http://www.wikidata.org/prop/direct/P625,Point(-7.2049487 52.3921566)
http://www.wikidata.org/entity/Q126456933,http://www.wikidata.org/prop/direct/P708,http://www.wikidata.org/entity/Q873607
http://www.wikidata.org/entity/Q126456933,http://www.wikidata.org/prop/direct/P1343,http://www.wikidata.org/entity/Q120966194
http://www.wikidata.org/entity/Q126456933,http://www.wikidata.org/prop/direct/P1343,http://www.wikidata.org/entity/Q126374601
http://www.wikidata.org/entity/Q126456933,http://www.wikidata.org/prop/direct/P1343,http://www.wikidata.org/entity/Q126456421
http://www.wikidata.org/entity/Q126456933,http://www.wikidata.org/prop/direct/P1343,http://www.wikidata.org/entity/Q126474972
http://www.wikidata.org/entity/Q126456933,http://www.wikidata.org/prop/direct/P1343,http://www.wikidata.org/entity/Q126528008
http://www.wikidata.org/entity/Q126456933,http://www.wikidata.org/prop/direct/P1343,http://www.wikidata.org/entity/Q126540348
http://www.wikidata.org/entity/Q126456933,http://www.wikidata.org/prop/direct/P1343,http://www.wikidata.org/entity/Q126555558
http://www.wikidata.org/entity/Q126456933,http://www.wikidata.org/prop/direct/P1343,http://www.wikidata.org/entity/Q126875543
http://www.wikidata.org/entity/Q126456933,http://www.wikidata.org/prop/direct/P1343,http://www.wikidata.org/entity/Q130284129
http://www.wikidata.org/entity/Q126456933,http://www.wikidata.org/prop/direct/P1343,http://www.wikidata.org/entity/Q130308814
http://www.wikidata.org/entity/Q126456933,http://www.wikidata.org/prop/direct/P1343,http://www.wikidata.org/entity/Q132817615
http://www.wikidata.org/entity/Q126456933,http://www.wikidata.org/prop/direct/P4057,KK035-064----
http://www.wikidata.org/entity/Q126456933,http://www.wikidata.org/prop/direct/P11693,6066441452
http://www.wikidata.org/entity/Q126458702,http://www.wikidata.org/prop/direct/P17,http://www.wikidata.org/entity/Q27
http://www.wikidata.org/entity/Q126458702,http://www.wikidata.org/prop/direct/P18,http://commons.wikimedia.org/wiki/Special:FilePath/St%20Nicholas%27s%20Well%2C%20Killamery.jpg
http://www.wikidata.org/entity/Q126458702,http://www.wikidata.org/prop/direct/P31,http://www.wikidata.org/entity/Q1371047
http://www.wikidata.org/entity/Q126458702,http://www.wikidata.org/prop/direct/P31,http://www.wikidata.org/entity/Q126443332
http://www.wikidata.org/entity/Q126458702,http://www.wikidata.org/prop/direct/P131,http://www.wikidata.org/entity/Q180231
http://www.wikidata.org/entity/Q126458702,http://www.wikidata.org/prop/direct/P131,http://www.wikidata.org/entity/Q3308470
http://www.wikidata.org/entity/Q126458702,http://www.wikidata.org/prop/direct/P131,http://www.wikidata.org/entity/Q60555011
http://www.wikidata.org/entity/Q126458702,http://www.wikidata.org/prop/direct/P138,http://www.wikidata.org/entity/Q44269
http://www.wikidata.org/entity/Q126458702,http://www.wikidata.org/prop/direct/P195,http://www.wikidata.org/entity/Q126875543
http://www.wikidata.org/entity/Q126458702,http://www.wikidata.org/prop/direct/P195,http://www.wikidata.org/entity/Q132817615
http://www.wikidata.org/entity/Q126458702,http://www.wikidata.org/prop/direct/P217,110
http://www.wikidata.org/entity/Q126458702,http://www.wikidata.org/prop/direct/P217,KHW033
http://www.wikidata.org/entity/Q126458702,http://www.wikidata.org/prop/direct/P373,"Saint Nicholas's Well, Killamery"
http://www.wikidata.org/entity/Q126458702,http://www.wikidata.org/prop/direct/P625,Point(-7.4459883 52.4752746)
http://www.wikidata.org/entity/Q126458702,http://www.wikidata.org/prop/direct/P708,http://www.wikidata.org/entity/Q873607
http://www.wikidata.org/entity/Q126458702,http://www.wikidata.org/prop/direct/P1325,https://sketchfab.com/3d-models/killamery-st-nicholass-well-low-poly-0eeb400854164819afc5bae588dff8da
http://www.wikidata.org/entity/Q126458702,http://www.wikidata.org/prop/direct/P1343,http://www.wikidata.org/entity/Q120966194
http://www.wikidata.org/entity/Q126458702,http://www.wikidata.org/prop/direct/P1343,http://www.wikidata.org/entity/Q126374601
http://www.wikidata.org/entity/Q126458702,http://www.wikidata.org/prop/direct/P1343,http://www.wikidata.org/entity/Q126393245
http://www.wikidata.org/entity/Q126458702,http://www.wikidata.org/prop/direct/P1343,http://www.wikidata.org/entity/Q126456421
http://www.wikidata.org/entity/Q126458702,http://www.wikidata.org/prop/direct/P1343,http://www.wikidata.org/entity/Q126474972
http://www.wikidata.org/entity/Q126458702,http://www.wikidata.org/prop/direct/P1343,http://www.wikidata.org/entity/Q126528008
http://www.wikidata.org/entity/Q126458702,http://www.wikidata.org/prop/direct/P1343,http://www.wikidata.org/entity/Q126540348
http://www.wikidata.org/entity/Q126458702,http://www.wikidata.org/prop/direct/P1343,http://www.wikidata.org/entity/Q126555558
http://www.wikidata.org/entity/Q126458702,http://www.wikidata.org/prop/direct/P1343,http://www.wikidata.org/entity/Q126871352
http://www.wikidata.org/entity/Q126458702,http://www.wikidata.org/prop/direct/P1343,http://www.wikidata.org/entity/Q126875543
http://www.wikidata.org/entity/Q126458702,http://www.wikidata.org/prop/direct/P1343,http://www.wikidata.org/entity/Q130245242
http://www.wikidata.org/entity/Q126458702,http://www.wikidata.org/prop/direct/P1343,http://www.wikidata.org/entity/Q130284129
http://www.wikidata.org/entity/Q126458702,http://www.wikidata.org/prop/direct/P1343,http://www.wikidata.org/entity/Q132817615
http://www.wikidata.org/entity/Q126458702,http://www.wikidata.org/prop/direct/P1343,http://www.wikidata.org/entity/Q133861840
http://www.wikidata.org/entity/Q126458702,http://www.wikidata.org/prop/direct/P4057,KK030-008007-
http://www.wikidata.org/entity/Q126458702,http://www.wikidata.org/prop/direct/P11693,6167966637
http://www.wikidata.org/entity/Q126456648,http://www.wikidata.org/prop/direct/P31,http://www.wikidata.org/entity/Q126443332
http://www.wikidata.org/entity/Q126456648,http://www.wikidata.org/prop/direct/P131,http://www.wikidata.org/entity/Q180231
http://www.wikidata.org/entity/Q126456648,http://www.wikidata.org/prop/direct/P131,http://www.wikidata.org/entity/Q60554626
http://www.wikidata.org/entity/Q126456648,http://www.wikidata.org/prop/direct/P131,http://www.wikidata.org/entity/Q104266362
http://www.wikidata.org/entity/Q126456648,http://www.wikidata.org/prop/direct/P138,http://www.wikidata.org/entity/Q236326
http://www.wikidata.org/entity/Q126456648,http://www.wikidata.org/prop/direct/P195,http://www.wikidata.org/entity/Q126875543
http://www.wikidata.org/entity/Q126456648,http://www.wikidata.org/prop/direct/P195,http://www.wikidata.org/entity/Q132817615
http://www.wikidata.org/entity/Q126456648,http://www.wikidata.org/prop/direct/P217,155
http://www.wikidata.org/entity/Q126456648,http://www.wikidata.org/prop/direct/P217,KHW027
http://www.wikidata.org/entity/Q126456648,http://www.wikidata.org/prop/direct/P625,Point(-7.0324988 52.3277874)
http://www.wikidata.org/entity/Q126456648,http://www.wikidata.org/prop/direct/P708,http://www.wikidata.org/entity/Q873607
http://www.wikidata.org/entity/Q126456648,http://www.wikidata.org/prop/direct/P841,http://www.wikidata.org/entity/Q2846
http://www.wikidata.org/entity/Q126456648,http://www.wikidata.org/prop/direct/P1343,http://www.wikidata.org/entity/Q120966194
http://www.wikidata.org/entity/Q126456648,http://www.wikidata.org/prop/direct/P1343,http://www.wikidata.org/entity/Q126374601
http://www.wikidata.org/entity/Q126456648,http://www.wikidata.org/prop/direct/P1343,http://www.wikidata.org/entity/Q126393245
http://www.wikidata.org/entity/Q126456648,http://www.wikidata.org/prop/direct/P1343,http://www.wikidata.org/entity/Q126456421
http://www.wikidata.org/entity/Q126456648,http://www.wikidata.org/prop/direct/P1343,http://www.wikidata.org/entity/Q126474972
http://www.wikidata.org/entity/Q126456648,http://www.wikidata.org/prop/direct/P1343,http://www.wikidata.org/entity/Q126528008
http://www.wikidata.org/entity/Q126456648,http://www.wikidata.org/prop/direct/P1343,http://www.wikidata.org/entity/Q126540348
http://www.wikidata.org/entity/Q126456648,http://www.wikidata.org/prop/direct/P1343,http://www.wikidata.org/entity/Q126875543
http://www.wikidata.org/entity/Q126456648,http://www.wikidata.org/prop/direct/P1343,http://www.wikidata.org/entity/Q130284129
http://www.wikidata.org/entity/Q126456648,http://www.wikidata.org/prop/direct/P1343,http://www.wikidata.org/entity/Q130308814
http://www.wikidata.org/entity/Q126456648,http://www.wikidata.org/prop/direct/P1343,http://www.wikidata.org/entity/Q132817615
http://www.wikidata.org/entity/Q126456648,http://www.wikidata.org/prop/direct/P4057,KK044-008----
http://www.wikidata.org/entity/Q126456648,http://www.wikidata.org/prop/direct/P11693,8512066590
http://www.wikidata.org/entity/Q126456660,http://www.wikidata.org/prop/direct/P17,http://www.wikidata.org/entity/Q27
http://www.wikidata.org/entity/Q126456660,http://www.wikidata.org/prop/direct/P31,http://www.wikidata.org/entity/Q1371047
http://www.wikidata.org/entity/Q126456660,http://www.wikidata.org/prop/direct/P31,http://www.wikidata.org/entity/Q126443332
http://www.wikidata.org/entity/Q126456660,http://www.wikidata.org/prop/direct/P131,http://www.wikidata.org/entity/Q180231
http://www.wikidata.org/entity/Q126456660,http://www.wikidata.org/prop/direct/P131,http://www.wikidata.org/entity/Q60554707
http://www.wikidata.org/entity/Q126456660,http://www.wikidata.org/prop/direct/P138,http://www.wikidata.org/entity/Q1146843
http://www.wikidata.org/entity/Q126456660,http://www.wikidata.org/prop/direct/P195,http://www.wikidata.org/entity/Q126875543
http://www.wikidata.org/entity/Q126456660,http://www.wikidata.org/prop/direct/P195,http://www.wikidata.org/entity/Q132817615
http://www.wikidata.org/entity/Q126456660,http://www.wikidata.org/prop/direct/P217,38
http://www.wikidata.org/entity/Q126456660,http://www.wikidata.org/prop/direct/P217,KHW049
http://www.wikidata.org/entity/Q126456660,http://www.wikidata.org/prop/direct/P625,Point(-7.1011717 52.5672147)
http://www.wikidata.org/entity/Q126456660,http://www.wikidata.org/prop/direct/P708,http://www.wikidata.org/entity/Q873607
http://www.wikidata.org/entity/Q126456660,http://www.wikidata.org/prop/direct/P1343,http://www.wikidata.org/entity/Q120966194
http://www.wikidata.org/entity/Q126456660,http://www.wikidata.org/prop/direct/P1343,http://www.wikidata.org/entity/Q126374601
http://www.wikidata.org/entity/Q126456660,http://www.wikidata.org/prop/direct/P1343,http://www.wikidata.org/entity/Q126474972
http://www.wikidata.org/entity/Q126456660,http://www.wikidata.org/prop/direct/P1343,http://www.wikidata.org/entity/Q126528008
http://www.wikidata.org/entity/Q126456660,http://www.wikidata.org/prop/direct/P1343,http://www.wikidata.org/entity/Q126540348
http://www.wikidata.org/entity/Q126456660,http://www.wikidata.org/prop/direct/P1343,http://www.wikidata.org/entity/Q126875543
http://www.wikidata.org/entity/Q126456660,http://www.wikidata.org/prop/direct/P1343,http://www.wikidata.org/entity/Q130284129
http://www.wikidata.org/entity/Q126456660,http://www.wikidata.org/prop/direct/P1343,http://www.wikidata.org/entity/Q132817615
http://www.wikidata.org/entity/Q126456660,http://www.wikidata.org/prop/direct/P2441,Well of the Hermit
http://www.wikidata.org/entity/Q126456660,http://www.wikidata.org/prop/direct/P4057,KK024-086----
http://www.wikidata.org/entity/Q126456660,http://www.wikidata.org/prop/direct/P11693,8235318731
http://www.wikidata.org/entity/Q126478219,http://www.wikidata.org/prop/direct/P373,"Lady's Well, Thomastown, Co. Kilkenny"
http://www.wikidata.org/entity/Q126478219,http://www.wikidata.org/prop/direct/P625,Point(-7.1419103 52.5283924)
http://www.wikidata.org/entity/Q126478219,http://www.wikidata.org/prop/direct/P708,http://www.wikidata.org/entity/Q873607
http://www.wikidata.org/entity/Q126478219,http://www.wikidata.org/prop/direct/P973,https://www.irishstones.org/place.aspx?p=989
http://www.wikidata.org/entity/Q126478219,http://www.wikidata.org/prop/direct/P973,https://consult.kilkenny.ie/en/system/files/materials/2866/Report%202%20-%20Ladyswell%20Archaeological%20Impact%20Assessment.pdf
http://www.wikidata.org/entity/Q126478219,http://www.wikidata.org/prop/direct/P1343,http://www.wikidata.org/entity/Q120966194
http://www.wikidata.org/entity/Q126478219,http://www.wikidata.org/prop/direct/P1343,http://www.wikidata.org/entity/Q126374601
http://www.wikidata.org/entity/Q126478219,http://www.wikidata.org/prop/direct/P1343,http://www.wikidata.org/entity/Q126393245
http://www.wikidata.org/entity/Q126478219,http://www.wikidata.org/prop/direct/P1343,http://www.wikidata.org/entity/Q126456421
http://www.wikidata.org/entity/Q126478219,http://www.wikidata.org/prop/direct/P1343,http://www.wikidata.org/entity/Q126474972
http://www.wikidata.org/entity/Q126478219,http://www.wikidata.org/prop/direct/P1343,http://www.wikidata.org/entity/Q126528008
http://www.wikidata.org/entity/Q126478219,http://www.wikidata.org/prop/direct/P1343,http://www.wikidata.org/entity/Q126540348
http://www.wikidata.org/entity/Q126478219,http://www.wikidata.org/prop/direct/P1343,http://www.wikidata.org/entity/Q126555558
http://www.wikidata.org/entity/Q126478219,http://www.wikidata.org/prop/direct/P1343,http://www.wikidata.org/entity/Q126875543
http://www.wikidata.org/entity/Q126478219,http://www.wikidata.org/prop/direct/P1343,http://www.wikidata.org/entity/Q130284129
http://www.wikidata.org/entity/Q126478219,http://www.wikidata.org/prop/direct/P1343,http://www.wikidata.org/entity/Q130308814
http://www.wikidata.org/entity/Q126478219,http://www.wikidata.org/prop/direct/P1343,http://www.wikidata.org/entity/Q132817615
http://www.wikidata.org/entity/Q126478219,http://www.wikidata.org/prop/direct/P1651,pQLgDng3t3E
http://www.wikidata.org/entity/Q126478219,http://www.wikidata.org/prop/direct/P4057,KK028-039----
http://www.wikidata.org/entity/Q126478219,http://www.wikidata.org/prop/direct/P11693,8513520174
http://www.wikidata.org/entity/Q126476487,http://www.wikidata.org/prop/direct/P1343,http://www.wikidata.org/entity/Q130308814
http://www.wikidata.org/entity/Q126476487,http://www.wikidata.org/prop/direct/P1343,http://www.wikidata.org/entity/Q130362725
http://www.wikidata.org/entity/Q126476487,http://www.wikidata.org/prop/direct/P1343,http://www.wikidata.org/entity/Q130471945
http://www.wikidata.org/entity/Q126476487,http://www.wikidata.org/prop/direct/P1343,http://www.wikidata.org/entity/Q132817615
http://www.wikidata.org/entity/Q126476487,http://www.wikidata.org/prop/direct/P4057,KK019-025003-
http://www.wikidata.org/entity/Q126476487,http://www.wikidata.org/prop/direct/P6375,immediately inside the Fair Green Wall
http://www.wikidata.org/entity/Q126476487,http://www.wikidata.org/prop/direct/P11693,11124665752
http://www.wikidata.org/entity/Q126476500,http://www.wikidata.org/prop/direct/P17,http://www.wikidata.org/entity/Q27
http://www.wikidata.org/entity/Q126476500,http://www.wikidata.org/prop/direct/P31,http://www.wikidata.org/entity/Q1371047
http://www.wikidata.org/entity/Q126476500,http://www.wikidata.org/prop/direct/P31,http://www.wikidata.org/entity/Q126443332
http://www.wikidata.org/entity/Q126476500,http://www.wikidata.org/prop/direct/P131,http://www.wikidata.org/entity/Q180231
http://www.wikidata.org/entity/Q126476500,http://www.wikidata.org/prop/direct/P131,http://www.wikidata.org/entity/Q60556526
http://www.wikidata.org/entity/Q126476500,http://www.wikidata.org/prop/direct/P131,http://www.wikidata.org/entity/Q104265253
http://www.wikidata.org/entity/Q126476500,http://www.wikidata.org/prop/direct/P138,http://www.wikidata.org/entity/Q10884
http://www.wikidata.org/entity/Q126476500,http://www.wikidata.org/prop/direct/P138,http://www.wikidata.org/entity/Q250370
http://www.wikidata.org/entity/Q126476500,http://www.wikidata.org/prop/direct/P195,http://www.wikidata.org/entity/Q126875543
http://www.wikidata.org/entity/Q126476500,http://www.wikidata.org/prop/direct/P195,http://www.wikidata.org/entity/Q132817615
http://www.wikidata.org/entity/Q126476500,http://www.wikidata.org/prop/direct/P217,175
http://www.wikidata.org/entity/Q126476500,http://www.wikidata.org/prop/direct/P217,KHW081
http://www.wikidata.org/entity/Q126476500,http://www.wikidata.org/prop/direct/P625,Point(-7.2904568 52.6897792)
http://www.wikidata.org/entity/Q126476500,http://www.wikidata.org/prop/direct/P708,http://www.wikidata.org/entity/Q873607
http://www.wikidata.org/entity/Q126476500,http://www.wikidata.org/prop/direct/P1343,http://www.wikidata.org/entity/Q120966194
http://www.wikidata.org/entity/Q126476500,http://www.wikidata.org/prop/direct/P1343,http://www.wikidata.org/entity/Q126374601
http://www.wikidata.org/entity/Q126476500,http://www.wikidata.org/prop/direct/P1343,http://www.wikidata.org/entity/Q126393245
http://www.wikidata.org/entity/Q126476500,http://www.wikidata.org/prop/direct/P1343,http://www.wikidata.org/entity/Q126454465
http://www.wikidata.org/entity/Q126476500,http://www.wikidata.org/prop/direct/P1343,http://www.wikidata.org/entity/Q126474972
http://www.wikidata.org/entity/Q126476500,http://www.wikidata.org/prop/direct/P1343,http://www.wikidata.org/entity/Q126528008
http://www.wikidata.org/entity/Q126476500,http://www.wikidata.org/prop/direct/P1343,http://www.wikidata.org/entity/Q126540348
http://www.wikidata.org/entity/Q126476500,http://www.wikidata.org/prop/direct/P1343,http://www.wikidata.org/entity/Q126875543
http://www.wikidata.org/entity/Q126476500,http://www.wikidata.org/prop/direct/P1343,http://www.wikidata.org/entity/Q129181072
http://www.wikidata.org/entity/Q126476500,http://www.wikidata.org/prop/direct/P1343,http://www.wikidata.org/entity/Q130284129
http://www.wikidata.org/entity/Q126476500,http://www.wikidata.org/prop/direct/P1343,http://www.wikidata.org/entity/Q132817615
http://www.wikidata.org/entity/Q126476500,http://www.wikidata.org/prop/direct/P4057,KK014-055----
http://www.wikidata.org/entity/Q126476500,http://www.wikidata.org/prop/direct/P11693,8517860574
http://www.wikidata.org/entity/Q126910577,http://www.wikidata.org/prop/direct/P17,http://www.wikidata.org/entity/Q27
http://www.wikidata.org/entity/Q126910577,http://www.wikidata.org/prop/direct/P31,http://www.wikidata.org/entity/Q1371047
http://www.wikidata.org/entity/Q126910577,http://www.wikidata.org/prop/direct/P31,http://www.wikidata.org/entity/Q126443332
http://www.wikidata.org/entity/Q126910577,http://www.wikidata.org/prop/direct/P131,http://www.wikidata.org/entity/Q180231
http://www.wikidata.org/entity/Q126910577,http://www.wikidata.org/prop/direct/P195,http://www.wikidata.org/entity/Q126875543
http://www.wikidata.org/entity/Q126910577,http://www.wikidata.org/prop/direct/P217,102
http://www.wikidata.org/entity/Q126910577,http://www.wikidata.org/prop/direct/P1343,http://www.wikidata.org/entity/Q120966194
http://www.wikidata.org/entity/Q126910577,http://www.wikidata.org/prop/direct/P1343,http://www.wikidata.org/entity/Q126875543
http://www.wikidata.org/entity/Q126910577,http://www.wikidata.org/prop/direct/P4057,KK039-050----
http://www.wikidata.org/entity/Q126917635,http://www.wikidata.org/prop/direct/P17,http://www.wikidata.org/entity/Q27
http://www.wikidata.org/entity/Q126917635,http://www.wikidata.org/prop/direct/P31,http://www.wikidata.org/entity/Q1371047
http://www.wikidata.org/entity/Q126917635,http://www.wikidata.org/prop/direct/P31,http://www.wikidata.org/entity/Q10713454
http://www.wikidata.org/entity/Q126917635,http://www.wikidata.org/prop/direct/P31,http://www.wikidata.org/entity/Q126443332
http://www.wikidata.org/entity/Q126917635,http://www.wikidata.org/prop/direct/P131,http://www.wikidata.org/entity/Q180231
http://www.wikidata.org/entity/Q126917635,http://www.wikidata.org/prop/direct/P131,http://www.wikidata.org/entity/Q60557162
http://www.wikidata.org/entity/Q126917635,http://www.wikidata.org/prop/direct/P131,http://www.wikidata.org/entity/Q104264454
http://www.wikidata.org/entity/Q126917635,http://www.wikidata.org/prop/direct/P138,http://www.wikidata.org/entity/Q170028
http://www.wikidata.org/entity/Q126917635,http://www.wikidata.org/prop/direct/P195,http://www.wikidata.org/entity/Q126875543
http://www.wikidata.org/entity/Q126917635,http://www.wikidata.org/prop/direct/P217,105
http://www.wikidata.org/entity/Q126917635,http://www.wikidata.org/prop/direct/P625,Point(-7.5044923 52.6894079)
http://www.wikidata.org/entity/Q126917635,http://www.wikidata.org/prop/direct/P708,http://www.wikidata.org/entity/Q873607
http://www.wikidata.org/entity/Q126917635,http://www.wikidata.org/prop/direct/P1343,http://www.wikidata.org/entity/Q116166792
http://www.wikidata.org/entity/Q126917635,http://www.wikidata.org/prop/direct/P1343,http://www.wikidata.org/entity/Q126374601
http://www.wikidata.org/entity/Q126917635,http://www.wikidata.org/prop/direct/P1343,http://www.wikidata.org/entity/Q126875543
http://www.wikidata.org/entity/Q126917635,http://www.wikidata.org/prop/direct/P1343,http://www.wikidata.org/entity/Q126917639
http://www.wikidata.org/entity/Q126917635,http://www.wikidata.org/prop/direct/P1343,http://www.wikidata.org/entity/Q130284129
http://www.wikidata.org/entity/Q126917635,http://www.wikidata.org/prop/direct/P4057,KK012-059004-
http://www.wikidata.org/entity/Q126917635,http://www.wikidata.org/prop/direct/P11693,8515581253
http://www.wikidata.org/entity/Q126918872,http://www.wikidata.org/prop/direct/P17,http://www.wikidata.org/entity/Q27
http://www.wikidata.org/entity/Q126918872,http://www.wikidata.org/prop/direct/P31,http://www.wikidata.org/entity/Q1371047
http://www.wikidata.org/entity/Q126918872,http://www.wikidata.org/prop/direct/P31,http://www.wikidata.org/entity/Q126443332
http://www.wikidata.org/entity/Q126918872,http://www.wikidata.org/prop/direct/P131,http://www.wikidata.org/entity/Q180231
http://www.wikidata.org/entity/Q126918872,http://www.wikidata.org/prop/direct/P131,http://www.wikidata.org/entity/Q60554707
http://www.wikidata.org/entity/Q126918872,http://www.wikidata.org/prop/direct/P138,http://www.wikidata.org/entity/Q2151232
http://www.wikidata.org/entity/Q126918872,http://www.wikidata.org/prop/direct/P195,http://www.wikidata.org/entity/Q126875543
http://www.wikidata.org/entity/Q126918872,http://www.wikidata.org/prop/direct/P195,http://www.wikidata.org/entity/Q132817615
http://www.wikidata.org/entity/Q126918872,http://www.wikidata.org/prop/direct/P217,106
http://www.wikidata.org/entity/Q126918872,http://www.wikidata.org/prop/direct/P217,KHW2-6
http://www.wikidata.org/entity/Q126918872,http://www.wikidata.org/prop/direct/P625,Point(-7.1191416 52.547041)
http://www.wikidata.org/entity/Q126918872,http://www.wikidata.org/prop/direct/P708,http://www.wikidata.org/entity/Q873607
http://www.wikidata.org/entity/Q126918872,http://www.wikidata.org/prop/direct/P841,http://www.wikidata.org/entity/Q2150
http://www.wikidata.org/entity/Q126918872,http://www.wikidata.org/prop/direct/P1343,http://www.wikidata.org/entity/Q120968926
http://www.wikidata.org/entity/Q126918872,http://www.wikidata.org/prop/direct/P1343,http://www.wikidata.org/entity/Q126528008
http://www.wikidata.org/entity/Q126918872,http://www.wikidata.org/prop/direct/P1343,http://www.wikidata.org/entity/Q126875543
http://www.wikidata.org/entity/Q126918872,http://www.wikidata.org/prop/direct/P1343,http://www.wikidata.org/entity/Q130284129
http://www.wikidata.org/entity/Q126918872,http://www.wikidata.org/prop/direct/P1343,http://www.wikidata.org/entity/Q132817615
http://www.wikidata.org/entity/Q126456468,http://www.wikidata.org/prop/direct/P195,http://www.wikidata.org/entity/Q132817615
http://www.wikidata.org/entity/Q126456468,http://www.wikidata.org/prop/direct/P217,101
http://www.wikidata.org/entity/Q126456468,http://www.wikidata.org/prop/direct/P217,KHW057
http://www.wikidata.org/entity/Q126456468,http://www.wikidata.org/prop/direct/P373,"Holy Cross Well, Kilcross"
http://www.wikidata.org/entity/Q126456468,http://www.wikidata.org/prop/direct/P571,1863-05-03T00:00:00Z
http://www.wikidata.org/entity/Q126456468,http://www.wikidata.org/prop/direct/P625,Point(-7.0437511 52.4878257)
http://www.wikidata.org/entity/Q126456468,http://www.wikidata.org/prop/direct/P708,http://www.wikidata.org/entity/Q873607
http://www.wikidata.org/entity/Q126456468,http://www.wikidata.org/prop/direct/P841,http://www.wikidata.org/entity/Q2547
http://www.wikidata.org/entity/Q126456468,http://www.wikidata.org/prop/direct/P1325,https://sketchfab.com/3d-models/kilcross-holy-cross-well-low-poly-ca1655580c28429392b1a06491333148
http://www.wikidata.org/entity/Q126456468,http://www.wikidata.org/prop/direct/P1343,http://www.wikidata.org/entity/Q120966194
http://www.wikidata.org/entity/Q126456468,http://www.wikidata.org/prop/direct/P1343,http://www.wikidata.org/entity/Q126374601
http://www.wikidata.org/entity/Q126456468,http://www.wikidata.org/prop/direct/P1343,http://www.wikidata.org/entity/Q126393245
http://www.wikidata.org/entity/Q126456468,http://www.wikidata.org/prop/direct/P1343,http://www.wikidata.org/entity/Q126474972
http://www.wikidata.org/entity/Q126456468,http://www.wikidata.org/prop/direct/P1343,http://www.wikidata.org/entity/Q126528008
http://www.wikidata.org/entity/Q126456468,http://www.wikidata.org/prop/direct/P1343,http://www.wikidata.org/entity/Q126540348
http://www.wikidata.org/entity/Q126456468,http://www.wikidata.org/prop/direct/P1343,http://www.wikidata.org/entity/Q126871352
http://www.wikidata.org/entity/Q126456468,http://www.wikidata.org/prop/direct/P1343,http://www.wikidata.org/entity/Q126875543
http://www.wikidata.org/entity/Q126456468,http://www.wikidata.org/prop/direct/P1343,http://www.wikidata.org/entity/Q130265908
http://www.wikidata.org/entity/Q126456468,http://www.wikidata.org/prop/direct/P1343,http://www.wikidata.org/entity/Q130284129
http://www.wikidata.org/entity/Q126456468,http://www.wikidata.org/prop/direct/P1343,http://www.wikidata.org/entity/Q130308814
http://www.wikidata.org/entity/Q126456468,http://www.wikidata.org/prop/direct/P1343,http://www.wikidata.org/entity/Q132817615
http://www.wikidata.org/entity/Q126456468,http://www.wikidata.org/prop/direct/P2186,IE-KK-0354
http://www.wikidata.org/entity/Q126456468,http://www.wikidata.org/prop/direct/P4057,KK033-010----
http://www.wikidata.org/entity/Q126456468,http://www.wikidata.org/prop/direct/P11693,8513475323
http://www.wikidata.org/entity/Q126456487,http://www.wikidata.org/prop/direct/P17,http://www.wikidata.org/entity/Q27
http://www.wikidata.org/entity/Q126456487,http://www.wikidata.org/prop/direct/P18,http://commons.wikimedia.org/wiki/Special:FilePath/Well%20of%20the%20Festival.jpg
http://www.wikidata.org/entity/Q126456487,http://www.wikidata.org/prop/direct/P18,http://commons.wikimedia.org/wiki/Special:FilePath/Well%20of%20the%20Festival%202.jpg
http://www.wikidata.org/entity/Q126456487,http://www.wikidata.org/prop/direct/P31,http://www.wikidata.org/entity/Q1371047
http://www.wikidata.org/entity/Q126456487,http://www.wikidata.org/prop/direct/P31,http://www.wikidata.org/entity/Q126443332
http://www.wikidata.org/entity/Q126456487,http://www.wikidata.org/prop/direct/P131,http://www.wikidata.org/entity/Q180231
http://www.wikidata.org/entity/Q126456487,http://www.wikidata.org/prop/direct/P131,http://www.wikidata.org/entity/Q60554507
http://www.wikidata.org/entity/Q126456487,http://www.wikidata.org/prop/direct/P138,http://www.wikidata.org/entity/Q132241
http://www.wikidata.org/entity/Q126456487,http://www.wikidata.org/prop/direct/P138,http://www.wikidata.org/entity/Q1188398
http://www.wikidata.org/entity/Q126456487,http://www.wikidata.org/prop/direct/P195,http://www.wikidata.org/entity/Q126875543
http://www.wikidata.org/entity/Q126456487,http://www.wikidata.org/prop/direct/P195,http://www.wikidata.org/entity/Q132817615
http://www.wikidata.org/entity/Q126456487,http://www.wikidata.org/prop/direct/P217,152
http://www.wikidata.org/entity/Q126456487,http://www.wikidata.org/prop/direct/P217,KHW047
http://www.wikidata.org/entity/Q126456487,http://www.wikidata.org/prop/direct/P373,Tobernaliha
http://www.wikidata.org/entity/Q126456487,http://www.wikidata.org/prop/direct/P625,Point(-7.1257749 52.4660232)
http://www.wikidata.org/entity/Q126472997,http://www.wikidata.org/prop/direct/P17,http://www.wikidata.org/entity/Q27
http://www.wikidata.org/entity/Q126472997,http://www.wikidata.org/prop/direct/P31,http://www.wikidata.org/entity/Q1371047
http://www.wikidata.org/entity/Q126472997,http://www.wikidata.org/prop/direct/P31,http://www.wikidata.org/entity/Q126443332
http://www.wikidata.org/entity/Q126472997,http://www.wikidata.org/prop/direct/P131,http://www.wikidata.org/entity/Q180231
http://www.wikidata.org/entity/Q126472997,http://www.wikidata.org/prop/direct/P131,http://www.wikidata.org/entity/Q60556294
http://www.wikidata.org/entity/Q126472997,http://www.wikidata.org/prop/direct/P131,http://www.wikidata.org/entity/Q104265537
http://www.wikidata.org/entity/Q126472997,http://www.wikidata.org/prop/direct/P138,http://www.wikidata.org/entity/Q16970
http://www.wikidata.org/entity/Q126472997,http://www.wikidata.org/prop/direct/P195,http://www.wikidata.org/entity/Q126875543
http://www.wikidata.org/entity/Q126472997,http://www.wikidata.org/prop/direct/P195,http://www.wikidata.org/entity/Q132817615
http://www.wikidata.org/entity/Q126472997,http://www.wikidata.org/prop/direct/P217,13
http://www.wikidata.org/entity/Q126472997,http://www.wikidata.org/prop/direct/P217,KHW011
http://www.wikidata.org/entity/Q126472997,http://www.wikidata.org/prop/direct/P625,Point(-7.2451643 52.2695346)
http://www.wikidata.org/entity/Q126472997,http://www.wikidata.org/prop/direct/P708,http://www.wikidata.org/entity/Q873607
http://www.wikidata.org/entity/Q126472997,http://www.wikidata.org/prop/direct/P1343,http://www.wikidata.org/entity/Q25469578
http://www.wikidata.org/entity/Q126472997,http://www.wikidata.org/prop/direct/P1343,http://www.wikidata.org/entity/Q120966194
http://www.wikidata.org/entity/Q126472997,http://www.wikidata.org/prop/direct/P1343,http://www.wikidata.org/entity/Q126374601
http://www.wikidata.org/entity/Q126472997,http://www.wikidata.org/prop/direct/P1343,http://www.wikidata.org/entity/Q126393245
http://www.wikidata.org/entity/Q126472997,http://www.wikidata.org/prop/direct/P1343,http://www.wikidata.org/entity/Q126456421
http://www.wikidata.org/entity/Q126472997,http://www.wikidata.org/prop/direct/P1343,http://www.wikidata.org/entity/Q126474972
http://www.wikidata.org/entity/Q126472997,http://www.wikidata.org/prop/direct/P1343,http://www.wikidata.org/entity/Q126540348
http://www.wikidata.org/entity/Q126472997,http://www.wikidata.org/prop/direct/P1343,http://www.wikidata.org/entity/Q126875543
http://www.wikidata.org/entity/Q126472997,http://www.wikidata.org/prop/direct/P1343,http://www.wikidata.org/entity/Q127605637
http://www.wikidata.org/entity/Q126472997,http://www.wikidata.org/prop/direct/P1343,http://www.wikidata.org/entity/Q129088050
http://www.wikidata.org/entity/Q126472997,http://www.wikidata.org/prop/direct/P1343,http://www.wikidata.org/entity/Q130284129
http://www.wikidata.org/entity/Q126472997,http://www.wikidata.org/prop/direct/P1343,http://www.wikidata.org/entity/Q130308814
http://www.wikidata.org/entity/Q126472997,http://www.wikidata.org/prop/direct/P1343,http://www.wikidata.org/entity/Q132817615
http://www.wikidata.org/entity/Q126472997,http://www.wikidata.org/prop/direct/P4057,KK045-003----
http://www.wikidata.org/entity/Q126472997,http://www.wikidata.org/prop/direct/P6500,https://catalogue.nli.ie/Record/vtls000577046
http://www.wikidata.org/entity/Q126472997,http://www.wikidata.org/prop/direct/P11693,8526290294
http://www.wikidata.org/entity/Q126473028,http://www.wikidata.org/prop/direct/P17,http://www.wikidata.org/entity/Q27
http://www.wikidata.org/entity/Q126473028,http://www.wikidata.org/prop/direct/P31,http://www.wikidata.org/entity/Q124714
http://www.wikidata.org/entity/Q126473028,http://www.wikidata.org/prop/direct/P31,http://www.wikidata.org/entity/Q1371047
http://www.wikidata.org/entity/Q126473028,http://www.wikidata.org/prop/direct/P31,http://www.wikidata.org/entity/Q126443332
http://www.wikidata.org/entity/Q126473028,http://www.wikidata.org/prop/direct/P131,http://www.wikidata.org/entity/Q180231
http://www.wikidata.org/entity/Q126473028,http://www.wikidata.org/prop/direct/P131,http://www.wikidata.org/entity/Q60556294
http://www.wikidata.org/entity/Q126473028,http://www.wikidata.org/prop/direct/P131,http://www.wikidata.org/entity/Q104265443
http://www.wikidata.org/entity/Q126473028,http://www.wikidata.org/prop/direct/P138,http://www.wikidata.org/entity/Q16970
http://www.wikidata.org/entity/Q126473028,http://www.wikidata.org/prop/direct/P195,http://www.wikidata.org/entity/Q132817615
http://www.wikidata.org/entity/Q126473028,http://www.wikidata.org/prop/direct/P217,KHW009
http://www.wikidata.org/entity/Q126473028,http://www.wikidata.org/prop/direct/P625,Point(-7.2406982 52.2763108)
http://www.wikidata.org/entity/Q126473028,http://www.wikidata.org/prop/direct/P708,http://www.wikidata.org/entity/Q873607
http://www.wikidata.org/entity/Q126473028,http://www.wikidata.org/prop/direct/P1343,http://www.wikidata.org/entity/Q120966194
http://www.wikidata.org/entity/Q126473028,http://www.wikidata.org/prop/direct/P1343,http://www.wikidata.org/entity/Q126374601
http://www.wikidata.org/entity/Q126473028,http://www.wikidata.org/prop/direct/P1343,http://www.wikidata.org/entity/Q126528008
http://www.wikidata.org/entity/Q126473028,http://www.wikidata.org/prop/direct/P1343,http://www.wikidata.org/entity/Q130284129
http://www.wikidata.org/entity/Q126473028,http://www.wikidata.org/prop/direct/P1343,http://www.wikidata.org/entity/Q132817615
http://www.wikidata.org/entity/Q126473028,http://www.wikidata.org/prop/direct/P4057,KK042-035----
http://www.wikidata.org/entity/Q126473028,http://www.wikidata.org/prop/direct/P11693,11121622331
http://www.wikidata.org/entity/Q126474774,http://www.wikidata.org/prop/direct/P4088,12401507
http://www.wikidata.org/entity/Q126474774,http://www.wikidata.org/prop/direct/P7959,http://www.wikidata.org/entity/Q180231
http://www.wikidata.org/entity/Q126474774,http://www.wikidata.org/prop/direct/P11693,8567014803
http://www.wikidata.org/entity/Q126475983,http://www.wikidata.org/prop/direct/P17,http://www.wikidata.org/entity/Q27
http://www.wikidata.org/entity/Q126475983,http://www.wikidata.org/prop/direct/P18,http://commons.wikimedia.org/wiki/Special:FilePath/Spa%20well%20at%20Castlecomer%20golf%20course.jpg
http://www.wikidata.org/entity/Q126475983,http://www.wikidata.org/prop/direct/P31,http://www.wikidata.org/entity/Q124714
http://www.wikidata.org/entity/Q126475983,http://www.wikidata.org/prop/direct/P31,http://www.wikidata.org/entity/Q1371047
http://www.wikidata.org/entity/Q126475983,http://www.wikidata.org/prop/direct/P31,http://www.wikidata.org/entity/Q126443332
http://www.wikidata.org/entity/Q126475983,http://www.wikidata.org/prop/direct/P131,http://www.wikidata.org/entity/Q180231
http://www.wikidata.org/entity/Q126475983,http://www.wikidata.org/prop/direct/P131,http://www.wikidata.org/entity/Q60553710
http://www.wikidata.org/entity/Q126475983,http://www.wikidata.org/prop/direct/P131,http://www.wikidata.org/entity/Q104265736
http://www.wikidata.org/entity/Q126475983,http://www.wikidata.org/prop/direct/P373,"Spa Well, Drumgoole"
http://www.wikidata.org/entity/Q126475983,http://www.wikidata.org/prop/direct/P625,Point(-7.1991669 52.8047061)
http://www.wikidata.org/entity/Q126475983,http://www.wikidata.org/prop/direct/P708,http://www.wikidata.org/entity/Q873607
http://www.wikidata.org/entity/Q126475983,http://www.wikidata.org/prop/direct/P1343,http://www.wikidata.org/entity/Q126374601
http://www.wikidata.org/entity/Q126475983,http://www.wikidata.org/prop/direct/P1343,http://www.wikidata.org/entity/Q126540348
http://www.wikidata.org/entity/Q126475983,http://www.wikidata.org/prop/direct/P1343,http://www.wikidata.org/entity/Q129333352
http://www.wikidata.org/entity/Q126475983,http://www.wikidata.org/prop/direct/P1343,http://www.wikidata.org/entity/Q130284129
http://www.wikidata.org/entity/Q126475983,http://www.wikidata.org/prop/direct/P11693,11136170590
http://www.wikidata.org/entity/Q126476470,http://www.wikidata.org/prop/direct/P17,http://www.wikidata.org/entity/Q27
http://www.wikidata.org/entity/Q126476470,http://www.wikidata.org/prop/direct/P31,http://www.wikidata.org/entity/Q1371047
http://www.wikidata.org/entity/Q126476470,http://www.wikidata.org/prop/direct/P31,http://www.wikidata.org/entity/Q126443332
http://www.wikidata.org/entity/Q126476470,http://www.wikidata.org/prop/direct/P131,http://www.wikidata.org/entity/Q180231
http://www.wikidata.org/entity/Q126476470,http://www.wikidata.org/prop/direct/P131,http://www.wikidata.org/entity/Q60556421
http://www.wikidata.org/entity/Q126476470,http://www.wikidata.org/prop/direct/P131,http://www.wikidata.org/entity/Q104266239
http://www.wikidata.org/entity/Q126476470,http://www.wikidata.org/prop/direct/P138,http://www.wikidata.org/entity/Q345
http://www.wikidata.org/entity/Q126476470,http://www.wikidata.org/prop/direct/P195,http://www.wikidata.org/entity/Q126875543
http://www.wikidata.org/entity/Q126476470,http://www.wikidata.org/prop/direct/P195,http://www.wikidata.org/entity/Q132817615
http://www.wikidata.org/entity/Q126476470,http://www.wikidata.org/prop/direct/P217,124
http://www.wikidata.org/entity/Q126476470,http://www.wikidata.org/prop/direct/P217,KHW026
http://www.wikidata.org/entity/Q126476510,http://www.wikidata.org/prop/direct/P17,http://www.wikidata.org/entity/Q27
http://www.wikidata.org/entity/Q126476510,http://www.wikidata.org/prop/direct/P31,http://www.wikidata.org/entity/Q124714
http://www.wikidata.org/entity/Q126476510,http://www.wikidata.org/prop/direct/P31,http://www.wikidata.org/entity/Q1371047
http://www.wikidata.org/entity/Q126476510,http://www.wikidata.org/prop/direct/P31,http://www.wikidata.org/entity/Q126443332
http://www.wikidata.org/entity/Q126476510,http://www.wikidata.org/prop/direct/P131,http://www.wikidata.org/entity/Q109092
http://www.wikidata.org/entity/Q126476510,http://www.wikidata.org/prop/direct/P131,http://www.wikidata.org/entity/Q180231
http://www.wikidata.org/entity/Q126476510,http://www.wikidata.org/prop/direct/P131,http://www.wikidata.org/entity/Q60556542
http://www.wikidata.org/entity/Q126476510,http://www.wikidata.org/prop/direct/P138,http://www.wikidata.org/entity/Q345
http://www.wikidata.org/entity/Q126476510,http://www.wikidata.org/prop/direct/P195,http://www.wikidata.org/entity/Q126875543
http://www.wikidata.org/entity/Q126476510,http://www.wikidata.org/prop/direct/P195,http://www.wikidata.org/entity/Q132817615
http://www.wikidata.org/entity/Q126476510,http://www.wikidata.org/prop/direct/P217,78
http://www.wikidata.org/entity/Q126476510,http://www.wikidata.org/prop/direct/P217,KHW112
http://www.wikidata.org/entity/Q126476510,http://www.wikidata.org/prop/direct/P625,Point(-7.251557 52.651964)
http://www.wikidata.org/entity/Q126476510,http://www.wikidata.org/prop/direct/P708,http://www.wikidata.org/entity/Q873607
http://www.wikidata.org/entity/Q126476510,http://www.wikidata.org/prop/direct/P973,https://kilkennyarchaeologicalsociety.ie/reputed-holy-wells-of-the-city-of-kilkenny/
http://www.wikidata.org/entity/Q126476510,http://www.wikidata.org/prop/direct/P1343,http://www.wikidata.org/entity/Q120966194
http://www.wikidata.org/entity/Q126476510,http://www.wikidata.org/prop/direct/P1343,http://www.wikidata.org/entity/Q126875543
http://www.wikidata.org/entity/Q126476510,http://www.wikidata.org/prop/direct/P1343,http://www.wikidata.org/entity/Q126903104
http://www.wikidata.org/entity/Q126476510,http://www.wikidata.org/prop/direct/P1343,http://www.wikidata.org/entity/Q127278616
http://www.wikidata.org/entity/Q126476510,http://www.wikidata.org/prop/direct/P1343,http://www.wikidata.org/entity/Q127619817
http://www.wikidata.org/entity/Q126476510,http://www.wikidata.org/prop/direct/P1343,http://www.wikidata.org/entity/Q129994261
http://www.wikidata.org/entity/Q126476510,http://www.wikidata.org/prop/direct/P1343,http://www.wikidata.org/entity/Q130362725
http://www.wikidata.org/entity/Q126476510,http://www.wikidata.org/prop/direct/P1343,http://www.wikidata.org/entity/Q130471945
http://www.wikidata.org/entity/Q126476510,http://www.wikidata.org/prop/direct/P1343,http://www.wikidata.org/entity/Q131153110
http://www.wikidata.org/entity/Q126476510,http://www.wikidata.org/prop/direct/P1343,http://www.wikidata.org/entity/Q132817615
http://www.wikidata.org/entity/Q126476510,http://www.wikidata.org/prop/direct/P4057,KK019-026108-
http://www.wikidata.org/entity/Q126476510,http://www.wikidata.org/prop/direct/P6375,"""at the rere of the new leather-store in King-street [Kieran Street]"""
http://www.wikidata.org/entity/Q126476522,http://www.wikidata.org/prop/direct/P17,http://www.wikidata.org/entity/Q27
http://www.wikidata.org/entity/Q126476522,http://www.wikidata.org/prop/direct/P18,http://commons.wikimedia.org/wiki/Special:FilePath/Site%20of%20St.%20Martin%27s%20Well.jpg
http://www.wikidata.org/entity/Q126476522,http://www.wikidata.org/prop/direct/P31,http://www.wikidata.org/entity/Q1371047
http://www.wikidata.org/entity/Q126476522,http://www.wikidata.org/prop/direct/P31,http://www.wikidata.org/entity/Q126443332
http://www.wikidata.org/entity/Q126476522,http://www.wikidata.org/prop/direct/P131,http://www.wikidata.org/entity/Q180231
http://www.wikidata.org/entity/Q126476522,http://www.wikidata.org/prop/direct/P131,http://www.wikidata.org/entity/Q60556572
http://www.wikidata.org/entity/Q126476522,http://www.wikidata.org/prop/direct/P138,http://www.wikidata.org/entity/Q133704
http://www.wikidata.org/entity/Q126476522,http://www.wikidata.org/prop/direct/P195,http://www.wikidata.org/entity/Q126875543
http://www.wikidata.org/entity/Q126476522,http://www.wikidata.org/prop/direct/P195,http://www.wikidata.org/entity/Q132817615
http://www.wikidata.org/entity/Q126476522,http://www.wikidata.org/prop/direct/P217,168
http://www.wikidata.org/entity/Q126476522,http://www.wikidata.org/prop/direct/P217,KHW041
http://www.wikidata.org/entity/Q126476522,http://www.wikidata.org/prop/direct/P625,Point(-7.1867466 52.6540968)
http://www.wikidata.org/entity/Q126476522,http://www.wikidata.org/prop/direct/P708,http://www.wikidata.org/entity/Q873607
http://www.wikidata.org/entity/Q126476522,http://www.wikidata.org/prop/direct/P973,https://kilkennyobserver.ie/fr-willie-joins-with-community-for-templemartin-graveyard-mass/
http://www.wikidata.org/entity/Q126476522,http://www.wikidata.org/prop/direct/P1343,http://www.wikidata.org/entity/Q120966194
http://www.wikidata.org/entity/Q126476522,http://www.wikidata.org/prop/direct/P1343,http://www.wikidata.org/entity/Q126374601
http://www.wikidata.org/entity/Q126476522,http://www.wikidata.org/prop/direct/P1343,http://www.wikidata.org/entity/Q126393245
http://www.wikidata.org/entity/Q126472933,http://www.wikidata.org/prop/direct/P373,"St. James's Well, Mill Island"
http://www.wikidata.org/entity/Q126472933,http://www.wikidata.org/prop/direct/P403,http://www.wikidata.org/entity/Q126698081
http://www.wikidata.org/entity/Q126472933,http://www.wikidata.org/prop/direct/P625,Point(-7.3639912 52.5342542)
http://www.wikidata.org/entity/Q126472933,http://www.wikidata.org/prop/direct/P708,http://www.wikidata.org/entity/Q873607
http://www.wikidata.org/entity/Q126472933,http://www.wikidata.org/prop/direct/P1343,http://www.wikidata.org/entity/Q5202676
http://www.wikidata.org/entity/Q126472933,http://www.wikidata.org/prop/direct/P1343,http://www.wikidata.org/entity/Q120966194
http://www.wikidata.org/entity/Q126472933,http://www.wikidata.org/prop/direct/P1343,http://www.wikidata.org/entity/Q126374601
http://www.wikidata.org/entity/Q126472933,http://www.wikidata.org/prop/direct/P1343,http://www.wikidata.org/entity/Q126393245
http://www.wikidata.org/entity/Q126472933,http://www.wikidata.org/prop/direct/P1343,http://www.wikidata.org/entity/Q126454465
http://www.wikidata.org/entity/Q126472933,http://www.wikidata.org/prop/direct/P1343,http://www.wikidata.org/entity/Q126528008
http://www.wikidata.org/entity/Q126472933,http://www.wikidata.org/prop/direct/P1343,http://www.wikidata.org/entity/Q126540348
http://www.wikidata.org/entity/Q126472933,http://www.wikidata.org/prop/direct/P1343,http://www.wikidata.org/entity/Q126701362
http://www.wikidata.org/entity/Q126472933,http://www.wikidata.org/prop/direct/P1343,http://www.wikidata.org/entity/Q126875543
http://www.wikidata.org/entity/Q126472933,http://www.wikidata.org/prop/direct/P1343,http://www.wikidata.org/entity/Q129570937
http://www.wikidata.org/entity/Q126472933,http://www.wikidata.org/prop/direct/P1343,http://www.wikidata.org/entity/Q129907246
http://www.wikidata.org/entity/Q126472933,http://www.wikidata.org/prop/direct/P1343,http://www.wikidata.org/entity/Q130284129
http://www.wikidata.org/entity/Q126472933,http://www.wikidata.org/prop/direct/P1343,http://www.wikidata.org/entity/Q130308814
http://www.wikidata.org/entity/Q126472933,http://www.wikidata.org/prop/direct/P1343,http://www.wikidata.org/entity/Q132817615
http://www.wikidata.org/entity/Q126472933,http://www.wikidata.org/prop/direct/P4057,KK026-011----
http://www.wikidata.org/entity/Q126472933,http://www.wikidata.org/prop/direct/P11693,8522332218
http://www.wikidata.org/entity/Q126472950,http://www.wikidata.org/prop/direct/P17,http://www.wikidata.org/entity/Q27
http://www.wikidata.org/entity/Q126472950,http://www.wikidata.org/prop/direct/P31,http://www.wikidata.org/entity/Q124714
http://www.wikidata.org/entity/Q126472950,http://www.wikidata.org/prop/direct/P31,http://www.wikidata.org/entity/Q1371047
http://www.wikidata.org/entity/Q126472950,http://www.wikidata.org/prop/direct/P31,http://www.wikidata.org/entity/Q126443332
http://www.wikidata.org/entity/Q126472950,http://www.wikidata.org/prop/direct/P131,http://www.wikidata.org/entity/Q180231
http://www.wikidata.org/entity/Q126472950,http://www.wikidata.org/prop/direct/P131,http://www.wikidata.org/entity/Q60556096
http://www.wikidata.org/entity/Q126472950,http://www.wikidata.org/prop/direct/P131,http://www.wikidata.org/entity/Q104265585
http://www.wikidata.org/entity/Q126472950,http://www.wikidata.org/prop/direct/P138,http://www.wikidata.org/entity/Q10884
http://www.wikidata.org/entity/Q126472950,http://www.wikidata.org/prop/direct/P138,http://www.wikidata.org/entity/Q1133742
http://www.wikidata.org/entity/Q126472950,http://www.wikidata.org/prop/direct/P195,http://www.wikidata.org/entity/Q126875543
http://www.wikidata.org/entity/Q126472950,http://www.wikidata.org/prop/direct/P195,http://www.wikidata.org/entity/Q132817615
http://www.wikidata.org/entity/Q126472950,http://www.wikidata.org/prop/direct/P217,80
http://www.wikidata.org/entity/Q126472950,http://www.wikidata.org/prop/direct/P217,KHW037
http://www.wikidata.org/entity/Q126472950,http://www.wikidata.org/prop/direct/P625,Point(-7.2321166 52.3893989)
http://www.wikidata.org/entity/Q126472950,http://www.wikidata.org/prop/direct/P708,http://www.wikidata.org/entity/Q873607
http://www.wikidata.org/entity/Q126472950,http://www.wikidata.org/prop/direct/P841,http://www.wikidata.org/entity/Q2927
http://www.wikidata.org/entity/Q126472950,http://www.wikidata.org/prop/direct/P1343,http://www.wikidata.org/entity/Q120966194
http://www.wikidata.org/entity/Q126472950,http://www.wikidata.org/prop/direct/P1343,http://www.wikidata.org/entity/Q126374601
http://www.wikidata.org/entity/Q126472950,http://www.wikidata.org/prop/direct/P1343,http://www.wikidata.org/entity/Q126456421
http://www.wikidata.org/entity/Q126472950,http://www.wikidata.org/prop/direct/P1343,http://www.wikidata.org/entity/Q126540348
http://www.wikidata.org/entity/Q126472950,http://www.wikidata.org/prop/direct/P1343,http://www.wikidata.org/entity/Q126555558
http://www.wikidata.org/entity/Q126472950,http://www.wikidata.org/prop/direct/P1343,http://www.wikidata.org/entity/Q126875543
http://www.wikidata.org/entity/Q126472950,http://www.wikidata.org/prop/direct/P1343,http://www.wikidata.org/entity/Q130223793
http://www.wikidata.org/entity/Q126472950,http://www.wikidata.org/prop/direct/P1343,http://www.wikidata.org/entity/Q130284129
http://www.wikidata.org/entity/Q126472950,http://www.wikidata.org/prop/direct/P1343,http://www.wikidata.org/entity/Q130308814
http://www.wikidata.org/entity/Q126472950,http://www.wikidata.org/prop/direct/P1343,http://www.wikidata.org/entity/Q132817615
http://www.wikidata.org/entity/Q126472950,http://www.wikidata.org/prop/direct/P1343,http://www.wikidata.org/entity/Q133263165
http://www.wikidata.org/entity/Q126472950,http://www.wikidata.org/prop/direct/P1343,http://www.wikidata.org/entity/Q133385130
http://www.wikidata.org/entity/Q126472950,http://www.wikidata.org/prop/direct/P2175,http://www.wikidata.org/entity/Q12204
http://www.wikidata.org/entity/Q126472950,http://www.wikidata.org/prop/direct/P2175,http://www.wikidata.org/entity/Q35805
http://www.wikidata.org/entity/Q126473043,http://www.wikidata.org/prop/direct/P17,http://www.wikidata.org/entity/Q27
http://www.wikidata.org/entity/Q126473043,http://www.wikidata.org/prop/direct/P31,http://www.wikidata.org/entity/Q1371047
http://www.wikidata.org/entity/Q126473043,http://www.wikidata.org/prop/direct/P31,http://www.wikidata.org/entity/Q126443332
http://www.wikidata.org/entity/Q126473043,http://www.wikidata.org/prop/direct/P131,http://www.wikidata.org/entity/Q180231
http://www.wikidata.org/entity/Q126473043,http://www.wikidata.org/prop/direct/P131,http://www.wikidata.org/entity/Q60555245
http://www.wikidata.org/entity/Q126473043,http://www.wikidata.org/prop/direct/P131,http://www.wikidata.org/entity/Q104264540
http://www.wikidata.org/entity/Q126473043,http://www.wikidata.org/prop/direct/P138,http://www.wikidata.org/entity/Q3053971
http://www.wikidata.org/entity/Q126473043,http://www.wikidata.org/prop/direct/P138,http://www.wikidata.org/entity/Q130535826
http://www.wikidata.org/entity/Q126473043,http://www.wikidata.org/prop/direct/P195,http://www.wikidata.org/entity/Q126875543
http://www.wikidata.org/entity/Q126473043,http://www.wikidata.org/prop/direct/P195,http://www.wikidata.org/entity/Q132817615
http://www.wikidata.org/entity/Q126473043,http://www.wikidata.org/prop/direct/P217,151
http://www.wikidata.org/entity/Q126473043,http://www.wikidata.org/prop/direct/P217,KHW065
http://www.wikidata.org/entity/Q126473043,http://www.wikidata.org/prop/direct/P625,Point(-7.4356623 52.619884)
http://www.wikidata.org/entity/Q126473043,http://www.wikidata.org/prop/direct/P708,http://www.wikidata.org/entity/Q873607
http://www.wikidata.org/entity/Q126473043,http://www.wikidata.org/prop/direct/P1343,http://www.wikidata.org/entity/Q120966194
http://www.wikidata.org/entity/Q126473043,http://www.wikidata.org/prop/direct/P1343,http://www.wikidata.org/entity/Q126374601
http://www.wikidata.org/entity/Q126473043,http://www.wikidata.org/prop/direct/P1343,http://www.wikidata.org/entity/Q126454465
http://www.wikidata.org/entity/Q126473043,http://www.wikidata.org/prop/direct/P1343,http://www.wikidata.org/entity/Q126473056
http://www.wikidata.org/entity/Q126473043,http://www.wikidata.org/prop/direct/P1343,http://www.wikidata.org/entity/Q126528008
http://www.wikidata.org/entity/Q126473043,http://www.wikidata.org/prop/direct/P1343,http://www.wikidata.org/entity/Q126540348
http://www.wikidata.org/entity/Q126473043,http://www.wikidata.org/prop/direct/P1343,http://www.wikidata.org/entity/Q126871352
http://www.wikidata.org/entity/Q126473043,http://www.wikidata.org/prop/direct/P1343,http://www.wikidata.org/entity/Q126875543
http://www.wikidata.org/entity/Q126473043,http://www.wikidata.org/prop/direct/P1343,http://www.wikidata.org/entity/Q130284129
http://www.wikidata.org/entity/Q126473043,http://www.wikidata.org/prop/direct/P1343,http://www.wikidata.org/entity/Q130308814
http://www.wikidata.org/entity/Q126473043,http://www.wikidata.org/prop/direct/P1343,http://www.wikidata.org/entity/Q130458689
http://www.wikidata.org/entity/Q126473043,http://www.wikidata.org/prop/direct/P1343,http://www.wikidata.org/entity/Q132817615
http://www.wikidata.org/entity/Q126473043,http://www.wikidata.org/prop/direct/P4057,KK022-004----
http://www.wikidata.org/entity/Q126473043,http://www.wikidata.org/prop/direct/P11693,6545440502
http://www.wikidata.org/entity/Q126473306,http://www.wikidata.org/prop/direct/P17,http://www.wikidata.org/entity/Q27
http://www.wikidata.org/entity/Q126473306,http://www.wikidata.org/prop/direct/P31,http://www.wikidata.org/entity/Q1371047
http://www.wikidata.org/entity/Q126473306,http://www.wikidata.org/prop/direct/P31,http://www.wikidata.org/entity/Q126443332
http://www.wikidata.org/entity/Q126473306,http://www.wikidata.org/prop/direct/P131,http://www.wikidata.org/entity/Q180231
http://www.wikidata.org/entity/Q126473306,http://www.wikidata.org/prop/direct/P131,http://www.wikidata.org/entity/Q60556298
http://www.wikidata.org/entity/Q126473306,http://www.wikidata.org/prop/direct/P131,http://www.wikidata.org/entity/Q104264338
http://www.wikidata.org/entity/Q126473306,http://www.wikidata.org/prop/direct/P138,http://www.wikidata.org/entity/Q953927
http://www.wikidata.org/entity/Q126473306,http://www.wikidata.org/prop/direct/P195,http://www.wikidata.org/entity/Q126875543
http://www.wikidata.org/entity/Q126473306,http://www.wikidata.org/prop/direct/P195,http://www.wikidata.org/entity/Q132817615
http://www.wikidata.org/entity/Q126473306,http://www.wikidata.org/prop/direct/P217,6
http://www.wikidata.org/entity/Q126473306,http://www.wikidata.org/prop/direct/P217,KHW078
http://www.wikidata.org/entity/Q126949808,http://www.wikidata.org/prop/direct/P17,http://www.wikidata.org/entity/Q27
http://www.wikidata.org/entity/Q126949808,http://www.wikidata.org/prop/direct/P31,http://www.wikidata.org/entity/Q1371047
http://www.wikidata.org/entity/Q126949808,http://www.wikidata.org/prop/direct/P31,http://www.wikidata.org/entity/Q126443332
http://www.wikidata.org/entity/Q126949808,http://www.wikidata.org/prop/direct/P131,http://www.wikidata.org/entity/Q180231
http://www.wikidata.org/entity/Q126949808,http://www.wikidata.org/prop/direct/P131,http://www.wikidata.org/entity/Q60556473
http://www.wikidata.org/entity/Q126949808,http://www.wikidata.org/prop/direct/P131,http://www.wikidata.org/entity/Q104266435
http://www.wikidata.org/entity/Q126949808,http://www.wikidata.org/prop/direct/P138,http://www.wikidata.org/entity/Q6686215
http://www.wikidata.org/entity/Q126949808,http://www.wikidata.org/prop/direct/P195,http://www.wikidata.org/entity/Q126875543
http://www.wikidata.org/entity/Q126949808,http://www.wikidata.org/prop/direct/P195,http://www.wikidata.org/entity/Q132817615
http://www.wikidata.org/entity/Q126949808,http://www.wikidata.org/prop/direct/P217,164
http://www.wikidata.org/entity/Q126949808,http://www.wikidata.org/prop/direct/P217,KHW152
http://www.wikidata.org/entity/Q126949808,http://www.wikidata.org/prop/direct/P625,Point(-6.98617 52.38687)
http://www.wikidata.org/entity/Q126949808,http://www.wikidata.org/prop/direct/P708,http://www.wikidata.org/entity/Q873607
http://www.wikidata.org/entity/Q126949808,http://www.wikidata.org/prop/direct/P1343,http://www.wikidata.org/entity/Q126393245
http://www.wikidata.org/entity/Q126949808,http://www.wikidata.org/prop/direct/P1343,http://www.wikidata.org/entity/Q126456421
http://www.wikidata.org/entity/Q126949808,http://www.wikidata.org/prop/direct/P1343,http://www.wikidata.org/entity/Q126875543
http://www.wikidata.org/entity/Q126949808,http://www.wikidata.org/prop/direct/P1343,http://www.wikidata.org/entity/Q128694385
http://www.wikidata.org/entity/Q126949808,http://www.wikidata.org/prop/direct/P1343,http://www.wikidata.org/entity/Q132817615
http://www.wikidata.org/entity/Q126949808,http://www.wikidata.org/prop/direct/P4057,KK041-010005-
http://www.wikidata.org/entity/Q126949808,http://www.wikidata.org/prop/direct/P6375,"""northeast of the church"""
http://www.wikidata.org/entity/Q126928234,http://www.wikidata.org/prop/direct/P625,Point(-7.2967513 52.3815366)
http://www.wikidata.org/entity/Q126928234,http://www.wikidata.org/prop/direct/P708,http://www.wikidata.org/entity/Q873607
http://www.wikidata.org/entity/Q126928234,http://www.wikidata.org/prop/direct/P841,http://www.wikidata.org/entity/Q2956
http://www.wikidata.org/entity/Q126928234,http://www.wikidata.org/prop/direct/P1343,http://www.wikidata.org/entity/Q126456421
http://www.wikidata.org/entity/Q126928234,http://www.wikidata.org/prop/direct/P1343,http://www.wikidata.org/entity/Q126875543
http://www.wikidata.org/entity/Q126928234,http://www.wikidata.org/prop/direct/P1343,http://www.wikidata.org/entity/Q128304747
http://www.wikidata.org/entity/Q126928234,http://www.wikidata.org/prop/direct/P1343,http://www.wikidata.org/entity/Q130284129
http://www.wikidata.org/entity/Q126928234,http://www.wikidata.org/prop/direct/P1343,http://www.wikidata.org/entity/Q130308814
http://www.wikidata.org/entity/Q126928234,http://www.wikidata.org/prop/direct/P1343,http://www.wikidata.org/entity/Q132817615
http://www.wikidata.org/entity/Q126928234,http://www.wikidata.org/prop/direct/P1343,http://www.wikidata.org/entity/Q133263165
http://www.wikidata.org/entity/Q126928234,http://www.wikidata.org/prop/direct/P1343,http://www.wikidata.org/entity/Q133385130
http://www.wikidata.org/entity/Q126928234,http://www.wikidata.org/prop/direct/P4057,KK039-005004-
http://www.wikidata.org/entity/Q126928234,http://www.wikidata.org/prop/direct/P6375,"""sited roughly some hundred of yards west of Walsh's large house, whose back looks out onto the Church field"""
http://www.wikidata.org/entity/Q126928234,http://www.wikidata.org/prop/direct/P6375,Hart's field
http://www.wikidata.org/entity/Q126928234,http://www.wikidata.org/prop/direct/P11693,12088854196
http://www.wikidata.org/entity/Q126946350,http://www.wikidata.org/prop/direct/P17,http://www.wikidata.org/entity/Q27
http://www.wikidata.org/entity/Q126946350,http://www.wikidata.org/prop/direct/P31,http://www.wikidata.org/entity/Q1371047
http://www.wikidata.org/entity/Q126946350,http://www.wikidata.org/prop/direct/P31,http://www.wikidata.org/entity/Q126443332
http://www.wikidata.org/entity/Q126946350,http://www.wikidata.org/prop/direct/P131,http://www.wikidata.org/entity/Q180231
http://www.wikidata.org/entity/Q126946350,http://www.wikidata.org/prop/direct/P131,http://www.wikidata.org/entity/Q104264985
http://www.wikidata.org/entity/Q126946350,http://www.wikidata.org/prop/direct/P138,http://www.wikidata.org/entity/Q345
http://www.wikidata.org/entity/Q126946350,http://www.wikidata.org/prop/direct/P195,http://www.wikidata.org/entity/Q126875543
http://www.wikidata.org/entity/Q126946350,http://www.wikidata.org/prop/direct/P217,146
http://www.wikidata.org/entity/Q126946350,http://www.wikidata.org/prop/direct/P625,Point(-7.3425816 52.3888851)
http://www.wikidata.org/entity/Q126946350,http://www.wikidata.org/prop/direct/P625,Point(-7.340568 52.388542)
http://www.wikidata.org/entity/Q126946350,http://www.wikidata.org/prop/direct/P708,http://www.wikidata.org/entity/Q873607
http://www.wikidata.org/entity/Q126946350,http://www.wikidata.org/prop/direct/P1343,http://www.wikidata.org/entity/Q126456421
http://www.wikidata.org/entity/Q126946350,http://www.wikidata.org/prop/direct/P1343,http://www.wikidata.org/entity/Q126528008
http://www.wikidata.org/entity/Q126946350,http://www.wikidata.org/prop/direct/P1343,http://www.wikidata.org/entity/Q126540348
http://www.wikidata.org/entity/Q126946350,http://www.wikidata.org/prop/direct/P1343,http://www.wikidata.org/entity/Q126555558
http://www.wikidata.org/entity/Q126946350,http://www.wikidata.org/prop/direct/P1343,http://www.wikidata.org/entity/Q126875543
http://www.wikidata.org/entity/Q126946350,http://www.wikidata.org/prop/direct/P1343,http://www.wikidata.org/entity/Q130284129
http://www.wikidata.org/entity/Q126946350,http://www.wikidata.org/prop/direct/P1343,http://www.wikidata.org/entity/Q132817615
http://www.wikidata.org/entity/Q126946350,http://www.wikidata.org/prop/direct/P1343,http://www.wikidata.org/entity/Q133263165
http://www.wikidata.org/entity/Q126946350,http://www.wikidata.org/prop/direct/P4057,KK039-002001-
http://www.wikidata.org/entity/Q126946350,http://www.wikidata.org/prop/direct/P11693,8526263532
http://www.wikidata.org/entity/Q126946514,http://www.wikidata.org/prop/direct/P17,http://www.wikidata.org/entity/Q27
http://www.wikidata.org/entity/Q126946514,http://www.wikidata.org/prop/direct/P31,http://www.wikidata.org/entity/Q22731
http://www.wikidata.org/entity/Q126946514,http://www.wikidata.org/prop/direct/P31,http://www.wikidata.org/entity/Q1371047
http://www.wikidata.org/entity/Q126946514,http://www.wikidata.org/prop/direct/P31,http://www.wikidata.org/entity/Q126443332
http://www.wikidata.org/entity/Q126946514,http://www.wikidata.org/prop/direct/P131,http://www.wikidata.org/entity/Q180231
http://www.wikidata.org/entity/Q126946514,http://www.wikidata.org/prop/direct/P195,http://www.wikidata.org/entity/Q126875543
http://www.wikidata.org/entity/Q126476522,http://www.wikidata.org/prop/direct/P1343,http://www.wikidata.org/entity/Q126454465
http://www.wikidata.org/entity/Q126476522,http://www.wikidata.org/prop/direct/P1343,http://www.wikidata.org/entity/Q126474972
http://www.wikidata.org/entity/Q126476522,http://www.wikidata.org/prop/direct/P1343,http://www.wikidata.org/entity/Q126528008
http://www.wikidata.org/entity/Q126476522,http://www.wikidata.org/prop/direct/P1343,http://www.wikidata.org/entity/Q126540348
http://www.wikidata.org/entity/Q126476522,http://www.wikidata.org/prop/direct/P1343,http://www.wikidata.org/entity/Q126555558
http://www.wikidata.org/entity/Q126476522,http://www.wikidata.org/prop/direct/P1343,http://www.wikidata.org/entity/Q126871352
http://www.wikidata.org/entity/Q126476522,http://www.wikidata.org/prop/direct/P1343,http://www.wikidata.org/entity/Q126875543
http://www.wikidata.org/entity/Q126476522,http://www.wikidata.org/prop/direct/P1343,http://www.wikidata.org/entity/Q130284129
http://www.wikidata.org/entity/Q126476522,http://www.wikidata.org/prop/direct/P1343,http://www.wikidata.org/entity/Q130308814
http://www.wikidata.org/entity/Q126476522,http://www.wikidata.org/prop/direct/P1343,http://www.wikidata.org/entity/Q132817615
http://www.wikidata.org/entity/Q126476522,http://www.wikidata.org/prop/direct/P4057,KK020-010----
http://www.wikidata.org/entity/Q126476522,http://www.wikidata.org/prop/direct/P6375,"""in a bog about two hundred yards to the north of the Church"""
http://www.wikidata.org/entity/Q126476522,http://www.wikidata.org/prop/direct/P11693,8490582674
http://www.wikidata.org/entity/Q126476536,http://www.wikidata.org/prop/direct/P17,http://www.wikidata.org/entity/Q27
http://www.wikidata.org/entity/Q126476536,http://www.wikidata.org/prop/direct/P31,http://www.wikidata.org/entity/Q124714
http://www.wikidata.org/entity/Q126476536,http://www.wikidata.org/prop/direct/P31,http://www.wikidata.org/entity/Q1371047
http://www.wikidata.org/entity/Q126476536,http://www.wikidata.org/prop/direct/P31,http://www.wikidata.org/entity/Q47524436
http://www.wikidata.org/entity/Q126476536,http://www.wikidata.org/prop/direct/P31,http://www.wikidata.org/entity/Q126443332
http://www.wikidata.org/entity/Q126476536,http://www.wikidata.org/prop/direct/P131,http://www.wikidata.org/entity/Q180231
http://www.wikidata.org/entity/Q126476536,http://www.wikidata.org/prop/direct/P131,http://www.wikidata.org/entity/Q60556627
http://www.wikidata.org/entity/Q126476536,http://www.wikidata.org/prop/direct/P131,http://www.wikidata.org/entity/Q104265497
http://www.wikidata.org/entity/Q126476536,http://www.wikidata.org/prop/direct/P138,http://www.wikidata.org/entity/Q676555
http://www.wikidata.org/entity/Q126476536,http://www.wikidata.org/prop/direct/P195,http://www.wikidata.org/entity/Q126875543
http://www.wikidata.org/entity/Q126476536,http://www.wikidata.org/prop/direct/P195,http://www.wikidata.org/entity/Q132817615
http://www.wikidata.org/entity/Q126476536,http://www.wikidata.org/prop/direct/P217,76
http://www.wikidata.org/entity/Q126476536,http://www.wikidata.org/prop/direct/P217,KHW111
http://www.wikidata.org/entity/Q126476536,http://www.wikidata.org/prop/direct/P403,http://www.wikidata.org/entity/Q1048506
http://www.wikidata.org/entity/Q126476536,http://www.wikidata.org/prop/direct/P625,Point(-7.2529393 52.6559448)
http://www.wikidata.org/entity/Q126476536,http://www.wikidata.org/prop/direct/P708,http://www.wikidata.org/entity/Q873607
http://www.wikidata.org/entity/Q126476536,http://www.wikidata.org/prop/direct/P973,https://kilkennyarchaeologicalsociety.ie/reputed-holy-wells-of-the-city-of-kilkenny/
http://www.wikidata.org/entity/Q126476536,http://www.wikidata.org/prop/direct/P1343,http://www.wikidata.org/entity/Q120966194
http://www.wikidata.org/entity/Q126476536,http://www.wikidata.org/prop/direct/P1343,http://www.wikidata.org/entity/Q120968926
http://www.wikidata.org/entity/Q126476536,http://www.wikidata.org/prop/direct/P1343,http://www.wikidata.org/entity/Q126454465
http://www.wikidata.org/entity/Q126476536,http://www.wikidata.org/prop/direct/P1343,http://www.wikidata.org/entity/Q126540348
http://www.wikidata.org/entity/Q126476536,http://www.wikidata.org/prop/direct/P1343,http://www.wikidata.org/entity/Q126871352
http://www.wikidata.org/entity/Q126476536,http://www.wikidata.org/prop/direct/P1343,http://www.wikidata.org/entity/Q126875543
http://www.wikidata.org/entity/Q126476536,http://www.wikidata.org/prop/direct/P1343,http://www.wikidata.org/entity/Q127524368
http://www.wikidata.org/entity/Q126476536,http://www.wikidata.org/prop/direct/P1343,http://www.wikidata.org/entity/Q127605912
http://www.wikidata.org/entity/Q126476536,http://www.wikidata.org/prop/direct/P1343,http://www.wikidata.org/entity/Q127619817
http://www.wikidata.org/entity/Q126476536,http://www.wikidata.org/prop/direct/P1343,http://www.wikidata.org/entity/Q127691937
http://www.wikidata.org/entity/Q126476536,http://www.wikidata.org/prop/direct/P1343,http://www.wikidata.org/entity/Q129421697
http://www.wikidata.org/entity/Q126476536,http://www.wikidata.org/prop/direct/P1343,http://www.wikidata.org/entity/Q129834133
http://www.wikidata.org/entity/Q126476536,http://www.wikidata.org/prop/direct/P1343,http://www.wikidata.org/entity/Q130308814
http://www.wikidata.org/entity/Q126476536,http://www.wikidata.org/prop/direct/P1343,http://www.wikidata.org/entity/Q130362725
http://www.wikidata.org/entity/Q126476536,http://www.wikidata.org/prop/direct/P1343,http://www.wikidata.org/entity/Q130485663
http://www.wikidata.org/entity/Q126476536,http://www.wikidata.org/prop/direct/P1343,http://www.wikidata.org/entity/Q131105676
http://www.wikidata.org/entity/Q126476536,http://www.wikidata.org/prop/direct/P1343,http://www.wikidata.org/entity/Q132817615
http://www.wikidata.org/entity/Q126476536,http://www.wikidata.org/prop/direct/P1343,http://www.wikidata.org/entity/Q133575033
http://www.wikidata.org/entity/Q126476536,http://www.wikidata.org/prop/direct/P4057,KK019-026189-
http://www.wikidata.org/entity/Q126476536,http://www.wikidata.org/prop/direct/P11693,8515355178
